{
  "ammo": "battlefield1:792x57",
  "rpm": 300,
  "ammo_amount": 6,
  "bullet": {
    "life": 0.8,
    "bullet_amount": 1,
    "damage": 15,
    "tracer_count_interval": 0,
    "extra_damage": {
      "armor_ignore": 0.25,
      "head_shot_multiplier": 2,
      "damage_adjust": [
        {"distance": 15, "damage": 20},
        {"distance": 30, "damage": 18},
        {"distance": 60, "damage": 12},
        {"distance": "infinite", "damage": 6}
      ]
    },
    "speed": 240,
    "gravity": 0.15,
    "knockback": 0.15,
    "friction": 0.02,
    "ignite": false,
    "pierce": 3,
    "explosion": {
      "explode": false,
      "damage": 30,
      "radius": 0.75,
      "knockback": true,
      "delay": 1
    }
  },
  "bolt": "closed_bolt",
  "draw_time": 0.54,
  "put_away_time": 0.5,
  "aim_time": 0.2,
  "sprint_time": 0.3,
  "script": "battlefield1:ljj_gun_logic",
  "script_param": {
    "bolt_time": 0,
    "bolt_feed_time": 0,
    "intro_empty": 4.67,
    "intro": 1.17,
    "loop": 0.54,
    "ending": 1.25,
    "intro_empty_feed": 0.42,
    "loop_feed": 0.25
  },
  "weight": 5.0,
  "movement_speed": {
    "base": 0.0,
    "aim": -0.2,
    "reload": 0
  },
  "crawl_recoil_multiplier": 0.75,
  "fire_mode": [
    "semi"
  ],
  "allow_attachment_types": [
    "scope"
  ],
  "recoil": {
    "pitch": [
      {"time": 0, "value": [0.7, 0.7]},
      {"time": 0.25, "value": [0.7, 0.7]},
      {"time": 0.45, "value": [-0.175, -0.175]},
      {"time": 0.6, "value": [0, 0]}
    ],
    "yaw": [
      {"time": 0, "value": [-0.35, 0.25]},
      {"time": 0.45, "value": [0, 0]}
    ]
  },
  "inaccuracy": {
    "stand": 4.75,
    "move": 5.7,
    "sneak": 4,
    "lie": 3,
    "aim": 0.075
  }
}