{
  "materials": [
    {
      "item": {
        "tag": "forge:ingots/copper"
      },
      "count": 25
    },
    {
      "item": {
        "tag": "forge:gunpowder"
      },
      "count": 18
    },
    {
      "item": {
        "item": "minecraft:flint"
      },
      "count": 5
    },
    {
      "item": {
        "tag": "forge:ingots/iron"
      },
      "count": 8
    }
  ],
  "result": {
    "type": "ammo",
    "id": "nitrogen:127x55",
    "count": 24
  },
  "type": "tacz:gun_smith_table_crafting"
}