{
    // 版本
    "version": "1.0.4_release_build20241109152832",
    // 名称，支持在语言文件中定义
    "name": "pack.starfish.name",
    // 描述文本，支持在语言文件中定义
    "desc": "pack.starfish.desc",
    // 许可证
    "license": "CC BY-NC-ND 4.0",
    // 作者
    "authors": [
      "TWSFTS_07007"
    ],
    // 日期：ISO 8601 标准，即 YYYY-MM-DD
    "date": "2024-11-09",
    "url": "https://www.curseforge.com/minecraft/customization/tacz-starfish-attachments/"
  }