{
  "model": "battlefield1:gun/825_geo",
  "texture": "battlefield1:gun/uv/825",
  "lod": {
    "model": "battlefield1:gun/lod/825",
    "texture": "battlefield1:gun/lod/825"
  },
  "hud": "battlefield1:gun/hud/825",
  "slot": "battlefield1:gun/slot/825",
  "animation": "battlefield1:825",
  "use_default_animation": "rifle",
  "third_person_animation": "default",
  "player_animator_3rd": "tacz:rifle_default.player_animation",
  "show_crosshair": false,
  "transform": {
    "scale": {
      "thirdperson": [0.6, 0.6, 0.6],
      "ground": [0.6, 0.6, 0.6],
      "fixed": [1.2, 1.2, 1.2]
    }
  },
  "muzzle_flash": {
    "texture": "tacz:flash/common_muzzle_flash",
    "scale": 0.75
  },
  "iron_zoom": 1.2,
  "shell": {
    "initial_velocity": [5, 2, 1],
    "random_velocity": [1, 1, 0.25],
    "acceleration": [0.0, -10, 0.0],
    "angular_velocity": [360, -1200, 90],
    "living_time": 1.0
  },
  "ammo": {
    "tracer_color": "#FF8888"
  },
  "sounds": {
    "shoot": "battlefield1:825/825_shoot",
    "shoot_3p": "battlefield1:825/825_shoot_3p",
    "reload_empty": "battlefield1:825/825_reload_empty",
    "reload_tactical": "battlefield1:825/825_reload_tactical",
    "inspect": "battlefield1:825/825_inspect",
    "inspect_empty": "battlefield1:825/825_inspect_empty",
    "draw": "battlefield1:825/825_draw",
    "put_away": "battlefield1:825/825_put_away",
    "silence": "battlefield1:825/825_silence",
    "silence_3p": "battlefield1:825/825_silence_3p",
    "dry_fire": "tacz:dry_fire",
    "fire_select": "tacz:fire_select",
    "head_hit": "tacz:head_hit",
    "flesh_hit": "tacz:flesh_hit",
    "kill": "battlefield1:kill",
    "melee_bayonet": "tacz:melee_bayonet/melee_bayonet_01",
    "melee_push": "tacz:melee_stock/melee_stock_01",
    "melee_stock": "tacz:melee_stock/melee_stock_02"
  },
  "offhand_show": {
    "pos": [1, 20, 3.5],
    "rotate": [0, 0, 60],
    "scale": [0.5, 0.5, 0.5]
  },
  "hotbattlefield1_show": {
    "0": {
      "pos": [-1, 20, 3],
      "rotate": [-180, 0, 120],
      "scale": [0.5, 0.5, 0.5]
    }
  },
  "text_show": {
    "ammo_count_text_show_pos": {
      "scale": 1,
      "align": "center",
      "shadow": false,
      "color": "#FFFFFF",
      "light": 15,
      "text": "text_show.battlefield1.825.ammo_count"
    }
  }
}