{
  "model": "battlefield1:gun/mp18_geo",
  "texture": "battlefield1:gun/uv/mp18",
  "lod": {
    "model": "battlefield1:gun/lod/mp18",
    "texture": "battlefield1:gun/lod/mp18"
  },
  "hud": "battlefield1:gun/hud/mp18",
  "slot": "battlefield1:gun/slot/mp18",
  "animation": "battlefield1:mp18",
  "use_default_animation": "rifle",
  "third_person_animation": "default",
  "transform": {
    "scale": {
      "thirdperson": [0.6, 0.6, 0.6],
      "ground": [0.6, 0.6, 0.6],
      "fixed": [1.2, 1.2, 1.2]
    }
  },
  "muzzle_flash": {
    "texture": "tacz:flash/common_muzzle_flash",
    "scale": 1.0
  },
  "iron_zoom": 1.2,
  "shell": {
    "initial_velocity": [5, 2, 1],
    "random_velocity": [1, 1, 0.25],
    "acceleration": [0.0, -10, 0.0],
    "angular_velocity": [360, -1200, 90],
    "living_time": 1.0
  },
  "sounds": {
    "shoot": "battlefield1:mp18/mp18_shoot",
    "shoot_3p": "battlefield1:mp18/mp18_shoot_3p",
    "reload_empty": "battlefield1:mp18/mp18_reload_empty",
    "reload_tactical": "battlefield1:mp18/mp18_reload_tactical",
    "inspect": "battlefield1:mp18/mp18_inspect",
    "inspect_empty": "battlefield1:mp18/mp18_inspect_empty",
    "draw": "battlefield1:mp18/mp18_draw",
    "put_away": "battlefield1:mp18/mp18_put_away",
    "silence": "battlefield1:mp18/mp18_silence",
    "silence_3p": "battlefield1:mp18/mp18_silence_3p",
    "dry_fire": "battlefield1:dry_fire",
    "fire_select": "battlefield1:fire_select",
    "head_hit": "battlefield1:head_hit",
    "flesh_hit": "battlefield1:flesh_hit",
    "kill": "battlefield1:kill",
    "melee_push": "battlefield1:melee_stock/melee_stock_01",
    "melee_stock": "battlefield1:melee_stock/melee_stock_03"
  },
  "offhand_show": {
    "pos": [0, 19, 4],
    "rotate": [0, 0, 60],
    "scale": [0.5, 0.5, 0.5]
  },
  "hotbar_show": {
    "0": {
      "pos": [0, 19, 3],
      "rotate": [-180, 0, 120],
      "scale": [0.5, 0.5, 0.5]
    }
  }
}