{
  "weight": 0,
  "ads_addend": 0,
  "inaccuracy_addend": 0,
  "melee": {
    // 刺伤范围，以玩家视角为中心的立方体区域
    // 枪械里还有个刺刀攻击距离参数，两者做加和
    "range": [10, 10, 10],
    // 伤害值
    "damage": 12,
    // 击退效果
    "knockback": 0.5,
    // 延迟伤害，单位：秒
    "delay_damage_time": 0.5,
    // 额外效果
    "effects": [
      {
        "id": "minecraft:slowness",
        "time": 10,
        "amplifier": 3,
        "hide_particles": false
      },
      {
        "id": "minecraft:weakness",
        "time": 10,
        "amplifier": 3,
        "hide_particles": false
      },
      {
        "id": "minecraft:poison",
        "time": 60,
        "amplifier": 5,
        "hide_particles": false
      },
      {"id": "minecraft:wither",
      "time": 60,
      "amplifier": 5,
      "hide_particles": false
    },
    {"id": "minecraft:darkness",
      "time": 10,
      "amplifier": 2,
      "hide_particles": false
    }
    
    ]
  }
}