{
  "model": "mw3:gun/isol_geo",
  "texture": "mw3:gun/uv/isol",
  "hud": "mw3:gun/hud/isol_hud",
  "lod": {
    "model": "mw3:gun/lod/isol",
    "texture": "mw3:gun/lod/isol"
  },
  "slot": "mw3:gun/slot/isol",
  "animation": "mw3:isol",
  "use_default_animation": "rifle",
  "third_person_animation": "default",
  "transform": {
    "scale": {
      "thirdperson": [0.6, 0.6, 0.6],
      "ground": [0.6, 0.6, 0.6],
      "fixed": [1.2, 1.2, 1.2]
    }
  },
  "muzzle_flash": {
    "texture": "tacz:flash/common_muzzle_flash",
    "scale": 0.6
  },
  "shell": {
    "initial_velocity": [5, 2, 1],
    "random_velocity": [1, 1, 0.25],
    "acceleration": [0.0, -10, 0.0],
    "angular_velocity": [360, -1200, 90],
    "living_time": 1.0
  },
  "sounds": {
    "shoot": "tacz:scar_h/scar_h_shoot",
    "shoot_3p": "tacz:scar_h/scar_h_shoot_3p",
    "reload_empty": "tacz:scar_h/scar_h_reload_empty",
    "reload_tactical": "tacz:scar_h/scar_h_reload_tactical",
    "inspect": "tacz:scar_h/scar_h_inspect",
    "inspect_empty": "tacz:scar_h/scar_h_inspect_empty",
    "draw": "tacz:scar_h/scar_h_draw",
    "put_away": "tacz:scar_h/scar_h_put_away",
    "silence": "tacz:scar_h/scar_h_silence",
    "silence_3p": "tacz:scar_h/scar_h_silence_3p",
    "melee_push": "tacz:melee_stock/melee_stock_03",
    "melee_stock": "tacz:melee_stock/melee_stock_01"
  },
  "offhand_show": {
    "pos": [1, 20, 4],
    "rotate": [0, 0, 45],
    "scale": [0.5, 0.5, 0.5]
  },
  "hotbar_show": {
    "0": {
      "pos": [-1, 19, 3],
      "rotate": [-180, 0, 130],
      "scale": [0.5, 0.5, 0.5]
    }
  }
}