{
    "ammo": "the_continental:10mmauto",
    "rpm": 330,
    "bullet": {
      "life": 1,
      "bullet_amount": 1,
      "damage": 10,
      "tracer_count_interval": 0,
      "extra_damage": {
        "armor_ignore": 0.25,
        "head_shot_multiplier": 1.55,
        "damage_adjust": [
          {"distance": 12, "damage": 12.5},
          {"distance": 36, "damage": 10},
          {"distance": "infinite", "damage": 7.5}
        ]
      },
      "speed": 240,
      "gravity": 0.03,
      "knockback": 0,
      "friction": 0.012,
      "ignite": false,
      "pierce": 1
    },
    "ammo_amount": 15,
    "extended_mag_ammo_amount": [
      18,
      21,
      24
    ],
    "bolt": "closed_bolt",
    "reload": {
      "type": "magazine",
      "feed": {
        "empty": 1.63,
        "tactical": 1.05
      },
      "cooldown": {
        "empty": 1.88,
        "tactical": 1.5
      }
    },
    "draw_time": 0.6,
    "put_away_time": 0.25,
    "aim_time": 0.16,
    "sprint_time": 0.05,
    "weight": 1.1,
    "movement_speed": {
      "base": 0.0,
      "aim": 0,
      "reload": 0.1
    },
    "crawl_recoil_multiplier": 0.5,
    "fire_mode": [
      "semi"
    ],
    "allow_attachment_types": [
      "scope",
      "muzzle",
      "extended_mag"
    ],
    "recoil": {
      "pitch": [
        {"time": 0, "value": [2.75, 2.75]},
        {"time": 0.04, "value": [1.75, 1.75]},
        {"time": 0.08, "value": [2.25, 2.25]},
        {"time": 0.27, "value": [0.1, 0.1]},
        {"time": 0.3, "value": [0.08, 0.08]},
        {"time": 0.55, "value": [0, 0]}
      ],
      "yaw": [
        {"time": 0, "value": [-0.65, -0.65]},
        {"time": 0.05, "value": [0.35, 0.35]},
        {"time": 0.11, "value": [0.1, 0.1]},
        {"time": 0.28, "value": [0, 0]}
      ]
    },
    "inaccuracy": {
      "stand": 2.25,
      "move": 2.75,
      "sneak": 2,
      "lie": 0.7,
      "aim": 0.15
    }
  }