{
  "ammo": "tacz:9mm",
  "rpm": 1150,
  "bullet": {
    "life": 0.8,
    "bullet_amount": 1,
    "damage": 4,
    "tracer_count_interval": 0,
    "extra_damage": {
      "armor_ignore": 0,
      "head_shot_multiplier": 1.3,
      "damage_adjust": [
        {
          "distance": 0.5,
          "damage": 4
        },
        {
          "distance": 15.5,
          "damage": 3.4
        },
        {
          "distance": 24.5,
          "damage": 3.2
        },
        {
          "distance": 44.5,
          "damage": 3
        },
        {
          "distance": "infinite",
          "damage": 2.5
        }
      ]
    },
    "speed": 150,
    "gravity": 0.0245,
    "knockback": 0,
    "friction": 0.012,
    "ignite": false,
    "pierce": 1,
    "weight": 1.11
  },
  "ammo_amount": 20,
  "extended_mag_ammo_amount": [
    30,
    35,
    40
  ],
  "bolt": "closed_bolt",
  "reload": {
    "type": "magazine",
    "feed": {
      "empty": 1,
      "tactical": 1
    },
    "cooldown": {
      "empty": 1.7,
      "tactical": 1.85
    }
  },
  "draw_time": 0.47,
  "put_away_time": 0.15,
  "aim_time": 0.15,
  "sprint_time": 0.2,
  "fire_mode": [
    "auto",
    "burst",
    "semi"
  ],
  "burst_data": {
    "damage": 6,
    "continuous_shoot": false,
    "count": 3,
    "bpm": 1150,
    "min_interval": 0.4
  },
  "allow_attachment_types": [
    "scope",
    "laser",
    "muzzle",
    "grip",
    "extended_mag"
  ],
  "recoil": {
    "pitch": [
      {"time": 0, "value": [0.75, 0.75]},
      {"time": 0.35, "value": [0.55, 0.55]},
      {"time": 0.6, "value": [-0.175, -0.175]}
    ],
    "yaw": [
      {"time": 0, "value": [-0.4, 0.4]},
      {"time": 0.45, "value": [0, 0]}
    ]
  },
  "inaccuracy": {
    "stand": 1,
    "move": 2.5,
    "sneak": 0.7,
    "lie": 0.5,
    "aim": 0.35
  },
  "melee": {
    "distance": 1,
    "cooldown": 0.7,
    "default": {
      "animation_type": "melee_push",
      "distance": 1,
      "range_angle": 40,
      "cooldown": 0,
      "damage": 1,
      "knockback": 0.5,
      "prep": 0.1
    }
  }
}