{
  "ammo": "tacz:9mm",
  "ammo_amount": 20,
  "extended_mag_ammo_amount": [
    30,
    40,
    60
  ],
  "bolt": "closed_bolt",
  "rpm": 900,
  "bullet": {
    "life": 0.8,
    "bullet_amount": 1,
    "damage": 7,
    "tracer_count_interval": 0,
    "extra_damage": {
      "armor_ignore": 0.8,
      "head_shot_multiplier": 1.5,
      "damage_adjust": [
        {"distance": 0.5, "damage": 6.2},
        {"distance": 35.5, "damage": 5.7},
        {"distance": 50, "damage": 2.5},
        {"distance": "infinite", "damage": 1.5}
      ]
    },
    "speed": 450,
    "gravity": 0.0245,
    "knockback": 0,
    "friction": 0.012,
    "ignite": false,
    "pierce": 2,
    "weight": 2
  },
  "reload": {
    "type": "magazine",
    "feed": {
      "empty": 1.5,
      "tactical": 1.1
    },
    "cooldown": {
      "empty": 2.69,
      "tactical": 1.95
    }
  },
  "draw_time": 0.45,
  "put_away_time": 0.35,
  "aim_time": 0.15,
  "sprint_time": 0.25,
  "weight": 1.5,
  "movement_speed": {
    "base": 0.0,
    "aim": -0.15,
    "reload": -0.1
  },
  "crawl_recoil_multiplier": 0.5,
  "fire_mode": [
    "auto",
    "semi"
  ],
  "recoil": {
    "pitch": [
      {"time": 0, "value": [1.8, 1.8]},
      {"time": 0.35, "value": [1.225, 1.225]},
      {"time": 0.4, "value": [0.5, 0.5]},
      {"time": 0.8, "value": [0, 0]}
    ],
    "yaw": [
      {"time": 0, "value": [-0.25, -0.25]},
      {"time": 0.45, "value": [-0.05, -0.05]},
      {"time": 0.7, "value": [0, 0]}
    ]
  },
  "inaccuracy": {
    "stand": 1.5,
    "move": 2.2,
    "sneak": 1.7,
    "lie": 1,
    "aim": 0.5
  },
  "allow_attachment_types": [
    "scope",
    "muzzle",
    "extended_mag"
  ],
  "melee": {
    "distance": 1,
    "cooldown": 0.7,
    "default": {
      "animation_type": "melee_push",
      "distance": 1,
      "range_angle": 40,
      "cooldown": 0,
      "damage": 1,
      "knockback": 0.5,
      "prep": 0.1
    }
  }
}