{
  "ammo": "tacz:50bmg",
  "ammo_amount": 5,
  "extended_mag_ammo_amount": [
    6,
    8,
    10
  ],
  "bolt": "closed_bolt",
  "rpm": 200,
  "bullet": {
    "life": 1,
    "bullet_amount": 1,
    "damage": 70,
    "tracer_count_interval": 0,
    "extra_damage": {
      "armor_ignore": 3,
      "head_shot_multiplier": 2,
      "damage_adjust": [
        {"distance": 10, "damage": 70},
        {"distance": 30, "damage": 60},
        {"distance": 100, "damage": 56},
        {"distance": 150, "damage": 46},
        {"distance": "infinite", "damage": 37.5}
      ]
    },
    "speed": 280,
    "gravity": 0.045,
    "knockback": 0.2,
    "friction": 0.01,
    "ignite": false,
    "pierce": 6
  },
  "reload": {
    "type": "magazine",
    "feed": {
      "empty": 4.46,
      "tactical": 3
    },
    "cooldown": {
      "empty": 5.4,
      "tactical": 4.5
    }
  },
  "draw_time": 0.8,
  "put_away_time": 0.8,
  "aim_time": 0.31,
  "sprint_time": 0.5,
  "weight": 2.84,
  "movement_speed": {
    "base": 0.0,
    "aim": -0.25,
    "reload": -0.3
  },
  "crawl_recoil_multiplier": 0.2,
  "fire_mode": [
    "semi"
  ],
  "recoil": {
    "pitch": [
      {"time": 0, "value": [2.25, 2.25]},
      {"time": 0.05, "value": [1.75, 1.75]},
      {"time": 0.25, "value": [-0.35, -0.25]},
      {"time": 0.8, "value": [0.35, 0.35]}
    ],
    "yaw": [
      {"time": 0, "value": [-1.2, 0.35]},
      {"time": 0.05, "value": [-0.9, 0.35]},
      {"time": 0.25, "value": [0, 0]}
    ]
  },
  "inaccuracy": {
    "stand": 8,
    "move": 10.5,
    "sneak": 5,
    "lie": 3,
    "aim": 0.01
  },
  "allow_attachment_types": [
    "scope",
    "muzzle"
  ],
  "exclusive_attachments": {
  }
}