{
  "ammo": "tacz:9mm",
  "ammo_amount": 30,
  "bolt": "open_bolt",
  "rpm": 1145,
  "bullet": {
    "life": 0.5,
    "bullet_amount": 1,
    "damage": 4,
    "tracer_count_interval": 0,
    "extra_damage": {
      "armor_ignore": 0.4,
      "head_shot_multiplier": 1.5,
      "damage_adjust": [
        {"distance": 0.5, "damage": 4},
        {"distance": 35.5, "damage": 3.8},
        {"distance": 50, "damage": 3.4},
        {"distance": "infinite", "damage": 3}
      ]
    },
    "iron_zoom": 1.2,
    "speed": 280,
    "gravity": 0.055,
    "knockback": 0,
    "friction": 0.012,
    "ignite": false,
    "pierce": 1,
    "weight": 1.5
  },
  "reload": {
    "type": "magazine",
    "feed": {
      "empty": 1.9,
      "tactical": 1.25
    },
    "cooldown": {
      "empty": 2.2,
      "tactical": 1.7
    }
  },
  "draw_time": 0.7,
  "put_away_time": 0.2,
  "aim_time": 0.2,
  "sprint_time": 0.25,
  "weight": 2.8,
  "movement_speed": {
    "base": 0.0,
    "aim": -0.25,
    "reload": -0.1
  },
  "fire_mode": [
    "auto"
  ],
  "recoil": {
    "pitch": [
      {"time": 0, "value": [1.25, 1.25]},
      {"time": 0.3, "value": [1.25, 1.25]},
      {"time": 0.55, "value": [-0.225, -0.225]},
      {"time": 0.7, "value": [0, 0]},
      {"time": 0.8, "value": [0, 0]}
    ],
    "yaw": [
      {"time": 0, "value": [-0.35, -0.2]},
      {"time": 0.45, "value": [-0.35, -0.2]},
      {"time": 0.7, "value": [0, 0]}
    ]
  },
  "allow_attachment_types": [
    "muzzle"
  ],
  "inaccuracy": {
    "stand": 3,
    "move": 3.5,
    "sneak": 2.5,
    "lie": 1.4,
    "aim": 1
  } 
}