{
  "ammo": "ares:46x30",
  "ammo_amount": 20,
  "extended_mag_ammo_amount": [
    30,
    40,
    80
  ],
  "bolt": "closed_bolt",
  "rpm": 950,
  "bullet": {
    "life": 1,
    "bullet_amount": 1,
    "damage": 6,
    "tracer_count_interval": 0,
    "extra_damage": {
      "armor_ignore": 0.88,
      "head_shot_multiplier": 1.2,
      "damage_adjust": [
        {"distance": 0.5, "damage": 6},
        {"distance": 35.5, "damage": 5.7},
        {"distance": 50, "damage": 4.5},
        {"distance": "infinite", "damage": 3.5}
      ]
    },
    "speed": 350,
    "gravity": 0.01,
    "knockback": 0,
    "friction": 0.012,
    "ignite": false,
    "pierce": 2,
    "weight": 1.8
  },
  "reload": {
    "type": "magazine",
    "feed": {
      "empty": 1.5,
      "tactical": 1.1
    },
    "cooldown": {
      "empty": 1.9,
      "tactical": 1.7
    }
  },
  "draw_time": 0.45,
  "put_away_time": 0.27,
  "aim_time": 0.2,
  "sprint_time": 0.15,
  "weight": 1.8,
  "movement_speed": {
    "base": 0.0,
    "aim": -0.1,
    "reload": -0.2
  },
  "crawl_recoil_multiplier": 0.5,
  "fire_mode": [
    "auto",
    "semi"
  ],
  "recoil": {
    "pitch": [
      {"time": 0, "value": [0.3,0.3]},
      {"time": 0.35, "value": [0.225, 0.225]},
      {"time": 0.6, "value": [0, 0]}
    ],
    "yaw": [
      {"time": 0, "value": [-0.15, -0.15]},
      {"time": 0.45, "value": [-0.05, -0.05]},
      {"time": 0.7, "value": [0, 0]}
    ]
  },
  "inaccuracy": {
    "stand": 1.5,
    "move": 2.2,
    "sneak": 1.7,
    "lie": 1,
    "aim": 0.5
  },
  "allow_attachment_types": [
    "scope",
    "muzzle",
    "extended_mag"
  ],
  "melee": {
    "distance": 1,
    "cooldown": 0.7,
    "default": {
      "animation_type": "melee_push",
      "distance": 1,
      "range_angle": 40,
      "cooldown": 0,
      "damage": 1,
      "knockback": 0.5,
      "prep": 0.1
    }
  }
}