{
  "ammo": "tacz:9mm",
  "rpm": 650,
  "bullet": {
    "life": 0.6,
    "bullet_amount": 1,
    "damage": 5,
    "tracer_count_interval": 0,
    "extra_damage": {
      "armor_ignore": 0,
      "head_shot_multiplier": 1.4,
      "damage_adjust": [
        {
          "distance": 0.5,
          "damage": 5
        },
        {
          "distance": 15.5,
          "damage": 4.5
        },
        {
          "distance": 24.5,
          "damage": 4
        },
        {
          "distance": 50,
          "damage": 3.5
        },
        {
          "distance": "infinite",
          "damage": 3
        }
      ]
    },
    "speed": 360,
    "gravity": 0.0545,
    "knockback": 0,
    "friction": 0.012,
    "ignite": false,
    "pierce": 1,
    "weight": 1.4
  },
  "ammo_amount": 10,
  "extended_mag_ammo_amount": [
    20,
    25,
    30
  ],
  "bolt": "open_bolt",
  "reload": {
    "type": "magazine",
    "feed": {
      "empty": 1.8,
      "tactical": 1.03
    },
    "cooldown": {
      "empty": 2.5,
      "tactical": 1.8
    }
  },
  "draw_time": 0.42,
  "put_away_time": 0.35,
  "aim_time": 0.2,
  "sprint_time": 0.4,
  "fire_mode": [
    "semi",
    "auto"
  ],
  "allow_attachment_types": [
    "scope",
    "muzzle",
    "extended_mag"
  ],
  "recoil": {
    "pitch": [
      {"time": 0, "value": [0.55, 0.55]},
      {"time": 0.35, "value": [0.55, 0.55]},
      {"time": 0.6, "value": [-0.175, -0.175]},
      {"time": 0.8, "value": [0.05, 0.05]},
      {"time": 1.0, "value": [0, 0]}
    ],
    "yaw": [
      {"time": 0, "value": [-0.15, 0.15]},
      {"time": 0.45, "value": [0, 0]}
    ]
  },
  "inaccuracy": {
    "stand": 1,
    "move": 1.1,
    "sneak": 0.8,
    "lie": 0.5,
    "aim": 0.65
  }
}