{
  "ammo": "tacz:50ae",
  "rpm": 300,
  "bullet": {
    "life": 0.8,
    "bullet_amount": 1,
    "damage": 18,
    "tracer_count_interval": 0,
    "extra_damage": {
      "armor_ignore": 0.25,
      "head_shot_multiplier": 1.75,
      "damage_adjust": [
        {
          "distance": 10,
          "damage": 18
        },
        {
          "distance": 20,
          "damage": 16
        },
        {
          "distance": 50,
          "damage": 12
        },
        {
          "distance": "infinite",
          "damage": 8
        }
      ]
    },
    "speed": 146,
    "gravity": 0.15,
    "knockback": 0.2,
    "friction": 0.03,
    "ignite": false,
    "pierce": 2,
    "explosion": {
      "explode": false,
      "damage": 30,
      "radius": 0.75,
      "knockback": true,
      "delay": 1
    }
  },
  "ammo_amount": 15,
  "extended_mag_ammo_amount": [
    5,
    5,
    5
  ],
  "bolt": "manual_action",
  "reload": {
    "type": "magazine",
    "feed": {
      "empty": 1.67,
      "tactical": 1.2
    },
    "cooldown": {
      "empty": 2,
      "tactical": 1.64
    }
  },
  "bolt_action_time": 0.8,
  "draw_time": 0.35,
  "put_away_time": 0.33,
  "aim_time": 0.2,
  "sprint_time": 0.2,
  "weight": 2.5,
  "movement_speed": {
    "base": 0.0,
    "aim": -0.1,
    "reload": 0
  },
  "crawl_recoil_multiplier": 0.75,
  "fire_mode": [
//    "burst",
    "semi"
  ],
  "burst_data": {
    "continuous_shoot": true,
    "count": 2,
    "bpm": 300,
    "min_interval": 0.5
  },
  "allow_attachment_types": [
    "scope",
    //    "muzzle",
    "extended_mag"
  ],
  "recoil": {
    "pitch": [
      {
        "time": 0,
        "value": [ 3.5, 4.2 ]
      },
      {
        "time": 0.53,
        "value": [ 3.5, 3.8 ]
      },
      {
        "time": 0.6,
        "value": [ 0.8, 1.0 ]
      },
      {
        "time": 0.7,
        "value": [ -0.5, 0 ]
      },
      {
        "time": 0.8,
        "value": [ -0.1, 0 ]
      },
      {
        "time": 1,
        "value": [ 0, 0 ]
      }
    ],
    "yaw": [
      {
        "time": 0,
        "value": [ -0.6, 1.2 ]
      },
      {
        "time": 0.5,
        "value": [ -0.4, 0.6 ]
      },
      {
        "time": 0.7,
        "value": [ -0.2, 0.2 ]
      }
    ]
  },
  "inaccuracy": {
    "stand": 1.2,
    "move": 1.5,
    "sneak": 0.5,
    "lie": 0.5,
    "aim": 0.4
  }
}