{
  "ammo": "tacz:9mm",
  "ammo_amount": 80,
  "bolt": "closed_bolt",
  "rpm": 770,
  "bullet": {
    "extra_damage": {
      "armor_ignore": 0.25,
      "head_shot_multiplier": 1.25,
      "damage_adjust": [
        {
          "distance": 12,
          "damage": 6
        },
        {
          "distance": 25,
          "damage": 4.5
        },
        {
          "distance": 34,
          "damage": 3.5
        },
        {
          "distance": "infinite",
          "damage": 3
        }
      ]
    },
    "life": 1,
    "tracer_count_interval": 0,
    "damage": 6,
    "speed": 150,
    "gravity": 0.0245,
    "knockback": 0,
    "friction": 0.05,
    "ignite": false,
    "pierce": 3
  },
  "reload": {
    "type": "magazine",
    "feed": {
      "empty": 4,
      "tactical": 3.5
    },
    "cooldown": {
      "empty": 4.5,
      "tactical": 3.95
    }
  },
  "draw_time": 0.8,
  "put_away_time": 0.3,
  "aim_time": 0.15,
  "sprint_time": 0.15,

  "weight": 4,
  "movement_speed": {
    "base": 0.0,
    "aim": -0.1,
    "reload": 0.0
  },

  "fire_mode": [
    "auto",
    "semi"
  ],
  "recoil": {
    "pitch": [
      {
        "time": 0,
        "value": [ 0.5, 0.5 ]
      },
      {
        "time": 0.2,
        "value": [ 0.2, 0.2 ]
      },
      {
        "time": 0.4,
        "value": [ -0.25, -0.25 ]
      },
      {
        "time": 0.55,
        "value": [ 0, 0 ]
      }
    ],
    "yaw": [
      {
        "time": 0,
        "value": [ -0.5, 0.2 ]
      },
      {
        "time": 0.25,
        "value": [ -0.15, -0.15 ]
      },
      {
        "time": 0.45,
        "value": [ 0, 0 ]
      }
    ]
  },
  "allow_attachment_types": [
    "scope",
    "grip",
    "muzzle"
  ],
  "inaccuracy": {
    "stand": 1.8,
    "move": 2.8,
    "sneak": 1,
    "lie": 0.8,
    "aim": 0.6
  }
}