{
	"format_version": "1.12.0",
	"minecraft:geometry": [
		{
			"description": {
				"identifier": "geometry.unknown",
				"texture_width": 64,
				"texture_height": 64,
				"visible_bounds_width": 13,
				"visible_bounds_height": 11,
				"visible_bounds_offset": [0, 0.5, 0]
			},
			"bones": [
				{
					"name": "scope_body",
					"pivot": [0, 7.575, 0.125]
				},
				{
					"name": "1_6",
					"parent": "scope_body",
					"pivot": [0, 0.6875, -0.1875]
				},
				{
					"name": "mount2",
					"parent": "1_6",
					"pivot": [0, 0.6875, -0.1875],
					"cubes": [
						{
							"origin": [-1.10937, -0.82812, -2.64062],
							"size": [0.125, 1.0625, 2.0625],
							"uv": {
								"north": {"uv": [55, 52], "uv_size": [0.5, 1]},
								"east": {"uv": [53, 37], "uv_size": [2, 1]},
								"south": {"uv": [55, 53], "uv_size": [0.5, 1]},
								"west": {"uv": [53, 38], "uv_size": [2, 1]},
								"up": {"uv": [53, 39], "uv_size": [0.5, 2]},
								"down": {"uv": [53, 43], "uv_size": [0.5, -2]}
							}
						},
						{
							"origin": [-0.875, -0.39062, -2.64062],
							"size": [0.375, 0.625, 2.0625],
							"uv": {
								"north": {"uv": [60, 50], "uv_size": [0.5, 0.5]},
								"east": {"uv": [54, 32], "uv_size": [2, 0.5]},
								"south": {"uv": [51, 60], "uv_size": [0.5, 0.5]},
								"up": {"uv": [33, 54], "uv_size": [0.5, 2]},
								"down": {"uv": [34, 56], "uv_size": [0.5, -2]}
							}
						},
						{
							"origin": [-1.10937, 0.23438, -2.64062],
							"size": [0.54688, 0.125, 2.0625],
							"uv": {
								"north": {"uv": [56, 45], "uv_size": [0.5, 0.5]},
								"east": {"uv": [53, 43], "uv_size": [2, 0.5]},
								"south": {"uv": [56, 46], "uv_size": [0.5, 0.5]},
								"west": {"uv": [53, 44], "uv_size": [2, 0.5]},
								"up": {"uv": [45, 53], "uv_size": [0.5, 2]},
								"down": {"uv": [53, 47], "uv_size": [0.5, -2]}
							}
						}
					]
				},
				{
					"name": "rear_scope",
					"parent": "1_6",
					"pivot": [0, 0.6875, -0.1875]
				},
				{
					"name": "hexadecagon5",
					"parent": "rear_scope",
					"pivot": [0, 0.6875, -0.1875],
					"cubes": [
						{
							"origin": [-0.30908, -0.95516, -8.28125],
							"size": [0.27474, 0.12187, 9.375],
							"pivot": [-0.375, 0.0625, -2.81],
							"rotation": [0, 0, -45],
							"uv": {
								"south": {"uv": [56, 47], "uv_size": [0.5, 0.5]},
								"down": {"uv": [0, 62.5], "uv_size": [0.5, -9.5]}
							}
						},
						{
							"origin": [-0.1994, -0.85247, -8.28125],
							"size": [0.27474, 0.12187, 9.375],
							"pivot": [-0.375, 0.0625, -2.81],
							"rotation": [0, 0, -22.5],
							"uv": {
								"south": {"uv": [48, 56], "uv_size": [0.5, 0.5]},
								"down": {"uv": [53, 9.5], "uv_size": [0.5, -9.5]}
							}
						},
						{
							"origin": [-0.13737, -0.71562, -8.28125],
							"size": [0.27474, 0.12187, 9.375],
							"uv": {
								"south": {"uv": [56, 48], "uv_size": [0.5, 0.5]},
								"down": {"uv": [1, 62.5], "uv_size": [0.5, -9.5]}
							}
						},
						{
							"origin": [-0.13243, -0.56546, -8.28125],
							"size": [0.27474, 0.12187, 9.375],
							"pivot": [-0.375, 0.0625, -2.81],
							"rotation": [0, 0, 22.5],
							"uv": {
								"south": {"uv": [49, 56], "uv_size": [0.5, 0.5]},
								"down": {"uv": [2, 62.5], "uv_size": [0.5, -9.5]}
							}
						},
						{
							"origin": [-0.18533, -0.42483, -8.28125],
							"size": [0.27474, 0.12187, 9.375],
							"pivot": [-0.375, 0.0625, -2.81],
							"rotation": [0, 0, 45],
							"uv": {
								"south": {"uv": [50, 56], "uv_size": [0.5, 0.5]},
								"down": {"uv": [3, 62.5], "uv_size": [0.5, -9.5]}
							}
						},
						{
							"origin": [-0.30908, 0.30421, -8.28125],
							"size": [0.27474, 0.12188, 9.375],
							"pivot": [-0.375, 0.0625, -2.81],
							"rotation": [0, 0, -45],
							"uv": {
								"south": {"uv": [51, 56], "uv_size": [0.5, 0.5]},
								"up": {"uv": [4, 53], "uv_size": [0.5, 9.5]}
							}
						},
						{
							"origin": [-0.1994, 0.4069, -8.28125],
							"size": [0.27474, 0.12188, 9.375],
							"pivot": [-0.375, 0.0625, -2.81],
							"rotation": [0, 0, -22.5],
							"uv": {
								"south": {"uv": [52, 56], "uv_size": [0.5, 0.5]},
								"up": {"uv": [5, 53], "uv_size": [0.5, 9.5]}
							}
						},
						{
							"origin": [-0.13737, 0.54375, -8.28125],
							"size": [0.27474, 0.12188, 9.375],
							"uv": {
								"south": {"uv": [56, 52], "uv_size": [0.5, 0.5]},
								"up": {"uv": [6, 53], "uv_size": [0.5, 9.5]}
							}
						},
						{
							"origin": [-0.13243, 0.69392, -8.28125],
							"size": [0.27474, 0.12188, 9.375],
							"pivot": [-0.375, 0.0625, -2.81],
							"rotation": [0, 0, 22.5],
							"uv": {
								"south": {"uv": [53, 56], "uv_size": [0.5, 0.5]},
								"up": {"uv": [7, 53], "uv_size": [0.5, 9.5]}
							}
						},
						{
							"origin": [-0.18533, 0.83454, -8.28125],
							"size": [0.27474, 0.12188, 9.375],
							"pivot": [-0.375, 0.0625, -2.81],
							"rotation": [0, 0, 45],
							"uv": {
								"south": {"uv": [56, 53], "uv_size": [0.5, 0.5]},
								"up": {"uv": [8, 53], "uv_size": [0.5, 9.5]}
							}
						},
						{
							"origin": [0.50672, -0.29922, -8.28125],
							"size": [0.12188, 0.27474, 9.375],
							"pivot": [-0.375, 0.0625, -2.81],
							"rotation": [0, 0, -22.5],
							"uv": {
								"south": {"uv": [54, 56], "uv_size": [0.5, 0.5]},
								"west": {"uv": [9, 53], "uv_size": [9.5, 0.5]}
							}
						},
						{
							"origin": [0.56875, -0.16237, -8.28125],
							"size": [0.12188, 0.27474, 9.375],
							"uv": {
								"south": {"uv": [56, 54], "uv_size": [0.5, 0.5]},
								"west": {"uv": [53, 10], "uv_size": [9.5, 0.5]}
							}
						},
						{
							"origin": [0.57369, -0.0122, -8.28125],
							"size": [0.12188, 0.27474, 9.375],
							"pivot": [-0.375, 0.0625, -2.81],
							"rotation": [0, 0, 22.5],
							"uv": {
								"south": {"uv": [55, 56], "uv_size": [0.5, 0.5]},
								"west": {"uv": [53, 11], "uv_size": [9.5, 0.5]}
							}
						},
						{
							"origin": [-0.75265, -0.29922, -8.28125],
							"size": [0.12188, 0.27474, 9.375],
							"pivot": [-0.375, 0.0625, -2.81],
							"rotation": [0, 0, -22.5],
							"uv": {
								"east": {"uv": [53, 12], "uv_size": [9.5, 0.5]},
								"south": {"uv": [56, 55], "uv_size": [0.5, 0.5]}
							}
						},
						{
							"origin": [-0.69062, -0.16237, -8.28125],
							"size": [0.12188, 0.27474, 9.375],
							"uv": {
								"east": {"uv": [53, 13], "uv_size": [9.5, 0.5]},
								"south": {"uv": [56, 56], "uv_size": [0.5, 0.5]}
							}
						},
						{
							"origin": [-0.68569, -0.0122, -8.28125],
							"size": [0.12188, 0.27474, 9.375],
							"pivot": [-0.375, 0.0625, -2.81],
							"rotation": [0, 0, 22.5],
							"uv": {
								"east": {"uv": [53, 14], "uv_size": [9.5, 0.5]},
								"south": {"uv": [57, 0], "uv_size": [0.5, 0.5]}
							}
						},
						{
							"origin": [-0.29292, -0.87391, -6.84375],
							"size": [0.24242, 0.04062, 8.3125],
							"pivot": [-0.375, 0.0625, -2.81],
							"rotation": [0, 0, -45],
							"uv": {
								"down": {"uv": [53, 23.5], "uv_size": [0.5, -8.5]}
							}
						},
						{
							"origin": [-0.18324, -0.77122, -6.84375],
							"size": [0.24242, 0.04062, 8.3125],
							"pivot": [-0.375, 0.0625, -2.81],
							"rotation": [0, 0, -22.5],
							"uv": {
								"down": {"uv": [19, 61.5], "uv_size": [0.5, -8.5]}
							}
						},
						{
							"origin": [-0.12121, -0.63437, -6.84375],
							"size": [0.24242, 0.04062, 8.3125],
							"uv": {
								"down": {"uv": [20, 61.5], "uv_size": [0.5, -8.5]}
							}
						},
						{
							"origin": [-0.11627, -0.48421, -6.84375],
							"size": [0.24242, 0.04062, 8.3125],
							"pivot": [-0.375, 0.0625, -2.81],
							"rotation": [0, 0, 22.5],
							"uv": {
								"down": {"uv": [21, 61.5], "uv_size": [0.5, -8.5]}
							}
						},
						{
							"origin": [-0.16918, -0.34358, -6.84375],
							"size": [0.24242, 0.04062, 8.3125],
							"pivot": [-0.375, 0.0625, -2.81],
							"rotation": [0, 0, 45],
							"uv": {
								"down": {"uv": [22, 61.5], "uv_size": [0.5, -8.5]}
							}
						},
						{
							"origin": [-0.29292, 0.30421, -6.84375],
							"size": [0.24242, 0.04062, 8.3125],
							"pivot": [-0.375, 0.0625, -2.81],
							"rotation": [0, 0, -45],
							"uv": {
								"up": {"uv": [23, 53], "uv_size": [0.5, 8.5]}
							}
						},
						{
							"origin": [-0.18324, 0.4069, -6.84375],
							"size": [0.24242, 0.04062, 8.3125],
							"pivot": [-0.375, 0.0625, -2.81],
							"rotation": [0, 0, -22.5],
							"uv": {
								"up": {"uv": [24, 53], "uv_size": [0.5, 8.5]}
							}
						},
						{
							"origin": [-0.12121, 0.54375, -6.84375],
							"size": [0.24242, 0.04062, 8.3125],
							"uv": {
								"up": {"uv": [53, 24], "uv_size": [0.5, 8.5]}
							}
						},
						{
							"origin": [-0.11627, 0.69392, -6.84375],
							"size": [0.24242, 0.04062, 8.3125],
							"pivot": [-0.375, 0.0625, -2.81],
							"rotation": [0, 0, 22.5],
							"uv": {
								"up": {"uv": [25, 53], "uv_size": [0.5, 8.5]}
							}
						},
						{
							"origin": [-0.16918, 0.83454, -6.84375],
							"size": [0.24242, 0.04062, 8.3125],
							"pivot": [-0.375, 0.0625, -2.81],
							"rotation": [0, 0, 45],
							"uv": {
								"up": {"uv": [26, 53], "uv_size": [0.5, 8.5]}
							}
						},
						{
							"origin": [0.50672, -0.28306, -6.84375],
							"size": [0.04063, 0.24242, 8.3125],
							"pivot": [-0.375, 0.0625, -2.81],
							"rotation": [0, 0, -22.5],
							"uv": {
								"west": {"uv": [27, 53], "uv_size": [8.5, 0.5]}
							}
						},
						{
							"origin": [0.56875, -0.14621, -6.84375],
							"size": [0.04063, 0.24242, 8.3125],
							"uv": {
								"west": {"uv": [53, 33], "uv_size": [8.5, 0.5]}
							}
						},
						{
							"origin": [0.57369, 0.00395, -6.84375],
							"size": [0.04063, 0.24242, 8.3125],
							"pivot": [-0.375, 0.0625, -2.81],
							"rotation": [0, 0, 22.5],
							"uv": {
								"west": {"uv": [53, 34], "uv_size": [8.5, 0.5]}
							}
						},
						{
							"origin": [-0.6714, -0.28306, -6.84375],
							"size": [0.04063, 0.24242, 8.3125],
							"pivot": [-0.375, 0.0625, -2.81],
							"rotation": [0, 0, -22.5],
							"uv": {
								"east": {"uv": [53, 35], "uv_size": [8.5, 0.5]}
							}
						},
						{
							"origin": [-0.60937, -0.14621, -6.84375],
							"size": [0.04063, 0.24242, 8.3125],
							"uv": {
								"east": {"uv": [36, 53], "uv_size": [8.5, 0.5]}
							}
						},
						{
							"origin": [-0.60444, 0.00395, -6.84375],
							"size": [0.04063, 0.24242, 8.3125],
							"pivot": [-0.375, 0.0625, -2.81],
							"rotation": [0, 0, 22.5],
							"uv": {
								"east": {"uv": [53, 36], "uv_size": [8.5, 0.5]}
							}
						}
					]
				},
				{
					"name": "hexadecagon7",
					"parent": "rear_scope",
					"pivot": [0, -0.01562, 1.78125],
					"cubes": [
						{
							"origin": [-0.28912, -0.92853, 1.46875],
							"size": [0.27449, 0.115, 0.5625],
							"pivot": [-0.345, 0.05625, 6.065],
							"rotation": [0, 0, -45],
							"uv": {
								"north": {"uv": [59, 41], "uv_size": [0.5, 0.5]},
								"down": {"uv": [42, 59.5], "uv_size": [0.5, -0.5]}
							}
						},
						{
							"origin": [-0.19101, -0.83218, 1.46875],
							"size": [0.27449, 0.115, 0.5625],
							"pivot": [-0.345, 0.05625, 6.065],
							"rotation": [0, 0, -22.5],
							"uv": {
								"north": {"uv": [59, 42], "uv_size": [0.5, 0.5]},
								"down": {"uv": [43, 59.5], "uv_size": [0.5, -0.5]}
							}
						},
						{
							"origin": [-0.13725, -0.70562, 1.46875],
							"size": [0.27449, 0.115, 0.5625],
							"uv": {
								"north": {"uv": [59, 43], "uv_size": [0.5, 0.5]},
								"down": {"uv": [44, 59.5], "uv_size": [0.5, -0.5]}
							}
						},
						{
							"origin": [-0.136, -0.56813, 1.46875],
							"size": [0.27449, 0.115, 0.5625],
							"pivot": [-0.345, 0.05625, 6.065],
							"rotation": [0, 0, 22.5],
							"uv": {
								"north": {"uv": [59, 44], "uv_size": [0.5, 0.5]},
								"down": {"uv": [45, 59.5], "uv_size": [0.5, -0.5]}
							}
						},
						{
							"origin": [-0.18747, -0.44062, 1.46875],
							"size": [0.27449, 0.115, 0.5625],
							"pivot": [-0.345, 0.05625, 6.065],
							"rotation": [0, 0, 45],
							"uv": {
								"north": {"uv": [59, 45], "uv_size": [0.5, 0.5]},
								"down": {"uv": [46, 59.5], "uv_size": [0.5, -0.5]}
							}
						},
						{
							"origin": [-0.28912, 0.33647, 1.46875],
							"size": [0.27449, 0.115, 0.5625],
							"pivot": [-0.345, 0.05625, 6.065],
							"rotation": [0, 0, -45],
							"uv": {
								"north": {"uv": [59, 46], "uv_size": [0.5, 0.5]},
								"up": {"uv": [47, 59], "uv_size": [0.5, 0.5]}
							}
						},
						{
							"origin": [-0.19101, 0.43282, 1.46875],
							"size": [0.27449, 0.115, 0.5625],
							"pivot": [-0.345, 0.05625, 6.065],
							"rotation": [0, 0, -22.5],
							"uv": {
								"north": {"uv": [59, 47], "uv_size": [0.5, 0.5]},
								"up": {"uv": [48, 59], "uv_size": [0.5, 0.5]}
							}
						},
						{
							"origin": [-0.13725, 0.55938, 1.46875],
							"size": [0.27449, 0.115, 0.5625],
							"uv": {
								"north": {"uv": [59, 48], "uv_size": [0.5, 0.5]},
								"up": {"uv": [49, 59], "uv_size": [0.5, 0.5]}
							}
						},
						{
							"origin": [-0.136, 0.69687, 1.46875],
							"size": [0.27449, 0.115, 0.5625],
							"pivot": [-0.345, 0.05625, 6.065],
							"rotation": [0, 0, 22.5],
							"uv": {
								"north": {"uv": [59, 49], "uv_size": [0.5, 0.5]},
								"up": {"uv": [50, 59], "uv_size": [0.5, 0.5]}
							}
						},
						{
							"origin": [-0.18747, 0.82438, 1.46875],
							"size": [0.27449, 0.115, 0.5625],
							"pivot": [-0.345, 0.05625, 6.065],
							"rotation": [0, 0, 45],
							"uv": {
								"up": {"uv": [59, 50], "uv_size": [0.5, 0.5]}
							}
						},
						{
							"origin": [0.52124, -0.27942, 1.46875],
							"size": [0.115, 0.27449, 0.5625],
							"pivot": [-0.345, 0.05625, 6.065],
							"rotation": [0, 0, -22.5],
							"uv": {
								"north": {"uv": [51, 59], "uv_size": [0.5, 0.5]},
								"west": {"uv": [59, 51], "uv_size": [0.5, 0.5]}
							}
						},
						{
							"origin": [0.575, -0.15287, 1.46875],
							"size": [0.115, 0.27449, 0.5625],
							"uv": {
								"north": {"uv": [52, 59], "uv_size": [0.5, 0.5]},
								"west": {"uv": [59, 52], "uv_size": [0.5, 0.5]}
							}
						},
						{
							"origin": [0.57624, -0.01537, 1.46875],
							"size": [0.115, 0.27449, 0.5625],
							"pivot": [-0.345, 0.05625, 6.065],
							"rotation": [0, 0, 22.5],
							"uv": {
								"north": {"uv": [53, 59], "uv_size": [0.5, 0.5]},
								"west": {"uv": [59, 53], "uv_size": [0.5, 0.5]}
							}
						},
						{
							"origin": [-0.74376, -0.27942, 1.46875],
							"size": [0.115, 0.27449, 0.5625],
							"pivot": [-0.345, 0.05625, 6.065],
							"rotation": [0, 0, -22.5],
							"uv": {
								"north": {"uv": [54, 59], "uv_size": [0.5, 0.5]},
								"east": {"uv": [59, 54], "uv_size": [0.5, 0.5]}
							}
						},
						{
							"origin": [-0.69, -0.15287, 1.46875],
							"size": [0.115, 0.27449, 0.5625],
							"uv": {
								"north": {"uv": [55, 59], "uv_size": [0.5, 0.5]},
								"east": {"uv": [59, 55], "uv_size": [0.5, 0.5]}
							}
						},
						{
							"origin": [-0.68876, -0.01537, 1.46875],
							"size": [0.115, 0.27449, 0.5625],
							"pivot": [-0.345, 0.05625, 6.065],
							"rotation": [0, 0, 22.5],
							"uv": {
								"north": {"uv": [56, 59], "uv_size": [0.5, 0.5]},
								"east": {"uv": [59, 56], "uv_size": [0.5, 0.5]}
							}
						}
					]
				},
				{
					"name": "hexadecagon8",
					"parent": "rear_scope",
					"pivot": [0, -0.01562, 2.21875],
					"cubes": [
						{
							"origin": [-0.3267, -1.0472, 1.90625],
							"size": [0.31018, 0.12995, 0.5],
							"pivot": [-0.38985, 0.06559, 6.5025],
							"rotation": [0, 0, -45],
							"uv": {
								"north": {"uv": [57, 59], "uv_size": [0.5, 0.5]},
								"down": {"uv": [59, 57.5], "uv_size": [0.5, -0.5]}
							}
						},
						{
							"origin": [-0.21584, -0.93833, 1.90625],
							"size": [0.31018, 0.12995, 0.5],
							"pivot": [-0.38985, 0.06559, 6.5025],
							"rotation": [0, 0, -22.5],
							"uv": {
								"north": {"uv": [58, 59], "uv_size": [0.5, 0.5]},
								"down": {"uv": [59, 58.5], "uv_size": [0.5, -0.5]}
							}
						},
						{
							"origin": [-0.15509, -0.79532, 1.90625],
							"size": [0.31018, 0.12995, 0.5],
							"uv": {
								"north": {"uv": [59, 59], "uv_size": [0.5, 0.5]},
								"down": {"uv": [60, 0.5], "uv_size": [0.5, -0.5]}
							}
						},
						{
							"origin": [-0.15368, -0.63995, 1.90625],
							"size": [0.31018, 0.12995, 0.5],
							"pivot": [-0.38985, 0.06559, 6.5025],
							"rotation": [0, 0, 22.5],
							"uv": {
								"north": {"uv": [60, 1], "uv_size": [0.5, 0.5]},
								"down": {"uv": [60, 2.5], "uv_size": [0.5, -0.5]}
							}
						},
						{
							"origin": [-0.21184, -0.49587, 1.90625],
							"size": [0.31018, 0.12995, 0.5],
							"pivot": [-0.38985, 0.06559, 6.5025],
							"rotation": [0, 0, 45],
							"uv": {
								"north": {"uv": [60, 3], "uv_size": [0.5, 0.5]},
								"down": {"uv": [60, 4.5], "uv_size": [0.5, -0.5]}
							}
						},
						{
							"origin": [-0.3267, 0.38225, 1.90625],
							"size": [0.31018, 0.12995, 0.5],
							"pivot": [-0.38985, 0.06559, 6.5025],
							"rotation": [0, 0, -45],
							"uv": {
								"north": {"uv": [60, 5], "uv_size": [0.5, 0.5]},
								"up": {"uv": [60, 6], "uv_size": [0.5, 0.5]}
							}
						},
						{
							"origin": [-0.21584, 0.49112, 1.90625],
							"size": [0.31018, 0.12995, 0.5],
							"pivot": [-0.38985, 0.06559, 6.5025],
							"rotation": [0, 0, -22.5],
							"uv": {
								"north": {"uv": [60, 7], "uv_size": [0.5, 0.5]},
								"up": {"uv": [60, 8], "uv_size": [0.5, 0.5]}
							}
						},
						{
							"origin": [-0.15509, 0.63413, 1.90625],
							"size": [0.31018, 0.12995, 0.5],
							"uv": {
								"north": {"uv": [9, 60], "uv_size": [0.5, 0.5]},
								"up": {"uv": [60, 9], "uv_size": [0.5, 0.5]}
							}
						},
						{
							"origin": [-0.15368, 0.7895, 1.90625],
							"size": [0.31018, 0.12995, 0.5],
							"pivot": [-0.38985, 0.06559, 6.5025],
							"rotation": [0, 0, 22.5],
							"uv": {
								"north": {"uv": [10, 60], "uv_size": [0.5, 0.5]},
								"up": {"uv": [11, 60], "uv_size": [0.5, 0.5]}
							}
						},
						{
							"origin": [-0.21184, 0.93358, 1.90625],
							"size": [0.31018, 0.12995, 0.5],
							"pivot": [-0.38985, 0.06559, 6.5025],
							"rotation": [0, 0, 45],
							"uv": {
								"north": {"uv": [12, 60], "uv_size": [0.5, 0.5]},
								"up": {"uv": [13, 60], "uv_size": [0.5, 0.5]}
							}
						},
						{
							"origin": [0.589, -0.31371, 1.90625],
							"size": [0.12995, 0.31018, 0.5],
							"pivot": [-0.38985, 0.06559, 6.5025],
							"rotation": [0, 0, -22.5],
							"uv": {
								"north": {"uv": [14, 60], "uv_size": [0.5, 0.5]},
								"west": {"uv": [15, 60], "uv_size": [0.5, 0.5]}
							}
						},
						{
							"origin": [0.64975, -0.17072, 1.90625],
							"size": [0.12995, 0.31018, 0.5],
							"uv": {
								"north": {"uv": [60, 15], "uv_size": [0.5, 0.5]},
								"west": {"uv": [16, 60], "uv_size": [0.5, 0.5]}
							}
						},
						{
							"origin": [0.65115, -0.01534, 1.90625],
							"size": [0.12995, 0.31018, 0.5],
							"pivot": [-0.38985, 0.06559, 6.5025],
							"rotation": [0, 0, 22.5],
							"uv": {
								"north": {"uv": [60, 16], "uv_size": [0.5, 0.5]},
								"west": {"uv": [17, 60], "uv_size": [0.5, 0.5]}
							}
						},
						{
							"origin": [-0.84045, -0.31371, 1.90625],
							"size": [0.12995, 0.31018, 0.5],
							"pivot": [-0.38985, 0.06559, 6.5025],
							"rotation": [0, 0, -22.5],
							"uv": {
								"north": {"uv": [60, 17], "uv_size": [0.5, 0.5]},
								"east": {"uv": [18, 60], "uv_size": [0.5, 0.5]}
							}
						},
						{
							"origin": [-0.7797, -0.17072, 1.90625],
							"size": [0.12995, 0.31018, 0.5],
							"uv": {
								"north": {"uv": [60, 18], "uv_size": [0.5, 0.5]},
								"east": {"uv": [60, 19], "uv_size": [0.5, 0.5]}
							}
						},
						{
							"origin": [-0.7783, -0.01534, 1.90625],
							"size": [0.12995, 0.31018, 0.5],
							"pivot": [-0.38985, 0.06559, 6.5025],
							"rotation": [0, 0, 22.5],
							"uv": {
								"north": {"uv": [60, 20], "uv_size": [0.5, 0.5]},
								"east": {"uv": [60, 21], "uv_size": [0.5, 0.5]}
							}
						}
					]
				},
				{
					"name": "hexadecagon9",
					"parent": "rear_scope",
					"pivot": [0, -0.01562, 2.71875],
					"cubes": [
						{
							"origin": [-0.36918, -1.18131, 2.40625],
							"size": [0.3505, 0.14684, 0.8125],
							"pivot": [-0.44053, 0.07615, 7.0025],
							"rotation": [0, 0, -45],
							"uv": {
								"north": {"uv": [60, 22], "uv_size": [0.5, 0.5]},
								"down": {"uv": [33, 57], "uv_size": [0.5, -1]}
							}
						},
						{
							"origin": [-0.2439, -1.05828, 2.40625],
							"size": [0.3505, 0.14684, 0.8125],
							"pivot": [-0.44053, 0.07615, 7.0025],
							"rotation": [0, 0, -22.5],
							"uv": {
								"north": {"uv": [60, 23], "uv_size": [0.5, 0.5]},
								"down": {"uv": [34, 57], "uv_size": [0.5, -1]}
							}
						},
						{
							"origin": [-0.17525, -0.89668, 2.40625],
							"size": [0.3505, 0.14684, 0.8125],
							"uv": {
								"north": {"uv": [60, 24], "uv_size": [0.5, 0.5]},
								"down": {"uv": [35, 57], "uv_size": [0.5, -1]}
							}
						},
						{
							"origin": [-0.17366, -0.72111, 2.40625],
							"size": [0.3505, 0.14684, 0.8125],
							"pivot": [-0.44053, 0.07615, 7.0025],
							"rotation": [0, 0, 22.5],
							"uv": {
								"north": {"uv": [60, 25], "uv_size": [0.5, 0.5]},
								"down": {"uv": [36, 57], "uv_size": [0.5, -1]}
							}
						},
						{
							"origin": [-0.23938, -0.55831, 2.40625],
							"size": [0.3505, 0.14684, 0.8125],
							"pivot": [-0.44053, 0.07615, 7.0025],
							"rotation": [0, 0, 45],
							"uv": {
								"north": {"uv": [60, 26], "uv_size": [0.5, 0.5]},
								"down": {"uv": [37, 57], "uv_size": [0.5, -1]}
							}
						},
						{
							"origin": [-0.36918, 0.43397, 2.40625],
							"size": [0.3505, 0.14684, 0.8125],
							"pivot": [-0.44053, 0.07615, 7.0025],
							"rotation": [0, 0, -45],
							"uv": {
								"north": {"uv": [27, 60], "uv_size": [0.5, 0.5]},
								"up": {"uv": [38, 56], "uv_size": [0.5, 1]}
							}
						},
						{
							"origin": [-0.2439, 0.557, 2.40625],
							"size": [0.3505, 0.14684, 0.8125],
							"pivot": [-0.44053, 0.07615, 7.0025],
							"rotation": [0, 0, -22.5],
							"uv": {
								"north": {"uv": [60, 27], "uv_size": [0.5, 0.5]},
								"up": {"uv": [56, 38], "uv_size": [0.5, 1]}
							}
						},
						{
							"origin": [-0.17525, 0.7186, 2.40625],
							"size": [0.3505, 0.14684, 0.8125],
							"uv": {
								"north": {"uv": [28, 60], "uv_size": [0.5, 0.5]},
								"up": {"uv": [39, 56], "uv_size": [0.5, 1]}
							}
						},
						{
							"origin": [-0.17366, 0.89416, 2.40625],
							"size": [0.3505, 0.14684, 0.8125],
							"pivot": [-0.44053, 0.07615, 7.0025],
							"rotation": [0, 0, 22.5],
							"uv": {
								"north": {"uv": [60, 28], "uv_size": [0.5, 0.5]},
								"up": {"uv": [56, 39], "uv_size": [0.5, 1]}
							}
						},
						{
							"origin": [-0.23938, 1.05697, 2.40625],
							"size": [0.3505, 0.14684, 0.8125],
							"pivot": [-0.44053, 0.07615, 7.0025],
							"rotation": [0, 0, 45],
							"uv": {
								"north": {"uv": [29, 60], "uv_size": [0.5, 0.5]},
								"up": {"uv": [40, 56], "uv_size": [0.5, 1]}
							}
						},
						{
							"origin": [0.66557, -0.35247, 2.40625],
							"size": [0.14684, 0.3505, 0.8125],
							"pivot": [-0.44053, 0.07615, 7.0025],
							"rotation": [0, 0, -22.5],
							"uv": {
								"north": {"uv": [60, 29], "uv_size": [0.5, 0.5]},
								"west": {"uv": [56, 40], "uv_size": [1, 0.5]}
							}
						},
						{
							"origin": [0.73422, -0.19088, 2.40625],
							"size": [0.14684, 0.3505, 0.8125],
							"uv": {
								"north": {"uv": [30, 60], "uv_size": [0.5, 0.5]},
								"west": {"uv": [41, 56], "uv_size": [1, 0.5]}
							}
						},
						{
							"origin": [0.7358, -0.0153, 2.40625],
							"size": [0.14684, 0.3505, 0.8125],
							"pivot": [-0.44053, 0.07615, 7.0025],
							"rotation": [0, 0, 22.5],
							"uv": {
								"north": {"uv": [60, 30], "uv_size": [0.5, 0.5]},
								"west": {"uv": [56, 41], "uv_size": [1, 0.5]}
							}
						},
						{
							"origin": [-0.94971, -0.35247, 2.40625],
							"size": [0.14684, 0.3505, 0.8125],
							"pivot": [-0.44053, 0.07615, 7.0025],
							"rotation": [0, 0, -22.5],
							"uv": {
								"north": {"uv": [31, 60], "uv_size": [0.5, 0.5]},
								"east": {"uv": [42, 56], "uv_size": [1, 0.5]}
							}
						},
						{
							"origin": [-0.88106, -0.19088, 2.40625],
							"size": [0.14684, 0.3505, 0.8125],
							"uv": {
								"north": {"uv": [60, 31], "uv_size": [0.5, 0.5]},
								"east": {"uv": [56, 42], "uv_size": [1, 0.5]}
							}
						},
						{
							"origin": [-0.87948, -0.0153, 2.40625],
							"size": [0.14684, 0.3505, 0.8125],
							"pivot": [-0.44053, 0.07615, 7.0025],
							"rotation": [0, 0, 22.5],
							"uv": {
								"north": {"uv": [32, 60], "uv_size": [0.5, 0.5]},
								"east": {"uv": [56, 43], "uv_size": [1, 0.5]}
							}
						}
					]
				},
				{
					"name": "hexadecagon10",
					"parent": "rear_scope",
					"pivot": [0, -0.01563, 4.40625],
					"cubes": [
						{
							"origin": [-0.42455, -1.35616, 3.21875],
							"size": [0.40307, 0.16887, 1.5],
							"pivot": [-0.50661, 0.08992, 7.815],
							"rotation": [0, 0, -45],
							"uv": {
								"north": {"uv": [60, 32], "uv_size": [0.5, 0.5]},
								"south": {"uv": [33, 60], "uv_size": [0.5, 0.5]},
								"down": {"uv": [32, 56.5], "uv_size": [0.5, -1.5]}
							}
						},
						{
							"origin": [-0.28049, -1.21468, 3.21875],
							"size": [0.40307, 0.16887, 1.5],
							"pivot": [-0.50661, 0.08992, 7.815],
							"rotation": [0, 0, -22.5],
							"uv": {
								"north": {"uv": [34, 60], "uv_size": [0.5, 0.5]},
								"south": {"uv": [35, 60], "uv_size": [0.5, 0.5]},
								"down": {"uv": [55, 39.5], "uv_size": [0.5, -1.5]}
							}
						},
						{
							"origin": [-0.20154, -1.02884, 3.21875],
							"size": [0.40307, 0.16887, 1.5],
							"uv": {
								"north": {"uv": [36, 60], "uv_size": [0.5, 0.5]},
								"south": {"uv": [37, 60], "uv_size": [0.5, 0.5]},
								"down": {"uv": [55, 41.5], "uv_size": [0.5, -1.5]}
							}
						},
						{
							"origin": [-0.19971, -0.82694, 3.21875],
							"size": [0.40307, 0.16887, 1.5],
							"pivot": [-0.50661, 0.08992, 7.815],
							"rotation": [0, 0, 22.5],
							"uv": {
								"north": {"uv": [60, 37], "uv_size": [0.5, 0.5]},
								"south": {"uv": [38, 60], "uv_size": [0.5, 0.5]},
								"down": {"uv": [55, 43.5], "uv_size": [0.5, -1.5]}
							}
						},
						{
							"origin": [-0.27529, -0.63971, 3.21875],
							"size": [0.40307, 0.16887, 1.5],
							"pivot": [-0.50661, 0.08992, 7.815],
							"rotation": [0, 0, 45],
							"uv": {
								"north": {"uv": [60, 38], "uv_size": [0.5, 0.5]},
								"south": {"uv": [39, 60], "uv_size": [0.5, 0.5]},
								"down": {"uv": [43, 56.5], "uv_size": [0.5, -1.5]}
							}
						},
						{
							"origin": [-0.42455, 0.50141, 3.21875],
							"size": [0.40307, 0.16887, 1.5],
							"pivot": [-0.50661, 0.08992, 7.815],
							"rotation": [0, 0, -45],
							"uv": {
								"north": {"uv": [60, 39], "uv_size": [0.5, 0.5]},
								"south": {"uv": [40, 60], "uv_size": [0.5, 0.5]},
								"up": {"uv": [44, 55], "uv_size": [0.5, 1.5]}
							}
						},
						{
							"origin": [-0.28049, 0.64289, 3.21875],
							"size": [0.40307, 0.16887, 1.5],
							"pivot": [-0.50661, 0.08992, 7.815],
							"rotation": [0, 0, -22.5],
							"uv": {
								"north": {"uv": [60, 40], "uv_size": [0.5, 0.5]},
								"south": {"uv": [41, 60], "uv_size": [0.5, 0.5]},
								"up": {"uv": [45, 55], "uv_size": [0.5, 1.5]}
							}
						},
						{
							"origin": [-0.20154, 0.82873, 3.21875],
							"size": [0.40307, 0.16887, 1.5],
							"uv": {
								"north": {"uv": [60, 41], "uv_size": [0.5, 0.5]},
								"south": {"uv": [42, 60], "uv_size": [0.5, 0.5]},
								"up": {"uv": [46, 55], "uv_size": [0.5, 1.5]}
							}
						},
						{
							"origin": [-0.19971, 1.03063, 3.21875],
							"size": [0.40307, 0.16887, 1.5],
							"pivot": [-0.50661, 0.08992, 7.815],
							"rotation": [0, 0, 22.5],
							"uv": {
								"north": {"uv": [60, 42], "uv_size": [0.5, 0.5]},
								"south": {"uv": [43, 60], "uv_size": [0.5, 0.5]},
								"up": {"uv": [47, 55], "uv_size": [0.5, 1.5]}
							}
						},
						{
							"origin": [-0.27529, 1.21786, 3.21875],
							"size": [0.40307, 0.16887, 1.5],
							"pivot": [-0.50661, 0.08992, 7.815],
							"rotation": [0, 0, 45],
							"uv": {
								"north": {"uv": [60, 43], "uv_size": [0.5, 0.5]},
								"south": {"uv": [44, 60], "uv_size": [0.5, 0.5]},
								"up": {"uv": [55, 47], "uv_size": [0.5, 1.5]}
							}
						},
						{
							"origin": [0.7654, -0.40299, 3.21875],
							"size": [0.16887, 0.40307, 1.5],
							"pivot": [-0.50661, 0.08992, 7.815],
							"rotation": [0, 0, -22.5],
							"uv": {
								"north": {"uv": [60, 44], "uv_size": [0.5, 0.5]},
								"south": {"uv": [45, 60], "uv_size": [0.5, 0.5]},
								"west": {"uv": [55, 44], "uv_size": [1.5, 0.5]}
							}
						},
						{
							"origin": [0.84435, -0.21717, 3.21875],
							"size": [0.16887, 0.40307, 1.5],
							"uv": {
								"north": {"uv": [60, 45], "uv_size": [0.5, 0.5]},
								"south": {"uv": [46, 60], "uv_size": [0.5, 0.5]},
								"west": {"uv": [55, 49], "uv_size": [1.5, 0.5]}
							}
						},
						{
							"origin": [0.84617, -0.01526, 3.21875],
							"size": [0.16887, 0.40307, 1.5],
							"pivot": [-0.50661, 0.08992, 7.815],
							"rotation": [0, 0, 22.5],
							"uv": {
								"north": {"uv": [60, 46], "uv_size": [0.5, 0.5]},
								"south": {"uv": [47, 60], "uv_size": [0.5, 0.5]},
								"west": {"uv": [50, 55], "uv_size": [1.5, 0.5]}
							}
						},
						{
							"origin": [-1.09217, -0.40299, 3.21875],
							"size": [0.16887, 0.40307, 1.5],
							"pivot": [-0.50661, 0.08992, 7.815],
							"rotation": [0, 0, -22.5],
							"uv": {
								"north": {"uv": [60, 47], "uv_size": [0.5, 0.5]},
								"east": {"uv": [55, 50], "uv_size": [1.5, 0.5]},
								"south": {"uv": [48, 60], "uv_size": [0.5, 0.5]}
							}
						},
						{
							"origin": [-1.01322, -0.21717, 3.21875],
							"size": [0.16887, 0.40307, 1.5],
							"uv": {
								"north": {"uv": [60, 48], "uv_size": [0.5, 0.5]},
								"east": {"uv": [55, 51], "uv_size": [1.5, 0.5]},
								"south": {"uv": [49, 60], "uv_size": [0.5, 0.5]}
							}
						},
						{
							"origin": [-0.94252, 0.13827, 3.21875],
							"size": [0.16887, 0.40307, 1.5],
							"pivot": [-0.85809, 0.33981, 4.09375],
							"rotation": [0, 0, 22.5],
							"uv": {
								"north": {"uv": [60, 49], "uv_size": [0.5, 0.5]},
								"east": {"uv": [52, 55], "uv_size": [1.5, 0.5]},
								"south": {"uv": [50, 60], "uv_size": [0.5, 0.5]}
							}
						}
					]
				},
				{
					"name": "knob",
					"parent": "1_6",
					"pivot": [0, 0.5, -3.875],
					"cubes": [
						{
							"origin": [-0.2875, 0.54688, -6.74375],
							"size": [0.575, 0.125, 1.2625],
							"uv": {
								"north": {"uv": [57, 1], "uv_size": [0.5, 0.5]},
								"east": {"uv": [35, 54], "uv_size": [1.5, 0.5]},
								"south": {"uv": [57, 2], "uv_size": [0.5, 0.5]},
								"west": {"uv": [37, 54], "uv_size": [1.5, 0.5]},
								"up": {"uv": [39, 54], "uv_size": [0.5, 1.5]}
							}
						},
						{
							"origin": [-0.2875, 2.61018, -4.06794],
							"size": [0.575, 0.07813, 0.16875],
							"pivot": [-0.375, 0.0625, -2.81],
							"rotation": [52.5, 0, 0],
							"uv": {
								"north": {"uv": [57, 3], "uv_size": [0.5, 0.5]},
								"east": {"uv": [57, 4], "uv_size": [0.5, 0.5]},
								"south": {"uv": [57, 5], "uv_size": [0.5, 0.5]},
								"west": {"uv": [57, 6], "uv_size": [0.5, 0.5]},
								"up": {"uv": [57, 7], "uv_size": [0.5, 0.5]},
								"down": {"uv": [57, 8.5], "uv_size": [0.5, -0.5]}
							}
						},
						{
							"origin": [-0.2875, 0.67188, -5.55625],
							"size": [0.575, 0.125, 0.075],
							"uv": {
								"north": {"uv": [9, 57], "uv_size": [0.5, 0.5]},
								"east": {"uv": [57, 9], "uv_size": [0.5, 0.5]},
								"south": {"uv": [10, 57], "uv_size": [0.5, 0.5]},
								"west": {"uv": [11, 57], "uv_size": [0.5, 0.5]},
								"up": {"uv": [12, 57], "uv_size": [0.5, 0.5]},
								"down": {"uv": [13, 57.5], "uv_size": [0.5, -0.5]}
							}
						},
						{
							"origin": [-2.65554, 0.67188, -5.62087],
							"size": [0.2, 0.28125, 0.2],
							"pivot": [-0.375, 0.0625, -2.81],
							"rotation": [0, -45, 0],
							"uv": {
								"north": {"uv": [14, 57], "uv_size": [0.5, 0.5]},
								"east": {"uv": [15, 57], "uv_size": [0.5, 0.5]},
								"south": {"uv": [57, 15], "uv_size": [0.5, 0.5]},
								"west": {"uv": [16, 57], "uv_size": [0.5, 0.5]},
								"up": {"uv": [57, 16], "uv_size": [0.5, 0.5]},
								"down": {"uv": [17, 57.5], "uv_size": [0.5, -0.5]}
							}
						}
					]
				},
				{
					"name": "octagon8",
					"parent": "knob",
					"pivot": [-0.8625, 0.5, -3.875],
					"cubes": [
						{
							"origin": [-2.74194, 0.73438, -5.97087],
							"size": [0.37279, 0.1875, 0.9],
							"pivot": [-0.375, 0.0625, -2.81],
							"rotation": [0, -45, 0],
							"uv": {
								"north": {"uv": [57, 17], "uv_size": [0.5, 0.5]},
								"south": {"uv": [18, 57], "uv_size": [0.5, 0.5]},
								"up": {"uv": [54, 55], "uv_size": [0.5, 1]},
								"down": {"uv": [55, 55], "uv_size": [0.5, -1]}
							}
						},
						{
							"origin": [-0.1864, 0.73438, -6.71875],
							"size": [0.37279, 0.1875, 0.9],
							"uv": {
								"north": {"uv": [57, 18], "uv_size": [0.5, 0.5]},
								"south": {"uv": [57, 19], "uv_size": [0.5, 0.5]},
								"up": {"uv": [55, 55], "uv_size": [0.5, 1]},
								"down": {"uv": [56, 5], "uv_size": [0.5, -1]}
							}
						},
						{
							"origin": [-3.00554, 0.73438, -5.70727],
							"size": [0.9, 0.1875, 0.37279],
							"pivot": [-0.375, 0.0625, -2.81],
							"rotation": [0, -45, 0],
							"uv": {
								"east": {"uv": [57, 20], "uv_size": [0.5, 0.5]},
								"west": {"uv": [57, 21], "uv_size": [0.5, 0.5]},
								"up": {"uv": [56, 5], "uv_size": [1, 0.5]},
								"down": {"uv": [56, 6.5], "uv_size": [1, -0.5]}
							}
						},
						{
							"origin": [-0.45, 0.73438, -6.45515],
							"size": [0.9, 0.1875, 0.37279],
							"uv": {
								"east": {"uv": [57, 22], "uv_size": [0.5, 0.5]},
								"west": {"uv": [57, 23], "uv_size": [0.5, 0.5]},
								"up": {"uv": [56, 7], "uv_size": [1, 0.5]},
								"down": {"uv": [9, 56.5], "uv_size": [1, -0.5]}
							}
						}
					]
				},
				{
					"name": "screw",
					"parent": "1_6",
					"pivot": [0, 0.6875, -0.1875]
				},
				{
					"name": "octagon5",
					"parent": "screw",
					"pivot": [0, 0.6875, -0.1875]
				},
				{
					"name": "octagon4",
					"parent": "screw",
					"pivot": [0, 0.6875, -0.1875]
				},
				{
					"name": "peices",
					"parent": "1_6",
					"pivot": [0, -0.03169, -10.13812],
					"cubes": [
						{
							"origin": [-0.38854, -1.17325, -10.45062],
							"size": [0.336, 1.68919, 0],
							"pivot": [-0.46875, 0.08605, -5.01312],
							"rotation": [0, 0, -45],
							"uv": {
								"north": {"uv": [54, 39], "uv_size": [0.5, 1.5]}
							}
						},
						{
							"origin": [-0.24874, -1.0467, -10.45062],
							"size": [0.336, 1.68919, 0],
							"pivot": [-0.46875, 0.08605, -5.01312],
							"rotation": [0, 0, -22.5],
							"uv": {
								"north": {"uv": [40, 54], "uv_size": [0.5, 1.5]}
							}
						},
						{
							"origin": [-0.168, -0.87628, -10.45062],
							"size": [0.336, 1.68919, 0],
							"uv": {
								"north": {"uv": [41, 54], "uv_size": [0.5, 1.5]}
							}
						},
						{
							"origin": [-0.15862, -0.68794, -10.45062],
							"size": [0.336, 1.68919, 0],
							"pivot": [-0.46875, 0.08605, -5.01312],
							"rotation": [0, 0, 22.5],
							"uv": {
								"north": {"uv": [54, 41], "uv_size": [0.5, 1.5]}
							}
						},
						{
							"origin": [-0.22204, -0.51034, -10.45062],
							"size": [0.336, 1.68919, 0],
							"pivot": [-0.46875, 0.08605, -5.01312],
							"rotation": [0, 0, 45],
							"uv": {
								"north": {"uv": [42, 54], "uv_size": [0.5, 1.5]}
							}
						},
						{
							"origin": [-0.92532, -0.3701, -10.45062],
							"size": [1.68919, 0.336, 0],
							"pivot": [-0.46875, 0.08605, -5.01312],
							"rotation": [0, 0, -22.5],
							"uv": {
								"north": {"uv": [43, 54], "uv_size": [1.5, 0.5]}
							}
						},
						{
							"origin": [-0.8446, -0.19969, -10.45062],
							"size": [1.68919, 0.336, 0],
							"uv": {
								"north": {"uv": [54, 45], "uv_size": [1.5, 0.5]}
							}
						},
						{
							"origin": [-0.83522, -0.01134, -10.45062],
							"size": [1.68919, 0.336, 0],
							"pivot": [-0.46875, 0.08605, -5.01312],
							"rotation": [0, 0, 22.5],
							"uv": {
								"north": {"uv": [46, 54], "uv_size": [1.5, 0.5]}
							}
						}
					]
				},
				{
					"name": "peices2",
					"parent": "1_6",
					"pivot": [0, -0.01601, 4.98688],
					"cubes": [
						{
							"origin": [-0.39662, -1.18132, 4.67438],
							"size": [0.34299, 1.72432, 0],
							"pivot": [-0.4785, 0.10417, 10.11188],
							"rotation": [0, 0, -45],
							"uv": {
								"south": {"uv": [48, 54], "uv_size": [0.5, 1.5]}
							}
						},
						{
							"origin": [-0.25391, -1.05214, 4.67438],
							"size": [0.34299, 1.72432, 0],
							"pivot": [-0.4785, 0.10417, 10.11188],
							"rotation": [0, 0, -22.5],
							"uv": {
								"south": {"uv": [54, 48], "uv_size": [0.5, 1.5]}
							}
						},
						{
							"origin": [-0.17149, -0.87817, 4.67438],
							"size": [0.34299, 1.72432, 0],
							"uv": {
								"south": {"uv": [49, 54], "uv_size": [0.5, 1.5]}
							}
						},
						{
							"origin": [-0.16192, -0.68591, 4.67438],
							"size": [0.34299, 1.72432, 0],
							"pivot": [-0.4785, 0.10417, 10.11188],
							"rotation": [0, 0, 22.5],
							"uv": {
								"south": {"uv": [54, 50], "uv_size": [0.5, 1.5]}
							}
						},
						{
							"origin": [-0.22666, -0.50462, 4.67438],
							"size": [0.34299, 1.72432, 0],
							"pivot": [-0.4785, 0.10417, 10.11188],
							"rotation": [0, 0, 45],
							"uv": {
								"south": {"uv": [54, 52], "uv_size": [0.5, 1.5]}
							}
						},
						{
							"origin": [-0.94457, -0.36147, 4.67438],
							"size": [1.72432, 0.34299, 0],
							"pivot": [-0.4785, 0.10417, 10.11188],
							"rotation": [0, 0, -22.5],
							"uv": {
								"south": {"uv": [54, 46], "uv_size": [1.5, 0.5]}
							}
						},
						{
							"origin": [-0.86217, -0.18751, 4.67438],
							"size": [1.72432, 0.34299, 0],
							"uv": {
								"south": {"uv": [53, 54], "uv_size": [1.5, 0.5]}
							}
						},
						{
							"origin": [-0.8526, 0.00476, 4.67438],
							"size": [1.72432, 0.34299, 0],
							"pivot": [-0.4785, 0.10417, 10.11188],
							"rotation": [0, 0, 22.5],
							"uv": {
								"south": {"uv": [55, 0], "uv_size": [1.5, 0.5]}
							}
						}
					]
				},
				{
					"name": "hide_when_ads",
					"parent": "1_6",
					"pivot": [0, 5.5, 4.625]
				},
				{
					"name": "hexadecagon4",
					"parent": "hide_when_ads",
					"pivot": [0, -0.01562, -8.21875],
					"cubes": [
						{
							"origin": [-0.31426, -1.00791, -8.53125],
							"size": [0.29836, 0.125, 0.25],
							"pivot": [-0.375, 0.0625, -3.935],
							"rotation": [0, 0, -45],
							"uv": {
								"south": {"uv": [57, 24], "uv_size": [0.5, 0.5]},
								"down": {"uv": [57, 25.5], "uv_size": [0.5, -0.5]}
							}
						},
						{
							"origin": [-0.20762, -0.90318, -8.53125],
							"size": [0.29836, 0.125, 0.25],
							"pivot": [-0.375, 0.0625, -3.935],
							"rotation": [0, 0, -22.5],
							"uv": {
								"south": {"uv": [57, 26], "uv_size": [0.5, 0.5]},
								"down": {"uv": [27, 57.5], "uv_size": [0.5, -0.5]}
							}
						},
						{
							"origin": [-0.14918, -0.76562, -8.53125],
							"size": [0.29836, 0.125, 0.25],
							"uv": {
								"south": {"uv": [57, 27], "uv_size": [0.5, 0.5]},
								"down": {"uv": [28, 57.5], "uv_size": [0.5, -0.5]}
							}
						},
						{
							"origin": [-0.14783, -0.61617, -8.53125],
							"size": [0.29836, 0.125, 0.25],
							"pivot": [-0.375, 0.0625, -3.935],
							"rotation": [0, 0, 22.5],
							"uv": {
								"south": {"uv": [57, 28], "uv_size": [0.5, 0.5]},
								"down": {"uv": [29, 57.5], "uv_size": [0.5, -0.5]}
							}
						},
						{
							"origin": [-0.20377, -0.47758, -8.53125],
							"size": [0.29836, 0.125, 0.25],
							"pivot": [-0.375, 0.0625, -3.935],
							"rotation": [0, 0, 45],
							"uv": {
								"south": {"uv": [57, 29], "uv_size": [0.5, 0.5]},
								"down": {"uv": [30, 57.5], "uv_size": [0.5, -0.5]}
							}
						},
						{
							"origin": [-0.31426, 0.36709, -8.53125],
							"size": [0.29836, 0.125, 0.25],
							"pivot": [-0.375, 0.0625, -3.935],
							"rotation": [0, 0, -45],
							"uv": {
								"south": {"uv": [57, 30], "uv_size": [0.5, 0.5]},
								"up": {"uv": [31, 57], "uv_size": [0.5, 0.5]}
							}
						},
						{
							"origin": [-0.20762, 0.47182, -8.53125],
							"size": [0.29836, 0.125, 0.25],
							"pivot": [-0.375, 0.0625, -3.935],
							"rotation": [0, 0, -22.5],
							"uv": {
								"south": {"uv": [57, 31], "uv_size": [0.5, 0.5]},
								"up": {"uv": [32, 57], "uv_size": [0.5, 0.5]}
							}
						},
						{
							"origin": [-0.14918, 0.60938, -8.53125],
							"size": [0.29836, 0.125, 0.25],
							"uv": {
								"south": {"uv": [57, 32], "uv_size": [0.5, 0.5]},
								"up": {"uv": [33, 57], "uv_size": [0.5, 0.5]}
							}
						},
						{
							"origin": [-0.14783, 0.75883, -8.53125],
							"size": [0.29836, 0.125, 0.25],
							"pivot": [-0.375, 0.0625, -3.935],
							"rotation": [0, 0, 22.5],
							"uv": {
								"south": {"uv": [34, 57], "uv_size": [0.5, 0.5]},
								"up": {"uv": [35, 57], "uv_size": [0.5, 0.5]}
							}
						},
						{
							"origin": [-0.20377, 0.89742, -8.53125],
							"size": [0.29836, 0.125, 0.25],
							"pivot": [-0.375, 0.0625, -3.935],
							"rotation": [0, 0, 45],
							"uv": {
								"south": {"uv": [36, 57], "uv_size": [0.5, 0.5]},
								"up": {"uv": [37, 57], "uv_size": [0.5, 0.5]}
							}
						},
						{
							"origin": [0.56656, -0.30236, -8.53125],
							"size": [0.125, 0.29836, 0.25],
							"pivot": [-0.375, 0.0625, -3.935],
							"rotation": [0, 0, -22.5],
							"uv": {
								"south": {"uv": [57, 37], "uv_size": [0.5, 0.5]},
								"west": {"uv": [38, 57], "uv_size": [0.5, 0.5]}
							}
						},
						{
							"origin": [0.625, -0.16481, -8.53125],
							"size": [0.125, 0.29836, 0.25],
							"uv": {
								"south": {"uv": [57, 38], "uv_size": [0.5, 0.5]},
								"west": {"uv": [39, 57], "uv_size": [0.5, 0.5]}
							}
						},
						{
							"origin": [0.62635, -0.01535, -8.53125],
							"size": [0.125, 0.29836, 0.25],
							"pivot": [-0.375, 0.0625, -3.935],
							"rotation": [0, 0, 22.5],
							"uv": {
								"south": {"uv": [57, 39], "uv_size": [0.5, 0.5]},
								"west": {"uv": [40, 57], "uv_size": [0.5, 0.5]}
							}
						},
						{
							"origin": [-0.80844, -0.30236, -8.53125],
							"size": [0.125, 0.29836, 0.25],
							"pivot": [-0.375, 0.0625, -3.935],
							"rotation": [0, 0, -22.5],
							"uv": {
								"east": {"uv": [57, 40], "uv_size": [0.5, 0.5]},
								"south": {"uv": [41, 57], "uv_size": [0.5, 0.5]}
							}
						},
						{
							"origin": [-0.75, -0.16481, -8.53125],
							"size": [0.125, 0.29836, 0.25],
							"uv": {
								"east": {"uv": [57, 41], "uv_size": [0.5, 0.5]},
								"south": {"uv": [42, 57], "uv_size": [0.5, 0.5]}
							}
						},
						{
							"origin": [-0.74865, -0.01535, -8.53125],
							"size": [0.125, 0.29836, 0.25],
							"pivot": [-0.375, 0.0625, -3.935],
							"rotation": [0, 0, 22.5],
							"uv": {
								"east": {"uv": [57, 42], "uv_size": [0.5, 0.5]},
								"south": {"uv": [43, 57], "uv_size": [0.5, 0.5]}
							}
						}
					]
				},
				{
					"name": "hexadecagon2",
					"parent": "hide_when_ads",
					"pivot": [0, -0.01562, -8.34375],
					"cubes": [
						{
							"origin": [-0.34569, -1.10714, -8.78125],
							"size": [0.3282, 0.1375, 0.25],
							"pivot": [-0.4125, 0.07031, -4.185],
							"rotation": [0, 0, -45],
							"uv": {
								"south": {"uv": [55, 58], "uv_size": [0.5, 0.5]},
								"down": {"uv": [58, 55.5], "uv_size": [0.5, -0.5]}
							}
						},
						{
							"origin": [-0.22838, -0.99194, -8.78125],
							"size": [0.3282, 0.1375, 0.25],
							"pivot": [-0.4125, 0.07031, -4.185],
							"rotation": [0, 0, -22.5],
							"uv": {
								"south": {"uv": [56, 58], "uv_size": [0.5, 0.5]},
								"down": {"uv": [58, 56.5], "uv_size": [0.5, -0.5]}
							}
						},
						{
							"origin": [-0.1641, -0.84062, -8.78125],
							"size": [0.3282, 0.1375, 0.25],
							"uv": {
								"south": {"uv": [57, 58], "uv_size": [0.5, 0.5]},
								"down": {"uv": [58, 57.5], "uv_size": [0.5, -0.5]}
							}
						},
						{
							"origin": [-0.16261, -0.67623, -8.78125],
							"size": [0.3282, 0.1375, 0.25],
							"pivot": [-0.4125, 0.07031, -4.185],
							"rotation": [0, 0, 22.5],
							"uv": {
								"south": {"uv": [58, 58], "uv_size": [0.5, 0.5]},
								"down": {"uv": [59, 0.5], "uv_size": [0.5, -0.5]}
							}
						},
						{
							"origin": [-0.22415, -0.52378, -8.78125],
							"size": [0.3282, 0.1375, 0.25],
							"pivot": [-0.4125, 0.07031, -4.185],
							"rotation": [0, 0, 45],
							"uv": {
								"south": {"uv": [59, 1], "uv_size": [0.5, 0.5]},
								"down": {"uv": [59, 2.5], "uv_size": [0.5, -0.5]}
							}
						},
						{
							"origin": [-0.34569, 0.40536, -8.78125],
							"size": [0.3282, 0.1375, 0.25],
							"pivot": [-0.4125, 0.07031, -4.185],
							"rotation": [0, 0, -45],
							"uv": {
								"south": {"uv": [59, 3], "uv_size": [0.5, 0.5]},
								"up": {"uv": [59, 4], "uv_size": [0.5, 0.5]}
							}
						},
						{
							"origin": [-0.22838, 0.52056, -8.78125],
							"size": [0.3282, 0.1375, 0.25],
							"pivot": [-0.4125, 0.07031, -4.185],
							"rotation": [0, 0, -22.5],
							"uv": {
								"south": {"uv": [59, 5], "uv_size": [0.5, 0.5]},
								"up": {"uv": [59, 6], "uv_size": [0.5, 0.5]}
							}
						},
						{
							"origin": [-0.1641, 0.67188, -8.78125],
							"size": [0.3282, 0.1375, 0.25],
							"uv": {
								"south": {"uv": [59, 7], "uv_size": [0.5, 0.5]},
								"up": {"uv": [59, 8], "uv_size": [0.5, 0.5]}
							}
						},
						{
							"origin": [-0.16261, 0.83628, -8.78125],
							"size": [0.3282, 0.1375, 0.25],
							"pivot": [-0.4125, 0.07031, -4.185],
							"rotation": [0, 0, 22.5],
							"uv": {
								"south": {"uv": [9, 59], "uv_size": [0.5, 0.5]},
								"up": {"uv": [59, 9], "uv_size": [0.5, 0.5]}
							}
						},
						{
							"origin": [-0.22415, 0.98872, -8.78125],
							"size": [0.3282, 0.1375, 0.25],
							"pivot": [-0.4125, 0.07031, -4.185],
							"rotation": [0, 0, 45],
							"uv": {
								"south": {"uv": [10, 59], "uv_size": [0.5, 0.5]},
								"up": {"uv": [11, 59], "uv_size": [0.5, 0.5]}
							}
						},
						{
							"origin": [0.62322, -0.33103, -8.78125],
							"size": [0.1375, 0.3282, 0.25],
							"pivot": [-0.4125, 0.07031, -4.185],
							"rotation": [0, 0, -22.5],
							"uv": {
								"south": {"uv": [12, 59], "uv_size": [0.5, 0.5]},
								"west": {"uv": [13, 59], "uv_size": [0.5, 0.5]}
							}
						},
						{
							"origin": [0.6875, -0.17973, -8.78125],
							"size": [0.1375, 0.3282, 0.25],
							"uv": {
								"south": {"uv": [14, 59], "uv_size": [0.5, 0.5]},
								"west": {"uv": [15, 59], "uv_size": [0.5, 0.5]}
							}
						},
						{
							"origin": [0.68899, -0.01532, -8.78125],
							"size": [0.1375, 0.3282, 0.25],
							"pivot": [-0.4125, 0.07031, -4.185],
							"rotation": [0, 0, 22.5],
							"uv": {
								"south": {"uv": [59, 15], "uv_size": [0.5, 0.5]},
								"west": {"uv": [16, 59], "uv_size": [0.5, 0.5]}
							}
						},
						{
							"origin": [-0.88928, -0.33103, -8.78125],
							"size": [0.1375, 0.3282, 0.25],
							"pivot": [-0.4125, 0.07031, -4.185],
							"rotation": [0, 0, -22.5],
							"uv": {
								"east": {"uv": [59, 16], "uv_size": [0.5, 0.5]},
								"south": {"uv": [17, 59], "uv_size": [0.5, 0.5]}
							}
						},
						{
							"origin": [-0.825, -0.17973, -8.78125],
							"size": [0.1375, 0.3282, 0.25],
							"uv": {
								"east": {"uv": [59, 17], "uv_size": [0.5, 0.5]},
								"south": {"uv": [18, 59], "uv_size": [0.5, 0.5]}
							}
						},
						{
							"origin": [-0.82352, -0.01532, -8.78125],
							"size": [0.1375, 0.3282, 0.25],
							"pivot": [-0.4125, 0.07031, -4.185],
							"rotation": [0, 0, 22.5],
							"uv": {
								"east": {"uv": [59, 18], "uv_size": [0.5, 0.5]},
								"south": {"uv": [59, 19], "uv_size": [0.5, 0.5]}
							}
						}
					]
				},
				{
					"name": "hexadecagon3",
					"parent": "hide_when_ads",
					"pivot": [0, -0.01562, -8.59375],
					"cubes": [
						{
							"origin": [-0.3768, -1.20538, -10.59375],
							"size": [0.35773, 0.14988, 1.8125],
							"pivot": [-0.44963, 0.07805, -4.435],
							"rotation": [0, 0, -45],
							"uv": {
								"north": {"uv": [59, 20], "uv_size": [0.5, 0.5]},
								"south": {"uv": [59, 21], "uv_size": [0.5, 0.5]},
								"up": {"uv": [53, 52], "uv_size": [0.5, 2]},
								"down": {"uv": [54, 2], "uv_size": [0.5, -2]}
							}
						},
						{
							"origin": [-0.24894, -1.0798, -10.59375],
							"size": [0.35773, 0.14988, 1.8125],
							"pivot": [-0.44963, 0.07805, -4.435],
							"rotation": [0, 0, -22.5],
							"uv": {
								"north": {"uv": [59, 22], "uv_size": [0.5, 0.5]},
								"south": {"uv": [59, 23], "uv_size": [0.5, 0.5]},
								"up": {"uv": [54, 2], "uv_size": [0.5, 2]},
								"down": {"uv": [54, 6], "uv_size": [0.5, -2]}
							}
						},
						{
							"origin": [-0.17887, -0.91487, -10.59375],
							"size": [0.35773, 0.14988, 1.8125],
							"uv": {
								"north": {"uv": [59, 24], "uv_size": [0.5, 0.5]},
								"south": {"uv": [59, 25], "uv_size": [0.5, 0.5]},
								"up": {"uv": [54, 6], "uv_size": [0.5, 2]},
								"down": {"uv": [54, 10], "uv_size": [0.5, -2]}
							}
						},
						{
							"origin": [-0.17725, -0.73568, -10.59375],
							"size": [0.35773, 0.14988, 1.8125],
							"pivot": [-0.44963, 0.07805, -4.435],
							"rotation": [0, 0, 22.5],
							"uv": {
								"north": {"uv": [59, 26], "uv_size": [0.5, 0.5]},
								"south": {"uv": [27, 59], "uv_size": [0.5, 0.5]},
								"up": {"uv": [9, 54], "uv_size": [0.5, 2]},
								"down": {"uv": [10, 56], "uv_size": [0.5, -2]}
							}
						},
						{
							"origin": [-0.24432, -0.56951, -10.59375],
							"size": [0.35773, 0.14987, 1.8125],
							"pivot": [-0.44963, 0.07805, -4.435],
							"rotation": [0, 0, 45],
							"uv": {
								"north": {"uv": [59, 27], "uv_size": [0.5, 0.5]},
								"south": {"uv": [28, 59], "uv_size": [0.5, 0.5]},
								"up": {"uv": [11, 54], "uv_size": [0.5, 2]},
								"down": {"uv": [12, 56], "uv_size": [0.5, -2]}
							}
						},
						{
							"origin": [-0.3768, 0.44325, -10.59375],
							"size": [0.35773, 0.14987, 1.8125],
							"pivot": [-0.44963, 0.07805, -4.435],
							"rotation": [0, 0, -45],
							"uv": {
								"north": {"uv": [59, 28], "uv_size": [0.5, 0.5]},
								"south": {"uv": [29, 59], "uv_size": [0.5, 0.5]},
								"up": {"uv": [13, 54], "uv_size": [0.5, 2]},
								"down": {"uv": [14, 56], "uv_size": [0.5, -2]}
							}
						},
						{
							"origin": [-0.24894, 0.56882, -10.59375],
							"size": [0.35773, 0.14988, 1.8125],
							"pivot": [-0.44963, 0.07805, -4.435],
							"rotation": [0, 0, -22.5],
							"uv": {
								"north": {"uv": [59, 29], "uv_size": [0.5, 0.5]},
								"south": {"uv": [30, 59], "uv_size": [0.5, 0.5]},
								"up": {"uv": [15, 54], "uv_size": [0.5, 2]},
								"down": {"uv": [54, 17], "uv_size": [0.5, -2]}
							}
						},
						{
							"origin": [-0.17887, 0.73376, -10.59375],
							"size": [0.35773, 0.14988, 1.8125],
							"uv": {
								"north": {"uv": [59, 30], "uv_size": [0.5, 0.5]},
								"south": {"uv": [31, 59], "uv_size": [0.5, 0.5]},
								"up": {"uv": [16, 54], "uv_size": [0.5, 2]},
								"down": {"uv": [17, 56], "uv_size": [0.5, -2]}
							}
						},
						{
							"origin": [-0.17725, 0.91295, -10.59375],
							"size": [0.35773, 0.14987, 1.8125],
							"pivot": [-0.44963, 0.07805, -4.435],
							"rotation": [0, 0, 22.5],
							"uv": {
								"north": {"uv": [59, 31], "uv_size": [0.5, 0.5]},
								"south": {"uv": [32, 59], "uv_size": [0.5, 0.5]},
								"up": {"uv": [54, 17], "uv_size": [0.5, 2]},
								"down": {"uv": [18, 56], "uv_size": [0.5, -2]}
							}
						},
						{
							"origin": [-0.24432, 1.07911, -10.59375],
							"size": [0.35773, 0.14987, 1.8125],
							"pivot": [-0.44963, 0.07805, -4.435],
							"rotation": [0, 0, 45],
							"uv": {
								"north": {"uv": [59, 32], "uv_size": [0.5, 0.5]},
								"south": {"uv": [33, 59], "uv_size": [0.5, 0.5]},
								"up": {"uv": [54, 19], "uv_size": [0.5, 2]},
								"down": {"uv": [54, 23], "uv_size": [0.5, -2]}
							}
						},
						{
							"origin": [0.67931, -0.35942, -10.59375],
							"size": [0.14988, 0.35773, 1.8125],
							"pivot": [-0.44963, 0.07805, -4.435],
							"rotation": [0, 0, -22.5],
							"uv": {
								"north": {"uv": [34, 59], "uv_size": [0.5, 0.5]},
								"east": {"uv": [54, 23], "uv_size": [2, 0.5]},
								"south": {"uv": [35, 59], "uv_size": [0.5, 0.5]},
								"west": {"uv": [54, 24], "uv_size": [2, 0.5]}
							}
						},
						{
							"origin": [0.74938, -0.1945, -10.59375],
							"size": [0.14988, 0.35773, 1.8125],
							"uv": {
								"north": {"uv": [36, 59], "uv_size": [0.5, 0.5]},
								"east": {"uv": [54, 25], "uv_size": [2, 0.5]},
								"south": {"uv": [37, 59], "uv_size": [0.5, 0.5]},
								"west": {"uv": [54, 26], "uv_size": [2, 0.5]}
							}
						},
						{
							"origin": [0.75099, -0.0153, -10.59375],
							"size": [0.14987, 0.35773, 1.8125],
							"pivot": [-0.44963, 0.07805, -4.435],
							"rotation": [0, 0, 22.5],
							"uv": {
								"north": {"uv": [59, 37], "uv_size": [0.5, 0.5]},
								"east": {"uv": [27, 54], "uv_size": [2, 0.5]},
								"south": {"uv": [38, 59], "uv_size": [0.5, 0.5]},
								"west": {"uv": [54, 27], "uv_size": [2, 0.5]}
							}
						},
						{
							"origin": [-0.96932, -0.35942, -10.59375],
							"size": [0.14987, 0.35773, 1.8125],
							"pivot": [-0.44963, 0.07805, -4.435],
							"rotation": [0, 0, -22.5],
							"uv": {
								"north": {"uv": [59, 38], "uv_size": [0.5, 0.5]},
								"east": {"uv": [54, 28], "uv_size": [2, 0.5]},
								"south": {"uv": [39, 59], "uv_size": [0.5, 0.5]},
								"west": {"uv": [29, 54], "uv_size": [2, 0.5]}
							}
						},
						{
							"origin": [-0.89925, -0.1945, -10.59375],
							"size": [0.14988, 0.35773, 1.8125],
							"uv": {
								"north": {"uv": [59, 39], "uv_size": [0.5, 0.5]},
								"east": {"uv": [54, 29], "uv_size": [2, 0.5]},
								"south": {"uv": [40, 59], "uv_size": [0.5, 0.5]},
								"west": {"uv": [54, 30], "uv_size": [2, 0.5]}
							}
						},
						{
							"origin": [-0.89763, -0.0153, -10.59375],
							"size": [0.14988, 0.35773, 1.8125],
							"pivot": [-0.44963, 0.07805, -4.435],
							"rotation": [0, 0, 22.5],
							"uv": {
								"north": {"uv": [59, 40], "uv_size": [0.5, 0.5]},
								"east": {"uv": [31, 54], "uv_size": [2, 0.5]},
								"south": {"uv": [41, 59], "uv_size": [0.5, 0.5]},
								"west": {"uv": [54, 31], "uv_size": [2, 0.5]}
							}
						}
					]
				},
				{
					"name": "octagon2",
					"parent": "hide_when_ads",
					"pivot": [0.09722, 1.77257, 0.0625],
					"cubes": [
						{
							"origin": [-0.33785, -0.46472, -0.71875],
							"size": [0.60579, 0.1125, 1.125],
							"pivot": [-0.375, 0.0625, -2.81],
							"rotation": [0, 0, 45],
							"uv": {
								"north": {"uv": [57, 43], "uv_size": [0.5, 0.5]},
								"south": {"uv": [44, 57], "uv_size": [0.5, 0.5]},
								"up": {"uv": [10, 56], "uv_size": [0.5, 1]},
								"down": {"uv": [11, 57], "uv_size": [0.5, -1]}
							}
						},
						{
							"origin": [-0.29317, 0.58507, -0.71875],
							"size": [0.60579, 0.1125, 1.125],
							"uv": {
								"north": {"uv": [57, 44], "uv_size": [0.5, 0.5]},
								"south": {"uv": [45, 57], "uv_size": [0.5, 0.5]},
								"up": {"uv": [12, 56], "uv_size": [0.5, 1]},
								"down": {"uv": [13, 57], "uv_size": [0.5, -1]}
							}
						},
						{
							"origin": [-0.29508, -0.75868, -0.71875],
							"size": [0.59017, 0.1125, 1.125],
							"uv": {
								"north": {"uv": [57, 45], "uv_size": [0.5, 0.5]},
								"south": {"uv": [46, 57], "uv_size": [0.5, 0.5]},
								"up": {"uv": [14, 56], "uv_size": [0.5, 1]},
								"down": {"uv": [15, 57], "uv_size": [0.5, -1]}
							}
						},
						{
							"origin": [-0.72153, -0.33658, -0.71875],
							"size": [0.1125, 0.60579, 1.125],
							"uv": {
								"north": {"uv": [57, 46], "uv_size": [0.5, 0.5]},
								"east": {"uv": [16, 56], "uv_size": [1, 0.5]},
								"south": {"uv": [47, 57], "uv_size": [0.5, 0.5]}
							}
						},
						{
							"origin": [0.60903, -0.33658, -0.71875],
							"size": [0.1125, 0.60579, 1.125],
							"uv": {
								"north": {"uv": [57, 47], "uv_size": [0.5, 0.5]},
								"south": {"uv": [48, 57], "uv_size": [0.5, 0.5]},
								"west": {"uv": [56, 16], "uv_size": [1, 0.5]}
							}
						},
						{
							"origin": [-0.7662, -0.03637, -0.71875],
							"size": [0.1125, 0.60579, 1.125],
							"pivot": [-0.375, 0.0625, -2.81],
							"rotation": [0, 0, 45],
							"uv": {
								"north": {"uv": [57, 48], "uv_size": [0.5, 0.5]},
								"east": {"uv": [17, 56], "uv_size": [1, 0.5]},
								"south": {"uv": [49, 57], "uv_size": [0.5, 0.5]}
							}
						},
						{
							"origin": [0.43403, -0.5667, -0.71875],
							"size": [0.1125, 0.60579, 1.125],
							"pivot": [-0.375, 0.0625, -2.81],
							"rotation": [0, 0, -45],
							"uv": {
								"north": {"uv": [57, 49], "uv_size": [0.5, 0.5]},
								"south": {"uv": [50, 57], "uv_size": [0.5, 0.5]},
								"west": {"uv": [56, 17], "uv_size": [1, 0.5]}
							}
						},
						{
							"origin": [-0.48761, -0.99505, -0.71875],
							"size": [0.60579, 0.1125, 1.125],
							"pivot": [-0.375, 0.0625, -2.81],
							"rotation": [0, 0, -45],
							"uv": {
								"north": {"uv": [57, 50], "uv_size": [0.5, 0.5]},
								"south": {"uv": [51, 57], "uv_size": [0.5, 0.5]},
								"up": {"uv": [18, 56], "uv_size": [0.5, 1]},
								"down": {"uv": [56, 19], "uv_size": [0.5, -1]}
							}
						}
					]
				},
				{
					"name": "octagon3",
					"parent": "hide_when_ads",
					"pivot": [0.09722, 1.77257, -2.6875],
					"cubes": [
						{
							"origin": [-0.33785, -0.46472, -3.46875],
							"size": [0.60579, 0.1125, 1.125],
							"pivot": [-0.375, 0.0625, -2.81],
							"rotation": [0, 0, 45],
							"uv": {
								"north": {"uv": [57, 51], "uv_size": [0.5, 0.5]},
								"south": {"uv": [52, 57], "uv_size": [0.5, 0.5]},
								"up": {"uv": [56, 19], "uv_size": [0.5, 1]},
								"down": {"uv": [56, 22], "uv_size": [0.5, -1]}
							}
						},
						{
							"origin": [-0.29317, 0.58507, -3.46875],
							"size": [0.60579, 0.1125, 1.125],
							"uv": {
								"north": {"uv": [57, 52], "uv_size": [0.5, 0.5]},
								"south": {"uv": [53, 57], "uv_size": [0.5, 0.5]},
								"up": {"uv": [56, 22], "uv_size": [0.5, 1]},
								"down": {"uv": [56, 24], "uv_size": [0.5, -1]}
							}
						},
						{
							"origin": [-0.29508, -0.75868, -3.46875],
							"size": [0.59017, 0.1125, 1.125],
							"uv": {
								"north": {"uv": [57, 53], "uv_size": [0.5, 0.5]},
								"south": {"uv": [54, 57], "uv_size": [0.5, 0.5]},
								"up": {"uv": [56, 24], "uv_size": [0.5, 1]},
								"down": {"uv": [56, 26], "uv_size": [0.5, -1]}
							}
						},
						{
							"origin": [-0.72153, -0.33658, -3.46875],
							"size": [0.1125, 0.60579, 1.125],
							"uv": {
								"north": {"uv": [57, 54], "uv_size": [0.5, 0.5]},
								"east": {"uv": [56, 26], "uv_size": [1, 0.5]},
								"south": {"uv": [55, 57], "uv_size": [0.5, 0.5]},
								"west": {"uv": [56, 27], "uv_size": [1, 0.5]}
							}
						},
						{
							"origin": [0.60903, -0.33658, -3.46875],
							"size": [0.1125, 0.60579, 1.125],
							"uv": {
								"north": {"uv": [57, 55], "uv_size": [0.5, 0.5]},
								"south": {"uv": [56, 57], "uv_size": [0.5, 0.5]},
								"west": {"uv": [56, 28], "uv_size": [1, 0.5]}
							}
						},
						{
							"origin": [-0.7662, -0.03637, -3.46875],
							"size": [0.1125, 0.60579, 1.125],
							"pivot": [-0.375, 0.0625, -2.81],
							"rotation": [0, 0, 45],
							"uv": {
								"north": {"uv": [57, 56], "uv_size": [0.5, 0.5]},
								"east": {"uv": [56, 29], "uv_size": [1, 0.5]},
								"south": {"uv": [57, 57], "uv_size": [0.5, 0.5]}
							}
						},
						{
							"origin": [0.43403, -0.5667, -3.46875],
							"size": [0.1125, 0.60579, 1.125],
							"pivot": [-0.375, 0.0625, -2.81],
							"rotation": [0, 0, -45],
							"uv": {
								"north": {"uv": [58, 0], "uv_size": [0.5, 0.5]},
								"south": {"uv": [58, 1], "uv_size": [0.5, 0.5]},
								"west": {"uv": [56, 30], "uv_size": [1, 0.5]}
							}
						},
						{
							"origin": [-0.48761, -0.99505, -3.46875],
							"size": [0.60579, 0.1125, 1.125],
							"pivot": [-0.375, 0.0625, -2.81],
							"rotation": [0, 0, -45],
							"uv": {
								"north": {"uv": [58, 2], "uv_size": [0.5, 0.5]},
								"south": {"uv": [58, 3], "uv_size": [0.5, 0.5]},
								"up": {"uv": [56, 31], "uv_size": [0.5, 1]},
								"down": {"uv": [56, 33], "uv_size": [0.5, -1]}
							}
						}
					]
				},
				{
					"name": "knob_base",
					"parent": "hide_when_ads",
					"pivot": [-1.125, 4.6875, 3.875],
					"cubes": [
						{
							"origin": [0.62684, -0.32812, -4.90625],
							"size": [0.12132, 0.625, 1.25],
							"uv": {
								"north": {"uv": [58, 4], "uv_size": [0.5, 0.5]},
								"south": {"uv": [58, 5], "uv_size": [0.5, 0.5]},
								"west": {"uv": [55, 1], "uv_size": [1.5, 0.5]}
							}
						},
						{
							"origin": [0.57041, -0.03824, -4.90625],
							"size": [0.125, 0.61872, 1.25],
							"pivot": [-0.375, 0.0625, -2.81],
							"rotation": [0, 0, 45],
							"uv": {
								"north": {"uv": [58, 6], "uv_size": [0.5, 0.5]},
								"east": {"uv": [55, 2], "uv_size": [1.5, 0.5]},
								"south": {"uv": [58, 7], "uv_size": [0.5, 0.5]},
								"west": {"uv": [55, 3], "uv_size": [1.5, 0.5]}
							}
						},
						{
							"origin": [-0.31066, -0.76562, -4.90625],
							"size": [0.62132, 0.125, 1.25],
							"uv": {
								"north": {"uv": [58, 8], "uv_size": [0.5, 0.5]},
								"south": {"uv": [9, 58], "uv_size": [0.5, 0.5]},
								"down": {"uv": [55, 5.5], "uv_size": [0.5, -1.5]}
							}
						},
						{
							"origin": [-0.36265, -0.47758, -4.90625],
							"size": [0.61872, 0.125, 1.25],
							"pivot": [-0.375, 0.0625, -2.81],
							"rotation": [0, 0, 45],
							"uv": {
								"north": {"uv": [58, 9], "uv_size": [0.5, 0.5]},
								"south": {"uv": [10, 58], "uv_size": [0.5, 0.5]},
								"down": {"uv": [55, 7.5], "uv_size": [0.5, -1.5]}
							}
						},
						{
							"origin": [-0.74816, -0.32812, -4.90625],
							"size": [0.12132, 0.625, 1.25],
							"uv": {
								"north": {"uv": [11, 58], "uv_size": [0.5, 0.5]},
								"east": {"uv": [55, 8], "uv_size": [1.5, 0.5]},
								"south": {"uv": [12, 58], "uv_size": [0.5, 0.5]}
							}
						},
						{
							"origin": [-0.80459, -0.03824, -4.90625],
							"size": [0.125, 0.62132, 1.25],
							"pivot": [-0.375, 0.0625, -2.81],
							"rotation": [0, 0, 45],
							"uv": {
								"north": {"uv": [13, 58], "uv_size": [0.5, 0.5]},
								"east": {"uv": [55, 9], "uv_size": [1.5, 0.5]},
								"south": {"uv": [14, 58], "uv_size": [0.5, 0.5]},
								"west": {"uv": [55, 15], "uv_size": [1.5, 0.5]},
								"down": {"uv": [55, 17.5], "uv_size": [0.5, -1.5]}
							}
						},
						{
							"origin": [-0.31066, 0.60938, -4.90625],
							"size": [0.62132, 0.125, 1.25],
							"uv": {
								"north": {"uv": [15, 58], "uv_size": [0.5, 0.5]},
								"south": {"uv": [58, 15], "uv_size": [0.5, 0.5]},
								"up": {"uv": [55, 18], "uv_size": [0.5, 1.5]}
							}
						},
						{
							"origin": [-0.36525, 0.89742, -4.90625],
							"size": [0.62132, 0.125, 1.25],
							"pivot": [-0.375, 0.0625, -2.81],
							"rotation": [0, 0, 45],
							"uv": {
								"north": {"uv": [16, 58], "uv_size": [0.5, 0.5]},
								"south": {"uv": [58, 16], "uv_size": [0.5, 0.5]},
								"west": {"uv": [55, 20], "uv_size": [1.5, 0.5]},
								"up": {"uv": [55, 21], "uv_size": [0.5, 1.5]}
							}
						}
					]
				},
				{
					"name": "lens",
					"parent": "hide_when_ads",
					"pivot": [0, -0.03169, -10.26312],
					"cubes": [
						{
							"origin": [-0.37921, -1.14586, -10.57562],
							"size": [0.32794, 1.64865, 0],
							"pivot": [-0.4575, 0.08322, -5.13812],
							"rotation": [0, 0, -45],
							"uv": {
								"south": {"uv": [27, 55], "uv_size": [0.5, 1.5]}
							}
						},
						{
							"origin": [-0.24277, -1.02234, -10.57562],
							"size": [0.32794, 1.64865, 0],
							"pivot": [-0.4575, 0.08322, -5.13812],
							"rotation": [0, 0, -22.5],
							"uv": {
								"south": {"uv": [28, 55], "uv_size": [0.5, 1.5]}
							}
						},
						{
							"origin": [-0.16397, -0.85601, -10.57562],
							"size": [0.32794, 1.64865, 0],
							"uv": {
								"south": {"uv": [29, 55], "uv_size": [0.5, 1.5]}
							}
						},
						{
							"origin": [-0.15482, -0.67219, -10.57562],
							"size": [0.32794, 1.64865, 0],
							"pivot": [-0.4575, 0.08322, -5.13812],
							"rotation": [0, 0, 22.5],
							"uv": {
								"south": {"uv": [30, 55], "uv_size": [0.5, 1.5]}
							}
						},
						{
							"origin": [-0.21671, -0.49885, -10.57562],
							"size": [0.32794, 1.64865, 0],
							"pivot": [-0.4575, 0.08322, -5.13812],
							"rotation": [0, 0, 45],
							"uv": {
								"south": {"uv": [31, 55], "uv_size": [0.5, 1.5]}
							}
						},
						{
							"origin": [-0.90312, -0.36198, -10.57562],
							"size": [1.64865, 0.32794, 0],
							"pivot": [-0.4575, 0.08322, -5.13812],
							"rotation": [0, 0, -22.5],
							"uv": {
								"south": {"uv": [35, 55], "uv_size": [1.5, 0.5]}
							}
						},
						{
							"origin": [-0.82433, -0.19566, -10.57562],
							"size": [1.64865, 0.32794, 0],
							"uv": {
								"south": {"uv": [37, 55], "uv_size": [1.5, 0.5]}
							}
						},
						{
							"origin": [-0.81518, -0.01183, -10.57562],
							"size": [1.64865, 0.32794, 0],
							"pivot": [-0.4575, 0.08322, -5.13812],
							"rotation": [0, 0, 22.5],
							"uv": {
								"south": {"uv": [55, 37], "uv_size": [1.5, 0.5]}
							}
						}
					]
				},
				{
					"name": "division",
					"pivot": [0.01562, -0.55134, -77.67857],
					"cubes": [
						{
							"origin": [-26.1875, -26.89062, -77.875],
							"size": [52.375, 52.40625, 0.25],
							"uv": {
								"south": {"uv": [0, 0], "uv_size": [52.5, 52.5]}
							}
						},
						{
							"origin": [-92.89375, -76.875, -77.875],
							"size": [66.70625, 152.375, 0.25],
							"uv": {
								"south": {"uv": [0, 62.51324], "uv_size": [2.9875, 1.48676]}
							}
						},
						{
							"origin": [26.1875, -76.875, -77.875],
							"size": [67.26875, 152.375, 0.25],
							"uv": {
								"south": {"uv": [0, 62.54449], "uv_size": [2.99221, 1.45551]}
							}
						},
						{
							"origin": [-26.1875, 25.5, -77.875],
							"size": [52.375, 50, 0.25],
							"uv": {
								"south": {"uv": [0, 64], "uv_size": [2.99221, -1.37712]}
							}
						},
						{
							"origin": [-26.1875, -76.875, -77.875],
							"size": [52.375, 50, 0.25],
							"uv": {
								"south": {"uv": [0, 64], "uv_size": [2.99221, -1.37712]}
							}
						},
						{
							"origin": [-26.3125, -0.10937, -77.5],
							"size": [52.5, 0.125, 0],
							"uv": {
								"south": {"uv": [0, 67.5625], "uv_size": [3, 1.4375]}
							}
						},
						{
							"origin": [5.0625, 1.57813, -77.5],
							"size": [4.6875, 0.125, 0],
							"uv": {
								"south": {"uv": [0, 67.5], "uv_size": [3, 1.5]}
							}
						},
						{
							"origin": [8.625, 2.32813, -77.17187],
							"size": [4.75, 0.125, 0],
							"uv": {
								"south": {"uv": [0, 67.5], "uv_size": [3, 1.5]}
							}
						},
						{
							"origin": [13.0625, 3.01563, -77.5],
							"size": [4.9375, 0.125, 0],
							"uv": {
								"south": {"uv": [0, 67.5], "uv_size": [3, 1.5]}
							}
						},
						{
							"origin": [-26.4375, -0.54687, -77.5],
							"size": [52.875, 0.125, 0],
							"pivot": [-0.00001, -0.48437, -77.5],
							"rotation": [0, 0, -90],
							"uv": {
								"south": {"uv": [0, 67.5], "uv_size": [3, 1.5]}
							}
						}
					]
				},
				{
					"name": "ocular_ring",
					"pivot": [0, 0, 0]
				},
				{
					"name": "hexadecagon6",
					"parent": "ocular_ring",
					"pivot": [0, -0.018, 5.375],
					"cubes": [
						{
							"origin": [-0.20105, -1.02871, 4.71875],
							"size": [0.40209, 0.11892, 0.3125],
							"pivot": [0.00001, -0.01798, 4.87625],
							"rotation": [0, 0, -45],
							"uv": {
								"north": {"uv": [17, 58], "uv_size": [0.5, 0.5]},
								"south": {"uv": [58, 17], "uv_size": [0.5, 0.5]},
								"up": {"uv": [18, 58], "uv_size": [0.5, 0.5]},
								"down": {"uv": [58, 18.5], "uv_size": [0.5, -0.5]}
							}
						},
						{
							"origin": [-0.20104, -1.02872, 4.71875],
							"size": [0.40209, 0.11892, 0.3125],
							"pivot": [0.00001, -0.01798, 4.87625],
							"rotation": [0, 0, -22.5],
							"uv": {
								"north": {"uv": [58, 19], "uv_size": [0.5, 0.5]},
								"south": {"uv": [58, 20], "uv_size": [0.5, 0.5]},
								"up": {"uv": [58, 21], "uv_size": [0.5, 0.5]},
								"down": {"uv": [58, 22.5], "uv_size": [0.5, -0.5]}
							}
						},
						{
							"origin": [-0.20104, -1.02871, 4.71875],
							"size": [0.40209, 0.11892, 0.3125],
							"uv": {
								"north": {"uv": [58, 23], "uv_size": [0.5, 0.5]},
								"south": {"uv": [58, 24], "uv_size": [0.5, 0.5]},
								"up": {"uv": [58, 25], "uv_size": [0.5, 0.5]},
								"down": {"uv": [58, 26.5], "uv_size": [0.5, -0.5]}
							}
						},
						{
							"origin": [-0.20103, -1.02873, 4.71875],
							"size": [0.40209, 0.11892, 0.3125],
							"pivot": [0.00001, -0.01798, 4.87625],
							"rotation": [0, 0, 22.5],
							"uv": {
								"north": {"uv": [27, 58], "uv_size": [0.5, 0.5]},
								"south": {"uv": [58, 27], "uv_size": [0.5, 0.5]},
								"up": {"uv": [28, 58], "uv_size": [0.5, 0.5]},
								"down": {"uv": [58, 28.5], "uv_size": [0.5, -0.5]}
							}
						},
						{
							"origin": [-0.20103, -1.02873, 4.71875],
							"size": [0.40209, 0.11892, 0.3125],
							"pivot": [0.00001, -0.01798, 4.87625],
							"rotation": [0, 0, 45],
							"uv": {
								"north": {"uv": [29, 58], "uv_size": [0.5, 0.5]},
								"south": {"uv": [58, 29], "uv_size": [0.5, 0.5]},
								"up": {"uv": [30, 58], "uv_size": [0.5, 0.5]},
								"down": {"uv": [58, 30.5], "uv_size": [0.5, -0.5]}
							}
						},
						{
							"origin": [-0.20105, 0.87382, 4.71875],
							"size": [0.40209, 0.11892, 0.3125],
							"pivot": [0.00001, -0.01798, 4.87625],
							"rotation": [0, 0, -45],
							"uv": {
								"north": {"uv": [31, 58], "uv_size": [0.5, 0.5]},
								"south": {"uv": [58, 31], "uv_size": [0.5, 0.5]},
								"up": {"uv": [32, 58], "uv_size": [0.5, 0.5]},
								"down": {"uv": [58, 32.5], "uv_size": [0.5, -0.5]}
							}
						},
						{
							"origin": [-0.20104, 0.87382, 4.71875],
							"size": [0.40209, 0.11892, 0.3125],
							"pivot": [0.00001, -0.01798, 4.87625],
							"rotation": [0, 0, -22.5],
							"uv": {
								"north": {"uv": [33, 58], "uv_size": [0.5, 0.5]},
								"south": {"uv": [34, 58], "uv_size": [0.5, 0.5]},
								"up": {"uv": [35, 58], "uv_size": [0.5, 0.5]},
								"down": {"uv": [36, 58.5], "uv_size": [0.5, -0.5]}
							}
						},
						{
							"origin": [-0.20104, 0.87383, 4.71875],
							"size": [0.40209, 0.11892, 0.3125],
							"uv": {
								"north": {"uv": [37, 58], "uv_size": [0.5, 0.5]},
								"south": {"uv": [58, 37], "uv_size": [0.5, 0.5]},
								"up": {"uv": [38, 58], "uv_size": [0.5, 0.5]},
								"down": {"uv": [58, 38.5], "uv_size": [0.5, -0.5]}
							}
						},
						{
							"origin": [-0.20103, 0.87381, 4.71875],
							"size": [0.40209, 0.11892, 0.3125],
							"pivot": [0.00001, -0.01798, 4.87625],
							"rotation": [0, 0, 22.5],
							"uv": {
								"north": {"uv": [39, 58], "uv_size": [0.5, 0.5]},
								"south": {"uv": [58, 39], "uv_size": [0.5, 0.5]},
								"up": {"uv": [40, 58], "uv_size": [0.5, 0.5]},
								"down": {"uv": [58, 40.5], "uv_size": [0.5, -0.5]}
							}
						},
						{
							"origin": [-0.20103, 0.87381, 4.71875],
							"size": [0.40209, 0.11892, 0.3125],
							"pivot": [0.00001, -0.01798, 4.87625],
							"rotation": [0, 0, 45],
							"uv": {
								"north": {"uv": [41, 58], "uv_size": [0.5, 0.5]},
								"south": {"uv": [58, 41], "uv_size": [0.5, 0.5]},
								"up": {"uv": [42, 58], "uv_size": [0.5, 0.5]},
								"down": {"uv": [58, 42.5], "uv_size": [0.5, -0.5]}
							}
						},
						{
							"origin": [0.89181, -0.21903, 4.71875],
							"size": [0.11892, 0.40209, 0.3125],
							"pivot": [0.00001, -0.01798, 4.87625],
							"rotation": [0, 0, -22.5],
							"uv": {
								"north": {"uv": [43, 58], "uv_size": [0.5, 0.5]},
								"east": {"uv": [58, 43], "uv_size": [0.5, 0.5]},
								"south": {"uv": [44, 58], "uv_size": [0.5, 0.5]},
								"west": {"uv": [58, 44], "uv_size": [0.5, 0.5]}
							}
						},
						{
							"origin": [0.89182, -0.21904, 4.71875],
							"size": [0.11892, 0.40209, 0.3125],
							"uv": {
								"north": {"uv": [45, 58], "uv_size": [0.5, 0.5]},
								"east": {"uv": [58, 45], "uv_size": [0.5, 0.5]},
								"south": {"uv": [46, 58], "uv_size": [0.5, 0.5]},
								"west": {"uv": [58, 46], "uv_size": [0.5, 0.5]}
							}
						},
						{
							"origin": [0.89182, -0.21904, 4.71875],
							"size": [0.11892, 0.40209, 0.3125],
							"pivot": [0.00001, -0.01798, 4.87625],
							"rotation": [0, 0, 22.5],
							"uv": {
								"north": {"uv": [47, 58], "uv_size": [0.5, 0.5]},
								"east": {"uv": [58, 47], "uv_size": [0.5, 0.5]},
								"south": {"uv": [48, 58], "uv_size": [0.5, 0.5]},
								"west": {"uv": [58, 48], "uv_size": [0.5, 0.5]}
							}
						},
						{
							"origin": [-1.01073, -0.21903, 4.71875],
							"size": [0.11892, 0.40209, 0.3125],
							"pivot": [0.00001, -0.01798, 4.87625],
							"rotation": [0, 0, -22.5],
							"uv": {
								"north": {"uv": [49, 58], "uv_size": [0.5, 0.5]},
								"east": {"uv": [58, 49], "uv_size": [0.5, 0.5]},
								"south": {"uv": [50, 58], "uv_size": [0.5, 0.5]},
								"west": {"uv": [58, 50], "uv_size": [0.5, 0.5]}
							}
						},
						{
							"origin": [-1.01072, -0.21904, 4.71875],
							"size": [0.11892, 0.40209, 0.3125],
							"uv": {
								"north": {"uv": [51, 58], "uv_size": [0.5, 0.5]},
								"east": {"uv": [58, 51], "uv_size": [0.5, 0.5]},
								"south": {"uv": [52, 58], "uv_size": [0.5, 0.5]},
								"west": {"uv": [58, 52], "uv_size": [0.5, 0.5]}
							}
						},
						{
							"origin": [-1.01072, -0.21904, 4.71875],
							"size": [0.11892, 0.40209, 0.3125],
							"pivot": [0.00001, -0.01798, 4.87625],
							"rotation": [0, 0, 22.5],
							"uv": {
								"north": {"uv": [53, 58], "uv_size": [0.5, 0.5]},
								"east": {"uv": [58, 53], "uv_size": [0.5, 0.5]},
								"south": {"uv": [54, 58], "uv_size": [0.5, 0.5]},
								"west": {"uv": [58, 54], "uv_size": [0.5, 0.5]}
							}
						}
					]
				},
				{
					"name": "ocular",
					"pivot": [0, -0.03169, 5.19],
					"cubes": [
						{
							"origin": [-0.95189, -0.22103, 4.8775],
							"size": [1.91442, 0.3808, 0],
							"pivot": [0.00001, -0.01781, 4.87625],
							"rotation": [0, 0, 22.5],
							"uv": {
								"south": {"uv": [46, 53], "uv_size": [2, 0.5]}
							}
						},
						{
							"origin": [-0.9572, -0.22209, 4.8775],
							"size": [1.91442, 0.3808, 0],
							"uv": {
								"south": {"uv": [53, 47], "uv_size": [2, 0.5]}
							}
						},
						{
							"origin": [-0.96252, -0.22102, 4.8775],
							"size": [1.91442, 0.3808, 0],
							"pivot": [0.00001, -0.01781, 4.87625],
							"rotation": [0, 0, -22.5],
							"uv": {
								"south": {"uv": [48, 53], "uv_size": [2, 0.5]}
							}
						},
						{
							"origin": [-0.18058, -0.98484, 4.8775],
							"size": [0.3808, 1.91442, 0],
							"pivot": [0.00001, -0.01781, 4.87625],
							"rotation": [0, 0, 45],
							"uv": {
								"south": {"uv": [53, 48], "uv_size": [0.5, 2]}
							}
						},
						{
							"origin": [-0.18509, -0.98783, 4.8775],
							"size": [0.3808, 1.91442, 0],
							"pivot": [0.00001, -0.01781, 4.87625],
							"rotation": [0, 0, 22.5],
							"uv": {
								"south": {"uv": [50, 53], "uv_size": [0.5, 2]}
							}
						},
						{
							"origin": [-0.1904, -0.98889, 4.8775],
							"size": [0.3808, 1.91442, 0],
							"uv": {
								"south": {"uv": [53, 50], "uv_size": [0.5, 2]}
							}
						},
						{
							"origin": [-0.19572, -0.98784, 4.8775],
							"size": [0.3808, 1.91442, 0],
							"pivot": [0.00001, -0.01781, 4.87625],
							"rotation": [0, 0, -22.5],
							"uv": {
								"south": {"uv": [51, 53], "uv_size": [0.5, 2]}
							}
						},
						{
							"origin": [-0.20021, -0.98483, 4.8775],
							"size": [0.3808, 1.91442, 0],
							"pivot": [0.00001, -0.01781, 4.87625],
							"rotation": [0, 0, -45],
							"uv": {
								"south": {"uv": [52, 53], "uv_size": [0.5, 2]}
							}
						}
					]
				},
				{
					"name": "scope_view",
					"pivot": [0, -0.01562, 8]
				}
			]
		}
	]
}