{
	"format_version": "1.12.0",
	"minecraft:geometry": [
		{
			"description": {
				"identifier": "geometry.unknown",
				"texture_width": 64,
				"texture_height": 64,
				"visible_bounds_width": 5,
				"visible_bounds_height": 4,
				"visible_bounds_offset": [0, 1, 0]
			},
			"bones": [
				{
					"name": "m9",
					"pivot": [-0.87899, 0.06633, -5.26989],
					"rotation": [-90, 0, -90],
					"cubes": [
						{
							"origin": [-1.27908, -0.72728, -6.17677],
							"size": [0.09075, 0.09075, 0.16383],
							"pivot": [-0.78436, -0.40431, -5.98771],
							"rotation": [90, 45, 90],
							"uv": {
								"north": {"uv": [32, 3], "uv_size": [0.0625, 0.0625]},
								"east": {"uv": [16, 30], "uv_size": [0.125, 0.0625]},
								"south": {"uv": [4, 32], "uv_size": [0.0625, 0.0625]},
								"west": {"uv": [30, 16], "uv_size": [0.125, 0.0625]},
								"up": {"uv": [17, 30], "uv_size": [0.0625, 0.125]},
								"down": {"uv": [30, 17.125], "uv_size": [0.0625, -0.125]}
							}
						},
						{
							"origin": [-1.27908, -1.11013, -6.17677],
							"size": [0.09075, 0.09075, 0.16383],
							"pivot": [-0.78436, -0.78716, -5.98771],
							"rotation": [90, 45, 90],
							"uv": {
								"north": {"uv": [32, 5], "uv_size": [0.0625, 0.0625]},
								"east": {"uv": [20, 30], "uv_size": [0.125, 0.0625]},
								"south": {"uv": [6, 32], "uv_size": [0.0625, 0.0625]},
								"west": {"uv": [30, 20], "uv_size": [0.125, 0.0625]},
								"up": {"uv": [21, 30], "uv_size": [0.0625, 0.125]},
								"down": {"uv": [30, 21.125], "uv_size": [0.0625, -0.125]}
							}
						},
						{
							"origin": [-1.27908, -1.71986, -6.17677],
							"size": [0.09075, 0.09075, 0.16383],
							"pivot": [-0.78436, -1.39689, -5.98771],
							"rotation": [90, 45, 90],
							"uv": {
								"north": {"uv": [32, 8], "uv_size": [0.0625, 0.0625]},
								"east": {"uv": [26, 30], "uv_size": [0.125, 0.0625]},
								"south": {"uv": [9, 32], "uv_size": [0.0625, 0.0625]},
								"west": {"uv": [30, 26], "uv_size": [0.125, 0.0625]},
								"up": {"uv": [27, 30], "uv_size": [0.0625, 0.125]},
								"down": {"uv": [30, 27.125], "uv_size": [0.0625, -0.125]}
							}
						},
						{
							"origin": [-1.27908, -0.5524, -6.17677],
							"size": [0.09075, 0.09075, 0.16383],
							"pivot": [-0.78436, -0.22943, -5.98771],
							"rotation": [90, 45, 90],
							"uv": {
								"north": {"uv": [32, 11], "uv_size": [0.0625, 0.0625]},
								"east": {"uv": [31, 1], "uv_size": [0.125, 0.0625]},
								"south": {"uv": [12, 32], "uv_size": [0.0625, 0.0625]},
								"west": {"uv": [2, 31], "uv_size": [0.125, 0.0625]},
								"up": {"uv": [31, 2], "uv_size": [0.0625, 0.125]},
								"down": {"uv": [3, 31.125], "uv_size": [0.0625, -0.125]}
							}
						},
						{
							"origin": [-1.27908, -2.46666, -6.17677],
							"size": [0.09075, 0.09075, 0.16383],
							"pivot": [-0.78436, -2.14368, -5.98771],
							"rotation": [90, 45, 90],
							"uv": {
								"north": {"uv": [32, 12], "uv_size": [0.0625, 0.0625]},
								"east": {"uv": [31, 3], "uv_size": [0.125, 0.0625]},
								"south": {"uv": [13, 32], "uv_size": [0.0625, 0.0625]},
								"west": {"uv": [4, 31], "uv_size": [0.125, 0.0625]},
								"up": {"uv": [31, 4], "uv_size": [0.0625, 0.125]},
								"down": {"uv": [5, 31.125], "uv_size": [0.0625, -0.125]}
							}
						},
						{
							"origin": [-1.27908, -1.93256, -6.17677],
							"size": [0.09075, 0.09075, 0.16383],
							"pivot": [-0.78436, -1.60958, -5.98771],
							"rotation": [90, 45, 90],
							"uv": {
								"north": {"uv": [32, 9], "uv_size": [0.0625, 0.0625]},
								"east": {"uv": [28, 30], "uv_size": [0.125, 0.0625]},
								"south": {"uv": [10, 32], "uv_size": [0.0625, 0.0625]},
								"west": {"uv": [30, 28], "uv_size": [0.125, 0.0625]},
								"up": {"uv": [29, 30], "uv_size": [0.0625, 0.125]},
								"down": {"uv": [30, 29.125], "uv_size": [0.0625, -0.125]}
							}
						},
						{
							"origin": [-1.27908, -1.2992, -6.17677],
							"size": [0.09075, 0.09075, 0.16383],
							"pivot": [-0.78436, -0.97622, -5.98771],
							"rotation": [90, 45, 90],
							"uv": {
								"north": {"uv": [32, 6], "uv_size": [0.0625, 0.0625]},
								"east": {"uv": [22, 30], "uv_size": [0.125, 0.0625]},
								"south": {"uv": [7, 32], "uv_size": [0.0625, 0.0625]},
								"west": {"uv": [30, 22], "uv_size": [0.125, 0.0625]},
								"up": {"uv": [23, 30], "uv_size": [0.0625, 0.125]},
								"down": {"uv": [30, 23.125], "uv_size": [0.0625, -0.125]}
							}
						},
						{
							"origin": [-1.27908, -1.50244, -6.17677],
							"size": [0.09075, 0.09075, 0.16383],
							"pivot": [-0.78436, -1.17946, -5.98771],
							"rotation": [90, 45, 90],
							"uv": {
								"north": {"uv": [32, 7], "uv_size": [0.0625, 0.0625]},
								"east": {"uv": [24, 30], "uv_size": [0.125, 0.0625]},
								"south": {"uv": [8, 32], "uv_size": [0.0625, 0.0625]},
								"west": {"uv": [30, 24], "uv_size": [0.125, 0.0625]},
								"up": {"uv": [25, 30], "uv_size": [0.0625, 0.125]},
								"down": {"uv": [30, 25.125], "uv_size": [0.0625, -0.125]}
							}
						},
						{
							"origin": [-1.27908, -2.17834, -6.17677],
							"size": [0.09075, 0.09075, 0.16383],
							"pivot": [-0.78436, -1.85536, -5.98771],
							"rotation": [90, 45, 90],
							"uv": {
								"north": {"uv": [32, 10], "uv_size": [0.0625, 0.0625]},
								"east": {"uv": [30, 30], "uv_size": [0.125, 0.0625]},
								"south": {"uv": [11, 32], "uv_size": [0.0625, 0.0625]},
								"west": {"uv": [0, 31], "uv_size": [0.125, 0.0625]},
								"up": {"uv": [31, 0], "uv_size": [0.0625, 0.125]},
								"down": {"uv": [1, 31.125], "uv_size": [0.0625, -0.125]}
							}
						},
						{
							"origin": [-1.27908, -0.92107, -6.17677],
							"size": [0.09075, 0.09075, 0.16383],
							"pivot": [-0.78436, -0.5981, -5.98771],
							"rotation": [90, 45, 90],
							"uv": {
								"north": {"uv": [32, 4], "uv_size": [0.0625, 0.0625]},
								"east": {"uv": [18, 30], "uv_size": [0.125, 0.0625]},
								"south": {"uv": [5, 32], "uv_size": [0.0625, 0.0625]},
								"west": {"uv": [30, 18], "uv_size": [0.125, 0.0625]},
								"up": {"uv": [19, 30], "uv_size": [0.0625, 0.125]},
								"down": {"uv": [30, 19.125], "uv_size": [0.0625, -0.125]}
							}
						},
						{
							"origin": [-1.20435, -4.38647, -5.21074],
							"size": [0.65252, 1.50777, 0.1647],
							"inflate": 0.0006,
							"pivot": [-0.89463, -3.6184, -5.13499],
							"rotation": [0, 90, 0],
							"uv": {
								"north": {"uv": [20.53125, 6], "uv_size": [-0.53125, 1.25]},
								"east": {"uv": [5, 24], "uv_size": [0.125, 1.25]},
								"south": {"uv": [20, 6], "uv_size": [0.53125, 1.25]},
								"west": {"uv": [6, 24], "uv_size": [0.125, 1.25]},
								"up": {"uv": [4, 26], "uv_size": [0.53125, 0.125]},
								"down": {"uv": [5, 26.125], "uv_size": [0.53125, -0.125]}
							}
						},
						{
							"origin": [-0.97262, -3.59228, -5.02628],
							"size": [0.13234, 0.69443, 0.17016],
							"pivot": [-0.8899, -3.25924, -4.9412],
							"rotation": [-90, 83, -90],
							"uv": {
								"north": {"uv": [25, 25], "uv_size": [0.125, 0.59375]},
								"east": {"uv": [24, 17], "uv_size": [0.15625, 0.59375]},
								"south": {"uv": [0, 26], "uv_size": [0.125, 0.59375]},
								"west": {"uv": [24, 18], "uv_size": [0.15625, 0.59375]},
								"up": {"uv": [28, 18], "uv_size": [0.125, 0.15625]},
								"down": {"uv": [19, 28.15625], "uv_size": [0.125, -0.15625]}
							}
						},
						{
							"origin": [-0.94913, -4.57161, -5.29068],
							"size": [0.13736, 0.34023, 0.16572],
							"inflate": 0.0007,
							"pivot": [-0.88754, -4.36841, -5.20781],
							"rotation": [-90, 51, -90],
							"uv": {
								"north": {"uv": [15, 27], "uv_size": [0.125, 0.28125]},
								"east": {"uv": [27, 15], "uv_size": [0.125, 0.28125]},
								"south": {"uv": [16, 27], "uv_size": [0.125, 0.28125]},
								"west": {"uv": [27, 16], "uv_size": [0.125, 0.28125]},
								"up": {"uv": [28, 23], "uv_size": [0.125, 0.125]},
								"down": {"uv": [24, 28.125], "uv_size": [0.125, -0.125]}
							}
						},
						{
							"origin": [-0.97262, -4.29181, -5.15862],
							"size": [0.13234, 0.71333, 0.17488],
							"pivot": [-0.8899, -3.97295, -5.07355],
							"rotation": [-90, 76.25, -90],
							"uv": {
								"north": {"uv": [26, 0], "uv_size": [0.125, 0.59375]},
								"east": {"uv": [24, 19], "uv_size": [0.15625, 0.59375]},
								"south": {"uv": [1, 26], "uv_size": [0.125, 0.59375]},
								"west": {"uv": [24, 20], "uv_size": [0.15625, 0.59375]},
								"up": {"uv": [28, 19], "uv_size": [0.125, 0.15625]},
								"down": {"uv": [20, 28.15625], "uv_size": [0.125, -0.15625]}
							}
						},
						{
							"origin": [-0.97226, -4.57403, -5.48363],
							"size": [0.16872, 1.7016, 0.09212],
							"inflate": 0.0001,
							"pivot": [-0.89099, -3.57434, -5.43397],
							"rotation": [5.62, 0, 0],
							"uv": {
								"north": {"uv": [23, 12], "uv_size": [0.125, 1.53125]},
								"east": {"uv": [10, 24], "uv_size": [0.09375, 1.53125]},
								"south": {"uv": [23, 14], "uv_size": [0.125, 1.53125]},
								"west": {"uv": [10, 24], "uv_size": [0.09375, 1.53125]},
								"up": {"uv": [13, 29], "uv_size": [0.125, 0.09375]},
								"down": {"uv": [29, 13.09375], "uv_size": [0.125, -0.09375]}
							}
						}
					]
				},
				{
					"name": "bone",
					"parent": "m9",
					"pivot": [-0.87899, 0.2386, -5.29997],
					"cubes": [
						{
							"origin": [-1.16557, 0.98088, -5.47296],
							"size": [0.60726, 3.05516, 0.55068],
							"uv": {
								"north": {"uv": [16, 16], "uv_size": [0.625, 3.15625]},
								"east": {"uv": [18, 16], "uv_size": [0.5625, 3.15625]},
								"south": {"uv": [17, 16], "uv_size": [0.625, 3.15625]},
								"west": {"uv": [19, 16], "uv_size": [0.5625, 3.15625]},
								"up": {"uv": [21, 2], "uv_size": [0.625, 0.5625]},
								"down": {"uv": [21, 3.5625], "uv_size": [0.625, -0.5625]}
							}
						},
						{
							"origin": [-1.19197, 1.05385, -5.50314],
							"size": [0.67138, 0.39227, 0.59217],
							"uv": {
								"north": {"uv": [21, 21], "uv_size": [0.6875, 0.40625]},
								"east": {"uv": [22, 5], "uv_size": [0.65625, 0.40625]},
								"south": {"uv": [22, 0], "uv_size": [0.6875, 0.40625]},
								"west": {"uv": [22, 6], "uv_size": [0.65625, 0.40625]},
								"up": {"uv": [18, 20], "uv_size": [0.6875, 0.65625]},
								"down": {"uv": [19, 20.65625], "uv_size": [0.6875, -0.65625]}
							}
						},
						{
							"origin": [-1.19197, 1.54111, -5.50314],
							"size": [0.67138, 0.39227, 0.59217],
							"uv": {
								"north": {"uv": [21, 21], "uv_size": [0.6875, 0.40625]},
								"east": {"uv": [22, 5], "uv_size": [0.65625, 0.40625]},
								"south": {"uv": [22, 0], "uv_size": [0.6875, 0.40625]},
								"west": {"uv": [22, 6], "uv_size": [0.65625, 0.40625]},
								"up": {"uv": [18, 20], "uv_size": [0.6875, 0.65625]},
								"down": {"uv": [19, 20.65625], "uv_size": [0.6875, -0.65625]}
							}
						},
						{
							"origin": [-1.19197, 2.05725, -5.50314],
							"size": [0.67138, 0.39227, 0.59217],
							"uv": {
								"north": {"uv": [21, 21], "uv_size": [0.6875, 0.40625]},
								"east": {"uv": [22, 5], "uv_size": [0.65625, 0.40625]},
								"south": {"uv": [22, 0], "uv_size": [0.6875, 0.40625]},
								"west": {"uv": [22, 6], "uv_size": [0.65625, 0.40625]},
								"up": {"uv": [18, 20], "uv_size": [0.6875, 0.65625]},
								"down": {"uv": [19, 20.65625], "uv_size": [0.6875, -0.65625]}
							}
						},
						{
							"origin": [-1.19197, 2.58422, -5.50314],
							"size": [0.67138, 0.39227, 0.59217],
							"uv": {
								"north": {"uv": [21, 21], "uv_size": [0.6875, 0.40625]},
								"east": {"uv": [22, 5], "uv_size": [0.65625, 0.40625]},
								"south": {"uv": [22, 0], "uv_size": [0.6875, 0.40625]},
								"west": {"uv": [22, 6], "uv_size": [0.65625, 0.40625]},
								"up": {"uv": [18, 20], "uv_size": [0.6875, 0.65625]},
								"down": {"uv": [19, 20.65625], "uv_size": [0.6875, -0.65625]}
							}
						},
						{
							"origin": [-1.25609, 3.64754, -5.55315],
							"size": [0.80716, 0.35832, 0.69778],
							"uv": {
								"north": {"uv": [21, 14], "uv_size": [0.84375, 0.375]},
								"east": {"uv": [22, 1], "uv_size": [0.71875, 0.375]},
								"south": {"uv": [21, 15], "uv_size": [0.84375, 0.375]},
								"west": {"uv": [22, 2], "uv_size": [0.71875, 0.375]},
								"up": {"uv": [20, 8], "uv_size": [0.84375, 0.71875]},
								"down": {"uv": [20, 9.71875], "uv_size": [0.84375, -0.71875]}
							}
						},
						{
							"origin": [-1.19197, 3.1148, -5.50314],
							"size": [0.67138, 0.39227, 0.59217],
							"uv": {
								"north": {"uv": [21, 21], "uv_size": [0.6875, 0.40625]},
								"east": {"uv": [22, 5], "uv_size": [0.65625, 0.40625]},
								"south": {"uv": [22, 0], "uv_size": [0.6875, 0.40625]},
								"west": {"uv": [22, 6], "uv_size": [0.65625, 0.40625]},
								"up": {"uv": [18, 20], "uv_size": [0.6875, 0.65625]},
								"down": {"uv": [19, 20.65625], "uv_size": [0.6875, -0.65625]}
							}
						}
					]
				},
				{
					"name": "hushou",
					"parent": "m9",
					"pivot": [-0.86376, 0.90063, -5.49613],
					"rotation": [90, 0, 180],
					"cubes": [
						{
							"origin": [-0.27599, -1.09752, -5.79001],
							"size": [0.19592, 1.331, 0.39185],
							"pivot": [-0.27599, 0.22496, -5.39817],
							"rotation": [0, 90, 15],
							"uv": {
								"north": {"uv": [19, 23], "uv_size": [0.15625, 1.09375]},
								"east": {"uv": [21, 4], "uv_size": [0.3125, 1.09375]},
								"south": {"uv": [23, 20], "uv_size": [0.15625, 1.09375]},
								"west": {"uv": [21, 6], "uv_size": [0.3125, 1.09375]},
								"up": {"uv": [27, 1], "uv_size": [0.15625, 0.3125]},
								"down": {"uv": [2, 27.3125], "uv_size": [0.15625, -0.3125]}
							}
						},
						{
							"origin": [-1.45153, -1.09752, -5.98594],
							"size": [0.19592, 1.32248, 0.39185],
							"pivot": [-1.45153, 0.22496, -5.59409],
							"rotation": [0, -90, -15],
							"uv": {
								"north": {"uv": [22, 23], "uv_size": [0.15625, 1.09375]},
								"east": {"uv": [21, 8], "uv_size": [0.3125, 1.09375]},
								"south": {"uv": [23, 22], "uv_size": [0.15625, 1.09375]},
								"west": {"uv": [21, 10], "uv_size": [0.3125, 1.09375]},
								"up": {"uv": [27, 2], "uv_size": [0.15625, 0.3125]},
								"down": {"uv": [3, 27.3125], "uv_size": [0.15625, -0.3125]}
							}
						},
						{
							"origin": [-2.55952, -1.04833, -7.33883],
							"size": [0.19549, 1.37103, 0.48938],
							"inflate": 0.001,
							"pivot": [-0.86376, 0.78404, -7.09414],
							"rotation": [0, 90, 0],
							"uv": {
								"north": {"uv": [23, 16], "uv_size": [0.15625, 1.125]},
								"east": {"uv": [17, 20], "uv_size": [0.40625, 1.125]},
								"south": {"uv": [23, 18], "uv_size": [0.15625, 1.125]},
								"west": {"uv": [20, 17], "uv_size": [0.40625, 1.125]},
								"down": {"uv": [8, 26.40625], "uv_size": [0.15625, -0.40625]}
							}
						},
						{
							"origin": [-2.55959, 0.22496, -7.68191],
							"size": [0.19578, 0.48981, 1.17554],
							"pivot": [-0.86376, 0.78404, -7.09414],
							"rotation": [0, 90, 0],
							"uv": {
								"north": {"uv": [9, 26], "uv_size": [0.15625, 0.40625]},
								"east": {"uv": [21, 0], "uv_size": [0.96875, 0.40625]},
								"south": {"uv": [10, 26], "uv_size": [0.15625, 0.40625]},
								"west": {"uv": [21, 1], "uv_size": [0.96875, 0.40625]},
								"up": {"uv": [7, 24], "uv_size": [0.15625, 0.96875]},
								"down": {"uv": [8, 24.96875], "uv_size": [0.15625, -0.96875]}
							}
						},
						{
							"origin": [-0.27599, 0.70531, -5.59409],
							"size": [0.19592, 0.59722, 0.29388],
							"pivot": [-0.27599, 0.71477, -5.59409],
							"rotation": [0, -90, -25],
							"uv": {
								"north": {"uv": [8, 25], "uv_size": [0.15625, 0.5]},
								"east": {"uv": [24, 12], "uv_size": [0.25, 0.5]},
								"south": {"uv": [25, 12], "uv_size": [0.15625, 0.5]},
								"west": {"uv": [13, 24], "uv_size": [0.25, 0.5]},
								"up": {"uv": [13, 27], "uv_size": [0.15625, 0.25]},
								"down": {"uv": [27, 13.25], "uv_size": [0.15625, -0.25]}
							}
						},
						{
							"origin": [-1.15765, 1.98354, -5.62385],
							"size": [0.58777, 0.20534, 0.1564],
							"pivot": [-0.86376, 1.59642, -5.98594],
							"rotation": [-90, 0, 0],
							"uv": {
								"north": {"uv": [13, 25], "uv_size": [0.5, 0.15625]},
								"east": {"uv": [28, 11], "uv_size": [0.125, 0.15625]},
								"south": {"uv": [25, 13], "uv_size": [0.5, 0.15625]},
								"west": {"uv": [12, 28], "uv_size": [0.125, 0.15625]},
								"up": {"uv": [11, 26], "uv_size": [0.5, 0.125]},
								"down": {"uv": [12, 26.125], "uv_size": [0.5, -0.125]}
							}
						},
						{
							"origin": [-2.55974, 0.71477, -7.38802],
							"size": [0.19592, 0.39185, 0.58777],
							"pivot": [-0.86376, 0.78404, -7.09414],
							"rotation": [0, 90, 0],
							"uv": {
								"east": {"uv": [3, 24], "uv_size": [0.5, 0.3125]},
								"south": {"uv": [27, 3], "uv_size": [0.15625, 0.3125]},
								"west": {"uv": [4, 24], "uv_size": [0.5, 0.3125]},
								"up": {"uv": [14, 25], "uv_size": [0.15625, 0.5]}
							}
						},
						{
							"origin": [-1.64746, 0.71477, -5.59409],
							"size": [0.19592, 0.58777, 0.29388],
							"pivot": [-1.45153, 0.71477, -5.59409],
							"rotation": [0, 90, 25],
							"uv": {
								"north": {"uv": [25, 14], "uv_size": [0.15625, 0.5]},
								"east": {"uv": [24, 13], "uv_size": [0.25, 0.5]},
								"south": {"uv": [15, 25], "uv_size": [0.15625, 0.5]},
								"west": {"uv": [14, 24], "uv_size": [0.25, 0.5]},
								"up": {"uv": [14, 27], "uv_size": [0.15625, 0.25]},
								"down": {"uv": [27, 14.25], "uv_size": [0.15625, -0.25]}
							}
						},
						{
							"origin": [-7.26593, -5.06497, -9.15047],
							"size": [0.58777, 0.19592, 0.14694],
							"inflate": 0.0001,
							"pivot": [-0.86376, -5.45681, -5.98594],
							"rotation": [-90, 0, 60],
							"uv": {
								"north": {"uv": [25, 15], "uv_size": [0.5, 0.15625]},
								"east": {"uv": [28, 12], "uv_size": [0.125, 0.15625]},
								"south": {"uv": [25, 16], "uv_size": [0.5, 0.15625]},
								"west": {"uv": [13, 28], "uv_size": [0.125, 0.15625]},
								"up": {"uv": [26, 12], "uv_size": [0.5, 0.125]},
								"down": {"uv": [13, 26.125], "uv_size": [0.5, -0.125]}
							}
						},
						{
							"origin": [4.95063, -5.06497, -9.15047],
							"size": [0.58777, 0.19674, 0.14694],
							"pivot": [-0.86376, -5.45681, -5.98594],
							"rotation": [-90, 0, -60],
							"uv": {
								"north": {"uv": [25, 17], "uv_size": [0.5, 0.15625]},
								"east": {"uv": [28, 13], "uv_size": [0.125, 0.15625]},
								"south": {"uv": [25, 18], "uv_size": [0.5, 0.15625]},
								"west": {"uv": [14, 28], "uv_size": [0.125, 0.15625]},
								"up": {"uv": [26, 13], "uv_size": [0.5, 0.125]},
								"down": {"uv": [14, 26.125], "uv_size": [0.5, -0.125]}
							}
						},
						{
							"origin": [4.95063, -5.06497, -2.09724],
							"size": [0.58777, 0.19592, 0.14694],
							"pivot": [-0.86376, -5.45681, -5.98594],
							"rotation": [-90, 0, -120],
							"uv": {
								"north": {"uv": [19, 25], "uv_size": [0.5, 0.15625]},
								"east": {"uv": [28, 14], "uv_size": [0.125, 0.15625]},
								"south": {"uv": [25, 19], "uv_size": [0.5, 0.15625]},
								"west": {"uv": [15, 28], "uv_size": [0.125, 0.15625]},
								"up": {"uv": [26, 14], "uv_size": [0.5, 0.125]},
								"down": {"uv": [15, 26.125], "uv_size": [0.5, -0.125]}
							}
						},
						{
							"origin": [-1.15765, -5.06497, 1.42938],
							"size": [0.58777, 0.19592, 0.14694],
							"inflate": 0.0001,
							"pivot": [-0.86376, -5.45681, -5.98594],
							"rotation": [-90, 0, 180],
							"uv": {
								"north": {"uv": [25, 20], "uv_size": [0.5, 0.15625]},
								"east": {"uv": [28, 15], "uv_size": [0.125, 0.15625]},
								"south": {"uv": [25, 21], "uv_size": [0.5, 0.15625]},
								"west": {"uv": [16, 28], "uv_size": [0.125, 0.15625]},
								"up": {"uv": [26, 15], "uv_size": [0.5, 0.125]},
								"down": {"uv": [16, 26.125], "uv_size": [0.5, -0.125]}
							}
						},
						{
							"origin": [-7.26593, -5.06497, -2.09724],
							"size": [0.58777, 0.19592, 0.14694],
							"pivot": [-0.86376, -5.45681, -5.98594],
							"rotation": [-90, 0, 120],
							"uv": {
								"north": {"uv": [22, 25], "uv_size": [0.5, 0.15625]},
								"east": {"uv": [28, 16], "uv_size": [0.125, 0.15625]},
								"south": {"uv": [25, 22], "uv_size": [0.5, 0.15625]},
								"west": {"uv": [17, 28], "uv_size": [0.125, 0.15625]},
								"up": {"uv": [26, 16], "uv_size": [0.5, 0.125]},
								"down": {"uv": [17, 26.125], "uv_size": [0.5, -0.125]}
							}
						}
					]
				},
				{
					"name": "daoren",
					"parent": "m9",
					"pivot": [-0.87118, -2.5135, -5.89158],
					"cubes": [
						{
							"origin": [-0.94045, -4.62024, -5.38633],
							"size": [0.11821, 0.12089, 0.09454],
							"inflate": 0.00001,
							"pivot": [-0.89789, -4.55743, -5.33197],
							"rotation": [3.29713, -3.90724, 47.02652],
							"uv": {
								"north": {"uv": [30, 11], "uv_size": [0.09375, 0.09375]},
								"east": {"uv": [12, 30], "uv_size": [0.09375, 0.09375]},
								"south": {"uv": [30, 12], "uv_size": [0.09375, 0.09375]},
								"west": {"uv": [13, 30], "uv_size": [0.09375, 0.09375]},
								"up": {"uv": [30, 13], "uv_size": [0.09375, 0.09375]},
								"down": {"uv": [14, 30.09375], "uv_size": [0.09375, -0.09375]}
							}
						},
						{
							"origin": [-0.94427, -2.88392, -5.60307],
							"size": [0.08762, 0.68581, 0.16619],
							"inflate": 0.002,
							"pivot": [-0.88762, -2.46775, -5.51988],
							"rotation": [89.99956, 89.75, 89.99956],
							"uv": {
								"north": {"uv": [27.09375, 11], "uv_size": [-0.09375, 0.4375]},
								"east": {"uv": [26, 26], "uv_size": [0.125, 0.4375]},
								"south": {"uv": [27, 11], "uv_size": [0.09375, 0.4375]},
								"west": {"uv": [27, 27], "uv_size": [0.125, 0.4375]},
								"up": {"uv": [14, 29], "uv_size": [0.09375, 0.125]},
								"down": {"uv": [29, 14.125], "uv_size": [0.09375, -0.125]}
							}
						},
						{
							"origin": [-0.98682, -4.11695, -5.11611],
							"size": [0.20328, 1.22974, 0.15602],
							"inflate": 0.0001,
							"pivot": [-0.88518, -3.49499, -5.03101],
							"rotation": [0, 90, 0],
							"uv": {
								"north": {"uv": [24, 2], "uv_size": [0.15625, 1.03125]},
								"east": {"uv": [11, 24], "uv_size": [0.125, 1.03125]},
								"west": {"uv": [12, 24], "uv_size": [0.125, 1.03125]},
								"up": {"uv": [28, 20], "uv_size": [0.15625, 0.125]},
								"down": {"uv": [21, 28.125], "uv_size": [0.15625, -0.125]}
							}
						},
						{
							"origin": [-1.41217, -0.00047, -5.15525],
							"size": [0.83369, 0.82657, 0.15571],
							"pivot": [-0.89686, 0.20086, -5.07288],
							"rotation": [0, -90, 0],
							"uv": {
								"north": {"uv": [20.6875, 13], "uv_size": [-0.6875, 0.6875]},
								"east": {"uv": [24, 21], "uv_size": [0.125, 0.6875]},
								"south": {"uv": [20, 13], "uv_size": [0.6875, 0.6875]},
								"west": {"uv": [24, 22], "uv_size": [0.125, 0.6875]},
								"up": {"uv": [23, 24], "uv_size": [0.6875, 0.125]},
								"down": {"uv": [24, 23.125], "uv_size": [0.6875, -0.125]}
							}
						},
						{
							"origin": [-1.0957, -2.88348, -5.19663],
							"size": [0.56284, 0.68535, 0.16566],
							"inflate": 0.0009,
							"pivot": [-0.8899, -1.10157, -5.11609],
							"rotation": [0, 90, 0],
							"uv": {
								"north": {"uv": [22.46875, 8], "uv_size": [-0.46875, 0.5625]},
								"east": {"uv": [26, 1], "uv_size": [0.125, 0.5625]},
								"south": {"uv": [22, 8], "uv_size": [0.46875, 0.5625]},
								"west": {"uv": [2, 26], "uv_size": [0.125, 0.5625]},
								"down": {"uv": [26, 18.125], "uv_size": [0.46875, -0.125]}
							}
						},
						{
							"origin": [-1.24678, -2.21687, -5.20118],
							"size": [0.71375, 2.21642, 0.16547],
							"inflate": 0.0001,
							"pivot": [-0.8899, -1.10157, -5.11609],
							"rotation": [0, 90, 0],
							"uv": {
								"north": {"uv": [20.59375, 2], "uv_size": [-0.59375, 1.8125]},
								"east": {"uv": [21, 18], "uv_size": [0.15625, 1.8125]},
								"south": {"uv": [20, 2], "uv_size": [0.59375, 1.8125]},
								"west": {"uv": [19, 21], "uv_size": [0.15625, 1.8125]},
								"up": {"uv": [24, 14], "uv_size": [0.59375, 0.15625]},
								"down": {"uv": [15, 24.15625], "uv_size": [0.59375, -0.15625]}
							}
						},
						{
							"origin": [-0.95844, -2.90693, -4.96956],
							"size": [0.1418, 0.70861, 0.17016],
							"pivot": [-0.87572, -2.54081, -4.8703],
							"rotation": [-90, 86.75, -90],
							"uv": {
								"north": {"uv": [24, 25], "uv_size": [0.125, 0.59375]},
								"east": {"uv": [24, 15], "uv_size": [0.15625, 0.59375]},
								"south": {"uv": [25, 24], "uv_size": [0.125, 0.59375]},
								"west": {"uv": [24, 16], "uv_size": [0.15625, 0.59375]},
								"up": {"uv": [28, 17], "uv_size": [0.125, 0.15625]},
								"down": {"uv": [18, 28.15625], "uv_size": [0.125, -0.15625]}
							}
						},
						{
							"origin": [-0.93274, -4.60552, -5.26892],
							"size": [0.11346, 0.34425, 0.12765],
							"pivot": [-0.87364, -4.46175, -5.19092],
							"rotation": [-50.37465, 34.90024, -35.15388],
							"uv": {
								"north": {"uv": [25, 27], "uv_size": [0.09375, 0.28125]},
								"east": {"uv": [27, 25], "uv_size": [0.09375, 0.28125]},
								"south": {"uv": [26, 27], "uv_size": [0.09375, 0.28125]},
								"west": {"uv": [27, 26], "uv_size": [0.09375, 0.28125]},
								"up": {"uv": [30, 10], "uv_size": [0.09375, 0.09375]},
								"down": {"uv": [11, 30.09375], "uv_size": [0.09375, -0.09375]}
							}
						},
						{
							"origin": [-0.96165, -2.90974, -4.82531],
							"size": [0.11822, 0.7047, 0.11819],
							"pivot": [-0.91955, -2.54638, -4.79451],
							"rotation": [-5, 45, -3.75],
							"uv": {
								"north": {"uv": [19, 26], "uv_size": [0.09375, 0.59375]},
								"east": {"uv": [26, 19], "uv_size": [0.09375, 0.59375]},
								"south": {"uv": [20, 26], "uv_size": [0.09375, 0.59375]},
								"west": {"uv": [26, 20], "uv_size": [0.09375, 0.59375]},
								"up": {"uv": [30, 6], "uv_size": [0.09375, 0.09375]},
								"down": {"uv": [7, 30.09375], "uv_size": [0.09375, -0.09375]}
							}
						},
						{
							"origin": [-0.94865, -4.31243, -5.02325],
							"size": [0.10876, 0.70943, 0.11822],
							"pivot": [-0.90655, -3.94434, -4.98301],
							"rotation": [-19.58115, 43.78635, -13.70696],
							"uv": {
								"north": {"uv": [21, 26], "uv_size": [0.09375, 0.59375]},
								"east": {"uv": [26, 21], "uv_size": [0.09375, 0.59375]},
								"south": {"uv": [22, 26], "uv_size": [0.09375, 0.59375]},
								"west": {"uv": [26, 22], "uv_size": [0.09375, 0.59375]},
								"up": {"uv": [30, 7], "uv_size": [0.09375, 0.09375]},
								"down": {"uv": [8, 30.09375], "uv_size": [0.09375, -0.09375]}
							}
						},
						{
							"origin": [-0.9261, -2.20267, -4.81313],
							"size": [0.10873, 2.2022, 0.12762],
							"pivot": [-0.90008, -0.66939, -4.73278],
							"rotation": [0, 45, 0],
							"uv": {
								"north": {"uv": [0, 24], "uv_size": [0.09375, 1.8125]},
								"east": {"uv": [24, 0], "uv_size": [0.09375, 1.8125]},
								"south": {"uv": [1, 24], "uv_size": [0.09375, 1.8125]},
								"west": {"uv": [2, 24], "uv_size": [0.09375, 1.8125]},
								"up": {"uv": [30, 8], "uv_size": [0.09375, 0.09375]},
								"down": {"uv": [9, 30.09375], "uv_size": [0.09375, -0.09375]}
							}
						},
						{
							"origin": [-0.95105, -3.60685, -4.88997],
							"size": [0.10876, 0.7047, 0.12292],
							"pivot": [-0.9184, -3.24349, -4.85445],
							"rotation": [-10, 45, -7],
							"uv": {
								"north": {"uv": [23, 26], "uv_size": [0.09375, 0.59375]},
								"east": {"uv": [26, 23], "uv_size": [0.09375, 0.59375]},
								"south": {"uv": [24, 26], "uv_size": [0.09375, 0.59375]},
								"west": {"uv": [26, 24], "uv_size": [0.09375, 0.59375]},
								"up": {"uv": [30, 9], "uv_size": [0.09375, 0.09375]},
								"down": {"uv": [10, 30.09375], "uv_size": [0.09375, -0.09375]}
							}
						}
					]
				},
				{
					"name": "kakou",
					"parent": "m9",
					"pivot": [-0.78477, 4.11529, -5.14518],
					"rotation": [0, 180, 0],
					"cubes": [
						{
							"origin": [-1.00344, 4.07831, -5.48748],
							"size": [0.10133, 0.13134, 0.10831],
							"pivot": [-0.9352, 4.14007, -5.40988],
							"rotation": [180, 0, 0],
							"uv": {
								"east": {"uv": [31, 5], "uv_size": [0.0625, 0.125]},
								"south": {"uv": [6, 31], "uv_size": [0.0625, 0.125]},
								"down": {"uv": [32, 13.0625], "uv_size": [0.0625, -0.0625]}
							}
						},
						{
							"origin": [-0.38486, 4.01943, -5.43924],
							"size": [0.07702, 0.18283, 0.63722],
							"uv": {
								"north": {"uv": [15, 29], "uv_size": [0.0625, 0.15625]},
								"east": {"uv": [3, 25], "uv_size": [0.53125, 0.15625]},
								"south": {"uv": [29, 15], "uv_size": [0.0625, 0.15625]},
								"west": {"uv": [25, 3], "uv_size": [0.53125, 0.15625]},
								"up": {"uv": [19, 27], "uv_size": [0.0625, 0.53125]},
								"down": {"uv": [27, 19.53125], "uv_size": [0.0625, -0.53125]}
							}
						},
						{
							"origin": [-1.2167, 4.00685, -5.1782],
							"size": [0.52196, 0.19422, 0.09903],
							"pivot": [-0.83925, 4.14525, -5.13894],
							"rotation": [0, -90, 0],
							"uv": {
								"north": {"uv": [3, 26], "uv_size": [0.4375, 0.15625]},
								"east": {"uv": [28, 24], "uv_size": [0.09375, 0.15625]},
								"south": {"uv": [26, 3], "uv_size": [0.4375, 0.15625]},
								"west": {"uv": [25, 28], "uv_size": [0.09375, 0.15625]},
								"up": {"uv": [10, 27], "uv_size": [0.4375, 0.09375]},
								"down": {"uv": [27, 10.09375], "uv_size": [0.4375, -0.09375]}
							}
						},
						{
							"origin": [-1.06733, 4.01943, -5.43924],
							"size": [0.06757, 0.18199, 0.0464],
							"uv": {
								"north": {"uv": [19, 29], "uv_size": [0.0625, 0.15625]},
								"south": {"uv": [29, 19], "uv_size": [0.0625, 0.15625]},
								"west": {"uv": [31, 27], "uv_size": [0.03125, 0.15625]},
								"up": {"uv": [22, 32], "uv_size": [0.0625, 0.03125]}
							}
						},
						{
							"origin": [-1.2858, 4.08863, -4.86189],
							"size": [0.09437, 0.11324, 0.08178],
							"pivot": [-1.20716, 4.14525, -5.04118],
							"rotation": [0, 19, 0],
							"uv": {
								"north": {"uv": [31, 9], "uv_size": [0.0625, 0.09375]},
								"east": {"uv": [10, 31], "uv_size": [0.0625, 0.09375]},
								"south": {"uv": [31, 10], "uv_size": [0.0625, 0.09375]},
								"west": {"uv": [11, 31], "uv_size": [0.0625, 0.09375]},
								"up": {"uv": [28, 31], "uv_size": [0.0625, 0.0625]},
								"down": {"uv": [31, 28.0625], "uv_size": [0.0625, -0.0625]}
							}
						},
						{
							"origin": [-1.12877, 4.01943, -5.43924],
							"size": [0.06757, 0.18199, 0.63722],
							"uv": {
								"north": {"uv": [16, 29], "uv_size": [0.0625, 0.15625]},
								"east": {"uv": [4, 25], "uv_size": [0.53125, 0.15625]},
								"south": {"uv": [29, 16], "uv_size": [0.0625, 0.15625]},
								"west": {"uv": [7, 25], "uv_size": [0.53125, 0.15625]},
								"up": {"uv": [20, 27], "uv_size": [0.0625, 0.53125]},
								"down": {"uv": [27, 20.53125], "uv_size": [0.0625, -0.53125]}
							}
						},
						{
							"origin": [-1.2766, 4.00685, -5.39494],
							"size": [0.42463, 0.19421, 0.23749],
							"pivot": [-0.85511, 6.2559, -5.10085],
							"rotation": [0, -90, 0],
							"uv": {
								"north": {"uv": [27, 0], "uv_size": [0.34375, 0.15625]},
								"east": {"uv": [23, 27], "uv_size": [0.1875, 0.15625]},
								"south": {"uv": [1, 27], "uv_size": [0.34375, 0.15625]},
								"west": {"uv": [27, 23], "uv_size": [0.1875, 0.15625]},
								"up": {"uv": [6, 26], "uv_size": [0.34375, 0.1875]},
								"down": {"uv": [7, 26.1875], "uv_size": [0.34375, -0.1875]}
							}
						},
						{
							"origin": [-0.56258, 4.01314, -5.43741],
							"size": [0.17928, 0.18755, 0.63539],
							"uv": {
								"north": {"uv": [27, 27], "uv_size": [0.15625, 0.15625]},
								"east": {"uv": [24, 24], "uv_size": [0.53125, 0.15625]},
								"south": {"uv": [0, 28], "uv_size": [0.15625, 0.15625]},
								"west": {"uv": [25, 0], "uv_size": [0.53125, 0.15625]},
								"up": {"uv": [25, 1], "uv_size": [0.15625, 0.53125]},
								"down": {"uv": [25, 2.53125], "uv_size": [0.15625, -0.53125]}
							}
						},
						{
							"origin": [-0.91789, 4.08863, -5.95992],
							"size": [0.09437, 0.11274, 0.76751],
							"pivot": [-0.83925, 4.14525, -5.45349],
							"rotation": [0, -90, 0],
							"uv": {
								"north": {"uv": [23, 31], "uv_size": [0.0625, 0.09375]},
								"east": {"uv": [26, 17], "uv_size": [0.625, 0.09375]},
								"south": {"uv": [31, 23], "uv_size": [0.0625, 0.09375]},
								"west": {"uv": [18, 26], "uv_size": [0.625, 0.09375]},
								"up": {"uv": [12, 27], "uv_size": [0.0625, 0.625]},
								"down": {"uv": [27, 12.625], "uv_size": [0.0625, -0.625]}
							}
						},
						{
							"origin": [-1.08946, 4.01943, -4.89638],
							"size": [0.11167, 0.18244, 0.11326],
							"pivot": [-0.723, 6.2559, -4.73597],
							"rotation": [0, -90, 0],
							"uv": {
								"north": {"uv": [28, 26], "uv_size": [0.09375, 0.15625]},
								"east": {"uv": [27, 28], "uv_size": [0.09375, 0.15625]},
								"south": {"uv": [28, 27], "uv_size": [0.09375, 0.15625]},
								"west": {"uv": [28, 28], "uv_size": [0.09375, 0.15625]},
								"up": {"uv": [30, 5], "uv_size": [0.09375, 0.09375]},
								"down": {"uv": [6, 30.09375], "uv_size": [0.09375, -0.09375]}
							}
						},
						{
							"origin": [-1.21528, 4.01943, -4.92784],
							"size": [0.10538, 0.18244, 0.33991],
							"pivot": [-0.85511, 6.2559, -4.63531],
							"rotation": [0, -90, 0],
							"uv": {
								"north": {"uv": [28, 25], "uv_size": [0.09375, 0.15625]},
								"east": {"uv": [9, 27], "uv_size": [0.28125, 0.15625]},
								"south": {"uv": [26, 28], "uv_size": [0.09375, 0.15625]},
								"west": {"uv": [27, 9], "uv_size": [0.28125, 0.15625]},
								"up": {"uv": [24, 27], "uv_size": [0.09375, 0.28125]},
								"down": {"uv": [27, 24.28125], "uv_size": [0.09375, -0.28125]}
							}
						},
						{
							"origin": [-1.06586, 4.01943, -5.33493],
							"size": [0.16979, 0.18134, 0.5329],
							"uv": {
								"north": {"uv": [28, 10], "uv_size": [0.125, 0.15625]},
								"south": {"uv": [11, 28], "uv_size": [0.125, 0.15625]},
								"west": {"uv": [26, 2], "uv_size": [0.4375, 0.15625]},
								"up": {"uv": [25, 26], "uv_size": [0.125, 0.4375]},
								"down": {"uv": [26, 25.4375], "uv_size": [0.125, -0.4375]}
							}
						},
						{
							"origin": [-0.67092, 4.02241, -5.38742],
							"size": [0.10871, 0.18997, 0.59554],
							"uv": {
								"north": {"uv": [0, 29], "uv_size": [0.09375, 0.15625]},
								"east": {"uv": [23, 25], "uv_size": [0.5, 0.15625]},
								"south": {"uv": [29, 0], "uv_size": [0.09375, 0.15625]},
								"west": {"uv": [25, 23], "uv_size": [0.5, 0.15625]},
								"up": {"uv": [4, 27], "uv_size": [0.09375, 0.5]},
								"down": {"uv": [27, 4.5], "uv_size": [0.09375, -0.5]}
							}
						}
					]
				},
				{
					"name": "bone2",
					"parent": "kakou",
					"pivot": [-0.90168, 2.68944, -5.10471],
					"cubes": [
						{
							"origin": [-1.10359, 4.08863, -5.62841],
							"size": [0.09437, 0.11324, 0.10222],
							"pivot": [-1.05641, 4.14525, -5.50417],
							"rotation": [0, 122.5, 0],
							"uv": {
								"north": {"uv": [31, 6], "uv_size": [0.0625, 0.09375]},
								"east": {"uv": [20, 29], "uv_size": [0.09375, 0.09375]},
								"south": {"uv": [7, 31], "uv_size": [0.0625, 0.09375]},
								"west": {"uv": [29, 20], "uv_size": [0.09375, 0.09375]},
								"up": {"uv": [31, 7], "uv_size": [0.0625, 0.09375]},
								"down": {"uv": [8, 31.09375], "uv_size": [0.0625, -0.09375]}
							}
						},
						{
							"origin": [-1.22314, 4.08863, -5.39967],
							"size": [0.10695, 0.11324, 0.55361],
							"uv": {
								"north": {"uv": [21, 29], "uv_size": [0.09375, 0.09375]},
								"east": {"uv": [5, 27], "uv_size": [0.46875, 0.09375]},
								"west": {"uv": [27, 5], "uv_size": [0.46875, 0.09375]},
								"up": {"uv": [6, 27], "uv_size": [0.09375, 0.46875]},
								"down": {"uv": [27, 6.46875], "uv_size": [0.09375, -0.46875]}
							}
						},
						{
							"origin": [-1.22434, 4.08863, -4.82569],
							"size": [0.09437, 0.11324, 0.28939],
							"pivot": [-1.14571, 4.14525, -4.82883],
							"rotation": [0, 47.5, 0],
							"uv": {
								"north": {"uv": [31, 8], "uv_size": [0.0625, 0.09375]},
								"east": {"uv": [28, 0], "uv_size": [0.25, 0.09375]},
								"south": {"uv": [9, 31], "uv_size": [0.0625, 0.09375]},
								"west": {"uv": [1, 28], "uv_size": [0.25, 0.09375]},
								"up": {"uv": [28, 21], "uv_size": [0.0625, 0.25]},
								"down": {"uv": [22, 28.25], "uv_size": [0.0625, -0.25]}
							}
						},
						{
							"origin": [-1.20602, 4.08863, -5.4687],
							"size": [0.09909, 0.11324, 0.08178],
							"pivot": [-1.15884, 4.14525, -5.42781],
							"rotation": [0, 166.5, 0],
							"uv": {
								"north": {"uv": [29, 21], "uv_size": [0.09375, 0.09375]},
								"south": {"uv": [22, 29], "uv_size": [0.09375, 0.09375]},
								"west": {"uv": [31, 11], "uv_size": [0.0625, 0.09375]},
								"up": {"uv": [12, 31], "uv_size": [0.09375, 0.0625]},
								"down": {"uv": [31, 12.0625], "uv_size": [0.09375, -0.0625]}
							}
						}
					]
				},
				{
					"name": "bone3",
					"parent": "kakou",
					"pivot": [-0.53051, 2.68944, -5.10471],
					"rotation": [0, 180, 0],
					"cubes": [
						{
							"origin": [-0.73242, 4.08863, -5.63314],
							"size": [0.09437, 0.11324, 0.29568],
							"pivot": [-0.68524, 4.14525, -5.50417],
							"rotation": [0, 122.5, 0],
							"uv": {
								"north": {"uv": [13, 31], "uv_size": [0.0625, 0.09375]},
								"east": {"uv": [28, 1], "uv_size": [0.25, 0.09375]},
								"south": {"uv": [31, 13], "uv_size": [0.0625, 0.09375]},
								"west": {"uv": [2, 28], "uv_size": [0.25, 0.09375]},
								"up": {"uv": [28, 22], "uv_size": [0.0625, 0.25]},
								"down": {"uv": [23, 28.25], "uv_size": [0.0625, -0.25]}
							}
						},
						{
							"origin": [-0.85197, 4.08863, -5.39967],
							"size": [0.10695, 0.11324, 0.55361],
							"uv": {
								"north": {"uv": [29, 22], "uv_size": [0.09375, 0.09375]},
								"east": {"uv": [7, 27], "uv_size": [0.46875, 0.09375]},
								"south": {"uv": [23, 29], "uv_size": [0.09375, 0.09375]},
								"west": {"uv": [27, 7], "uv_size": [0.46875, 0.09375]},
								"up": {"uv": [8, 27], "uv_size": [0.09375, 0.46875]},
								"down": {"uv": [27, 8.46875], "uv_size": [0.09375, -0.46875]}
							}
						},
						{
							"origin": [-0.85317, 4.08863, -4.82096],
							"size": [0.09437, 0.11324, 0.12739],
							"pivot": [-0.77453, 4.14525, -4.82883],
							"rotation": [0, 47.5, 0],
							"uv": {
								"north": {"uv": [14, 31], "uv_size": [0.0625, 0.09375]},
								"east": {"uv": [29, 23], "uv_size": [0.09375, 0.09375]},
								"up": {"uv": [31, 14], "uv_size": [0.0625, 0.09375]},
								"down": {"uv": [15, 31.09375], "uv_size": [0.0625, -0.09375]}
							}
						},
						{
							"origin": [-0.91462, 4.08863, -4.86189],
							"size": [0.10382, 0.11324, 0.08178],
							"pivot": [-0.83599, 4.14525, -5.04118],
							"rotation": [0, 19, 0],
							"uv": {
								"north": {"uv": [24, 29], "uv_size": [0.09375, 0.09375]},
								"east": {"uv": [31, 15], "uv_size": [0.0625, 0.09375]},
								"south": {"uv": [29, 24], "uv_size": [0.09375, 0.09375]},
								"west": {"uv": [16, 31], "uv_size": [0.0625, 0.09375]},
								"up": {"uv": [31, 16], "uv_size": [0.09375, 0.0625]},
								"down": {"uv": [17, 31.0625], "uv_size": [0.09375, -0.0625]}
							}
						},
						{
							"origin": [-0.83958, 4.08863, -5.45925],
							"size": [0.09437, 0.11324, 0.08178],
							"pivot": [-0.79239, 4.14525, -5.41835],
							"rotation": [0, 156.5, 0],
							"uv": {
								"north": {"uv": [31, 17], "uv_size": [0.0625, 0.09375]},
								"south": {"uv": [18, 31], "uv_size": [0.0625, 0.09375]},
								"west": {"uv": [31, 18], "uv_size": [0.0625, 0.09375]},
								"up": {"uv": [29, 31], "uv_size": [0.0625, 0.0625]},
								"down": {"uv": [31, 29.0625], "uv_size": [0.0625, -0.0625]}
							}
						}
					]
				},
				{
					"name": "bone5",
					"parent": "kakou",
					"pivot": [-0.41485, 3.62938, -5.35253],
					"rotation": [-90, 0, 0],
					"cubes": [
						{
							"origin": [-0.43137, 3.58952, -5.92875],
							"size": [0.03302, 0.01329, 0.45452],
							"pivot": [-0.41485, 3.62938, -5.81757],
							"rotation": [0, 0, 45],
							"uv": {
								"north": {"uv": [32, 28], "uv_size": [0.03125, 0.03125]},
								"south": {"uv": [29, 32], "uv_size": [0.03125, 0.03125]},
								"up": {"uv": [1, 29], "uv_size": [0.03125, 0.375]},
								"down": {"uv": [29, 1.375], "uv_size": [0.03125, -0.375]}
							}
						},
						{
							"origin": [-0.43137, 3.58952, -5.92875],
							"size": [0.03302, 0.01329, 0.45452],
							"uv": {
								"north": {"uv": [32, 29], "uv_size": [0.03125, 0.03125]},
								"up": {"uv": [2, 29], "uv_size": [0.03125, 0.375]},
								"down": {"uv": [29, 2.375], "uv_size": [0.03125, -0.375]}
							}
						},
						{
							"origin": [-0.43137, 3.65596, -5.92875],
							"size": [0.03302, 0.01329, 0.45452],
							"pivot": [-0.41485, 3.62938, -5.81757],
							"rotation": [0, 0, 45],
							"uv": {
								"north": {"uv": [30, 32], "uv_size": [0.03125, 0.03125]},
								"south": {"uv": [32, 30], "uv_size": [0.03125, 0.03125]},
								"up": {"uv": [3, 29], "uv_size": [0.03125, 0.375]},
								"down": {"uv": [29, 3.375], "uv_size": [0.03125, -0.375]}
							}
						},
						{
							"origin": [-0.43137, 3.65596, -5.92875],
							"size": [0.03302, 0.01329, 0.45452],
							"uv": {
								"north": {"uv": [31, 32], "uv_size": [0.03125, 0.03125]},
								"up": {"uv": [4, 29], "uv_size": [0.03125, 0.375]},
								"down": {"uv": [29, 4.375], "uv_size": [0.03125, -0.375]}
							}
						},
						{
							"origin": [-0.38828, 3.61287, -5.92875],
							"size": [0.01329, 0.03302, 0.45452],
							"pivot": [-0.41485, 3.62938, -5.81757],
							"rotation": [0, 0, 45],
							"uv": {
								"north": {"uv": [32, 31], "uv_size": [0.03125, 0.03125]},
								"east": {"uv": [5, 29], "uv_size": [0.375, 0.03125]},
								"south": {"uv": [32, 32], "uv_size": [0.03125, 0.03125]},
								"west": {"uv": [29, 5], "uv_size": [0.375, 0.03125]}
							}
						},
						{
							"origin": [-0.38828, 3.61287, -5.92875],
							"size": [0.01329, 0.03302, 0.45452],
							"uv": {
								"north": {"uv": [0, 33], "uv_size": [0.03125, 0.03125]},
								"east": {"uv": [6, 29], "uv_size": [0.375, 0.03125]},
								"west": {"uv": [29, 6], "uv_size": [0.375, 0.03125]}
							}
						},
						{
							"origin": [-0.45471, 3.61287, -5.92875],
							"size": [0.01329, 0.03302, 0.45452],
							"pivot": [-0.41485, 3.62938, -5.81757],
							"rotation": [0, 0, 45],
							"uv": {
								"north": {"uv": [33, 0], "uv_size": [0.03125, 0.03125]},
								"east": {"uv": [7, 29], "uv_size": [0.375, 0.03125]},
								"south": {"uv": [1, 33], "uv_size": [0.03125, 0.03125]},
								"west": {"uv": [29, 7], "uv_size": [0.375, 0.03125]}
							}
						},
						{
							"origin": [-0.45471, 3.61287, -5.92875],
							"size": [0.01329, 0.03302, 0.45452],
							"uv": {
								"north": {"uv": [33, 1], "uv_size": [0.03125, 0.03125]},
								"east": {"uv": [8, 29], "uv_size": [0.375, 0.03125]},
								"west": {"uv": [29, 8], "uv_size": [0.375, 0.03125]}
							}
						}
					]
				},
				{
					"name": "bone4",
					"parent": "kakou",
					"pivot": [-1.03431, 3.64669, -5.36515],
					"rotation": [-90, 0, 0],
					"cubes": [
						{
							"origin": [-1.05082, 3.60683, -5.92405],
							"size": [0.03302, 0.01329, 0.34977],
							"pivot": [-1.03431, 3.64669, -5.83018],
							"rotation": [0, 0, 45],
							"uv": {
								"north": {"uv": [32, 22], "uv_size": [0.03125, 0.03125]},
								"south": {"uv": [23, 32], "uv_size": [0.03125, 0.03125]},
								"up": {"uv": [25, 29], "uv_size": [0.03125, 0.28125]},
								"down": {"uv": [29, 25.28125], "uv_size": [0.03125, -0.28125]}
							}
						},
						{
							"origin": [-1.05082, 3.60683, -5.92405],
							"size": [0.03302, 0.01329, 0.34977],
							"uv": {
								"north": {"uv": [32, 23], "uv_size": [0.03125, 0.03125]},
								"up": {"uv": [26, 29], "uv_size": [0.03125, 0.28125]},
								"down": {"uv": [29, 26.28125], "uv_size": [0.03125, -0.28125]}
							}
						},
						{
							"origin": [-1.05082, 3.67327, -5.92405],
							"size": [0.03302, 0.01329, 0.34977],
							"pivot": [-1.03431, 3.64669, -5.83018],
							"rotation": [0, 0, 45],
							"uv": {
								"north": {"uv": [24, 32], "uv_size": [0.03125, 0.03125]},
								"south": {"uv": [32, 24], "uv_size": [0.03125, 0.03125]},
								"up": {"uv": [27, 29], "uv_size": [0.03125, 0.28125]},
								"down": {"uv": [29, 27.28125], "uv_size": [0.03125, -0.28125]}
							}
						},
						{
							"origin": [-1.05082, 3.67327, -5.92405],
							"size": [0.03302, 0.01329, 0.34977],
							"uv": {
								"north": {"uv": [25, 32], "uv_size": [0.03125, 0.03125]},
								"up": {"uv": [28, 29], "uv_size": [0.03125, 0.28125]},
								"down": {"uv": [29, 28.28125], "uv_size": [0.03125, -0.28125]}
							}
						},
						{
							"origin": [-1.00774, 3.63018, -5.92405],
							"size": [0.01329, 0.03302, 0.34977],
							"pivot": [-1.03431, 3.64669, -5.83018],
							"rotation": [0, 0, 45],
							"uv": {
								"north": {"uv": [32, 25], "uv_size": [0.03125, 0.03125]},
								"east": {"uv": [29, 29], "uv_size": [0.28125, 0.03125]},
								"south": {"uv": [26, 32], "uv_size": [0.03125, 0.03125]},
								"west": {"uv": [0, 30], "uv_size": [0.28125, 0.03125]}
							}
						},
						{
							"origin": [-1.00774, 3.63018, -5.92405],
							"size": [0.01329, 0.03302, 0.34977],
							"uv": {
								"north": {"uv": [32, 26], "uv_size": [0.03125, 0.03125]},
								"east": {"uv": [30, 0], "uv_size": [0.28125, 0.03125]},
								"west": {"uv": [1, 30], "uv_size": [0.28125, 0.03125]}
							}
						},
						{
							"origin": [-1.07417, 3.63018, -5.92405],
							"size": [0.01329, 0.03302, 0.34977],
							"pivot": [-1.03431, 3.64669, -5.83018],
							"rotation": [0, 0, 45],
							"uv": {
								"north": {"uv": [27, 32], "uv_size": [0.03125, 0.03125]},
								"east": {"uv": [30, 1], "uv_size": [0.28125, 0.03125]},
								"south": {"uv": [32, 27], "uv_size": [0.03125, 0.03125]},
								"west": {"uv": [2, 30], "uv_size": [0.28125, 0.03125]}
							}
						},
						{
							"origin": [-1.07417, 3.63018, -5.92405],
							"size": [0.01329, 0.03302, 0.34977],
							"uv": {
								"north": {"uv": [28, 32], "uv_size": [0.03125, 0.03125]},
								"east": {"uv": [30, 2], "uv_size": [0.28125, 0.03125]},
								"west": {"uv": [3, 30], "uv_size": [0.28125, 0.03125]}
							}
						}
					]
				},
				{
					"name": "bone6",
					"parent": "kakou",
					"pivot": [-0.7372, 3.10093, -5.04424],
					"rotation": [-90, 0, 0],
					"cubes": [
						{
							"origin": [-0.76906, 3.01771, -6.1554],
							"size": [0.06373, 0.03193, 3.36218],
							"pivot": [-0.7372, 3.10093, -5.94176],
							"rotation": [0, 0, 45],
							"uv": {
								"north": {"uv": [14, 32], "uv_size": [0.0625, 0.03125]},
								"south": {"uv": [32, 14], "uv_size": [0.0625, 0.03125]},
								"up": {"uv": [22, 15], "uv_size": [0.0625, 3.3125]},
								"down": {"uv": [16, 25.3125], "uv_size": [0.0625, -3.3125]}
							}
						},
						{
							"origin": [-0.76906, 3.01771, -6.1554],
							"size": [0.06373, 0.03193, 3.36218],
							"uv": {
								"north": {"uv": [15, 32], "uv_size": [0.0625, 0.03125]},
								"south": {"uv": [32, 15], "uv_size": [0.0625, 0.03125]},
								"up": {"uv": [17, 22], "uv_size": [0.0625, 3.3125]},
								"down": {"uv": [18, 25.3125], "uv_size": [0.0625, -3.3125]}
							}
						},
						{
							"origin": [-0.76906, 3.15222, -6.1554],
							"size": [0.06373, 0.03193, 3.36218],
							"pivot": [-0.7372, 3.10093, -5.94176],
							"rotation": [0, 0, 45],
							"uv": {
								"north": {"uv": [16, 32], "uv_size": [0.0625, 0.03125]},
								"south": {"uv": [32, 16], "uv_size": [0.0625, 0.03125]},
								"up": {"uv": [22, 19], "uv_size": [0.0625, 3.3125]},
								"down": {"uv": [20, 25.3125], "uv_size": [0.0625, -3.3125]}
							}
						},
						{
							"origin": [-0.76906, 3.15222, -6.1554],
							"size": [0.07002, 0.03193, 3.36218],
							"uv": {
								"north": {"uv": [17, 32], "uv_size": [0.0625, 0.03125]},
								"south": {"uv": [32, 17], "uv_size": [0.0625, 0.03125]},
								"up": {"uv": [21, 22], "uv_size": [0.0625, 3.3125]},
								"down": {"uv": [23, 3.3125], "uv_size": [0.0625, -3.3125]}
							}
						},
						{
							"origin": [-0.68591, 3.06907, -6.1554],
							"size": [0.03193, 0.06373, 3.36218],
							"pivot": [-0.7372, 3.10093, -5.94176],
							"rotation": [0, 0, 45],
							"uv": {
								"north": {"uv": [18, 32], "uv_size": [0.03125, 0.0625]},
								"east": {"uv": [23, 4], "uv_size": [3.3125, 0.0625]},
								"south": {"uv": [32, 18], "uv_size": [0.03125, 0.0625]},
								"west": {"uv": [23, 5], "uv_size": [3.3125, 0.0625]}
							}
						},
						{
							"origin": [-0.68591, 3.06907, -6.1554],
							"size": [0.03193, 0.06373, 3.36218],
							"uv": {
								"north": {"uv": [19, 32], "uv_size": [0.03125, 0.0625]},
								"east": {"uv": [23, 6], "uv_size": [3.3125, 0.0625]},
								"south": {"uv": [32, 19], "uv_size": [0.03125, 0.0625]},
								"west": {"uv": [23, 7], "uv_size": [3.3125, 0.0625]}
							}
						},
						{
							"origin": [-0.82042, 3.06907, -6.1554],
							"size": [0.03193, 0.06373, 3.36218],
							"pivot": [-0.7372, 3.10093, -5.94176],
							"rotation": [0, 0, 45],
							"uv": {
								"north": {"uv": [20, 32], "uv_size": [0.03125, 0.0625]},
								"east": {"uv": [23, 8], "uv_size": [3.3125, 0.0625]},
								"south": {"uv": [32, 20], "uv_size": [0.03125, 0.0625]},
								"west": {"uv": [23, 9], "uv_size": [3.3125, 0.0625]}
							}
						},
						{
							"origin": [-0.82042, 3.06907, -6.1554],
							"size": [0.03193, 0.06373, 3.36218],
							"uv": {
								"north": {"uv": [21, 32], "uv_size": [0.03125, 0.0625]},
								"east": {"uv": [23, 10], "uv_size": [3.3125, 0.0625]},
								"south": {"uv": [32, 21], "uv_size": [0.03125, 0.0625]},
								"west": {"uv": [23, 11], "uv_size": [3.3125, 0.0625]}
							}
						}
					]
				},
				{
					"name": "bone9",
					"parent": "kakou",
					"pivot": [-0.3355, 4.05403, -5.04985],
					"rotation": [0, 7.25, -180],
					"cubes": [
						{
							"origin": [-0.40433, 4.01597, -5.50357],
							"size": [0.08493, 0.07612, 0.6533],
							"uv": {
								"north": {"uv": [32, 1], "uv_size": [0.0625, 0.0625]},
								"east": {"uv": [21, 27], "uv_size": [0.53125, 0.0625]},
								"south": {"uv": [2, 32], "uv_size": [0.0625, 0.0625]},
								"west": {"uv": [27, 21], "uv_size": [0.53125, 0.0625]},
								"up": {"uv": [22, 27], "uv_size": [0.0625, 0.53125]},
								"down": {"uv": [27, 22.53125], "uv_size": [0.0625, -0.53125]}
							}
						},
						{
							"origin": [-0.42143, 4.01597, -4.79021],
							"size": [0.07235, 0.07612, 0.19427],
							"pivot": [-0.36639, 4.07825, -4.79432],
							"rotation": [0, 64.75, 0],
							"uv": {
								"north": {"uv": [32, 2], "uv_size": [0.0625, 0.0625]},
								"east": {"uv": [17, 29], "uv_size": [0.15625, 0.0625]},
								"south": {"uv": [3, 32], "uv_size": [0.0625, 0.0625]},
								"west": {"uv": [29, 17], "uv_size": [0.15625, 0.0625]},
								"up": {"uv": [18, 29], "uv_size": [0.0625, 0.15625]},
								"down": {"uv": [29, 18.15625], "uv_size": [0.0625, -0.15625]}
							}
						},
						{
							"origin": [-0.45183, 4.01124, -4.85877],
							"size": [0.05977, 0.08085, 0.11619],
							"pivot": [-0.40937, 4.07825, -5.08803],
							"rotation": [0, 11.5, 0],
							"uv": {
								"east": {"uv": [24, 31], "uv_size": [0.09375, 0.0625]},
								"up": {"uv": [31, 24], "uv_size": [0.0625, 0.09375]},
								"down": {"uv": [25, 31.09375], "uv_size": [0.0625, -0.09375]}
							}
						},
						{
							"origin": [-0.38333, 4.01597, -5.54184],
							"size": [0.1038, 0.07612, 0.10673],
							"pivot": [-0.33143, 4.07825, -5.48847],
							"rotation": [0, -57.5, 0],
							"uv": {
								"north": {"uv": [31, 25], "uv_size": [0.09375, 0.0625]},
								"east": {"uv": [26, 31], "uv_size": [0.09375, 0.0625]},
								"south": {"uv": [31, 26], "uv_size": [0.09375, 0.0625]},
								"up": {"uv": [30, 4], "uv_size": [0.09375, 0.09375]},
								"down": {"uv": [5, 30.09375], "uv_size": [0.09375, -0.09375]}
							}
						},
						{
							"origin": [-0.40589, 4.01597, -5.68512],
							"size": [0.1038, 0.07612, 0.13957],
							"pivot": [-0.35398, 4.07825, -5.51681],
							"rotation": [0, -103, 0],
							"uv": {
								"north": {"uv": [27, 31], "uv_size": [0.09375, 0.0625]},
								"east": {"uv": [15, 30], "uv_size": [0.125, 0.0625]},
								"west": {"uv": [30, 15], "uv_size": [0.125, 0.0625]},
								"up": {"uv": [12, 29], "uv_size": [0.09375, 0.125]},
								"down": {"uv": [29, 12.125], "uv_size": [0.09375, -0.125]}
							}
						}
					]
				},
				{
					"name": "bone8",
					"parent": "kakou",
					"pivot": [-1.12188, 4.05403, -5.05614],
					"rotation": [0, 7.25, 0],
					"cubes": [
						{
							"origin": [-1.19071, 4.01597, -5.50986],
							"size": [0.08493, 0.07612, 0.6533],
							"uv": {
								"north": {"uv": [30, 31], "uv_size": [0.0625, 0.0625]},
								"east": {"uv": [17, 27], "uv_size": [0.53125, 0.0625]},
								"south": {"uv": [31, 30], "uv_size": [0.0625, 0.0625]},
								"west": {"uv": [27, 17], "uv_size": [0.53125, 0.0625]},
								"up": {"uv": [18, 27], "uv_size": [0.0625, 0.53125]},
								"down": {"uv": [27, 18.53125], "uv_size": [0.0625, -0.53125]}
							}
						},
						{
							"origin": [-1.19836, 4.01597, -4.7965],
							"size": [0.07235, 0.07612, 0.23831],
							"pivot": [-1.14332, 4.07825, -4.80061],
							"rotation": [0, 64.75, 0],
							"uv": {
								"north": {"uv": [31, 31], "uv_size": [0.0625, 0.0625]},
								"east": {"uv": [9, 29], "uv_size": [0.1875, 0.0625]},
								"south": {"uv": [0, 32], "uv_size": [0.0625, 0.0625]},
								"west": {"uv": [29, 9], "uv_size": [0.1875, 0.0625]},
								"up": {"uv": [10, 29], "uv_size": [0.0625, 0.1875]},
								"down": {"uv": [29, 10.1875], "uv_size": [0.0625, -0.1875]}
							}
						},
						{
							"origin": [-1.23821, 4.01597, -4.86033],
							"size": [0.05977, 0.07612, 0.10673],
							"pivot": [-1.19575, 4.07825, -5.09432],
							"rotation": [0, 11.5, 0],
							"uv": {
								"north": {"uv": [32, 0], "uv_size": [0.0625, 0.0625]},
								"east": {"uv": [19, 31], "uv_size": [0.09375, 0.0625]},
								"south": {"uv": [1, 32], "uv_size": [0.0625, 0.0625]},
								"west": {"uv": [31, 19], "uv_size": [0.09375, 0.0625]},
								"up": {"uv": [20, 31], "uv_size": [0.0625, 0.09375]},
								"down": {"uv": [31, 20.09375], "uv_size": [0.0625, -0.09375]}
							}
						},
						{
							"origin": [-1.16972, 4.01597, -5.54813],
							"size": [0.1038, 0.07612, 0.10673],
							"pivot": [-1.11781, 4.07825, -5.49476],
							"rotation": [0, -57.5, 0],
							"uv": {
								"north": {"uv": [21, 31], "uv_size": [0.09375, 0.0625]},
								"east": {"uv": [31, 21], "uv_size": [0.09375, 0.0625]},
								"south": {"uv": [22, 31], "uv_size": [0.09375, 0.0625]},
								"up": {"uv": [30, 3], "uv_size": [0.09375, 0.09375]},
								"down": {"uv": [4, 30.09375], "uv_size": [0.09375, -0.09375]}
							}
						},
						{
							"origin": [-1.19227, 4.01597, -5.69141],
							"size": [0.1038, 0.07612, 0.13957],
							"pivot": [-1.14037, 4.07825, -5.5231],
							"rotation": [0, -103, 0],
							"uv": {
								"north": {"uv": [31, 22], "uv_size": [0.09375, 0.0625]},
								"east": {"uv": [30, 14], "uv_size": [0.125, 0.0625]},
								"up": {"uv": [11, 29], "uv_size": [0.09375, 0.125]},
								"down": {"uv": [29, 11.125], "uv_size": [0.09375, -0.125]}
							}
						}
					]
				},
				{
					"name": "bone7",
					"parent": "kakou",
					"pivot": [-0.73088, 3.76061, -5.04664],
					"rotation": [-90, 0, 0],
					"cubes": [
						{
							"origin": [-0.74329, 3.73067, -5.49275],
							"size": [0.02481, 0.00998, 0.89224],
							"pivot": [-0.73088, 3.76061, -5.42747],
							"rotation": [0, 0, 45],
							"uv": {
								"north": {"uv": [2, 33], "uv_size": [0.03125, 0.03125]},
								"south": {"uv": [33, 2], "uv_size": [0.03125, 0.03125]},
								"up": {"uv": [28, 2], "uv_size": [0.03125, 0.75]},
								"down": {"uv": [3, 28.75], "uv_size": [0.03125, -0.75]}
							}
						},
						{
							"origin": [-0.74329, 3.73067, -5.49275],
							"size": [0.02481, 0.00998, 0.89224],
							"uv": {
								"north": {"uv": [3, 33], "uv_size": [0.03125, 0.03125]},
								"up": {"uv": [28, 3], "uv_size": [0.03125, 0.75]},
								"down": {"uv": [4, 28.75], "uv_size": [0.03125, -0.75]}
							}
						},
						{
							"origin": [-0.74329, 3.78058, -5.49275],
							"size": [0.02481, 0.00998, 0.89224],
							"pivot": [-0.73088, 3.76061, -5.42747],
							"rotation": [0, 0, 45],
							"uv": {
								"north": {"uv": [33, 3], "uv_size": [0.03125, 0.03125]},
								"south": {"uv": [4, 33], "uv_size": [0.03125, 0.03125]},
								"up": {"uv": [28, 4], "uv_size": [0.03125, 0.75]},
								"down": {"uv": [5, 28.75], "uv_size": [0.03125, -0.75]}
							}
						},
						{
							"origin": [-0.74329, 3.78058, -5.49275],
							"size": [0.02481, 0.00998, 0.89224],
							"uv": {
								"north": {"uv": [33, 4], "uv_size": [0.03125, 0.03125]},
								"up": {"uv": [28, 5], "uv_size": [0.03125, 0.75]},
								"down": {"uv": [6, 28.75], "uv_size": [0.03125, -0.75]}
							}
						},
						{
							"origin": [-0.71092, 3.74821, -5.49275],
							"size": [0.00998, 0.02481, 0.89224],
							"pivot": [-0.73088, 3.76061, -5.42747],
							"rotation": [0, 0, 45],
							"uv": {
								"north": {"uv": [5, 33], "uv_size": [0.03125, 0.03125]},
								"east": {"uv": [28, 6], "uv_size": [0.75, 0.03125]},
								"south": {"uv": [33, 5], "uv_size": [0.03125, 0.03125]},
								"west": {"uv": [7, 28], "uv_size": [0.75, 0.03125]}
							}
						},
						{
							"origin": [-0.71092, 3.74821, -5.49275],
							"size": [0.00998, 0.02481, 0.89224],
							"uv": {
								"north": {"uv": [6, 33], "uv_size": [0.03125, 0.03125]},
								"east": {"uv": [28, 7], "uv_size": [0.75, 0.03125]},
								"west": {"uv": [8, 28], "uv_size": [0.75, 0.03125]}
							}
						},
						{
							"origin": [-0.76083, 3.74821, -5.49275],
							"size": [0.00998, 0.02481, 0.89224],
							"pivot": [-0.73088, 3.76061, -5.42747],
							"rotation": [0, 0, 45],
							"uv": {
								"north": {"uv": [33, 6], "uv_size": [0.03125, 0.03125]},
								"east": {"uv": [28, 8], "uv_size": [0.75, 0.03125]},
								"south": {"uv": [7, 33], "uv_size": [0.03125, 0.03125]},
								"west": {"uv": [9, 28], "uv_size": [0.75, 0.03125]}
							}
						},
						{
							"origin": [-0.76083, 3.74821, -5.49275],
							"size": [0.00998, 0.02481, 0.89224],
							"uv": {
								"north": {"uv": [33, 7], "uv_size": [0.03125, 0.03125]},
								"east": {"uv": [28, 9], "uv_size": [0.75, 0.03125]},
								"west": {"uv": [10, 28], "uv_size": [0.75, 0.03125]}
							}
						}
					]
				},
				{
					"name": "positioning",
					"pivot": [0, 0, 0]
				}
			]
		}
	]
}