{
    
    "model": "deji:gun/supershorty_geo",
    "texture": "deji:gun/uv/supershorty",
    "slot": "deji:gun/slot/supershorty_slot",
    "hud": "deji:gun/hud/supershorty",

    "shell":{
        "model":"tacz:shell/12g_shell",
        "texture":"tacz:shell/12g_shell",
        "initial_velocity": [3, 1, 1],
        "random_velocity": [1, 1, 0.25],
        "acceleration": [0.0, -10, 0.0],
        "angular_velocity": [360, -1200, 90],
        "living_time": 1.0
    },

    "muzzle_flash": {
      "texture": "tacz:flash/common_muzzle_flash",
      "scale": 1
    },

    "sounds":{
        "shoot": "deji:supershorty/supershorty_shoot",
        "dryfire": "tacz:dry_fire",
        "bolt": "deji:supershorty/supershorty_bolt",
        "reload_empty": "deji:supershorty/supershorty_reload_empty",
        "reload_tactical": "deji:supershorty/supershorty_reload_tactical",
        "silence": "deji:supershorty/supershorty_silence",
        "silence_3p": "deji:supershorty/supershorty_silence_3p",
        "draw": "deji:supershorty/supershorty_draw",
        "put_away": "deji:supershorty/supershorty_put_away",
        "inspect_empty": "deji:supershorty/supershorty_inspect_empty",
        "inspect": "deji:supershorty/supershorty_inspect"
    },

    "animation": "deji:supershorty",
    "use_default_animation": "rifle",

    "third_person_animation": "default"
}