{
  "model": "sanzu:gun/c96m1932_geo",
  "texture": "sanzu:gun/uv/c96m1932",
  "lod": {
    "model": "sanzu:gun/lod/c96m1932",
    "texture": "sanzu:gun/lod/c96m1932" 
  },
  "hud": "sanzu:gun/hud/c96m1932",
  "slot": "sanzu:gun/slot/c96m1932",
  "animation": "sanzu:c96m1932",
  "use_default_animation": "pistol",
  "player_animator_3rd": "sanzu:pistol_default.player_animation",
  "transform": {
    "scale": {
      "thirdperson": [0.6, 0.6, 0.6],
      "ground": [0.6, 0.6, 0.6],
      "fixed": [1.2, 1.2, 1.2]
    }
  },
  "shell": {
    "initial_velocity": [6.0, 5.0, 0.5],
    "random_velocity": [2, 1.5, 0.25],
    "acceleration": [0.0, -20, 0.0],
    "angular_velocity": [360, -720, 90],
    "living_time": 1.0
  },
  "muzzle_flash": {
    "texture": "tacz:flash/common_muzzle_flash",
    "scale": 0.6
  },
  "sounds": {
    "shoot": "sanzu:c96m1932/c96m1932_shoot",
    "shoot_3p": "sanzu:c96m1932/c96m1932_shoot_3p",
    "reload_empty": "sanzu:c96m1932/c96m1932_reload_empty",
    "reload_tactical": "sanzu:c96m1932/c96m1932_reload_tactical",
    "silence": "tacz:cz75/cz75_silence",
    "silence_3p": "tacz:cz75/cz75_silence_3p",
    "inspect": "sanzu:c96m1932/c96m1932_inspect",
    "inspect_empty": "sanzu:c96m1932/c96m1932_inspect_empty",
    "draw": "sanzu:c96m1932/c96m1932_draw",
    "put_away": "sanzu:c96m1932/c96m1932_put_away",

    "dry_fire": "tacz:dry_fire",
    "fire_select": "tacz:fire_select",
     "head_hit": "tacz:head_hit",
     "flesh_hit": "tacz:flesh_hit",
     "kill": "tacz:kill"
  },
  "offhand_show": {
    "pos": [4, 13, -1],
    "rotate": [-90, -35, 90],
    "scale": [0.5, 0.5, 0.5]
  },
  "hotbar_show": {
    "0": {
      "pos": [-5, 13, -1],
      "rotate": [-90, -35, 90],
      "scale": [0.5, 0.5, 0.5]
    }
  }
}