{
  "model": "sanzu:gun/howatype64_geo",
  "texture": "sanzu:gun/uv/howatype64",
  "lod": {
   
  },
  "hud": "sanzu:gun/hud/howatype64",
  "slot": "sanzu:gun/slot/howatype64",
  "animation": "sanzu:howatype64",
  "use_default_animation": "rifle",
  "third_person_animation": "default",
  "transform": {
    "scale": {
      "thirdperson": [0.6, 0.6, 0.6],
      "ground": [0.6, 0.6, 0.6],
      "fixed": [1.2, 1.2, 1.2]
    }
  },
  "muzzle_flash": {
    "texture": "tacz:flash/common_muzzle_flash",
    "scale": 1.125
  },
  "iron_zoom": 1.2,
  "shell": {
    "initial_velocity": [5, 2, 1],
    "random_velocity": [1, 1, 0.25],
    "acceleration": [0.0, -10, 0.0],
    "angular_velocity": [360, -1200, 90],
    "living_time": 1.0
  },
  "sounds": {
    "shoot": "sanzu:howatype64/howatype64_shoot",
    "shoot_3p": "sanzu:howatype64/howatype64_shoot_3p",
    "reload_empty": "sanzu:howatype64/howatype64_reload_empty",
    "reload_tactical": "sanzu:howatype64/howatype64_reload_tactical",
    "inspect": "sanzu:howatype64/howatype64_inspect",
    "inspect_empty": "sanzu:howatype64/howatype64_inspect_empty",
    "draw": "sanzu:howatype64/howatype64_draw",
    "put_away": "sanzu:howatype64/howatype64_put_away",
    "dry_fire": "tacz:dry_fire",
    "fire_select": "tacz:fire_select",
    "head_hit": "tacz:head_hit",
    "flesh_hit": "tacz:flesh_hit",
    "kill": "tacz:kill",
    "melee_push": "tacz:melee_stock/melee_stock_01",
    "melee_stock": "tacz:melee_stock/melee_stock_03"
  },
  "offhand_show": {
    "pos": [0, 19, 4],
    "rotate": [0, 0, 60],
    "scale": [0.5, 0.5, 0.5]
  },
  "hotbar_show": {
    "0": {
      "pos": [0, 19, 3],
      "rotate": [-180, 0, 120],
      "scale": [0.5, 0.5, 0.5]
    }
  }
}