{
  "model": "sanzu:gun/pp90_geo",
  "texture": "sanzu:gun/uv/pp90",
  "hud": "sanzu:gun/hud/pp90",
  "lod": {
    
  },
  "slot": "sanzu:gun/slot/pp90",
  "animation": "sanzu:pp90",
  "use_default_animation": "rifle",
  "third_person_animation": "default",
  "transform": {
    "scale": {
      "thirdperson": [0.6, 0.6, 0.6],
      "ground": [0.6, 0.6, 0.6],
      "fixed": [1.2, 1.2, 1.2]
    }
  },
  "muzzle_flash": {
    "texture": "tacz:flash/common_muzzle_flash",
    "scale": 0.6
  },
  "shell": {
    "initial_velocity": [5, 2, 1],
    "random_velocity": [1, 1, 0.25],
    "acceleration": [0.0, -10, 0.0],
    "angular_velocity": [360, -1200, 90],
    "living_time": 1.0
  },
  "sounds": {
    "shoot": "sanzu:pp90/pp90_shoot",
    "shoot_3p": "sanzu:pp90/pp90_shoot_3p",
    "reload_empty": "sanzu:pp90/pp90_reload_empty",
    "reload_tactical": "sanzu:pp90/pp90_reload_tactical",
    "inspect": "sanzu:pp90/pp90_inspect",
    "inspect_empty": "sanzu:pp90/pp90_inspect_empty",
    "draw": "sanzu:pp90/pp90_draw",
    "put_away": "sanzu:pp90/pp90_put_away",
    "silence": "sanzu:pp90/pp90_silence",
    "silence_3p": "sanzu:pp90/pp90_silence_3p",
    "melee_push": "tacz:melee_stock/melee_stock_03",
    "melee_stock": "tacz:melee_stock/melee_stock_01"
  },
  "offhand_show": {
    "pos": [1, 20, 4],
    "rotate": [0, 0, 45],
    "scale": [0.5, 0.5, 0.5]
  },
  "hotbar_show": {
    "0": {
      "pos": [1, 16, -2],
    "rotate": [0, 0, 20],
    "scale": [0.5, 0.5, 0.5]
    }
  }
}