{
  "ammo": "tacz:9mm",
  "rpm": 850,
  "bullet": {
    "life": 0.6,
    "bullet_amount": 1,
    "damage": 8,
    "tracer_count_interval": 0,
    "extra_damage": {
      "armor_ignore": 0.15,
      "head_shot_multiplier": 1.30,
      "damage_adjust": [
        {"distance": 1, "damage": 9},
        {"distance": 15, "damage": 6},
        {"distance": 35, "damage": 5},
        {"distance": "infinite", "damage": 3}
      ]
    },
    "speed": 425,
    "gravity": 0.098,
    "knockback": 0,
    "friction": 0.025,
    "ignite": false,
    "pierce": 0
  },
  "ammo_amount": 10,
  "extended_mag_ammo_amount": [
    20,
    30,
    40
  ],
  "bolt": "closed_bolt",
  "reload": {
    "type": "magazine",
    "feed": {
      "empty": 1.5,
      "tactical": 1
    },
    "cooldown": {
      "empty": 2.75,
      "tactical": 1.63
    }
  },
  "draw_time": 0.5,
  "put_away_time": 0.25,
  "aim_time": 0.125,
  "sprint_time": 0.08,
  "fire_mode": [
    "semi",
    "auto"
  ],
  "allow_attachment_types": [   
    "stock",
    "extended_mag"
  ],
  "recoil": {
    "pitch": [
      {"time": 0, "value": [0.550, 0.550]},
      {"time": 0.25, "value": [0.550, 0.550]},
      {"time": 0.5, "value": [-0.25, -0.25]},
      {"time": 0.7, "value": [0.1, 0.1]},
      {"time": 1.0, "value": [0, 0]}
    ],
    "yaw": [
      {"time": 0, "value": [-0.1, 0.1]},
      {"time": 0.45, "value": [0, 0]}
    ]
  },
  "inaccuracy": {
    "stand": 3,
    "move": 3.5,
    "sneak": 2.2,
    "lie": 0.7,
    "aim": 0.22
  }
}