{
	"format_version": "1.8.0",
	"animations": {
		"reload_intro": {
			"animation_length": 0.4667,
			"bones": {
				"lefthand": {
					"rotation": {
						"0.0": [107.69108, -32.75736, -156.00452],
						"0.2333": [92.69, -32.76, -156]
					},
					"position": {
						"0.0": [7.7, -13.9, -10.2],
						"0.1333": [8.2, -11.9, -10.2]
					},
					"scale": [1, 1.5, 1]
				},
				"righthand": {
					"rotation": {
						"0.1": [89.49625, 6.99973, -180.06139],
						"0.3": [76.73588, 49.49775, -180.5801]
					},
					"position": {
						"0.0": [-6.85, -14.075, 6.775],
						"0.1667": [-11.85, -26.595, 6.78],
						"0.3": [-3.85, -27.07, 6.78]
					},
					"scale": [1, 1.5, 1]
				},
				"refit_view": {
					"position": [0, -1, 11]
				},
				"root": {
					"rotation": {
						"0.0": [0, 0, 0],
						"0.0667": [-3.44605, -0.80868, 0.01631],
						"0.2667": {
							"pre": [-17.00086, -1.31607, 45.00547],
							"post": [-17.00086, -1.31607, 45.00547],
							"lerp_mode": "catmullrom"
						},
						"0.3667": {
							"post": [-13.92503, -1.55086, 51.03295],
							"lerp_mode": "catmullrom"
						},
						"0.4667": {
							"post": [-13.93, -1.55, 51.03],
							"lerp_mode": "catmullrom"
						}
					},
					"position": {
						"0.0": [0, 0, 0],
						"0.1333": [2.185, 0.13, -1.26],
						"0.2333": {
							"pre": [3.24, 0.23, 2.18],
							"post": [3.24, 0.23, 2.18],
							"lerp_mode": "catmullrom"
						},
						"0.3333": {
							"post": [3.245, 0.23, 1.65],
							"lerp_mode": "catmullrom"
						},
						"0.4667": {
							"post": [3.24, 0.23, 1.655],
							"lerp_mode": "catmullrom"
						}
					}
				},
				"camera": {
					"rotation": {
						"0.0": {
							"post": [0, 0, 0],
							"lerp_mode": "catmullrom"
						},
						"0.1333": {
							"post": [0.955, 0, -1.045],
							"lerp_mode": "catmullrom"
						},
						"0.2333": {
							"post": [-0.265, 0, 0.24],
							"lerp_mode": "catmullrom"
						},
						"0.3": {
							"post": [0, 0, 0],
							"lerp_mode": "catmullrom"
						}
					}
				},
				"constraint": {
					"rotation": [0.2, 0.1, 0.2],
					"position": [0.2, 0.2, 0.4]
				},
				"hammer": {
					"rotation": [-62.5, 0, 0]
				}
			},
			"sound_effects": {
				"0.0333": {
					"effect": "ccrp:marlin_1895/wfoly_sbeta_sn_raise_quick_up"
				}
			}
		},
		"reload_loop": {
			"loop": true,
			"animation_length": 0.7667,
			"bones": {
				"lefthand": {
					"rotation": [92.69, -32.76, -156],
					"position": [8.2, -11.9, -10.2],
					"scale": [1, 1.5, 1]
				},
				"righthand": {
					"rotation": {
						"0.0": [76.73588, 49.49775, -180.5801],
						"0.1": [118.85506, 7.67577, -171.58424],
						"0.2333": [146.36, 7.68, -171.58],
						"0.3667": [99.04418, 28.0218, -186.95943],
						"0.4667": [91.04418, 28.0218, -186.95943],
						"0.5333": [93.21212, 10.06851, -174.58102],
						"0.6667": [93.21212, 10.06851, -174.58102],
						"0.7667": [76.73588, 49.49775, -180.5801]
					},
					"position": {
						"0.0": [-3.85, -27.07, 6.78],
						"0.1": [-4.85, -27.07, 8.78],
						"0.2333": [-9.85, -12.52, 8.78],
						"0.3667": [-9.395, -12.52, 2.875],
						"0.4667": [-8.985, -12.52, 2.875],
						"0.5333": [-7.345, -12.52, -1.145],
						"0.6333": [-7.345, -12.52, -1.14],
						"0.7667": [-3.85, -27.07, 6.78]
					},
					"scale": [1, 1.5, 1]
				},
				"refit_view": {
					"position": [0, -1, 11]
				},
				"root": {
					"rotation": {
						"0.0": {
							"post": [-13.93, -1.55, 51.03],
							"lerp_mode": "catmullrom"
						},
						"0.1667": {
							"post": [-15.79234, -2.50865, 47.14409],
							"lerp_mode": "catmullrom"
						},
						"0.3": {
							"post": [-15.9848, 0.69687, 53.04913],
							"lerp_mode": "catmullrom"
						},
						"0.4333": {
							"post": [-15.98, 0.695, 53.05],
							"lerp_mode": "catmullrom"
						},
						"0.5": {
							"post": [-15.97131, -0.26638, 49.06036],
							"lerp_mode": "catmullrom"
						},
						"0.6": {
							"post": [-16.13496, 0.82744, 48.28257],
							"lerp_mode": "catmullrom"
						},
						"0.6667": {
							"post": [-15.78124, -0.25441, 51.90101],
							"lerp_mode": "catmullrom"
						},
						"0.7667": {
							"post": [-13.93, -1.55, 51.03],
							"lerp_mode": "catmullrom"
						}
					},
					"position": {
						"0.0": {
							"post": [3.24, 0.23, 1.655],
							"lerp_mode": "catmullrom"
						},
						"0.1333": {
							"post": [3.24, 0.025, 1.66],
							"lerp_mode": "catmullrom"
						},
						"0.2667": {
							"post": [3.24, 0.235, 1.66],
							"lerp_mode": "catmullrom"
						},
						"0.4333": {
							"post": [3.24, 0.24, 1.725],
							"lerp_mode": "catmullrom"
						},
						"0.5": {
							"post": [3.24, 0.11, 1.95],
							"lerp_mode": "catmullrom"
						},
						"0.5667": {
							"post": [3.24, 0.01, 1.925],
							"lerp_mode": "catmullrom"
						},
						"0.6333": {
							"post": [3.24, 0.025, 1.66],
							"lerp_mode": "catmullrom"
						},
						"0.7667": {
							"post": [3.24, 0.23, 1.655],
							"lerp_mode": "catmullrom"
						}
					}
				},
				"45_70": {
					"rotation": {
						"0.1": [0, 0, 0],
						"0.2333": [3.64, -7.68, 0],
						"0.3667": [3.98542, -11.19694, 0],
						"0.4667": [4.48265, -29.15179, 0],
						"0.5333": [0, 0, 0]
					},
					"position": {
						"0.1": [3, -17, 9.17],
						"0.2333": [-2, -2.07, 8.95],
						"0.3667": [-1.08, -0.97, 3.425],
						"0.4667": [-0.475, -0.97, 3.42],
						"0.5333": [0, -0.97, 0.50813]
					},
					"scale": {
						"0.1": {
							"pre": [0, 0, 0],
							"post": [1, 1, 1]
						}
					}
				},
				"pannel": {
					"rotation": {
						"0.3667": [0, 0, 0],
						"0.4667": [0, -22.5, 0],
						"0.5333": [0, -22.5, 0],
						"0.6": [0, 0, 0]
					}
				},
				"camera": {
					"rotation": {
						"0.0": {
							"post": [0, 0, 0],
							"lerp_mode": "catmullrom"
						},
						"0.1333": {
							"post": [0, 0, -0.365],
							"lerp_mode": "catmullrom"
						},
						"0.3667": {
							"post": [0, 0, 0.61],
							"lerp_mode": "catmullrom"
						},
						"0.4667": {
							"post": [0, 0, 0.37],
							"lerp_mode": "catmullrom"
						},
						"0.5": {
							"post": [0, 0, -0.545],
							"lerp_mode": "catmullrom"
						},
						"0.5667": {
							"post": [0, 0, 0.605],
							"lerp_mode": "catmullrom"
						},
						"0.6333": {
							"post": [0, 0, -0.25],
							"lerp_mode": "catmullrom"
						},
						"0.7333": {
							"post": [0, 0, 0],
							"lerp_mode": "catmullrom"
						}
					}
				},
				"bullet_in_mag": {
					"position": {
						"0.4667": [0, 0, 0],
						"0.5333": {
							"pre": [0, 0, -3],
							"post": [0, 0, 0]
						}
					}
				},
				"constraint": {
					"rotation": [0.2, 0.1, 0.2],
					"position": [0.2, 0.2, 0.4]
				},
				"hammer": {
					"rotation": [-62.5, 0, 0]
				}
			},
			"sound_effects": {
				"0.1667": {
					"effect": "ccrp:marlin_1895/wfoly_sbeta_sn_reload_start_load_02"
				},
				"0.3333": {
					"effect": "ccrp:marlin_1895/wfoly_sbeta_sn_reload_loop_shells_03"
				}
			}
		},
		"reload_end": {
			"loop": "hold_on_last_frame",
			"animation_length": 0.5,
			"bones": {
				"lefthand": {
					"rotation": {
						"0.0": [92.69, -32.76, -156],
						"0.2": [107.69108, -32.75736, -156.00452]
					},
					"position": {
						"0.0": [8.2, -11.9, -10.2],
						"0.2": [7.7, -13.9, -10.2]
					},
					"scale": [1, 1.5, 1]
				},
				"righthand": {
					"rotation": {
						"0.0": [76.73588, 49.49775, -180.5801],
						"0.1": [89.49625, 6.99973, -180.06139]
					},
					"position": {
						"0.0": [-3.85, -27.07, 6.78],
						"0.2": [-6.85, -14.075, 6.775]
					},
					"scale": [1, 1.5, 1]
				},
				"refit_view": {
					"position": [0, -1, 11]
				},
				"root": {
					"rotation": {
						"0.0": {
							"post": [-13.93, -1.55, 51.03],
							"lerp_mode": "catmullrom"
						},
						"0.2333": {
							"post": [-2, 0, 2.43],
							"lerp_mode": "catmullrom"
						},
						"0.3667": {
							"post": [-0.77633, 0.41574, 1.5279],
							"lerp_mode": "catmullrom"
						},
						"0.4667": {
							"post": [0, 0, 0],
							"lerp_mode": "catmullrom"
						}
					},
					"position": {
						"0.0": {
							"post": [3.24, 0.23, 1.655],
							"lerp_mode": "catmullrom"
						},
						"0.1333": {
							"post": [1.33, -1.72, 0.68],
							"lerp_mode": "catmullrom"
						},
						"0.2667": {
							"post": [0.06, -0.17, -0.075],
							"lerp_mode": "catmullrom"
						},
						"0.3667": {
							"post": [-0.05, -0.045, 0.005],
							"lerp_mode": "catmullrom"
						},
						"0.4667": {
							"post": [0, 0, 0],
							"lerp_mode": "catmullrom"
						}
					}
				},
				"camera": {
					"rotation": {
						"0.0": {
							"post": [0, 0, 0],
							"lerp_mode": "catmullrom"
						},
						"0.1667": {
							"post": [1.045, 0, -0.86],
							"lerp_mode": "catmullrom"
						},
						"0.3": {
							"post": [-0.16, 0, 0.11],
							"lerp_mode": "catmullrom"
						},
						"0.4": {
							"post": [0.08, 0, -0.075],
							"lerp_mode": "catmullrom"
						},
						"0.4667": {
							"post": [0, 0, 0],
							"lerp_mode": "catmullrom"
						}
					}
				},
				"constraint": {
					"rotation": [0.2, 0.1, 0.2],
					"position": [0.2, 0.2, 0.4]
				},
				"hammer": {
					"rotation": [-62.5, 0, 0]
				}
			},
			"sound_effects": {
				"0.0": {
					"effect": "ccrp:marlin_1895/wfoly_sbeta_sn_reload_end_finish"
				}
			}
		},
		"reload_intro_empty": {
			"animation_length": 2.6333,
			"bones": {
				"lefthand": {
					"rotation": {
						"0.0": [107.69108, -32.75736, -156.00452],
						"0.2333": [92.69, -32.76, -156]
					},
					"position": {
						"0.0": [7.7, -13.9, -10.2],
						"0.1333": [8.2, -11.9, -10.2]
					},
					"scale": [1, 1.5, 1]
				},
				"righthand": {
					"rotation": {
						"0.1667": [89.49625, 6.99973, -180.06139],
						"0.3": [132, 7, -180.06],
						"0.4": [132, 7, -180.06],
						"0.5333": [132, 7, -180.06],
						"0.7": [132, 7, -180.06],
						"0.7667": [106.29289, 10.14535, -171.96337],
						"1.1667": [106.29289, 10.14535, -171.96337],
						"1.2667": [103.79289, 10.14535, -171.96337],
						"1.5": [132, 7, -180.06],
						"1.7": [132, 7, -180.06],
						"1.7667": [89.5873, 14.93944, -195.1404],
						"2.1": [89.5873, 14.93944, -195.1404],
						"2.4": [76.73588, 49.49775, -180.5801]
					},
					"position": {
						"0.1667": [-6.85, -14.075, 6.775],
						"0.3333": [-6.85, -18.54, 3.78],
						"0.4": [-6.85, -18.54, 3.78],
						"0.5333": [-6.85, -18.54, 3.78],
						"0.7": [-6.85, -28.54, 7.78],
						"0.7667": [-8.04, -9.595, 3.32],
						"1.0": [-7.69, -11.82, 3.32],
						"1.1667": [-7.69, -11.82, 3.32],
						"1.2667": [-7.69, -11.82, 3.32],
						"1.3667": [-9.13, -14.71, 1.41],
						"1.5": [-6.85, -18.54, 3.78],
						"1.7": [-6.85, -18.54, 3.78],
						"1.7667": [-6.85, -14.075, 6.775],
						"2.1": [-6.85, -14.075, 6.775],
						"2.4": [-3.85, -27.07, 6.78]
					},
					"scale": [1, 1.5, 1]
				},
				"refit_view": {
					"position": [0, -1, 11]
				},
				"constraint": {
					"rotation": [0.2, 0.1, 0.2],
					"position": [0.2, 0.2, 0.4]
				},
				"hammer": {
					"rotation": {
						"0.1667": [0, 0, 0],
						"0.3": [-72.93, 0, 0],
						"1.7333": [-72.93, 0, 0],
						"1.8": [-62.5, 0, 0]
					}
				},
				"root": {
					"rotation": {
						"0.0": [0, 0, 0],
						"0.2667": {
							"pre": [-13.98315, 0.86636, 74.8873],
							"post": [-13.98315, 0.86636, 74.8873],
							"lerp_mode": "catmullrom"
						},
						"0.3333": {
							"post": [-22.98, 0.87, 74.89],
							"lerp_mode": "catmullrom"
						},
						"0.4333": {
							"post": [-21.99733, 0.18627, 70.30041],
							"lerp_mode": "catmullrom"
						},
						"0.6": {
							"post": [-21.99733, 0.18627, 73.01041],
							"lerp_mode": "catmullrom"
						},
						"0.8": {
							"post": [-18.65827, -1.62531, 62.01059],
							"lerp_mode": "catmullrom"
						},
						"1.0": {
							"post": [-18.72931, 0.36522, 67.48332],
							"lerp_mode": "catmullrom"
						},
						"1.1333": {
							"post": [-15.95288, 1.03524, 69.53722],
							"lerp_mode": "catmullrom"
						},
						"1.2333": {
							"post": [-18.95288, 1.03524, 69.53722],
							"lerp_mode": "catmullrom"
						},
						"1.4": {
							"post": [-20.17553, -1.48054, 67.80133],
							"lerp_mode": "catmullrom"
						},
						"1.7": {
							"post": [-18.70332, -0.98932, 63.90511],
							"lerp_mode": "catmullrom"
						},
						"1.7667": {
							"post": [-12.7, -0.99, 63.91],
							"lerp_mode": "catmullrom"
						},
						"1.8667": {
							"post": [-12.73744, -0.109, 67.81199],
							"lerp_mode": "catmullrom"
						},
						"2.0667": {
							"post": [-15.9848, 0.69687, 63.36413],
							"lerp_mode": "catmullrom"
						},
						"2.2333": {
							"post": [-15.09917, -1.42441, 53.05822],
							"lerp_mode": "catmullrom"
						},
						"2.4": {
							"post": [-13.93, -1.55, 51.03],
							"lerp_mode": "catmullrom"
						}
					},
					"position": {
						"0.0": [0, 0, 0],
						"0.1333": [1.715, -0.68, 0],
						"0.2333": {
							"pre": [3.245, 0.23, 1.65],
							"post": [3.245, 0.23, 1.65],
							"lerp_mode": "catmullrom"
						},
						"0.3333": {
							"post": [3.52, 0.59, 1.205],
							"lerp_mode": "catmullrom"
						},
						"0.4667": {
							"post": [3.45, 0.155, 1.135],
							"lerp_mode": "catmullrom"
						},
						"0.6333": {
							"post": [3.52, 0.08, 1.21],
							"lerp_mode": "catmullrom"
						},
						"0.8333": {
							"post": [3.345, -0.085, 1.18],
							"lerp_mode": "catmullrom"
						},
						"1.0": {
							"post": [3.37, -0.105, 1.27],
							"lerp_mode": "catmullrom"
						},
						"1.0667": {
							"post": [3.38, 0.03, 1.88],
							"lerp_mode": "catmullrom"
						},
						"1.2333": {
							"post": [3.38, 0.03, 1.485],
							"lerp_mode": "catmullrom"
						},
						"1.5333": {
							"post": [3.42, -0.325, 1.41],
							"lerp_mode": "catmullrom"
						},
						"1.7333": {
							"post": [3.495, -0.16, 1.64],
							"lerp_mode": "catmullrom"
						},
						"1.7667": {
							"post": [3.645, 0.025, 1.64],
							"lerp_mode": "catmullrom"
						},
						"1.9": {
							"post": [3.65, -0.035, 1.355],
							"lerp_mode": "catmullrom"
						},
						"2.0333": {
							"post": [3.24, 0.235, 1.375],
							"lerp_mode": "catmullrom"
						},
						"2.2333": {
							"post": [3.22, 0, 1.375],
							"lerp_mode": "catmullrom"
						},
						"2.4": {
							"post": [3.24, 0.23, 1.655],
							"lerp_mode": "catmullrom"
						}
					}
				},
				"lever": {
					"rotation": {
						"0.1667": [0, 0, 0],
						"0.2667": [-60, 0, 0],
						"1.7": [-60, 0, 0],
						"1.7667": [0, 0, 0]
					}
				},
				"shell_ejection": {
					"rotation": {
						"0.1667": [0, 0, 0],
						"0.3": [0, 0, 0],
						"0.5667": [0, 480, 360],
						"0.6333": [0, 0, 0]
					},
					"position": {
						"0.1667": {
							"pre": [0, 0, 0],
							"post": [0, 0, 0],
							"lerp_mode": "catmullrom"
						},
						"0.2333": [0, 0, 0],
						"0.3": [0, 0, 0.5],
						"0.3667": [-5.09557, -0.6189, 0.52685],
						"0.4333": [-10.4357, -0.84841, 0.68538],
						"0.5": [-17.15144, -5.02007, 0.76563],
						"0.5667": [-19.92919, -13.13909, 0.66998],
						"0.6333": [0, 0, 0]
					},
					"scale": {
						"0.1667": [1, 1, 1],
						"0.3": [1, 1, 1],
						"0.5": [1, 1, 1],
						"0.5667": [0, 0, 0]
					}
				},
				"bolt": {
					"position": {
						"0.1667": [0, 0, 0],
						"0.2667": [0, 0, 2.7],
						"1.7": [0, 0, 2.7],
						"1.7667": [0, 0, 0]
					}
				},
				"45_70": {
					"rotation": {
						"0.7333": [-23.43, -7.68, 0],
						"0.8667": [-23.43, -7.68, 0],
						"1.0": [3.98542, -11.19694, 0],
						"1.1": [4.48265, -29.15179, 0],
						"1.1667": [0, 0, 0]
					},
					"position": {
						"0.7333": [3, -15.795, 6.58],
						"0.9": [-3.37, -0.865, 6.36],
						"1.0": [-0.91, 0.235, 1.835],
						"1.1": [0.21, 0.235, -0.22],
						"1.1667": [0, 0, -2.465],
						"1.2333": [0, 0, -2.965],
						"1.7": {
							"pre": [0, 0, -0.9],
							"post": [0, 0, 0]
						}
					},
					"scale": {
						"0.7333": {
							"pre": [0, 0, 0],
							"post": [1, 1, 1]
						}
					}
				},
				"camera": {
					"rotation": {
						"0.0": {
							"post": [0, 0, 0],
							"lerp_mode": "catmullrom"
						},
						"0.1333": {
							"post": [-0.44, 0, 0.57],
							"lerp_mode": "catmullrom"
						},
						"0.3": {
							"post": [-0.845, 0, 1.12],
							"lerp_mode": "catmullrom"
						},
						"0.3667": {
							"post": [0, 0, 0.22],
							"lerp_mode": "catmullrom"
						},
						"0.4333": {
							"post": [0, 0, 1.025],
							"lerp_mode": "catmullrom"
						},
						"0.5": {
							"post": [0, 0, 0.53],
							"lerp_mode": "catmullrom"
						},
						"0.6333": {
							"post": [0, 0, 0.935],
							"lerp_mode": "catmullrom"
						},
						"0.7667": {
							"post": [0, 0, -0.365],
							"lerp_mode": "catmullrom"
						},
						"1.0": {
							"post": [0, 0, 0.61],
							"lerp_mode": "catmullrom"
						},
						"1.1": {
							"post": [0, 0, 0.37],
							"lerp_mode": "catmullrom"
						},
						"1.1333": {
							"post": [0, 0, -0.545],
							"lerp_mode": "catmullrom"
						},
						"1.2": {
							"post": [0, 0, 0.605],
							"lerp_mode": "catmullrom"
						},
						"1.3": {
							"post": [0, 0, 0.1],
							"lerp_mode": "catmullrom"
						},
						"1.5": {
							"post": [0, 0, -1.185],
							"lerp_mode": "catmullrom"
						},
						"1.7333": {
							"post": [0, 0, -0.76],
							"lerp_mode": "catmullrom"
						},
						"1.8": {
							"post": [0, 0, 0.56],
							"lerp_mode": "catmullrom"
						},
						"1.9333": {
							"post": [0, 0, -0.23],
							"lerp_mode": "catmullrom"
						},
						"2.0667": {
							"post": [0, 0, 0.175],
							"lerp_mode": "catmullrom"
						},
						"2.2": {
							"post": [0, 0, 0],
							"lerp_mode": "catmullrom"
						}
					}
				},
				"bullet_in_mag": {
					"scale": 0
				},
				"bullet_and_hand": {
					"rotation": {
						"0.7": [0, 0, 0],
						"0.7333": [-23.43, -7.68, 0],
						"0.8667": [-23.43, -7.68, 0],
						"1.0": [3.93254, -6.20886, 0.34912],
						"1.1": [3.93254, -6.20886, 0.34912],
						"1.1667": [0, 0, 0]
					},
					"position": {
						"0.7": [0, 0, 0],
						"0.7333": [3, -15.795, 6.58],
						"0.9": [-3.37, -0.865, 6.36],
						"1.0": [-0.91, 0.235, 1.835],
						"1.1": [0.21, 0.235, -0.22],
						"1.1667": [0, 0, -2.465],
						"1.2667": [0, 0, -2.465],
						"1.3333": [0, 0, 0]
					}
				}
			},
			"sound_effects": {
				"0.0333": {
					"effect": "ccrp:marlin_1895/wfoly_sbeta_sn_rechamber_start"
				},
				"0.1": {
					"effect": "ccrp:marlin_1895/wfoly_sbeta_sn_rechamber_open"
				},
				"0.4667": {
					"effect": "ccrp:marlin_1895/wfoly_sbeta_sn_ads_rechamber_hands"
				},
				"0.7333": {
					"effect": "ccrp:marlin_1895/wfoly_sbeta_sn_reload_loop_shells_04"
				},
				"0.8": {
					"effect": "ccrp:marlin_1895/wfoly_sbeta_sn_reload_start_load_01"
				},
				"1.4667": {
					"effect": "ccrp:marlin_1895/wfoly_sbeta_sn_ads_rechamber_start"
				},
				"1.5333": {
					"effect": "ccrp:marlin_1895/wfoly_sbeta_sn_rechamber_close"
				},
				"1.8667": {
					"effect": "ccrp:marlin_1895/wfoly_sbeta_sn_drop_quick_down"
				}
			}
		},
		"static_bolt_caught": {
			"loop": true,
			"bones": {
				"hammer": {
					"rotation": [0, 0, 0]
				}
			}
		},
		"inspect": {
			"animation_length": 4.7,
			"bones": {
				"lefthand": {
					"rotation": {
						"0.0": [107.69108, -32.75736, -156.00452],
						"2.0": [107.69, -32.76, -156],
						"2.2": [110.22065, -8.99933, -172.47882],
						"4.0": [110.22065, -8.99933, -172.47882],
						"4.15": [107.69108, -32.75736, -156.00452]
					},
					"position": {
						"0.0": [7.7, -13.9, -10.2],
						"0.2": [8.2, -12.9, -5.2],
						"2.0": [8.2, -12.9, -5.2],
						"2.4": [8.19, -11.925, -5.2],
						"4.0": [8.19, -11.925, -5.2],
						"4.15": [7.7, -13.9, -10.2]
					},
					"scale": [1, 1.5, 1]
				},
				"righthand": {
					"rotation": {
						"0.0": [89.49625, 6.99973, -180.06139],
						"2.85": [89.5, 7, -180.06],
						"2.95": {
							"pre": [61.865, 7, -180.06],
							"post": [61.865, 7, -180.06],
							"lerp_mode": "catmullrom"
						},
						"3.65": {
							"post": [61.865, 7, -180.06],
							"lerp_mode": "catmullrom"
						},
						"3.7": [89.5, 7, -180.06]
					},
					"position": {
						"0.0": [-6.85, -14.075, 6.775],
						"2.85": [-6.85, -14.07, 6.78],
						"2.95": {
							"pre": [-6.85, -16.19, 6.75],
							"post": [-6.85, -16.19, 6.75],
							"lerp_mode": "catmullrom"
						},
						"3.65": {
							"post": [-6.85, -16.19, 6.75],
							"lerp_mode": "catmullrom"
						},
						"3.7": [-6.85, -14.07, 6.78]
					},
					"scale": [1, 1.5, 1]
				},
				"refit_view": {
					"position": [0, -1, 11]
				},
				"root": {
					"rotation": {
						"0.0": {
							"post": [0, 0, 0],
							"lerp_mode": "catmullrom"
						},
						"0.2": {
							"post": [-15.30902, -2.26482, -10.8535],
							"lerp_mode": "catmullrom"
						},
						"0.3": {
							"post": [-19.87196, -3.17785, -17.95906],
							"lerp_mode": "catmullrom"
						},
						"0.4": {
							"post": [-21.02, -3.65, -14.43],
							"lerp_mode": "catmullrom"
						},
						"0.5": {
							"post": [-22.61825, -4.52968, -16.70733],
							"lerp_mode": "catmullrom"
						},
						"0.65": {
							"post": [-22.75, -4.41, -17.665],
							"lerp_mode": "catmullrom"
						},
						"0.85": {
							"post": [-22.62, -4.53, -17.96],
							"lerp_mode": "catmullrom"
						},
						"1.05": {
							"post": [-21.83419, -7.56045, -25.65573],
							"lerp_mode": "catmullrom"
						},
						"1.25": {
							"post": [-21.78, -7.76, -26.34],
							"lerp_mode": "catmullrom"
						},
						"1.5": {
							"post": [-21.78, -7.74, -26.81],
							"lerp_mode": "catmullrom"
						},
						"1.7": {
							"post": [-21.8, -7.68, -27.385],
							"lerp_mode": "catmullrom"
						},
						"2.0": {
							"post": [-21.83419, -7.56045, -25.65573],
							"lerp_mode": "catmullrom"
						},
						"2.1": {
							"post": [-21.83419, -7.56045, -14.65573],
							"lerp_mode": "catmullrom"
						},
						"2.3": {
							"post": [-24.9445, 7.90002, 43.15984],
							"lerp_mode": "catmullrom"
						},
						"2.4": {
							"post": [-24.9445, 7.90002, 59.65984],
							"lerp_mode": "catmullrom"
						},
						"2.55": {
							"post": [-24.95, 7.88, 61.47],
							"lerp_mode": "catmullrom"
						},
						"2.65": {
							"post": [-24.96, 7.86, 60.99],
							"lerp_mode": "catmullrom"
						},
						"2.85": {
							"post": [-25, 7.75, 61.77],
							"lerp_mode": "catmullrom"
						},
						"2.95": {
							"post": [-22.74, 7.76, 68.875],
							"lerp_mode": "catmullrom"
						},
						"3.2": [-22.7245, 7.90002, 68.68484],
						"3.65": [-20.58, 8.33, 69.255],
						"3.7": {
							"pre": [-22.77, 8.53, 62.46],
							"post": [-22.77, 8.53, 62.46],
							"lerp_mode": "catmullrom"
						},
						"3.8": {
							"post": [-21.265, 8.53, 64.715],
							"lerp_mode": "catmullrom"
						},
						"3.9": {
							"post": [-22.77, 8.53, 62.46],
							"lerp_mode": "catmullrom"
						},
						"4.1": {
							"post": [-25.73373, 9.9815, 59.2622],
							"lerp_mode": "catmullrom"
						},
						"4.3": {
							"post": [-2.67436, -2.84081, 26.11685],
							"lerp_mode": "catmullrom"
						},
						"4.45": {
							"post": [2.37, -2.9, 0.4],
							"lerp_mode": "catmullrom"
						},
						"4.55": {
							"post": [0, 0, 1.25],
							"lerp_mode": "catmullrom"
						},
						"4.65": {
							"post": [0, 0, 0.5],
							"lerp_mode": "catmullrom"
						},
						"4.75": {
							"post": [0, 0, 0],
							"lerp_mode": "catmullrom"
						}
					},
					"position": {
						"0.0": {
							"post": [0, 0, 0],
							"lerp_mode": "catmullrom"
						},
						"0.2": {
							"post": [0.34, 0.6, 3.17],
							"lerp_mode": "catmullrom"
						},
						"0.3": {
							"post": [0.67385, 0.3, 4.26],
							"lerp_mode": "catmullrom"
						},
						"0.45": {
							"post": [0.67385, 0.4, 4.46],
							"lerp_mode": "catmullrom"
						},
						"2.05": {
							"post": [0.67385, 0.39886, 4.16],
							"lerp_mode": "catmullrom"
						},
						"2.4": [2.89414, -0.3546, 4.86],
						"2.8": {
							"pre": [2.89, -0.515, 4.86],
							"post": [2.89, -0.515, 4.86],
							"lerp_mode": "catmullrom"
						},
						"2.95": {
							"post": [2.595, -0.225, 5.035],
							"lerp_mode": "catmullrom"
						},
						"3.25": {
							"post": [2.595, -0.225, 5.035],
							"lerp_mode": "catmullrom"
						},
						"3.65": {
							"post": [2.595, -0.225, 5.035],
							"lerp_mode": "catmullrom"
						},
						"3.75": [2.89, -0.515, 4.86],
						"3.95": [2.89, -0.515, 5.14],
						"4.1": [2.21414, -0.3546, 3.905],
						"4.45": {
							"pre": [0, -0.425, 0.7],
							"post": [0, -0.425, 0.7],
							"lerp_mode": "catmullrom"
						},
						"4.6": {
							"post": [0.1, 0, -0.3],
							"lerp_mode": "catmullrom"
						},
						"4.7": {
							"post": [0, 0, 0],
							"lerp_mode": "catmullrom"
						}
					}
				},
				"lever": {
					"rotation": {
						"2.85": [0, 0, 0],
						"2.95": {
							"pre": [-30, 0, 0],
							"post": [-30, 0, 0],
							"lerp_mode": "catmullrom"
						},
						"3.65": {
							"post": [-30, 0, 0],
							"lerp_mode": "catmullrom"
						},
						"3.7": [0, 0, 0]
					}
				},
				"bolt": {
					"position": {
						"2.85": [0, 0, 0],
						"2.95": {
							"pre": [0, 0, 1.35],
							"post": [0, 0, 1.35],
							"lerp_mode": "catmullrom"
						},
						"3.65": {
							"post": [0, 0, 1.35],
							"lerp_mode": "catmullrom"
						},
						"3.7": [0, 0, 0]
					}
				},
				"camera": {
					"rotation": {
						"0.0": {
							"post": [0, 0, 0],
							"lerp_mode": "catmullrom"
						},
						"0.25": {
							"post": [1.305, 0, -0.79],
							"lerp_mode": "catmullrom"
						},
						"0.35": {
							"post": [1.105, 0, -0.59],
							"lerp_mode": "catmullrom"
						},
						"0.6": {
							"post": [0.635, 0, -0.975],
							"lerp_mode": "catmullrom"
						},
						"0.9": {
							"post": [0.64, 0, -0.98],
							"lerp_mode": "catmullrom"
						},
						"1.1": {
							"post": [1.1, 0, -0.185],
							"lerp_mode": "catmullrom"
						},
						"1.2": {
							"post": [0.95, 0, -0.33],
							"lerp_mode": "catmullrom"
						},
						"1.6": {
							"post": [0.81, 0, -0.49],
							"lerp_mode": "catmullrom"
						},
						"2.0": {
							"post": [0.95, 0, -0.33],
							"lerp_mode": "catmullrom"
						},
						"2.35": {
							"post": [2.03, 0, -1.73],
							"lerp_mode": "catmullrom"
						},
						"2.5": {
							"post": [1.675, 0, -1.38],
							"lerp_mode": "catmullrom"
						},
						"2.85": {
							"post": [1.32, 0, -0.97],
							"lerp_mode": "catmullrom"
						},
						"2.95": {
							"post": [2.755, 0, -2.47],
							"lerp_mode": "catmullrom"
						},
						"3.1": {
							"post": [1.92, 0, -1.615],
							"lerp_mode": "catmullrom"
						},
						"3.6": {
							"post": [1.92, 0, -1.61],
							"lerp_mode": "catmullrom"
						},
						"3.7": {
							"post": [0.52, 0, -0.29],
							"lerp_mode": "catmullrom"
						},
						"3.85": {
							"post": [1.36, 0, -0.85],
							"lerp_mode": "catmullrom"
						},
						"4.0": {
							"post": [0.96, 0, -0.57],
							"lerp_mode": "catmullrom"
						},
						"4.2": {
							"post": [-0.76, 0, 0.71],
							"lerp_mode": "catmullrom"
						},
						"4.4": {
							"post": [0.76, 0, -0.89],
							"lerp_mode": "catmullrom"
						},
						"4.55": {
							"post": [-0.24, 0, 0.27],
							"lerp_mode": "catmullrom"
						},
						"4.65": {
							"post": [0, 0, 0],
							"lerp_mode": "catmullrom"
						}
					}
				},
				"shell_ejection": {
					"scale": 0
				},
				"constraint": {
					"rotation": [0.2, 0.1, 0.2],
					"position": [0.2, 0.2, 0.4]
				},
				"hammer": {
					"rotation": [-62.5, 0, 0]
				}
			},
			"sound_effects": {
				"0.0": {
					"effect": "ccrp:marlin_1895/wfoly_sbeta_sn_reload_end_start"
				},
				"0.85": {
					"effect": "ccrp:marlin_1895/wfoly_sbeta_sn_reload_start_end"
				},
				"1.95": {
					"effect": "ccrp:marlin_1895/wfoly_sbeta_sn_reload_end_cock"
				},
				"2.85": {
					"effect": "ccrp:marlin_1895/wfoly_sbeta_sn_rechamber_open"
				},
				"3.6": {
					"effect": "ccrp:marlin_1895/wfoly_sbeta_sn_rechamber_close"
				},
				"4.0": {
					"effect": "ccrp:marlin_1895/wfoly_sbeta_sn_reload_end_finish"
				}
			}
		},
		"inspect_empty": {
			"animation_length": 4.8,
			"bones": {
				"lefthand": {
					"rotation": {
						"0.0": [107.69108, -32.75736, -156.00452],
						"2.0": [107.69, -32.76, -156],
						"2.2": [110.22065, -8.99933, -172.47882],
						"4.0": [110.22065, -8.99933, -172.47882],
						"4.15": [107.69108, -32.75736, -156.00452]
					},
					"position": {
						"0.0": [7.7, -13.9, -10.2],
						"0.2": [8.2, -12.9, -5.2],
						"2.0": [8.2, -12.9, -5.2],
						"2.4": [8.19, -11.925, -5.2],
						"4.0": [8.19, -11.925, -5.2],
						"4.15": [7.7, -13.9, -10.2]
					},
					"scale": [1, 1.5, 1]
				},
				"righthand": {
					"rotation": {
						"0.0": [89.49625, 6.99973, -180.06139],
						"2.85": [89.5, 7, -180.06],
						"2.95": {
							"pre": [61.865, 7, -180.06],
							"post": [61.865, 7, -180.06],
							"lerp_mode": "catmullrom"
						},
						"3.65": {
							"post": [61.865, 7, -180.06],
							"lerp_mode": "catmullrom"
						},
						"3.7": [89.5, 7, -180.06]
					},
					"position": {
						"0.0": [-6.85, -14.075, 6.775],
						"2.85": [-6.85, -14.07, 6.78],
						"2.95": {
							"pre": [-6.85, -16.19, 6.75],
							"post": [-6.85, -16.19, 6.75],
							"lerp_mode": "catmullrom"
						},
						"3.65": {
							"post": [-6.85, -16.19, 6.75],
							"lerp_mode": "catmullrom"
						},
						"3.7": [-6.85, -14.07, 6.78]
					},
					"scale": [1, 1.5, 1]
				},
				"refit_view": {
					"position": [0, -1, 11]
				},
				"hammer": {
					"rotation": {
						"2.85": [0, 0, 0],
						"3.0": [-60, 0, 0],
						"3.65": [-60, 0, 0],
						"3.7": [0, 0, 0]
					}
				},
				"root": {
					"rotation": {
						"0.0": {
							"post": [0, 0, 0],
							"lerp_mode": "catmullrom"
						},
						"0.2": {
							"post": [-15.30902, -2.26482, -10.8535],
							"lerp_mode": "catmullrom"
						},
						"0.3": {
							"post": [-19.87196, -3.17785, -17.95906],
							"lerp_mode": "catmullrom"
						},
						"0.4": {
							"post": [-21.02, -3.65, -14.43],
							"lerp_mode": "catmullrom"
						},
						"0.5": {
							"post": [-22.61825, -4.52968, -16.70733],
							"lerp_mode": "catmullrom"
						},
						"0.65": {
							"post": [-22.75, -4.41, -17.665],
							"lerp_mode": "catmullrom"
						},
						"0.85": {
							"post": [-22.62, -4.53, -17.96],
							"lerp_mode": "catmullrom"
						},
						"1.05": {
							"post": [-21.83419, -7.56045, -25.65573],
							"lerp_mode": "catmullrom"
						},
						"1.25": {
							"post": [-21.78, -7.76, -26.34],
							"lerp_mode": "catmullrom"
						},
						"1.5": {
							"post": [-21.78, -7.74, -26.81],
							"lerp_mode": "catmullrom"
						},
						"1.7": {
							"post": [-21.8, -7.68, -27.385],
							"lerp_mode": "catmullrom"
						},
						"2.0": {
							"post": [-21.83419, -7.56045, -25.65573],
							"lerp_mode": "catmullrom"
						},
						"2.1": {
							"post": [-21.83419, -7.56045, -14.65573],
							"lerp_mode": "catmullrom"
						},
						"2.3": {
							"post": [-24.9445, 7.90002, 43.15984],
							"lerp_mode": "catmullrom"
						},
						"2.4": {
							"post": [-24.9445, 7.90002, 59.65984],
							"lerp_mode": "catmullrom"
						},
						"2.55": {
							"post": [-24.95, 7.88, 61.47],
							"lerp_mode": "catmullrom"
						},
						"2.65": {
							"post": [-24.96, 7.86, 60.99],
							"lerp_mode": "catmullrom"
						},
						"2.85": {
							"post": [-25, 7.75, 61.77],
							"lerp_mode": "catmullrom"
						},
						"2.95": {
							"post": [-22.74, 7.76, 68.875],
							"lerp_mode": "catmullrom"
						},
						"3.2": [-22.7245, 7.90002, 68.68484],
						"3.65": [-20.58, 8.33, 69.255],
						"3.7": {
							"pre": [-22.77, 8.53, 62.46],
							"post": [-22.77, 8.53, 62.46],
							"lerp_mode": "catmullrom"
						},
						"3.8": {
							"post": [-21.265, 8.53, 64.715],
							"lerp_mode": "catmullrom"
						},
						"3.9": {
							"post": [-22.77, 8.53, 62.46],
							"lerp_mode": "catmullrom"
						},
						"4.1": {
							"post": [-25.73373, 9.9815, 59.2622],
							"lerp_mode": "catmullrom"
						},
						"4.3": {
							"post": [-2.67436, -2.84081, 26.11685],
							"lerp_mode": "catmullrom"
						},
						"4.45": {
							"post": [2.37, -2.9, 0.4],
							"lerp_mode": "catmullrom"
						},
						"4.55": {
							"post": [0, 0, 1.25],
							"lerp_mode": "catmullrom"
						},
						"4.65": {
							"post": [0, 0, 0.5],
							"lerp_mode": "catmullrom"
						},
						"4.75": {
							"post": [0, 0, 0],
							"lerp_mode": "catmullrom"
						}
					},
					"position": {
						"0.0": {
							"post": [0, 0, 0],
							"lerp_mode": "catmullrom"
						},
						"0.2": {
							"post": [0.34, 0.6, 3.17],
							"lerp_mode": "catmullrom"
						},
						"0.3": {
							"post": [0.67385, 0.3, 4.26],
							"lerp_mode": "catmullrom"
						},
						"0.45": {
							"post": [0.67385, 0.4, 4.46],
							"lerp_mode": "catmullrom"
						},
						"2.05": {
							"post": [0.67385, 0.39886, 4.16],
							"lerp_mode": "catmullrom"
						},
						"2.4": [2.89414, -0.3546, 4.86],
						"2.8": {
							"pre": [2.89, -0.515, 4.86],
							"post": [2.89, -0.515, 4.86],
							"lerp_mode": "catmullrom"
						},
						"2.95": {
							"post": [2.595, -0.225, 5.035],
							"lerp_mode": "catmullrom"
						},
						"3.25": {
							"post": [2.595, -0.225, 5.035],
							"lerp_mode": "catmullrom"
						},
						"3.65": {
							"post": [2.595, -0.225, 5.035],
							"lerp_mode": "catmullrom"
						},
						"3.75": [2.89, -0.515, 4.86],
						"3.95": [2.89, -0.515, 5.14],
						"4.1": [2.21414, -0.3546, 3.905],
						"4.45": {
							"pre": [0, -0.425, 0.7],
							"post": [0, -0.425, 0.7],
							"lerp_mode": "catmullrom"
						},
						"4.6": {
							"post": [0.1, 0, -0.3],
							"lerp_mode": "catmullrom"
						},
						"4.7": {
							"post": [0, 0, 0],
							"lerp_mode": "catmullrom"
						}
					}
				},
				"lever": {
					"rotation": {
						"2.85": [0, 0, 0],
						"2.95": {
							"pre": [-30, 0, 0],
							"post": [-30, 0, 0],
							"lerp_mode": "catmullrom"
						},
						"3.65": {
							"post": [-30, 0, 0],
							"lerp_mode": "catmullrom"
						},
						"3.7": [0, 0, 0]
					}
				},
				"bolt": {
					"position": {
						"2.85": [0, 0, 0],
						"2.95": {
							"pre": [0, 0, 1.35],
							"post": [0, 0, 1.35],
							"lerp_mode": "catmullrom"
						},
						"3.65": {
							"post": [0, 0, 1.35],
							"lerp_mode": "catmullrom"
						},
						"3.7": [0, 0, 0]
					}
				},
				"head": {
					"scale": 0
				},
				"bullet_in_mag": {
					"scale": 0
				},
				"camera": {
					"rotation": {
						"0.0": {
							"post": [0, 0, 0],
							"lerp_mode": "catmullrom"
						},
						"0.25": {
							"post": [1.305, 0, -0.79],
							"lerp_mode": "catmullrom"
						},
						"0.35": {
							"post": [1.105, 0, -0.59],
							"lerp_mode": "catmullrom"
						},
						"0.6": {
							"post": [0.635, 0, -0.975],
							"lerp_mode": "catmullrom"
						},
						"0.9": {
							"post": [0.64, 0, -0.98],
							"lerp_mode": "catmullrom"
						},
						"1.1": {
							"post": [1.1, 0, -0.185],
							"lerp_mode": "catmullrom"
						},
						"1.2": {
							"post": [0.95, 0, -0.33],
							"lerp_mode": "catmullrom"
						},
						"1.6": {
							"post": [0.81, 0, -0.49],
							"lerp_mode": "catmullrom"
						},
						"2.0": {
							"post": [0.95, 0, -0.33],
							"lerp_mode": "catmullrom"
						},
						"2.35": {
							"post": [2.03, 0, -1.73],
							"lerp_mode": "catmullrom"
						},
						"2.5": {
							"post": [1.675, 0, -1.38],
							"lerp_mode": "catmullrom"
						},
						"2.85": {
							"post": [1.32, 0, -0.97],
							"lerp_mode": "catmullrom"
						},
						"2.95": {
							"post": [2.755, 0, -2.47],
							"lerp_mode": "catmullrom"
						},
						"3.1": {
							"post": [1.92, 0, -1.615],
							"lerp_mode": "catmullrom"
						},
						"3.6": {
							"post": [1.92, 0, -1.61],
							"lerp_mode": "catmullrom"
						},
						"3.7": {
							"post": [0.52, 0, -0.29],
							"lerp_mode": "catmullrom"
						},
						"3.85": {
							"post": [1.36, 0, -0.85],
							"lerp_mode": "catmullrom"
						},
						"4.0": {
							"post": [0.96, 0, -0.57],
							"lerp_mode": "catmullrom"
						},
						"4.2": {
							"post": [-0.76, 0, 0.71],
							"lerp_mode": "catmullrom"
						},
						"4.4": {
							"post": [0.76, 0, -0.89],
							"lerp_mode": "catmullrom"
						},
						"4.55": {
							"post": [-0.24, 0, 0.27],
							"lerp_mode": "catmullrom"
						},
						"4.65": {
							"post": [0, 0, 0],
							"lerp_mode": "catmullrom"
						}
					}
				},
				"shell_ejection": {
					"scale": 0
				},
				"constraint": {
					"rotation": [0.2, 0.1, 0.2],
					"position": [0.2, 0.2, 0.4]
				}
			},
			"sound_effects": {
				"0.0": {
					"effect": "ccrp:marlin_1895/wfoly_sbeta_sn_reload_end_start"
				},
				"0.85": {
					"effect": "ccrp:marlin_1895/wfoly_sbeta_sn_reload_start_end"
				},
				"1.95": {
					"effect": "ccrp:marlin_1895/wfoly_sbeta_sn_reload_end_cock"
				},
				"2.85": {
					"effect": "ccrp:marlin_1895/wfoly_sbeta_sn_rechamber_open"
				},
				"3.6": {
					"effect": "ccrp:marlin_1895/wfoly_sbeta_sn_rechamber_close"
				},
				"4.0": {
					"effect": "ccrp:marlin_1895/wfoly_sbeta_sn_reload_end_finish"
				}
			}
		},
		"inspect_01": {
			"animation_length": 4.7,
			"bones": {
				"lefthand": {
					"rotation": {
						"0.0": [107.69108, -32.75736, -156.00452],
						"2.0": [107.69, -32.76, -156],
						"2.2": [110.22065, -8.99933, -172.47882],
						"4.0": [110.22065, -8.99933, -172.47882],
						"4.15": [107.69108, -32.75736, -156.00452]
					},
					"position": {
						"0.0": [7.7, -13.9, -10.2],
						"0.2": [8.2, -12.9, -5.2],
						"2.0": [8.2, -12.9, -5.2],
						"2.4": [8.19, -11.925, -5.2],
						"4.0": [8.19, -11.925, -5.2],
						"4.15": [7.7, -13.9, -10.2]
					},
					"scale": [1, 1.5, 1]
				},
				"righthand": {
					"rotation": {
						"0.0": [89.49625, 6.99973, -180.06139],
						"2.85": [89.5, 7, -180.06],
						"2.95": {
							"pre": [61.865, 7, -180.06],
							"post": [61.865, 7, -180.06],
							"lerp_mode": "catmullrom"
						},
						"3.65": {
							"post": [61.865, 7, -180.06],
							"lerp_mode": "catmullrom"
						},
						"3.7": [89.5, 7, -180.06]
					},
					"position": {
						"0.0": [-6.85, -14.075, 6.775],
						"2.85": [-6.85, -14.07, 6.78],
						"2.95": {
							"pre": [-6.85, -16.19, 6.75],
							"post": [-6.85, -16.19, 6.75],
							"lerp_mode": "catmullrom"
						},
						"3.65": {
							"post": [-6.85, -16.19, 6.75],
							"lerp_mode": "catmullrom"
						},
						"3.7": [-6.85, -14.07, 6.78]
					},
					"scale": [1, 1.5, 1]
				},
				"refit_view": {
					"position": [0, -1, 11]
				},
				"root": {
					"rotation": {
						"0.0": {
							"post": [0, 0, 0],
							"lerp_mode": "catmullrom"
						},
						"0.2": {
							"post": [-15.30902, -2.26482, -10.8535],
							"lerp_mode": "catmullrom"
						},
						"0.3": {
							"post": [-19.87196, -3.17785, -17.95906],
							"lerp_mode": "catmullrom"
						},
						"0.4": {
							"post": [-21.02, -3.65, -14.43],
							"lerp_mode": "catmullrom"
						},
						"0.5": {
							"post": [-22.61825, -4.52968, -16.70733],
							"lerp_mode": "catmullrom"
						},
						"0.65": {
							"post": [-22.75, -4.41, -17.665],
							"lerp_mode": "catmullrom"
						},
						"0.85": {
							"post": [-22.62, -4.53, -17.96],
							"lerp_mode": "catmullrom"
						},
						"1.05": {
							"post": [-21.83419, -7.56045, -25.65573],
							"lerp_mode": "catmullrom"
						},
						"1.25": {
							"post": [-21.78, -7.76, -26.34],
							"lerp_mode": "catmullrom"
						},
						"1.5": {
							"post": [-21.78, -7.74, -26.81],
							"lerp_mode": "catmullrom"
						},
						"1.7": {
							"post": [-21.8, -7.68, -27.385],
							"lerp_mode": "catmullrom"
						},
						"2.0": {
							"post": [-21.83419, -7.56045, -25.65573],
							"lerp_mode": "catmullrom"
						},
						"2.1": {
							"post": [-21.83419, -7.56045, -14.65573],
							"lerp_mode": "catmullrom"
						},
						"2.3": {
							"post": [-24.9445, 7.90002, 43.15984],
							"lerp_mode": "catmullrom"
						},
						"2.4": {
							"post": [-24.9445, 7.90002, 59.65984],
							"lerp_mode": "catmullrom"
						},
						"2.55": {
							"post": [-24.95, 7.88, 61.47],
							"lerp_mode": "catmullrom"
						},
						"2.65": {
							"post": [-24.96, 7.86, 60.99],
							"lerp_mode": "catmullrom"
						},
						"2.85": {
							"post": [-25, 7.75, 61.77],
							"lerp_mode": "catmullrom"
						},
						"2.95": {
							"post": [-22.74, 7.76, 68.875],
							"lerp_mode": "catmullrom"
						},
						"3.2": [-22.7245, 7.90002, 68.68484],
						"3.65": [-20.58, 8.33, 69.255],
						"3.7": {
							"pre": [-22.77, 8.53, 62.46],
							"post": [-22.77, 8.53, 62.46],
							"lerp_mode": "catmullrom"
						},
						"3.8": {
							"post": [-21.265, 8.53, 64.715],
							"lerp_mode": "catmullrom"
						},
						"3.9": {
							"post": [-22.77, 8.53, 62.46],
							"lerp_mode": "catmullrom"
						},
						"4.1": {
							"post": [-25.73373, 9.9815, 59.2622],
							"lerp_mode": "catmullrom"
						},
						"4.3": {
							"post": [-2.67436, -2.84081, 26.11685],
							"lerp_mode": "catmullrom"
						},
						"4.45": {
							"post": [2.37, -2.9, 0.4],
							"lerp_mode": "catmullrom"
						},
						"4.55": {
							"post": [0, 0, 1.25],
							"lerp_mode": "catmullrom"
						},
						"4.65": {
							"post": [0, 0, 0.5],
							"lerp_mode": "catmullrom"
						},
						"4.75": {
							"post": [0, 0, 0],
							"lerp_mode": "catmullrom"
						}
					},
					"position": {
						"0.0": {
							"post": [0, 0, 0],
							"lerp_mode": "catmullrom"
						},
						"0.2": {
							"post": [0.34, 0.6, 3.17],
							"lerp_mode": "catmullrom"
						},
						"0.3": {
							"post": [0.67385, 0.3, 4.26],
							"lerp_mode": "catmullrom"
						},
						"0.45": {
							"post": [0.67385, 0.4, 4.46],
							"lerp_mode": "catmullrom"
						},
						"2.05": {
							"post": [0.67385, 0.39886, 4.16],
							"lerp_mode": "catmullrom"
						},
						"2.4": [2.89414, -0.3546, 4.86],
						"2.8": {
							"pre": [2.89, -0.515, 4.86],
							"post": [2.89, -0.515, 4.86],
							"lerp_mode": "catmullrom"
						},
						"2.95": {
							"post": [2.595, -0.225, 5.035],
							"lerp_mode": "catmullrom"
						},
						"3.25": {
							"post": [2.595, -0.225, 5.035],
							"lerp_mode": "catmullrom"
						},
						"3.65": {
							"post": [2.595, -0.225, 5.035],
							"lerp_mode": "catmullrom"
						},
						"3.75": [2.89, -0.515, 4.86],
						"3.95": [2.89, -0.515, 5.14],
						"4.1": [2.21414, -0.3546, 3.905],
						"4.45": {
							"pre": [0, -0.425, 0.7],
							"post": [0, -0.425, 0.7],
							"lerp_mode": "catmullrom"
						},
						"4.6": {
							"post": [0.1, 0, -0.3],
							"lerp_mode": "catmullrom"
						},
						"4.7": {
							"post": [0, 0, 0],
							"lerp_mode": "catmullrom"
						}
					}
				},
				"lever": {
					"rotation": {
						"2.85": [0, 0, 0],
						"2.95": {
							"pre": [-30, 0, 0],
							"post": [-30, 0, 0],
							"lerp_mode": "catmullrom"
						},
						"3.65": {
							"post": [-30, 0, 0],
							"lerp_mode": "catmullrom"
						},
						"3.7": [0, 0, 0]
					}
				},
				"bolt": {
					"position": {
						"2.85": [0, 0, 0],
						"2.95": {
							"pre": [0, 0, 1.35],
							"post": [0, 0, 1.35],
							"lerp_mode": "catmullrom"
						},
						"3.65": {
							"post": [0, 0, 1.35],
							"lerp_mode": "catmullrom"
						},
						"3.7": [0, 0, 0]
					}
				},
				"bullet_in_mag": {
					"scale": 0
				},
				"camera": {
					"rotation": {
						"0.0": {
							"post": [0, 0, 0],
							"lerp_mode": "catmullrom"
						},
						"0.25": {
							"post": [1.305, 0, -0.79],
							"lerp_mode": "catmullrom"
						},
						"0.35": {
							"post": [1.105, 0, -0.59],
							"lerp_mode": "catmullrom"
						},
						"0.6": {
							"post": [0.635, 0, -0.975],
							"lerp_mode": "catmullrom"
						},
						"0.9": {
							"post": [0.64, 0, -0.98],
							"lerp_mode": "catmullrom"
						},
						"1.1": {
							"post": [1.1, 0, -0.185],
							"lerp_mode": "catmullrom"
						},
						"1.2": {
							"post": [0.95, 0, -0.33],
							"lerp_mode": "catmullrom"
						},
						"1.6": {
							"post": [0.81, 0, -0.49],
							"lerp_mode": "catmullrom"
						},
						"2.0": {
							"post": [0.95, 0, -0.33],
							"lerp_mode": "catmullrom"
						},
						"2.35": {
							"post": [2.03, 0, -1.73],
							"lerp_mode": "catmullrom"
						},
						"2.5": {
							"post": [1.675, 0, -1.38],
							"lerp_mode": "catmullrom"
						},
						"2.85": {
							"post": [1.32, 0, -0.97],
							"lerp_mode": "catmullrom"
						},
						"2.95": {
							"post": [2.755, 0, -2.47],
							"lerp_mode": "catmullrom"
						},
						"3.1": {
							"post": [1.92, 0, -1.615],
							"lerp_mode": "catmullrom"
						},
						"3.6": {
							"post": [1.92, 0, -1.61],
							"lerp_mode": "catmullrom"
						},
						"3.7": {
							"post": [0.52, 0, -0.29],
							"lerp_mode": "catmullrom"
						},
						"3.85": {
							"post": [1.36, 0, -0.85],
							"lerp_mode": "catmullrom"
						},
						"4.0": {
							"post": [0.96, 0, -0.57],
							"lerp_mode": "catmullrom"
						},
						"4.2": {
							"post": [-0.76, 0, 0.71],
							"lerp_mode": "catmullrom"
						},
						"4.4": {
							"post": [0.76, 0, -0.89],
							"lerp_mode": "catmullrom"
						},
						"4.55": {
							"post": [-0.24, 0, 0.27],
							"lerp_mode": "catmullrom"
						},
						"4.65": {
							"post": [0, 0, 0],
							"lerp_mode": "catmullrom"
						}
					}
				},
				"shell_ejection": {
					"scale": 0
				},
				"constraint": {
					"rotation": [0.2, 0.1, 0.2],
					"position": [0.2, 0.2, 0.4]
				},
				"hammer": {
					"rotation": [-62.5, 0, 0]
				}
			},
			"sound_effects": {
				"0.0": {
					"effect": "ccrp:marlin_1895/wfoly_sbeta_sn_reload_end_start"
				},
				"0.85": {
					"effect": "ccrp:marlin_1895/wfoly_sbeta_sn_reload_start_end"
				},
				"1.95": {
					"effect": "ccrp:marlin_1895/wfoly_sbeta_sn_reload_end_cock"
				},
				"2.85": {
					"effect": "ccrp:marlin_1895/wfoly_sbeta_sn_rechamber_open"
				},
				"3.6": {
					"effect": "ccrp:marlin_1895/wfoly_sbeta_sn_rechamber_close"
				},
				"4.0": {
					"effect": "ccrp:marlin_1895/wfoly_sbeta_sn_reload_end_finish"
				}
			}
		},
		"shoot": {
			"loop": true,
			"animation_length": 1.2333,
			"bones": {
				"root": {
					"rotation": {
						"0.0": {
							"post": [0, 0, 0],
							"lerp_mode": "catmullrom"
						},
						"0.0333": {
							"post": [1.24069, 0.15232, -6.99835],
							"lerp_mode": "catmullrom"
						},
						"0.0667": {
							"post": [-5.82024, 1.33042, 5.79388],
							"lerp_mode": "catmullrom"
						},
						"0.1333": {
							"post": [-6.38564, -0.61289, -1.91761],
							"lerp_mode": "catmullrom"
						},
						"0.2": {
							"post": [-6.0138, -0.64862, -3.1926],
							"lerp_mode": "catmullrom"
						},
						"0.3": {
							"post": [-3.22698, -0.95049, 1.89646],
							"lerp_mode": "catmullrom"
						},
						"0.4667": {
							"post": [-0.42425, 0.27786, 0.43549],
							"lerp_mode": "catmullrom"
						},
						"0.7": {
							"post": [0.23068, -0.21405, -0.46178],
							"lerp_mode": "catmullrom"
						},
						"0.9": {
							"post": [-0.09988, 0.076, 0.12379],
							"lerp_mode": "catmullrom"
						},
						"1.0667": {
							"post": [0.04509, 0.01634, -0.04605],
							"lerp_mode": "catmullrom"
						},
						"1.2333": {
							"post": [0, 0, 0],
							"lerp_mode": "catmullrom"
						}
					},
					"position": {
						"0.0": {
							"post": [0, 0, 0],
							"lerp_mode": "catmullrom"
						},
						"0.0333": {
							"post": [0, -0.75, 1.95],
							"lerp_mode": "catmullrom"
						},
						"0.0667": {
							"post": [0, 0.675, 2.33],
							"lerp_mode": "catmullrom"
						},
						"0.1667": {
							"post": [-0.125, 1.18, 1.275],
							"lerp_mode": "catmullrom"
						},
						"0.2333": {
							"post": [-0.11, 0.94, 0.41],
							"lerp_mode": "catmullrom"
						},
						"0.3": {
							"post": [-0.075, 0.51, -0.005],
							"lerp_mode": "catmullrom"
						},
						"0.4333": {
							"post": [0, -0.47, -0.485],
							"lerp_mode": "catmullrom"
						},
						"0.5667": {
							"post": [0, -0.78, -0.095],
							"lerp_mode": "catmullrom"
						},
						"0.7333": {
							"post": [0, -0.415, 0.06],
							"lerp_mode": "catmullrom"
						},
						"0.9": {
							"post": [0, -0.15, 0.1],
							"lerp_mode": "catmullrom"
						},
						"1.0667": {
							"post": [0.03125, -0.17, -0.03],
							"lerp_mode": "catmullrom"
						},
						"1.2333": {
							"post": [0, 0, 0],
							"lerp_mode": "catmullrom"
						}
					}
				},
				"camera": {
					"rotation": {
						"0.0": {
							"post": [0, 0, 0],
							"lerp_mode": "catmullrom"
						},
						"0.0333": {
							"post": [0, 0, 3.4],
							"lerp_mode": "catmullrom"
						},
						"0.0667": {
							"post": [0, 0, -2.875],
							"lerp_mode": "catmullrom"
						},
						"0.1": {
							"post": [0, 0, 2.445],
							"lerp_mode": "catmullrom"
						},
						"0.1667": {
							"post": [0, 0, -2.055],
							"lerp_mode": "catmullrom"
						},
						"0.2333": {
							"post": [0, 0, 1.37],
							"lerp_mode": "catmullrom"
						},
						"0.3": {
							"post": [0, 0, -0.85],
							"lerp_mode": "catmullrom"
						},
						"0.3667": {
							"post": [0, 0, 0.525],
							"lerp_mode": "catmullrom"
						},
						"0.4333": {
							"post": [0, 0, -0.125],
							"lerp_mode": "catmullrom"
						},
						"0.5333": {
							"post": [0, 0, 0],
							"lerp_mode": "catmullrom"
						}
					}
				},
				"hammer": {
					"rotation": {
						"0.0": [62.5, 0, 0],
						"0.5333": {"pre": [62.5, 0, 0], "post": [0, 0, 0]}
					}
				},
				"constraint": {
					"rotation": {
						"0.0": [0.75, 0.15, 0.65],
						"1.2333": [0, 0, 0]
					},
					"position": {
						"0.0": [0.5, 0.5, 0.6],
						"1.2333": [0, 0, 0]
					}
				}
			}
		},
		"put_away": {
			"animation_length": 0.4333,
			"bones": {
				"lefthand": {
					"rotation": {
						"0.0": [107.69108, -32.75736, -156.00452],
						"0.1333": [169.13843, 3.15772, -219.72112],
						"0.2667": [168.76095, 1.2363, -229.54249]
					},
					"position": {
						"0.0": [7.7, -13.9, -10.2],
						"0.0667": [8.66185, -10.53957, -9.25509],
						"0.1333": [8.08317, -8.39052, -7.47966],
						"0.2667": [8.08317, -8.39052, -7.47966]
					},
					"scale": [1, 1.5, 1]
				},
				"righthand": {
					"rotation": [89.49625, 6.99973, -180.06139],
					"position": [-6.85, -14.075, 6.775],
					"scale": [1, 1.5, 1]
				},
				"root": {
					"rotation": {
						"0.0": {
							"post": [0, 0, 0],
							"lerp_mode": "catmullrom"
						},
						"0.0667": {
							"post": [-0.51171, -3.6801, -4.19401],
							"lerp_mode": "catmullrom"
						},
						"0.1667": {
							"post": [4.36882, -11.73179, -10.29382],
							"lerp_mode": "catmullrom"
						},
						"0.2333": {
							"post": [11.60471, -21.56305, -3.66288],
							"lerp_mode": "catmullrom"
						},
						"0.3333": {
							"post": [16.97, -33.62, 3.38],
							"lerp_mode": "catmullrom"
						},
						"0.4333": {
							"post": [34.73, -44.04, -3.09],
							"lerp_mode": "catmullrom"
						}
					},
					"position": {
						"0.0": {
							"post": [0, 0, 0],
							"lerp_mode": "catmullrom"
						},
						"0.0667": {
							"post": [0, -0.49, -0.02],
							"lerp_mode": "catmullrom"
						},
						"0.1667": {
							"post": [-0.52, -1.47, -0.56],
							"lerp_mode": "catmullrom"
						},
						"0.2333": {
							"post": [-0.36, -2.92, -0.84],
							"lerp_mode": "catmullrom"
						},
						"0.3333": {
							"post": [0.13, -5.86, -0.16],
							"lerp_mode": "catmullrom"
						},
						"0.4333": {
							"post": [1.72, -9.68, 0.16],
							"lerp_mode": "catmullrom"
						}
					}
				},
				"camera": {
					"rotation": {
						"0.0": {
							"post": [0, 0, 0],
							"lerp_mode": "catmullrom"
						},
						"0.1333": {
							"post": [0.35, 0.025, -0.225],
							"lerp_mode": "catmullrom"
						},
						"0.3": {
							"post": [0.1, 0.025, 0.075],
							"lerp_mode": "catmullrom"
						},
						"0.4333": {
							"post": [0, 0, 0],
							"lerp_mode": "catmullrom"
						}
					}
				}
			},
			"sound_effects": {
				"0.0333": {
					"effect": "ccrp:marlin_1895/wfoly_sbeta_sn_drop_down"
				}
			}
		},
		"draw": {
			"animation_length": 0.7333,
			"bones": {
				"lefthand": {
					"rotation": [107.69108, -32.75736, -156.00452],
					"position": [7.7, -13.9, -10.2],
					"scale": [1, 1.5, 1]
				},
				"righthand": {
					"rotation": [89.49625, 6.99973, -180.06139],
					"position": [-6.85, -14.075, 6.775],
					"scale": [1, 1.5, 1]
				},
				"root": {
					"rotation": {
						"0.0": {
							"post": [0.811, -32.64455, 33.95463],
							"lerp_mode": "catmullrom"
						},
						"0.1": {
							"post": [5.88301, -29.75023, 5.08656],
							"lerp_mode": "catmullrom"
						},
						"0.2667": {
							"post": [0.28514, -4.44535, -0.52252],
							"lerp_mode": "catmullrom"
						},
						"0.3667": {
							"post": [-0.8526, -0.39013, -4.13439],
							"lerp_mode": "catmullrom"
						},
						"0.4333": {
							"post": [-0.01, -0.435, -0.76],
							"lerp_mode": "catmullrom"
						},
						"0.5": {
							"post": [1.01337, -0.38036, -1.29904],
							"lerp_mode": "catmullrom"
						},
						"0.6333": {
							"post": [0, 0.25, -1.25],
							"lerp_mode": "catmullrom"
						},
						"0.7333": {
							"post": [0, 0, 0],
							"lerp_mode": "catmullrom"
						}
					},
					"position": {
						"0.0": {
							"post": [-3.18, -5.58, 13.525],
							"lerp_mode": "catmullrom"
						},
						"0.1": {
							"post": [-0.9, -2.45, 2.7],
							"lerp_mode": "catmullrom"
						},
						"0.2333": {
							"post": [-0.25, -0.9425, -1.14],
							"lerp_mode": "catmullrom"
						},
						"0.3": {
							"post": [-0.03, -0.3025, -0.8],
							"lerp_mode": "catmullrom"
						},
						"0.4": {
							"post": [-0.03, -0.1475, -0.145],
							"lerp_mode": "catmullrom"
						},
						"0.5": {
							"post": [-0.01, -0.2, 0.065],
							"lerp_mode": "catmullrom"
						},
						"0.5667": {
							"post": [0, -0.08125, 0],
							"lerp_mode": "catmullrom"
						},
						"0.7333": {
							"post": [0, 0, 0],
							"lerp_mode": "catmullrom"
						}
					}
				},
				"camera": {
					"rotation": {
						"0.0": {
							"post": [0, 0, 0],
							"lerp_mode": "catmullrom"
						},
						"0.1667": {
							"post": [0.45, -0.175, 0.6],
							"lerp_mode": "catmullrom"
						},
						"0.4": {
							"post": [-0.1, 0.05, -0.175],
							"lerp_mode": "catmullrom"
						},
						"0.5": {
							"post": [0.05, 0, 0.05],
							"lerp_mode": "catmullrom"
						},
						"0.6667": {
							"post": [0, 0, 0],
							"lerp_mode": "catmullrom"
						}
					}
				}
			},
			"sound_effects": {
				"0.0": {
					"effect": "ccrp:marlin_1895/wfoly_sbeta_sn_raise_quick_up"
				}
			}
		},
		"bolt": {
			"loop": "hold_on_last_frame",
			"animation_length": 0.6667,
			"bones": {
				"lefthand": {
					"rotation": [107.69108, -32.75736, -156.00452],
					"position": [7.7, -13.9, -10.2],
					"scale": [1, 1.5, 1]
				},
				"righthand": {
					"rotation": {
						"0.0": [89.49625, 6.99973, -180.06139],
						"0.1333": [132, 7, -180.06],
						"0.2333": [132, 7, -180.06],
						"0.3333": [89.49625, 6.99973, -180.06139]
					},
					"position": {
						"0.0": [-6.85, -14.075, 6.775],
						"0.1667": [-6.85, -18.54, 3.78],
						"0.2333": [-6.85, -18.54, 3.78],
						"0.3667": [-6.85, -14.075, 6.775]
					},
					"scale": [1, 1.5, 1]
				},
				"refit_view": {
					"position": [0, -1, 11]
				},
				"root": {
					"rotation": {
						"0.0": [0, 0, 0],
						"0.1": [-4.30067, 0.43399, 7.46207],
						"0.1667": [-4.30067, 0.43399, 7.46207],
						"0.2": [-4.30403, -0.34723, 3.03036],
						"0.2667": [-4.31, 0, 5],
						"0.4": {
							"pre": [0, 0, 2],
							"post": [0, 0, 2],
							"lerp_mode": "catmullrom"
						},
						"0.5": {
							"post": [0, 0, 0],
							"lerp_mode": "catmullrom"
						}
					},
					"position": {
						"0.0": [0, 0, 0],
						"0.1": [0, 0, 0],
						"0.1667": {
							"pre": [0, 0, -1.155],
							"post": [0, 0, -1.155],
							"lerp_mode": "catmullrom"
						},
						"0.2333": {
							"post": [0, 0, -1.155],
							"lerp_mode": "catmullrom"
						},
						"0.3333": {
							"post": [0, 0, 0],
							"lerp_mode": "catmullrom"
						},
						"0.4333": [0, 0, 0.335],
						"0.5333": [0, 0, 0]
					}
				},
				"bolt": {
					"position": {
						"0.0": [0, 0, 0],
						"0.1333": [0, 0, 3],
						"0.2667": [0, 0, 3],
						"0.3667": [0, 0, 0]
					}
				},
				"camera": {
					"rotation": {
						"0.0": {
							"post": [0, 0, 0],
							"lerp_mode": "catmullrom"
						},
						"0.1": {
							"post": [0.91, 0, 0],
							"lerp_mode": "catmullrom"
						},
						"0.1667": {
							"post": [-1.17762, 0.10901, 1.45762],
							"lerp_mode": "catmullrom"
						},
						"0.2333": {
							"post": [-1.18205, -0.04278, -0.56667],
							"lerp_mode": "catmullrom"
						},
						"0.3": {
							"post": [-1.17987, 0.04725, 0.5481],
							"lerp_mode": "catmullrom"
						},
						"0.4333": {
							"post": [0.5, 0.05, 0.55],
							"lerp_mode": "catmullrom"
						},
						"0.5333": {
							"post": [0, 0, 0],
							"lerp_mode": "catmullrom"
						}
					}
				},
				"lever": {
					"rotation": {
						"0.0": [0, 0, 0],
						"0.1667": [-60, 0, 0],
						"0.2333": [-60, 0, 0],
						"0.3667": [0, 0, 0]
					}
				},
				"hammer": {
					"rotation": {
						"0.0": [62.5, 0, 0],
						"0.0667": [-16.41, 0, 0],
						"0.3667": [-16.41, 0, 0],
						"0.4": [0, 0, 0]
					}
				},
				"45_70": {
					"rotation": {
						"0.1667": [0, 0, 0],
						"0.2": [-12.5, 0, 0],
						"0.2667": [0, 0, 0]
					},
					"position": {
						"0.1333": [0, -1, -0.315],
						"0.1667": [0, -0.57, -0.315],
						"0.2333": [0, 0, 0]
					}
				},
				"shell_ejection": {
					"rotation": {
						"0.0333": [0, 0, 0],
						"0.1333": [0, 0, 0],
						"0.3333": [0, 480, 360],
						"0.3667": [0, 0, 0]
					},
					"position": {
						"0.0333": {
							"pre": [0, 0, 0],
							"post": [0, 0, 0],
							"lerp_mode": "catmullrom"
						},
						"0.0667": [0, 0, 0],
						"0.1333": [0, 0, 0.5],
						"0.1667": [-5.09557, -0.6189, 0.52685],
						"0.2333": [-10.4357, -0.84841, 0.68538],
						"0.2667": [-17.15144, -5.02007, 0.76563],
						"0.3333": [-19.92919, -13.13909, 0.66998],
						"0.3667": [0, 0, 0]
					},
					"scale": {
						"0.0333": [1, 1, 1],
						"0.1333": [1, 1, 1],
						"0.2667": [1, 1, 1],
						"0.3333": [0, 0, 0]
					}
				},
				"constraint": {
					"rotation": [0.2, 0.1, 0.2],
					"position": [0.2, 0.2, 0.4]
				}
			},
			"sound_effects": {
				"0.0": {
					"effect": "ccrp:marlin_1895/wfoly_sbeta_sn_ads_rechamber_break_01"
				}
			}
		},
		"static_idle": {
			"animation_length": 0.1,
			"bones": {
				"lefthand": {
					"rotation": [107.69108, -32.75736, -156.00452],
					"position": [7.7, -13.9, -10.2],
					"scale": [1, 1.5, 1]
				},
				"righthand": {
					"rotation": [89.49625, 6.99973, -180.06139],
					"position": [-6.85, -14.075, 6.775],
					"scale": [1, 1.5, 1]
				},
				"refit_view": {
					"position": [0, -1, 11]
				},
				"root": {
					"rotation": [0, 0, 0],
					"position": [0, 0, 0]
				},
				"constraint": {
					"rotation": [0.2, 0.1, 0.2],
					"position": [0.2, 0.2, 0.4]
				},
				"hammer": {
					"rotation": [-62.5, 0, 0]
				}
			}
		}
	}
}