{
	"format_version": "1.8.0",
	"animations": {
		"reload_tactical": {
			"animation_length": 2.5333,
			"bones": {
				"lefthand": {
					"rotation": {
						"0.0": [107.06948, -26.54246, -157.78735],
						"0.2333": [108.96696, -55.16669, -186.47723],
						"1.4333": [79.84287, -29.82572, -132.85139],
						"1.8333": [79.84287, -29.82572, -132.85139],
						"2.0667": [107.06948, -26.54246, -157.78735]
					},
					"position": {
						"0.0": [8.4, -10.42, -11.32],
						"0.2333": [8.8, -14.72, -8.92],
						"1.4333": [7.3, -15.82, -10.22],
						"1.8333": [7.3, -15.82, -10.22],
						"1.9667": {
							"pre": [8.63, -12.53, -12.45],
							"post": [8.63, -12.53, -12.45],
							"lerp_mode": "catmullrom"
						},
						"2.0667": [8.4, -10.42, -11.32]
					},
					"scale": [1, 1.5, 1]
				},
				"righthand": {
					"rotation": [96.07424, 8.95029, -179.05152],
					"position": [-6.5, -13, -1.7],
					"scale": [1, 1.5, 1]
				},
				"root": {
					"rotation": {
						"0.0": {
							"post": [0, 0, 0],
							"lerp_mode": "catmullrom"
						},
						"0.0667": {
							"post": [-1.33, -0.45, -2.33],
							"lerp_mode": "catmullrom"
						},
						"0.1667": {
							"post": [-4.6307, -1.72836, -12.96823],
							"lerp_mode": "catmullrom"
						},
						"0.2667": {
							"post": [-10.33378, -3.30787, -13.31132],
							"lerp_mode": "catmullrom"
						},
						"0.4": {
							"post": [-11.9425, -3.46, -11.51],
							"lerp_mode": "catmullrom"
						},
						"0.4667": {
							"post": [-10.41452, -1.35882, -5.59327],
							"lerp_mode": "catmullrom"
						},
						"0.5667": {
							"post": [-12.26705, -3.13504, -16.56537],
							"lerp_mode": "catmullrom"
						},
						"0.6667": {
							"post": [-12.94129, -2.06902, -11.13653],
							"lerp_mode": "catmullrom"
						},
						"0.8": {
							"post": [-11.20105, -4.28279, -14.31536],
							"lerp_mode": "catmullrom"
						},
						"0.9333": {
							"post": [-11.12005, -5.85797, -16.3019],
							"lerp_mode": "catmullrom"
						},
						"1.1333": {
							"post": [-13.82136, -7.66474, -21.85216],
							"lerp_mode": "catmullrom"
						},
						"1.3": {
							"post": [-14.77209, -7.96555, -21.76182],
							"lerp_mode": "catmullrom"
						},
						"1.4": {
							"post": [-14.4125, -8.07, -23.1225],
							"lerp_mode": "catmullrom"
						},
						"1.4667": {
							"post": [-13.24464, -8.48466, -25.89802],
							"lerp_mode": "catmullrom"
						},
						"1.6": {
							"post": [-14.14157, -8.43918, -25.67158],
							"lerp_mode": "catmullrom"
						},
						"1.6333": {
							"post": [-14.38559, -7.3765, -21.92203],
							"lerp_mode": "catmullrom"
						},
						"1.7": {
							"post": [-7.99493, -8.13279, -27.8957],
							"lerp_mode": "catmullrom"
						},
						"1.7667": {
							"post": [-10.30683, -7.30554, -16.66177],
							"lerp_mode": "catmullrom"
						},
						"1.8667": {
							"post": [-6.90408, -8.30862, -21.33109],
							"lerp_mode": "catmullrom"
						},
						"2.0": {
							"post": [-5.50817, -3.7661, -5.75368],
							"lerp_mode": "catmullrom"
						},
						"2.1": {
							"post": [-2.105, -0.78, 2.15],
							"lerp_mode": "catmullrom"
						},
						"2.2333": {
							"post": [0.94991, -0.51216, -1.29121],
							"lerp_mode": "catmullrom"
						},
						"2.3": {
							"post": [0.05992, -0.00314, 1.645],
							"lerp_mode": "catmullrom"
						},
						"2.3667": {
							"post": [-0.01705, 0.55948, -0.99272],
							"lerp_mode": "catmullrom"
						},
						"2.4333": {
							"post": [0.02084, 0.03155, -0.0393],
							"lerp_mode": "catmullrom"
						},
						"2.4667": {
							"post": [0, 0, 0],
							"lerp_mode": "catmullrom"
						}
					},
					"position": {
						"0.0": {
							"post": [0, 0, 0],
							"lerp_mode": "catmullrom"
						},
						"0.1": {
							"post": [-0.25, -0.055, 0.15],
							"lerp_mode": "catmullrom"
						},
						"0.2": {
							"post": [-0.67, -0.48, 0.365],
							"lerp_mode": "catmullrom"
						},
						"0.4": {
							"post": [-0.63, -0.64, 0.23],
							"lerp_mode": "catmullrom"
						},
						"0.4667": {
							"post": [-0.61, -0.97, 0.19],
							"lerp_mode": "catmullrom"
						},
						"0.5667": {
							"post": [-0.6, -0.645, 0.28],
							"lerp_mode": "catmullrom"
						},
						"0.7": {
							"post": [-0.6, -0.6225, 0.43],
							"lerp_mode": "catmullrom"
						},
						"0.8": {
							"post": [-0.6, -0.7425, 0.52],
							"lerp_mode": "catmullrom"
						},
						"0.9333": {
							"post": [-0.6, -0.8875, 0.42],
							"lerp_mode": "catmullrom"
						},
						"1.1333": {
							"post": [-0.62, -0.7925, 0.47],
							"lerp_mode": "catmullrom"
						},
						"1.3667": {
							"post": [-0.64, -0.8575, 0.27],
							"lerp_mode": "catmullrom"
						},
						"1.4": {
							"post": [-0.69, -0.7625, 0.25],
							"lerp_mode": "catmullrom"
						},
						"1.5333": {
							"post": [-0.65, -0.875, 0.32],
							"lerp_mode": "catmullrom"
						},
						"1.6333": {
							"post": [-0.6, -0.9, 0.4],
							"lerp_mode": "catmullrom"
						},
						"1.7": {
							"post": [-0.51, -1.2375, 0.42],
							"lerp_mode": "catmullrom"
						},
						"1.7667": {
							"post": [-0.315, -1.3425, 0.36],
							"lerp_mode": "catmullrom"
						},
						"1.8667": {
							"post": [-0.3, -1.235, 0.34],
							"lerp_mode": "catmullrom"
						},
						"1.9333": {
							"post": [-0.3, -1.1325, -0.115],
							"lerp_mode": "catmullrom"
						},
						"2.0333": {
							"post": [-0.29, -0.98, -1.295],
							"lerp_mode": "catmullrom"
						},
						"2.1333": {
							"post": [-0.115, -0.885, -1.385],
							"lerp_mode": "catmullrom"
						},
						"2.2333": {
							"post": [-0.03, -0.1725, 0.46],
							"lerp_mode": "catmullrom"
						},
						"2.3333": {
							"post": [0, 0, 0.125],
							"lerp_mode": "catmullrom"
						},
						"2.4333": {
							"post": [0, 0, -0.035],
							"lerp_mode": "catmullrom"
						},
						"2.5333": {
							"post": [0, 0, 0],
							"lerp_mode": "catmullrom"
						}
					}
				},
				"additional_magazine": {
					"rotation": {
						"0.3333": [0, 0, 0],
						"0.3667": [-9, 0, 0],
						"0.4333": [-14, 0, -17.5],
						"0.5": [0, 0, -17.5],
						"0.7": [-8.92504, -44.06401, -85.71747],
						"0.8667": [-8.92504, -44.06401, -85.71747],
						"0.9667": [-8.92504, -44.06401, -85.71747]
					},
					"position": {
						"0.3333": [0, 0, 0],
						"0.3667": [0, -1, -0.5],
						"0.4333": [1.2, -3, -1.5],
						"0.5": [2.1, -7.3, -1],
						"0.7": [13.13, -13.86, 8.08],
						"0.8667": [13.13, -13.86, 8.08],
						"0.9667": [13.13, -13.86, 8.08]
					},
					"scale": {
						"1.1": [1, 1, 1],
						"1.1333": [0, 0, 0]
					}
				},
				"mag_and_lefthand": {
					"rotation": {
						"0.3333": [0, 0, 0],
						"0.3667": [-9, 0, 0],
						"0.4333": [-14, 0, -17.5],
						"0.5": [0, 0, -17.5],
						"0.7": [-8.92504, -44.06401, -85.71747],
						"0.8667": [-8.92504, -44.06401, -85.71747],
						"0.9667": [-8.92504, -44.06401, -85.71747],
						"1.1667": {
							"pre": [1.77376, -0.38435, -1.50178],
							"post": [1.77376, -0.38435, -1.50178],
							"lerp_mode": "catmullrom"
						},
						"1.3": [-15.88832, -2.60747, -15.79158],
						"1.3667": [-4.94175, -1.08321, -6.15578],
						"1.4333": [-8.12, 0, 0],
						"1.5": [-11.03344, -0.38291, -1.96302],
						"1.6333": [-13.12, 0, 0],
						"1.7": [0, 0, 0]
					},
					"position": {
						"0.3333": [0, 0, 0],
						"0.3667": [0, -1, -0.5],
						"0.4333": [1.2, -3, -1.5],
						"0.5": [2.1, -7.3, -1],
						"0.7": [13.13, -13.86, 8.08],
						"0.8667": [13.13, -13.86, 8.08],
						"0.9667": [13.13, -13.86, 8.08],
						"1.1": [7.27, -13.85, 4.44],
						"1.3": [1.41, -4.08, -1.57],
						"1.3667": [0.315, -2.54, -0.9],
						"1.5": [0.13, -2.41, -1.455],
						"1.5667": [0.04, -2.45, -1.41],
						"1.6333": [-0.06, -2.13, -1.37],
						"1.7": [0, 0, 0]
					}
				},
				"mag_and_bullet": {
					"scale": {
						"1.1": [0, 0, 0],
						"1.1333": [1, 1, 1]
					}
				},
				"magazinecatch_2": {
					"position": {
						"0.3": [0, 0, 0],
						"0.3667": [0.15, 0, 0],
						"0.5333": [0.15, 0, 0],
						"0.6": [0, 0, 0],
						"1.6": [0, 0, 0],
						"1.6667": [0.15, 0, 0],
						"1.7333": [0.15, 0, 0],
						"1.8": [0, 0, 0]
					}
				},
				"camera": {
					"rotation": {
						"0.0": {
							"post": [0, 0, 0],
							"lerp_mode": "catmullrom"
						},
						"0.1333": {
							"post": [0.05327, 0.02389, 0.12392],
							"lerp_mode": "catmullrom"
						},
						"0.3667": {
							"post": [1.67505, 0.26954, -1.25217],
							"lerp_mode": "catmullrom"
						},
						"0.4667": {
							"post": [1.50005, 0.26954, -1.25217],
							"lerp_mode": "catmullrom"
						},
						"0.5667": {
							"post": [2.51439, 0.39254, -0.39902],
							"lerp_mode": "catmullrom"
						},
						"0.6667": {
							"post": [3.27438, 0.42787, -1.55004],
							"lerp_mode": "catmullrom"
						},
						"0.8": {
							"post": [3.64999, 0.13801, -1.05023],
							"lerp_mode": "catmullrom"
						},
						"1.0": {
							"post": [3.47936, -0.12278, -1.00522],
							"lerp_mode": "catmullrom"
						},
						"1.2333": {
							"post": [3.24876, 0.01565, -1.50178],
							"lerp_mode": "catmullrom"
						},
						"1.5333": {
							"post": [3.43, 0.26, -2.12],
							"lerp_mode": "catmullrom"
						},
						"1.6": {
							"post": [3.06221, 0.28481, -1.5055],
							"lerp_mode": "catmullrom"
						},
						"1.7": {
							"post": [2.95, 0.27, -2.36],
							"lerp_mode": "catmullrom"
						},
						"1.7667": {
							"post": [3.90822, 0.24541, -1.23101],
							"lerp_mode": "catmullrom"
						},
						"1.8667": {
							"post": [2.89068, 0.44595, -1.9064],
							"lerp_mode": "catmullrom"
						},
						"1.9667": {
							"post": [2.33768, 0.28191, -1.21511],
							"lerp_mode": "catmullrom"
						},
						"2.0667": {
							"post": [1.19234, 0.10637, -0.9713],
							"lerp_mode": "catmullrom"
						},
						"2.1667": {
							"post": [0.0625, 0, -0.35],
							"lerp_mode": "catmullrom"
						},
						"2.2333": {
							"post": [-0.02229, -0.00582, 0.60602],
							"lerp_mode": "catmullrom"
						},
						"2.3667": {
							"post": [-0.05, 0, -0.125],
							"lerp_mode": "catmullrom"
						},
						"2.5": {
							"post": [0, 0, 0],
							"lerp_mode": "catmullrom"
						}
					}
				}
			},
			"sound_effects": {
				"0.0": {
					"effect": "tacz:hk_mp5a5/hk_mp5a5_reload_cloth"
				},
				"0.3": {
					"effect": "tacz:hk_mp5a5/hk_mp5a5_reload_magout"
				},
				"1.0333": {
					"effect": "tacz:victor45/victor_inspect_mvmnt"
				},
				"1.5667": {
					"effect": "tacz:hk_mp5a5/hk_mp5a5_reload_magin"
				},
				"1.7333": {
					"effect": "tacz:hk_mp5a5/hk_mp5a5_reload_end"
				}
			}
		},
		"reload_empty": {
			"animation_length": 3.7333,
			"bones": {
				"lefthand": {
					"rotation": {
						"0.0": [107.06948, -26.54246, -157.78735],
						"0.0333": [107.07, -26.54, -157.79],
						"0.1667": [120.79612, -3.98985, -202.78095],
						"0.2": [121.02413, -3.65037, -207.24939],
						"0.2667": [121.21828, -7.07505, -209.32557],
						"0.3": [121.28661, -7.92994, -209.84885],
						"0.3667": [129.98352, 6.45153, -244.29851],
						"0.4667": [129.41724, 7.33871, -250.10166],
						"0.7667": [132.24488, 7.91197, -249.89169],
						"1.3667": [132.24488, 7.91197, -249.89169],
						"1.5": [112.49332, -28.75993, -197.70102],
						"2.5667": [112.49332, -28.75993, -197.70102],
						"2.6667": {
							"pre": [135.85189, 9.34136, -211.18077],
							"post": [135.85189, 9.34136, -211.18077],
							"lerp_mode": "catmullrom"
						},
						"2.7667": [132.96944, 2.56368, -229.45232],
						"2.9667": [133.60219, 9.1216, -223.2527],
						"3.0667": {
							"pre": [102.58128, -7.48103, -212.26613],
							"post": [102.58128, -7.48103, -212.26613],
							"lerp_mode": "catmullrom"
						},
						"3.1333": {
							"post": [112.44418, -20.60713, -241.71066],
							"lerp_mode": "catmullrom"
						},
						"3.2333": {
							"post": [102.78253, -29.94784, -185.71846],
							"lerp_mode": "catmullrom"
						},
						"3.3333": [104.22941, -36.39981, -151.30316],
						"3.4": [107.06948, -26.54246, -157.78735]
					},
					"position": {
						"0.0": [8.4, -10.42, -11.32],
						"0.0333": [8.4, -10.42, -11.32],
						"0.1": [9.25, -8.87, -12.47],
						"0.1667": [9.3, -7.32, -13.62],
						"0.2": [9.1, -7.22, -13.62],
						"0.2667": [9.1, -7.22, -10.92],
						"0.3": [9.1, -7.22, -10.92],
						"0.3667": [8.6, -5.52, -10.82],
						"0.4667": [8.4375, -5.42, -10.82],
						"0.5333": [9.24, -6.48, -10.38],
						"0.6": [9.69, -9.57, -9.72],
						"0.7": [9.28, -11.36, -10.46],
						"0.7667": [8.94, -11.62, -8.62],
						"1.3667": [8.94, -11.62, -8.62],
						"1.5": [9.2794, -16.04812, -8.97589],
						"2.5667": [9.2794, -16.04812, -8.97589],
						"2.6667": {
							"pre": [11.58542, -10.58193, -9.9094],
							"post": [11.58542, -10.58193, -9.9094],
							"lerp_mode": "catmullrom"
						},
						"2.7667": [9.11228, -5.56326, -11.15439],
						"2.9667": [9.11228, -5.56326, -11.15439],
						"3.0667": {
							"pre": [13.25066, -12.50646, -11.20759],
							"post": [13.25066, -12.50646, -11.20759],
							"lerp_mode": "catmullrom"
						},
						"3.1333": {
							"post": [13.11362, -11.64033, -10.75191],
							"lerp_mode": "catmullrom"
						},
						"3.2333": {
							"post": [11.23202, -12.45008, -10.50797],
							"lerp_mode": "catmullrom"
						},
						"3.3333": [8.9, -10.82, -12.72],
						"3.4": [8.4, -10.42, -11.32]
					},
					"scale": [1, 1.5, 1]
				},
				"righthand": {
					"rotation": [96.07424, 8.95029, -179.05152],
					"position": [-6.5, -13, -1.7],
					"scale": [1, 1.5, 1]
				},
				"root": {
					"rotation": {
						"0.0": {
							"post": [0, 0, 0],
							"lerp_mode": "catmullrom"
						},
						"0.0667": {
							"post": [-0.54508, -0.37806, 1.17272],
							"lerp_mode": "catmullrom"
						},
						"0.2": {
							"post": [-4.41988, -2.72304, 4.02322],
							"lerp_mode": "catmullrom"
						},
						"0.2667": {
							"post": [-4.70929, -3.85101, 7.42211],
							"lerp_mode": "catmullrom"
						},
						"0.3333": {
							"post": [-4.50867, -3.63731, 8.36094],
							"lerp_mode": "catmullrom"
						},
						"0.3667": {
							"post": [-5.19886, -3.96544, 10.19105],
							"lerp_mode": "catmullrom"
						},
						"0.4333": {
							"post": [-6.26405, -2.61228, 7.34112],
							"lerp_mode": "catmullrom"
						},
						"0.5333": {
							"post": [-7.53247, -0.45623, 7.35789],
							"lerp_mode": "catmullrom"
						},
						"0.6333": {
							"post": [-7.97624, -1.64532, -9.5608],
							"lerp_mode": "catmullrom"
						},
						"0.8": {
							"post": [-8.15149, -5.37164, -16.95022],
							"lerp_mode": "catmullrom"
						},
						"0.8667": {
							"post": [-8.77427, -2.82827, -12.72641],
							"lerp_mode": "catmullrom"
						},
						"0.9": {
							"post": [-8.40179, -2.0248, -13.34018],
							"lerp_mode": "catmullrom"
						},
						"0.9667": {
							"post": [-6.04533, -2.43332, -9.72772],
							"lerp_mode": "catmullrom"
						},
						"1.1": {
							"post": [-9.23937, -2.7023, -17.47231],
							"lerp_mode": "catmullrom"
						},
						"1.2333": {
							"post": [-7.90318, -3.22532, -17.50714],
							"lerp_mode": "catmullrom"
						},
						"1.4": {
							"post": [-7.97095, -3.375, -14.45921],
							"lerp_mode": "catmullrom"
						},
						"1.6667": {
							"post": [-6.2261, -4.05334, -12.07327],
							"lerp_mode": "catmullrom"
						},
						"1.8": {
							"post": [-5.56699, -6.33707, -18.85794],
							"lerp_mode": "catmullrom"
						},
						"1.8667": {
							"post": [-5.33, -6.63, -20.03],
							"lerp_mode": "catmullrom"
						},
						"1.9333": {
							"post": [-5.20269, -7.15237, -22.10899],
							"lerp_mode": "catmullrom"
						},
						"2.0667": {
							"post": [-5.1105, -7.05645, -21.36073],
							"lerp_mode": "catmullrom"
						},
						"2.1667": {
							"post": [-5.56686, -6.87371, -20.24156],
							"lerp_mode": "catmullrom"
						},
						"2.3": {
							"post": [-4.72397, -6.91498, -21.92351],
							"lerp_mode": "catmullrom"
						},
						"2.3333": {
							"post": [-5.86325, -6.14364, -18.02364],
							"lerp_mode": "catmullrom"
						},
						"2.4333": {
							"post": [-5.87016, -9.17492, -26.66959],
							"lerp_mode": "catmullrom"
						},
						"2.5333": {
							"post": [-4.97, -6.48, -16.49],
							"lerp_mode": "catmullrom"
						},
						"2.6667": {
							"post": [-2.83943, -4.77884, -14.80611],
							"lerp_mode": "catmullrom"
						},
						"2.8": {
							"post": [-7.6225, -1.5, 8.1675],
							"lerp_mode": "catmullrom"
						},
						"2.9667": {
							"post": [-10.97186, -2.69015, 8.00331],
							"lerp_mode": "catmullrom"
						},
						"3.0": {
							"post": [-7.64204, -0.98758, 13.97557],
							"lerp_mode": "catmullrom"
						},
						"3.0333": {
							"post": [-7.411, -5.10702, 10.76902],
							"lerp_mode": "catmullrom"
						},
						"3.0667": {
							"post": [-8.05744, -3.87532, 10.58032],
							"lerp_mode": "catmullrom"
						},
						"3.1": {
							"post": [-8.67314, -5.93712, 8.74317],
							"lerp_mode": "catmullrom"
						},
						"3.1667": {
							"post": [-7.97694, -6.80122, 4.9381],
							"lerp_mode": "catmullrom"
						},
						"3.2333": {
							"post": [-8.12029, -8.49545, -3.4537],
							"lerp_mode": "catmullrom"
						},
						"3.3667": {
							"post": [-2.8819, -2.16679, 0.75213],
							"lerp_mode": "catmullrom"
						},
						"3.5": {
							"post": [0.75003, -0.49996, -0.50654],
							"lerp_mode": "catmullrom"
						},
						"3.5667": {
							"post": [0.1127, 0.07163, 0.93518],
							"lerp_mode": "catmullrom"
						},
						"3.6333": {
							"post": [0, 0, 0],
							"lerp_mode": "catmullrom"
						},
						"3.7333": {
							"post": [0, 0, 0],
							"lerp_mode": "catmullrom"
						}
					},
					"position": {
						"0.0": {
							"post": [0, 0, 0],
							"lerp_mode": "catmullrom"
						},
						"0.1": {
							"post": [-0.33, -0.8, -0.94],
							"lerp_mode": "catmullrom"
						},
						"0.2": {
							"post": [-0.575, -1.2125, -0.6],
							"lerp_mode": "catmullrom"
						},
						"0.3333": {
							"post": [-0.64, -1.32, -0.5],
							"lerp_mode": "catmullrom"
						},
						"0.3667": {
							"post": [-0.65, -1.6, -0.49],
							"lerp_mode": "catmullrom"
						},
						"0.4333": {
							"post": [-0.67, -1.865, -0.45],
							"lerp_mode": "catmullrom"
						},
						"0.5333": {
							"post": [-0.6925, -1.6375, -0.4125],
							"lerp_mode": "catmullrom"
						},
						"0.6333": {
							"post": [-0.69, -1.71, -0.41],
							"lerp_mode": "catmullrom"
						},
						"0.8": {
							"post": [-0.69, -0.7525, -0.41],
							"lerp_mode": "catmullrom"
						},
						"0.9": {
							"post": [-0.8775, -0.7775, -0.41],
							"lerp_mode": "catmullrom"
						},
						"0.9667": {
							"post": [-1.1125, -1.4125, -0.5475],
							"lerp_mode": "catmullrom"
						},
						"1.1": {
							"post": [-1.41, -1.395, -0.41],
							"lerp_mode": "catmullrom"
						},
						"1.2667": {
							"post": [-1.4025, -1.2375, -0.41],
							"lerp_mode": "catmullrom"
						},
						"1.4333": {
							"post": [-1.2975, -1.015, -0.41],
							"lerp_mode": "catmullrom"
						},
						"1.6333": {
							"post": [-1.14, -0.945, -0.41],
							"lerp_mode": "catmullrom"
						},
						"1.8": {
							"post": [-1.1475, -0.465, -0.41],
							"lerp_mode": "catmullrom"
						},
						"1.9": {
							"post": [-1.15, -0.2775, -0.41],
							"lerp_mode": "catmullrom"
						},
						"2.0333": {
							"post": [-1.16, -0.595, -0.41],
							"lerp_mode": "catmullrom"
						},
						"2.2": {
							"post": [-1.17, -0.5775, -0.41],
							"lerp_mode": "catmullrom"
						},
						"2.3": {
							"post": [-1.0775, -0.7025, -0.41],
							"lerp_mode": "catmullrom"
						},
						"2.3667": {
							"post": [-0.9975, -1.4375, -0.41],
							"lerp_mode": "catmullrom"
						},
						"2.4667": {
							"post": [-1.0675, -1.635, -0.41],
							"lerp_mode": "catmullrom"
						},
						"2.5667": {
							"post": [-0.8925, -1.5725, -0.41],
							"lerp_mode": "catmullrom"
						},
						"2.7333": {
							"post": [-1.045, -2.63, -0.91],
							"lerp_mode": "catmullrom"
						},
						"2.9333": {
							"post": [-1.7375, -2.7225, -1.31],
							"lerp_mode": "catmullrom"
						},
						"3.0": {
							"post": [-1.25, -3.1625, -1.31],
							"lerp_mode": "catmullrom"
						},
						"3.1": {
							"post": [-1.4775, -3.2625, -1.31],
							"lerp_mode": "catmullrom"
						},
						"3.2333": {
							"post": [-1.195, -2.9175, -2.16],
							"lerp_mode": "catmullrom"
						},
						"3.3667": {
							"post": [0, -1, -1.85],
							"lerp_mode": "catmullrom"
						},
						"3.5": {
							"post": [0, -0.235, 0.5],
							"lerp_mode": "catmullrom"
						},
						"3.6333": {
							"post": [0, 0, -0.1125],
							"lerp_mode": "catmullrom"
						},
						"3.7333": {
							"post": [0, 0, 0],
							"lerp_mode": "catmullrom"
						}
					}
				},
				"charge_handle": {
					"rotation": {
						"0.2": [0, 0, 0],
						"0.2667": [0, 0, 0],
						"0.3": [0, 0, 0],
						"0.3667": [0, 0, -42.5],
						"2.9667": [0, 0, -42.5],
						"3.0": [0, 0, 0],
						"3.0333": [0, 0, 0],
						"3.1": [0, 0, 0],
						"3.1667": [0, 0, 0]
					},
					"position": {
						"0.2": [0, 0, 0],
						"0.2667": [0, 0, 2.8],
						"0.3": [0, 0, 2.8],
						"2.9667": [0, 0, 2.8],
						"3.0": [0, 0, 2.8],
						"3.0333": [0, 0, 0],
						"3.0667": [0, 0, 0.2],
						"3.1": [0, 0, 0],
						"3.1333": [0, 0, 0.05],
						"3.1667": [0, 0, 0]
					}
				},
				"magazinecatch_2": {
					"position": {
						"0.8": [0, 0, 0],
						"0.8667": [0.15, 0, 0],
						"1.0333": [0.15, 0, 0],
						"1.1": [0, 0, 0],
						"2.2667": [0, 0, 0],
						"2.3333": [0.15, 0, 0],
						"2.4": [0.15, 0, 0],
						"2.4667": [0, 0, 0]
					}
				},
				"mag_and_lefthand": {
					"rotation": {
						"0.7667": [0, 0, 0],
						"0.8667": {
							"pre": [11, 0, 0],
							"post": [11, 0, 0],
							"lerp_mode": "catmullrom"
						},
						"0.9333": {
							"post": [7, 0, -13],
							"lerp_mode": "catmullrom"
						},
						"0.9667": {
							"post": [9.23329, -12.3932, -24.26446],
							"lerp_mode": "catmullrom"
						},
						"1.2": [20.49663, 18.92084, -16.32823],
						"1.5": [20.49663, 18.92084, -16.32823],
						"1.6667": {
							"pre": [-21.66538, -20.5573, -37.78752],
							"post": [-21.66538, -20.5573, -37.78752],
							"lerp_mode": "catmullrom"
						},
						"1.7667": {
							"post": [-40.64807, -5.71405, -3.65874],
							"lerp_mode": "catmullrom"
						},
						"1.8333": {
							"post": [-26.97161, 0.831, 3.91286],
							"lerp_mode": "catmullrom"
						},
						"1.8667": {
							"post": [-21.65, 0.55, 2.61],
							"lerp_mode": "catmullrom"
						},
						"1.9": {
							"post": [-20.42609, 1.41627, 4.2885],
							"lerp_mode": "catmullrom"
						},
						"1.9667": [-15.97059, 1.02333, 1.80191],
						"2.1333": [-12.98596, 0.20982, -0.56213],
						"2.2333": [-13.99519, -0.27829, -1.98055],
						"2.2667": [-8, 0, 0],
						"2.3333": [0, 0, 0]
					},
					"position": {
						"0.7667": [0, 0, 0],
						"0.8667": [0, 0, 0],
						"0.9333": {
							"pre": [0.58294, -1.31028, -1.36405],
							"post": [0.58294, -1.31028, -1.36405],
							"lerp_mode": "catmullrom"
						},
						"0.9667": {
							"post": [1.16128, -4.22185, -2.33372],
							"lerp_mode": "catmullrom"
						},
						"1.0": {
							"post": [3.16511, -7.66494, -1.03681],
							"lerp_mode": "catmullrom"
						},
						"1.1": {
							"post": [2.45081, -9.59352, 9.23541],
							"lerp_mode": "catmullrom"
						},
						"1.2": [1.8238, -9.14069, 7.84765],
						"1.5": [1.8238, -9.14069, 7.84765],
						"1.6667": {
							"pre": [3.17153, -5.55549, 0.47742],
							"post": [3.17153, -5.55549, 0.47742],
							"lerp_mode": "catmullrom"
						},
						"1.7667": {
							"post": [0.2, -2.9, -3.1],
							"lerp_mode": "catmullrom"
						},
						"1.8333": {
							"post": [0.2, -1.9625, -2.5625],
							"lerp_mode": "catmullrom"
						},
						"1.8667": {
							"post": [0.2, -1.9625, -2.3375],
							"lerp_mode": "catmullrom"
						},
						"1.9": [0.07, -2.1625, -2.0725],
						"1.9667": [0.50019, -2.27763, -1.75951],
						"2.0667": [0.25, -2.3775, -1.47],
						"2.1333": [0.08499, -2.22223, -1.27536],
						"2.2333": [0.1375, -2.1, -1.325],
						"2.2667": [0, -2.1, -0.875],
						"2.3333": [0, 0, 0]
					}
				},
				"mag_and_bullet": {
					"scale": {
						"0.0": [0, 0, 0],
						"1.2667": [0, 0, 0],
						"1.3": [1, 1, 1]
					}
				},
				"additional_magazine": {
					"rotation": {
						"0.8667": [0, 0, 0],
						"0.9333": {
							"pre": [-18.82451, 2.46695, -1.34445],
							"post": [-18.82451, 2.46695, -1.34445],
							"lerp_mode": "catmullrom"
						},
						"0.9667": {
							"post": [-18.84051, 13.43934, 8.26026],
							"lerp_mode": "catmullrom"
						},
						"1.1": {
							"post": [0.3, 14.02, 8.76],
							"lerp_mode": "catmullrom"
						}
					},
					"position": {
						"0.8667": [0, 0, 0],
						"0.9333": {
							"pre": [0.02612, -2.18681, -1.82302],
							"post": [0.02612, -2.18681, -1.82302],
							"lerp_mode": "catmullrom"
						},
						"0.9667": {
							"post": [-1.19578, -5.72485, -1.13263],
							"lerp_mode": "catmullrom"
						},
						"1.1": {
							"post": [-7.25, -23.72, 1.74],
							"lerp_mode": "catmullrom"
						}
					},
					"scale": {
						"1.1": [1, 1, 1],
						"1.1333": [0, 0, 0]
					}
				},
				"camera": {
					"rotation": {
						"0.0": {
							"post": [0, 0, 0],
							"lerp_mode": "catmullrom"
						},
						"0.3": {
							"post": [1.5, 0.6, -0.7],
							"lerp_mode": "catmullrom"
						},
						"0.4": {
							"post": [1.66, 0.58, 0.43],
							"lerp_mode": "catmullrom"
						},
						"0.5333": {
							"post": [1.8, 1.475, -0.7],
							"lerp_mode": "catmullrom"
						},
						"0.7333": {
							"post": [2.49, 1.65, -2.49],
							"lerp_mode": "catmullrom"
						},
						"0.9333": {
							"post": [3.17, 1.2175, -2.23],
							"lerp_mode": "catmullrom"
						},
						"1.0": {
							"post": [4.74, 1.345, -1.41],
							"lerp_mode": "catmullrom"
						},
						"1.1": {
							"post": [5.28, 1.0925, -4],
							"lerp_mode": "catmullrom"
						},
						"1.2667": {
							"post": [5, 0.925, -2.2],
							"lerp_mode": "catmullrom"
						},
						"1.5": {
							"post": [3.8, 0.6625, -2.8],
							"lerp_mode": "catmullrom"
						},
						"1.8": {
							"post": [3.4, 1.0125, -1.8],
							"lerp_mode": "catmullrom"
						},
						"2.3": {
							"post": [4.39, 1.3875, -1.8],
							"lerp_mode": "catmullrom"
						},
						"2.3667": {
							"post": [5.5, 1.3775, -0.76],
							"lerp_mode": "catmullrom"
						},
						"2.4667": {
							"post": [3.5, 1.2375, -2.3],
							"lerp_mode": "catmullrom"
						},
						"2.6": {
							"post": [3.27, 0.9175, -0.95],
							"lerp_mode": "catmullrom"
						},
						"2.8": {
							"post": [3.8, -0.1, -0.7],
							"lerp_mode": "catmullrom"
						},
						"2.9333": {
							"post": [3.38, -0.1, -0.8],
							"lerp_mode": "catmullrom"
						},
						"3.0": {
							"post": [4.9, -0.07, 0.93],
							"lerp_mode": "catmullrom"
						},
						"3.1": {
							"post": [2.24, -0.01, -1.9],
							"lerp_mode": "catmullrom"
						},
						"3.2667": {
							"post": [1.13, 0, -0.02],
							"lerp_mode": "catmullrom"
						},
						"3.4": {
							"post": [-0.165, 0, 0.01],
							"lerp_mode": "catmullrom"
						},
						"3.4667": {
							"post": [0.2125, 0, 0.5],
							"lerp_mode": "catmullrom"
						},
						"3.5667": {
							"post": [0, 0, -0.1],
							"lerp_mode": "catmullrom"
						},
						"3.6667": {
							"post": [0, 0, 0],
							"lerp_mode": "catmullrom"
						}
					}
				},
				"bolt": {
					"position": {
						"0.2": [0, 0, 0],
						"0.2667": [0, 0, 2.8],
						"2.9667": [0, 0, 2.8],
						"3.0333": [0, 0, 0],
						"3.0667": [0, 0, 0.2],
						"3.1": [0, 0, 0],
						"3.1333": [0, 0, 0.05],
						"3.1667": [0, 0, 0]
					}
				}
			},
			"sound_effects": {
				"0.1333": {
					"effect": "tacz:hk_mp5a5/hk_mp5a5_reload_empty_boltopen"
				},
				"0.6333": {
					"effect": "tacz:hk_mp5a5/hk_mp5a5_reload_empty_magout"
				},
				"1.3333": {
					"effect": "tacz:hk_mp5a5/hk_mp5a5_reload_cloth"
				},
				"1.4667": {
					"effect": "tacz:hk_mp5a5/hk_mp5a5_reload_empty_mag_drop"
				},
				"1.5333": {
					"effect": "tacz:victor45/victor_inspect_mvmnt"
				},
				"2.0667": {
					"effect": "tacz:hk_mp5a5/hk_mp5a5_reload_empty_magin"
				},
				"2.2": {
					"effect": "tacz:hk_mp5a5/hk_mp5a5_reload_empty_fast_magin"
				},
				"2.5": {
					"effect": "tacz:hk_mp5a5/hk_mp5a5_reload_empty_fast_rotate"
				},
				"2.9": {
					"effect": "tacz:hk_mp5a5/hk_mp5a5_reload_empty_boltclose"
				},
				"3.1": {
					"effect": "tacz:hk_mp5a5/hk_mp5a5_reload_empty_end"
				}
			}
		},
		"put_away": {
			"animation_length": 0.3,
			"bones": {
				"lefthand": {
					"rotation": [107.06948, -26.54246, -157.78735],
					"position": [8.4, -10.42, -11.32],
					"scale": [1, 1.5, 1]
				},
				"righthand": {
					"rotation": [96.07424, 8.95029, -179.05152],
					"position": [-6.5, -13, -1.7],
					"scale": [1, 1.5, 1]
				},
				"root": {
					"rotation": {
						"0.0": [0, 0, 0],
						"0.0333": [-0.64, -3.24, -2.21],
						"0.0667": [0.03, -8.29, -0.72],
						"0.1": [1.76, -14.38, 2.24],
						"0.1333": [5.34, -19.31, 7.8],
						"0.1667": [9.68, -25.87, 11.77],
						"0.2": [14.42, -38.66, 8.22],
						"0.2333": [18.16, -50.02, 3.48]
					},
					"position": {
						"0.0": [0, 0, 0],
						"0.0333": [-0.45, -1.09, 0.28],
						"0.0667": [-0.67, -1.66, 0.31],
						"0.1": [-0.87, -2.39, 0.34],
						"0.1333": [-1.03, -3.39, 0.36],
						"0.1667": [-1.13, -4.82, 0.56],
						"0.2": [-1.17, -7.36, 1.32],
						"0.2333": [-1.17, -9.6, 2.05]
					}
				},
				"camera": {
					"rotation": {
						"0.0": [0, 0, 0],
						"0.0333": [0.13, 0, -0.09],
						"0.0667": [0.3, 0, -0.12],
						"0.1": [0.5, 0, 0.09],
						"0.1333": [0.64, 0, 0.3],
						"0.1667": [0.62, 0, 0.26],
						"0.2": [0.5, 0, 0.15],
						"0.2333": [0.24, 0, 0.07],
						"0.2667": [0, 0, 0]
					}
				}
			},
			"sound_effects": {
				"0.0": {
					"effect": "wfoly_sm_mpapa5_drop"
				}
			}
		},
		"shoot": {
			"animation_length": 0.6333,
			"bones": {
				"root": {
					"rotation": {
						"0.0": [0, 0, 0],
						"0.0333": [-0.32, 0, 0.49],
						"0.0667": [-2.4, 0, -1.21],
						"0.1": [-2.11, 0, 0.33],
						"0.1333": [-1.05, -0.01, 0.08],
						"0.1667": [-0.02, 0, -0.29],
						"0.2": [0.15, 0.08, -0.17],
						"0.2333": [0.1, 0.19, 0.08],
						"0.2667": [0.04, 0.24, 0.23],
						"0.3": [0.03, 0.18, 0.18],
						"0.3333": [0, 0.07, 0.05],
						"0.3667": [-0.02, -0.04, -0.09],
						"0.4": [-0.04, -0.11, -0.17],
						"0.4333": [-0.04, -0.12, -0.17],
						"0.4667": [-0.03, -0.1, -0.14],
						"0.5": [-0.02, -0.06, -0.09],
						"0.5333": [-0.01, -0.02, -0.03],
						"0.5667": [0, 0, 0]
					},
					"position": {
						"0.0": [0, 0, 0],
						"0.0333": [0, -0.06, 1.48],
						"0.0667": [0, -0.06, 1.19],
						"0.1": [0, -0.03, 0.52],
						"0.1333": [0, 0, -0.09],
						"0.1667": [0, 0, -0.15],
						"0.2": [0, 0, -0.1],
						"0.2333": [0, 0, 0],
						"0.2667": [0, 0, 0.05],
						"0.3": [0, 0, 0.05],
						"0.3333": [0, 0, 0.04],
						"0.3667": [0, 0, 0.03],
						"0.4": [0, 0, 0.01],
						"0.4333": [0, 0, 0],
						"0.4667": [0, 0, 0],
						"0.5": [0, 0, 0],
						"0.5333": [0, 0, 0],
						"0.5667": [0, 0, 0],
						"0.6": [0, 0, 0],
						"0.6333": [0, 0, 0]
					}
				},
				"bolt": {
					"position": {
						"0.0": [0, 0, 0],
						"0.0333": [0, 0, 3],
						"0.0667": [0, 0, 0]
					}
				},
				"camera": {
					"rotation": {
						"0.0": [0, 0, 0],
						"0.0333": [0, 0, 0.7],
						"0.0667": [0, 0, -0.32],
						"0.1": [0, 0, -0.06],
						"0.1333": [0, 0, 0.28],
						"0.1667": [0, 0, 0.06],
						"0.2": [0, 0, -0.2],
						"0.2333": [0, 0, -0.1],
						"0.2667": [0, 0, 0.05],
						"0.3": [0, 0, 0.04],
						"0.3333": [0, 0, 0]
					}
				},
				"bullet_in_barrel": {
					"position": {
						"0.0333": [0, -0.6, 0],
						"0.0667": [0, 0, 0]
					}
				},
				"constraint": {
					"rotation": {
						"0.0": [0.2, 0.2, 0.2],
						"0.1": [0.1, 0.2, 0.4],
						"0.3": [0, 0, 0]
					},
					"position": {
						"0.1": [0.2, 0.02, 0.35],
						"0.3": [0, 0, 0]
					}
				}
			},
			"sound_effects": {
				"0.0": {
					"effect": "weap_mpapa5_fire_first_plr_01"
				}
			}
		},
		"draw": {
			"animation_length": 0.5667,
			"bones": {
				"lefthand": {
					"rotation": [107.06948, -26.54246, -157.78735],
					"position": [8.4, -10.42, -11.32],
					"scale": [1, 1.5, 1]
				},
				"righthand": {
					"rotation": {
						"0.0667": [125.83218, -9.9242, -160.40804],
						"0.1667": [100.21875, 11.81504, -177.88617],
						"0.2667": [96.07424, 8.95029, -179.05152]
					},
					"position": {
						"0.0667": [-14, -15.4, 3.5],
						"0.1667": [-8.4375, -11, -1.5],
						"0.2667": [-6.5, -13, -1.7]
					},
					"scale": [1, 1.5, 1]
				},
				"root": {
					"rotation": {
						"0.0": [0.81, -32.64, 33.95],
						"0.0333": [0.27, -29.86, 31.4],
						"0.0667": [-0.53, -25.86, 27.73],
						"0.1": [-1.28, -21.36, 23.7],
						"0.1333": [-1.65, -17.06, 20.1],
						"0.1667": [-1.32, -11.13, 16.11],
						"0.2": [-0.51, -5.15, 12.42],
						"0.2333": [0.1, -0.92, 8.88],
						"0.2667": [0.23, 0.25, 6.05],
						"0.3": [0.22, 0.18, 3.17],
						"0.3333": [0.16, -0.37, 0.67],
						"0.3667": [0.11, -0.62, -0.98],
						"0.4": [0.07, -0.33, -1.34],
						"0.4333": [0.03, 0.03, -0.45],
						"0.4667": [-0.01, 0.27, 0.27],
						"0.5": [-0.02, 0.25, 0.28],
						"0.5333": [-0.01, 0.11, 0.12],
						"0.5667": [0, 0, 0]
					},
					"position": {
						"0.0": [-3.18, -5.58, 24],
						"0.0333": [-2.73, -4.98, 20.08],
						"0.0667": [-2.08, -4.11, 14.36],
						"0.1": [-1.41, -3.19, 8.51],
						"0.1333": [-0.9, -2.45, 4.15],
						"0.1667": [-0.45, -1.53, 0.59],
						"0.2": [-0.25, -0.94, -0.49],
						"0.2333": [-0.14, -0.69, -0.86],
						"0.2667": [-0.07, -0.55, -0.72],
						"0.3": [-0.03, -0.45, -0.5],
						"0.3333": [-0.02, -0.36, -0.16],
						"0.3667": [-0.03, -0.3, 0.16],
						"0.4": [-0.02, -0.21, 0.14],
						"0.4333": [-0.02, -0.12, 0.02],
						"0.4667": [-0.01, -0.05, -0.06],
						"0.5": [0, -0.01, -0.04],
						"0.5333": [0, 0, 0]
					}
				},
				"camera": {
					"rotation": {
						"0.0": [0, 0, 0],
						"0.0333": [0.01, 0.02, 0.04],
						"0.0667": [0.11, 0.06, 0.13],
						"0.1": [0.3, 0.11, 0.26],
						"0.1333": [0.55, 0.17, 0.43],
						"0.1667": [0.76, 0.22, 0.53],
						"0.2": [0.97, 0.22, 0.49],
						"0.2333": [1.02, 0.19, 0.35],
						"0.2667": [0.89, 0.13, 0.16],
						"0.3": [0.67, 0.06, -0.05],
						"0.3333": [0.48, 0, -0.17],
						"0.3667": [0.17, -0.01, 0.19],
						"0.4": [-0.17, -0.01, 0.09],
						"0.4333": [-0.15, -0.01, 0.04],
						"0.4667": [-0.06, 0, -0.02],
						"0.5": [0, 0, -0.05],
						"0.5333": [0.01, 0, -0.03],
						"0.5667": [0, 0, 0]
					}
				}
			},
			"sound_effects": {
				"0.0": {
					"effect": "p02_sm_mpapa5_raise"
				}
			}
		},
		"static_idle": {
			"loop": true,
			"bones": {
				"lefthand": {
					"rotation": [107.06948, -26.54246, -157.78735],
					"position": [8.4, -10.42, -11.32],
					"scale": [1, 1.5, 1]
				},
				"righthand": {
					"rotation": [96.07424, 8.95029, -179.05152],
					"position": [-6.5, -13, -1.7],
					"scale": [1, 1.5, 1]
				},
				"constraint": {
					"rotation": [0.2, 0.2, 0.2],
					"position": [0.1, 0.1, 0.1]
				}
			}
		},
		"inspect": {
			"animation_length": 7.2667,
			"bones": {
				"root": {
					"rotation": {
						"0.0": {
							"post": [0, 0, 0],
							"lerp_mode": "catmullrom"
						},
						"0.1": {
							"post": [0.82, -5.68, -5.61],
							"lerp_mode": "catmullrom"
						},
						"0.3": {
							"post": [-6.02968, -34.87852, -29.0782],
							"lerp_mode": "catmullrom"
						},
						"0.5": {
							"post": [-5.30945, -40.65866, -34.15893],
							"lerp_mode": "catmullrom"
						},
						"0.8": {
							"post": [-4.74195, -41.27419, -35.031],
							"lerp_mode": "catmullrom"
						},
						"1.3": {
							"post": [-4.435, -41.795, -35.01],
							"lerp_mode": "catmullrom"
						},
						"1.4333": {
							"post": [-5.285, -43.855, -35.1],
							"lerp_mode": "catmullrom"
						},
						"1.6667": {
							"post": [-6.49, -47.47, -35.64],
							"lerp_mode": "catmullrom"
						},
						"1.8": {
							"post": [-6.33, -48.775, -35.94],
							"lerp_mode": "catmullrom"
						},
						"2.2667": {
							"post": [-4.48, -47.08, -36.24],
							"lerp_mode": "catmullrom"
						},
						"2.3667": {
							"post": [-6.52, -45.47, -34.68],
							"lerp_mode": "catmullrom"
						},
						"2.6667": {
							"post": [-10.61031, -23.69043, -25.4185],
							"lerp_mode": "catmullrom"
						},
						"2.8667": {
							"post": [-15.88531, -20.16543, -25.4185],
							"lerp_mode": "catmullrom"
						},
						"2.9333": {
							"post": [-17.52318, -19.20808, -22.30935],
							"lerp_mode": "catmullrom"
						},
						"3.0333": {
							"post": [-17.30129, -20.47998, -24.65348],
							"lerp_mode": "catmullrom"
						},
						"3.1333": {
							"post": [-18.27599, -20.65867, -23.32478],
							"lerp_mode": "catmullrom"
						},
						"4.2333": {
							"post": [-18.23, -20.72, -23.49],
							"lerp_mode": "catmullrom"
						},
						"4.2667": {
							"post": [-18.64419, -20.35062, -22.30668],
							"lerp_mode": "catmullrom"
						},
						"4.3667": {
							"post": [-18.07523, -21.06062, -24.61622],
							"lerp_mode": "catmullrom"
						},
						"4.5": {
							"post": [-17.22005, -21.24284, -25.22316],
							"lerp_mode": "catmullrom"
						},
						"4.6": {
							"post": [-18.28, -20.66, -23.32],
							"lerp_mode": "catmullrom"
						},
						"4.6667": {
							"post": [-19.40804, -19.60997, -20.04397],
							"lerp_mode": "catmullrom"
						},
						"4.7667": {
							"post": [-17.61331, -21.95027, -24.87227],
							"lerp_mode": "catmullrom"
						},
						"4.9": {
							"post": [-19.06858, -19.93948, -16.84729],
							"lerp_mode": "catmullrom"
						},
						"5.1": {
							"post": [-27.5725, 7.2075, 32.325],
							"lerp_mode": "catmullrom"
						},
						"5.3": {
							"post": [-29.34612, 20.73262, 50.04123],
							"lerp_mode": "catmullrom"
						},
						"5.5": {
							"post": [-28.24, 21.21, 52.72],
							"lerp_mode": "catmullrom"
						},
						"5.5667": {
							"post": [-28.61758, 21.91232, 54.11564],
							"lerp_mode": "catmullrom"
						},
						"5.6667": {
							"post": [-28.4376, 20.89539, 53.16164],
							"lerp_mode": "catmullrom"
						},
						"5.8667": {
							"post": [-28.61631, 22.09529, 54.25344],
							"lerp_mode": "catmullrom"
						},
						"6.1": {
							"post": [-29.11, 22.39, 54.81],
							"lerp_mode": "catmullrom"
						},
						"6.1667": {
							"post": [-30.08695, 19.84622, 51.15191],
							"lerp_mode": "catmullrom"
						},
						"6.2": {
							"post": [-27.97008, 21.77488, 55.24902],
							"lerp_mode": "catmullrom"
						},
						"6.2667": {
							"post": [-27.03207, 21.47953, 55.00736],
							"lerp_mode": "catmullrom"
						},
						"6.3667": {
							"post": [-24.70913, 19.52785, 52.2475],
							"lerp_mode": "catmullrom"
						},
						"6.5": {
							"post": [-17.08838, -3.38545, 12.43282],
							"lerp_mode": "catmullrom"
						},
						"6.6667": {
							"post": [0, -3.475, 0],
							"lerp_mode": "catmullrom"
						},
						"6.8": {
							"post": [0.8625, 0.2, 0],
							"lerp_mode": "catmullrom"
						},
						"6.8667": {
							"post": [0.8625, 0, 1.5],
							"lerp_mode": "catmullrom"
						},
						"6.9667": {
							"post": [0, -0.2, -0.46],
							"lerp_mode": "catmullrom"
						},
						"7.1": {
							"post": [0, 0.1, 0],
							"lerp_mode": "catmullrom"
						},
						"7.2667": {
							"post": [0, 0, 0],
							"lerp_mode": "catmullrom"
						}
					},
					"position": {
						"0.0": {
							"post": [0, 0, 0],
							"lerp_mode": "catmullrom"
						},
						"0.1667": {
							"post": [-0.115, -0.62, -0.25],
							"lerp_mode": "catmullrom"
						},
						"0.3667": {
							"post": [1.225, 0.175, -0.4],
							"lerp_mode": "catmullrom"
						},
						"0.5": {
							"post": [1.435, 1.09, -0.37],
							"lerp_mode": "catmullrom"
						},
						"0.7": {
							"post": [1.325, 1.775, -0.375],
							"lerp_mode": "catmullrom"
						},
						"1.0": {
							"post": [1.21, 1.7775, -0.37],
							"lerp_mode": "catmullrom"
						},
						"1.3667": {
							"post": [1.225, 2.25, -0.375],
							"lerp_mode": "catmullrom"
						},
						"1.5": {
							"post": [1.56, 2.77, -0.37],
							"lerp_mode": "catmullrom"
						},
						"1.7": {
							"post": [2.07, 4.3, -0.37],
							"lerp_mode": "catmullrom"
						},
						"1.9": {
							"post": [2.17, 4.74, -0.4],
							"lerp_mode": "catmullrom"
						},
						"2.1667": {
							"post": [2.19, 4.67, -0.41],
							"lerp_mode": "catmullrom"
						},
						"2.3": {
							"post": [2.045, 4, -0.37],
							"lerp_mode": "catmullrom"
						},
						"2.5": {
							"post": [0.72, 1.15, 0.48],
							"lerp_mode": "catmullrom"
						},
						"2.6667": {
							"post": [-0.03, 1.1, 0.93],
							"lerp_mode": "catmullrom"
						},
						"2.8667": {
							"post": [-0.105, 0.825, 0.93],
							"lerp_mode": "catmullrom"
						},
						"2.9333": {
							"post": [0.045, 0.29, 0.93],
							"lerp_mode": "catmullrom"
						},
						"3.0": {
							"post": [0.14, 0.17, 0.93],
							"lerp_mode": "catmullrom"
						},
						"3.1": {
							"post": [0.04, 0.595, 0.93],
							"lerp_mode": "catmullrom"
						},
						"3.2333": {
							"post": [-0.185, 0.915, 0.93],
							"lerp_mode": "catmullrom"
						},
						"3.7667": {
							"post": [-0.37, 0.87, 0.93],
							"lerp_mode": "catmullrom"
						},
						"4.1333": {
							"post": [-0.36, 0.84, 0.93],
							"lerp_mode": "catmullrom"
						},
						"4.2333": {
							"post": [-0.37, 0.88, 0.93],
							"lerp_mode": "catmullrom"
						},
						"4.2667": {
							"post": [-0.42, 0.9975, 0.93],
							"lerp_mode": "catmullrom"
						},
						"4.4333": {
							"post": [-0.45, 0.905, 0.93],
							"lerp_mode": "catmullrom"
						},
						"4.6": {
							"post": [-0.36, 0.895, 0.93],
							"lerp_mode": "catmullrom"
						},
						"4.6667": {
							"post": [-0.21, 0.395, 0.93],
							"lerp_mode": "catmullrom"
						},
						"4.7667": {
							"post": [-0.26, 0.295, 0.93],
							"lerp_mode": "catmullrom"
						},
						"4.9": {
							"post": [-0.46, -0.2, 0.93],
							"lerp_mode": "catmullrom"
						},
						"5.0": {
							"post": [-0.92, -1.09, 1.04],
							"lerp_mode": "catmullrom"
						},
						"5.1667": {
							"post": [-1.45, -1.47, 1.25],
							"lerp_mode": "catmullrom"
						},
						"5.3": {
							"post": [-1.56, -0.225, 1.455],
							"lerp_mode": "catmullrom"
						},
						"5.5": {
							"post": [-1.56, -0.075, 1.46],
							"lerp_mode": "catmullrom"
						},
						"5.6": {
							"post": [-1.56, -0.4, 1.46],
							"lerp_mode": "catmullrom"
						},
						"5.7": {
							"post": [-1.56, -0.44, 1.46],
							"lerp_mode": "catmullrom"
						},
						"5.8": {
							"post": [-1.56, -0.395, 1.46],
							"lerp_mode": "catmullrom"
						},
						"5.9667": {
							"post": [-1.56, -0.28, 1.46],
							"lerp_mode": "catmullrom"
						},
						"6.1": {
							"post": [-1.56, -0.25, 1.46],
							"lerp_mode": "catmullrom"
						},
						"6.1667": {
							"post": [-1.56, 0.16, 1.285],
							"lerp_mode": "catmullrom"
						},
						"6.2667": {
							"post": [-1.56, -0.17, 1.285],
							"lerp_mode": "catmullrom"
						},
						"6.3667": {
							"post": [-1.56, -0.65, 0.96],
							"lerp_mode": "catmullrom"
						},
						"6.5": {
							"post": [-0.58, -1.2075, 0.53],
							"lerp_mode": "catmullrom"
						},
						"6.6667": {
							"post": [0.15, -1.2375, -0.625],
							"lerp_mode": "catmullrom"
						},
						"6.7667": {
							"post": [-0.05, -0.6, 0.3375],
							"lerp_mode": "catmullrom"
						},
						"6.8": {
							"post": [-0.06, -0.3175, 0.475],
							"lerp_mode": "catmullrom"
						},
						"6.9": {
							"post": [-0.05, -0.15, -0.1625],
							"lerp_mode": "catmullrom"
						},
						"7.0667": {
							"post": [0, -0.05, 0.05],
							"lerp_mode": "catmullrom"
						},
						"7.2667": {
							"post": [0, 0, 0],
							"lerp_mode": "catmullrom"
						}
					}
				},
				"additional_magazine": {
					"scale": 0
				},
				"mag_and_lefthand": {
					"rotation": {
						"2.8667": {
							"pre": [0, 0, 0],
							"post": [0, 0, 0],
							"lerp_mode": "catmullrom"
						},
						"2.9333": {
							"post": [-8.99966, -0.07822, -0.49384],
							"lerp_mode": "catmullrom"
						},
						"3.0333": {
							"post": [-18.98926, -0.65102, -1.89112],
							"lerp_mode": "catmullrom"
						},
						"3.1": {
							"post": [-24.12154, 1.57672, 1.00689],
							"lerp_mode": "catmullrom"
						},
						"3.2": {
							"post": [-22.00086, 3.00688, 7.12384],
							"lerp_mode": "catmullrom"
						},
						"3.4333": {
							"post": [-20.18, 2.77, 10.83],
							"lerp_mode": "catmullrom"
						},
						"3.7": {
							"post": [-20.6993, 1.99711, 12.39422],
							"lerp_mode": "catmullrom"
						},
						"3.8": {
							"post": [-21.49, 1.36, 12.95],
							"lerp_mode": "catmullrom"
						},
						"3.9": {
							"post": [-21.38517, -0.47821, 10.66127],
							"lerp_mode": "catmullrom"
						},
						"4.0333": {
							"post": [-19.54995, -3.40992, 0.87979],
							"lerp_mode": "catmullrom"
						},
						"4.1333": {
							"post": [-13.62802, -3.57906, -7.92276],
							"lerp_mode": "catmullrom"
						},
						"4.2333": [-14.93855, -1.37047, -5.32445],
						"4.3667": [-14.99966, -0.07822, -0.49384],
						"4.6": [-14.99966, -0.07822, -0.49384],
						"4.6667": {
							"pre": [0, 0, 0],
							"post": [0, 0, 0],
							"lerp_mode": "catmullrom"
						}
					},
					"position": {
						"2.8667": {
							"pre": [0, 0, 0],
							"post": [0, 0, 0],
							"lerp_mode": "catmullrom"
						},
						"2.9333": {
							"post": [0, -1.8, -0.9],
							"lerp_mode": "catmullrom"
						},
						"3.0333": {
							"post": [0.5, -4.85, -2.5],
							"lerp_mode": "catmullrom"
						},
						"3.1667": {
							"post": [4.17651, -1.32913, 0.05122],
							"lerp_mode": "catmullrom"
						},
						"3.4333": {
							"post": [4.79, -0.8, 0.31],
							"lerp_mode": "catmullrom"
						},
						"3.7": {
							"post": [4.95137, -0.70995, 0.2578],
							"lerp_mode": "catmullrom"
						},
						"3.8": {
							"post": [5.05, -0.75, 0.26],
							"lerp_mode": "catmullrom"
						},
						"3.9": {
							"post": [4.97167, -0.96847, 0.11975],
							"lerp_mode": "catmullrom"
						},
						"4.0": {
							"post": [4.40151, -1.71663, 0.05122],
							"lerp_mode": "catmullrom"
						},
						"4.1": {
							"post": [1.89, -4.445, -0.22],
							"lerp_mode": "catmullrom"
						},
						"4.2333": [0.9, -2.3, -2],
						"4.3": [0.45, -2.4075, -1.82],
						"4.3667": [0.2, -2.35, -1.6375],
						"4.4667": [0.1, -2.37, -1.59],
						"4.5667": [0, -2.2, -1.55],
						"4.6": [0, -2.2, -1.55],
						"4.6667": {
							"pre": [0, 0, 0],
							"post": [0, 0, 0],
							"lerp_mode": "catmullrom"
						}
					}
				},
				"lefthand": {
					"rotation": {
						"0.0": [107.06948, -26.54246, -157.78735],
						"0.0667": [107.07, -26.54, -157.79],
						"2.4667": [107.07, -26.54, -157.79],
						"2.7": [82.78325, -30.45532, -109.2661],
						"4.9333": [82.78325, -30.45532, -109.2661],
						"5.0333": {
							"pre": [124.70646, 3.14279, -224.9777],
							"post": [124.70646, 3.14279, -224.9777],
							"lerp_mode": "catmullrom"
						},
						"5.1": {
							"post": [125.6675, -2.1411, -239.78482],
							"lerp_mode": "catmullrom"
						},
						"5.2": {
							"post": [123.68971, 0.20961, -268.90978],
							"lerp_mode": "catmullrom"
						},
						"5.2667": [125.56623, 3.33329, -278.46479],
						"5.3667": {
							"pre": [123.90376, 7.58581, -290.8503],
							"post": [123.90376, 7.58581, -290.8503],
							"lerp_mode": "catmullrom"
						},
						"5.4667": {
							"post": [123.90376, 7.58581, -290.8503],
							"lerp_mode": "catmullrom"
						},
						"5.5667": {
							"post": [114.85845, 8.54168, -285.44826],
							"lerp_mode": "catmullrom"
						},
						"5.8": [122.14393, 8.48336, -284.86065],
						"6.0667": [120.85845, 8.54168, -285.44826],
						"6.1": {
							"pre": [133.49556, 13.40688, -293.129],
							"post": [133.49556, 13.40688, -293.129],
							"lerp_mode": "catmullrom"
						},
						"6.2": {
							"post": [133.3831, 12.53418, -293.63004],
							"lerp_mode": "catmullrom"
						},
						"6.3": {
							"post": [130.13996, -12.94888, -249.7202],
							"lerp_mode": "catmullrom"
						},
						"6.4667": [107.06948, -26.54246, -157.78735]
					},
					"position": {
						"0.0": [8.4, -10.42, -11.32],
						"0.0667": [8.4, -10.42, -11.32],
						"0.3": [8.4, -33.42, 1.68],
						"2.4667": [8.4, -33.42, 1.68],
						"2.6": [7.5, -17.13, -8.92],
						"2.7": [6.9, -17.22, -8.92],
						"4.9": [6.9, -17.22, -8.92],
						"4.9667": {
							"pre": [8.10202, -13.04405, -10.9623],
							"post": [8.10202, -13.04405, -10.9623],
							"lerp_mode": "catmullrom"
						},
						"5.0": {
							"post": [9.07039, -11.83655, -12.1169],
							"lerp_mode": "catmullrom"
						},
						"5.0667": {
							"post": [9.83855, -9.77023, -13.83453],
							"lerp_mode": "catmullrom"
						},
						"5.2": {
							"post": [9.975, -6.595, -14.545],
							"lerp_mode": "catmullrom"
						},
						"5.2667": [9.25, -5.7325, -14.545],
						"5.3667": [8.725, -5.7325, -14.37],
						"5.4667": [8.725, -5.7325, -14.37],
						"5.5667": [8.775, -5.7325, -12.32],
						"5.8": [8.775, -5.7325, -12.395],
						"6.0667": [8.775, -5.7325, -12.42],
						"6.1": {
							"pre": [10.36154, -6.23008, -12.6279],
							"post": [10.36154, -6.23008, -12.6279],
							"lerp_mode": "catmullrom"
						},
						"6.2": {
							"post": [11.06874, -6.28603, -12.27758],
							"lerp_mode": "catmullrom"
						},
						"6.4667": [8.4, -10.42, -11.32]
					},
					"scale": [1, 1.5, 1]
				},
				"righthand": {
					"rotation": [96.07424, 8.95029, -179.05152],
					"position": {
						"0.0": [-6.5, -13, -1.7],
						"0.1667": [-6.5, -13, -1.7],
						"0.3": [-8, -12.8, -1.7],
						"2.5": [-8, -12.8, -1.7],
						"2.6667": [-6.5, -13, -1.7]
					},
					"scale": [1, 1.5, 1]
				},
				"charge_handle": {
					"position": {
						"5.4667": [0, 0, 0],
						"5.5667": [0, 0, 1.9],
						"5.8": [0, 0, 2],
						"6.1": [0, 0, 2],
						"6.1333": [0, 0, 0]
					}
				},
				"bolt": {
					"position": {
						"5.4667": [0, 0, 0],
						"5.5667": [0, 0, 1.9],
						"5.8": [0, 0, 2],
						"6.1": [0, 0, 2],
						"6.1333": [0, 0, 0]
					}
				},
				"bullet": {
					"scale": 0
				},
				"Mp5": {
					"rotation": {
						"2.9333": {
							"pre": [0, 0, 0],
							"post": [0, 0, 0],
							"lerp_mode": "catmullrom"
						},
						"3.3": {
							"post": [0, 2.55, 2.625],
							"lerp_mode": "catmullrom"
						},
						"3.5333": {
							"post": [-0.01593, 2.81416, 2.05396],
							"lerp_mode": "catmullrom"
						},
						"3.7667": {
							"post": [0.12215, 1.99627, 1.68963],
							"lerp_mode": "catmullrom"
						},
						"4.0333": {
							"post": [0.02852, 0.9219, -0.78038],
							"lerp_mode": "catmullrom"
						},
						"4.2333": {
							"post": [0, 0, 0],
							"lerp_mode": "catmullrom"
						}
					},
					"position": {
						"2.9333": {
							"pre": [0, 0, 0],
							"post": [0, 0, 0],
							"lerp_mode": "catmullrom"
						},
						"3.1333": {
							"post": [-0.12, -0.0725, 0.13],
							"lerp_mode": "catmullrom"
						},
						"3.2667": {
							"post": [-0.20556, -0.07572, 0.22381],
							"lerp_mode": "catmullrom"
						},
						"3.5333": {
							"post": [-0.24, -0.3325, 0.27],
							"lerp_mode": "catmullrom"
						},
						"3.8667": {
							"post": [-0.20314, -0.29969, 0.22776],
							"lerp_mode": "catmullrom"
						},
						"4.1": {
							"post": [-0.06, 0.04, 0.07],
							"lerp_mode": "catmullrom"
						},
						"4.2333": {
							"post": [0, 0, 0],
							"lerp_mode": "catmullrom"
						}
					}
				},
				"magazinecatch_2": {
					"position": {
						"2.7": [0, 0, 0],
						"2.8": [0.15, 0, 0],
						"2.9667": [0.15, 0, 0],
						"3.0333": [0, 0, 0],
						"4.6": [0, 0, 0],
						"4.6667": [0.15, 0, 0],
						"4.7333": [0.15, 0, 0],
						"4.8": [0, 0, 0]
					}
				},
				"camera": {
					"rotation": {
						"0.0": {
							"post": [0, 0, 0],
							"lerp_mode": "catmullrom"
						},
						"0.1667": {
							"post": [0.26, 0, -0.3375],
							"lerp_mode": "catmullrom"
						},
						"0.3667": {
							"post": [2.5875, -3.075, -0.6875],
							"lerp_mode": "catmullrom"
						},
						"0.7667": {
							"post": [2.3775, -2.55, -1.025],
							"lerp_mode": "catmullrom"
						},
						"1.0667": {
							"post": [2.755, -0.475, -0.9125],
							"lerp_mode": "catmullrom"
						},
						"1.3667": {
							"post": [2.535, 1.2125, -0.8],
							"lerp_mode": "catmullrom"
						},
						"1.7": {
							"post": [4.3175, 5.7375, -0.1125],
							"lerp_mode": "catmullrom"
						},
						"2.0333": {
							"post": [4.96, 7.4125, 0.225],
							"lerp_mode": "catmullrom"
						},
						"2.3667": {
							"post": [4.96, 7.4975, 0.1125],
							"lerp_mode": "catmullrom"
						},
						"2.6": {
							"post": [0.66, 1.2, -1.25],
							"lerp_mode": "catmullrom"
						},
						"2.9": {
							"post": [0.92, 0.43, -1.475],
							"lerp_mode": "catmullrom"
						},
						"3.0": {
							"post": [3.21, -0.275, -3.1875],
							"lerp_mode": "catmullrom"
						},
						"3.1667": {
							"post": [4.155, -0.82, -0.6875],
							"lerp_mode": "catmullrom"
						},
						"3.3667": {
							"post": [5.86, -1.14, -2.275],
							"lerp_mode": "catmullrom"
						},
						"4.0333": {
							"post": [6.16, -0.6, -1.1375],
							"lerp_mode": "catmullrom"
						},
						"4.2667": {
							"post": [3.01, 1.07, -0.9125],
							"lerp_mode": "catmullrom"
						},
						"4.6": {
							"post": [2.25, 1.39, -0.9125],
							"lerp_mode": "catmullrom"
						},
						"4.6667": {
							"post": [3.19, 1.39, -0.0625],
							"lerp_mode": "catmullrom"
						},
						"4.7667": {
							"post": [2.05, 1.33, -1.675],
							"lerp_mode": "catmullrom"
						},
						"4.9": {
							"post": [1.66, 1.3, -0.4625],
							"lerp_mode": "catmullrom"
						},
						"5.2": {
							"post": [5.56, 1.8875, 0.525],
							"lerp_mode": "catmullrom"
						},
						"5.5": {
							"post": [6.06, 2.0875, 1.475],
							"lerp_mode": "catmullrom"
						},
						"5.6": {
							"post": [7.455, 1.86, 2.3875],
							"lerp_mode": "catmullrom"
						},
						"5.7": {
							"post": [6.76, 1.625, 1.1875],
							"lerp_mode": "catmullrom"
						},
						"5.8667": {
							"post": [6.9175, 1.65, 1.925],
							"lerp_mode": "catmullrom"
						},
						"6.1": {
							"post": [6.96, 1.725, 2.0125],
							"lerp_mode": "catmullrom"
						},
						"6.1667": {
							"post": [8.16, 1.625, 3.15],
							"lerp_mode": "catmullrom"
						},
						"6.3": {
							"post": [5.6975, 1.025, 1.4375],
							"lerp_mode": "catmullrom"
						},
						"6.5": {
							"post": [3.5225, 0.025, 1.4125],
							"lerp_mode": "catmullrom"
						},
						"6.7": {
							"post": [0, -0.1875, -0.45],
							"lerp_mode": "catmullrom"
						},
						"6.8667": {
							"post": [0.5375, -0.1875, 0.45],
							"lerp_mode": "catmullrom"
						},
						"7.0": {
							"post": [-0.275, 0, 0],
							"lerp_mode": "catmullrom"
						},
						"7.2": {
							"post": [0, 0, 0],
							"lerp_mode": "catmullrom"
						}
					}
				}
			},
			"sound_effects": {
				"0.0": {
					"effect": "tacz:hk_mp5a5/hk_mp5a5_inspect_raise"
				},
				"1.4667": {
					"effect": "tacz:hk_mp5a5/hk_mp5a5_inspect_cloth"
				},
				"2.8667": {
					"effect": "tacz:hk_mp5a5/hk_mp5a5_reload_magout"
				},
				"4.2": {
					"effect": "tacz:hk_mp5a5/hk_mp5a5_reload_empty_magin"
				},
				"4.5333": {
					"effect": "tacz:hk_mp5a5/hk_mp5a5_reload_magin"
				},
				"4.6333": {
					"effect": "tacz:hk_mp5a5/hk_mp5a5_inspect_turn"
				},
				"5.2": {
					"effect": "tacz:hk_mp5a5/hk_mp5a5_inspect_boltback"
				},
				"5.8333": {
					"effect": "tacz:hk_mp5a5/hk_mp5a5_inspect_boltrelease"
				},
				"6.2": {
					"effect": "tacz:hk_mp5a5/hk_mp5a5_inspect_end"
				}
			}
		},
		"inspect_empty": {
			"animation_length": 7.2667,
			"bones": {
				"root": {
					"rotation": {
						"0.0": {
							"post": [0, 0, 0],
							"lerp_mode": "catmullrom"
						},
						"0.1": {
							"post": [0.82, -5.68, -5.61],
							"lerp_mode": "catmullrom"
						},
						"0.3": {
							"post": [-6.02968, -34.87852, -29.0782],
							"lerp_mode": "catmullrom"
						},
						"0.5": {
							"post": [-5.30945, -40.65866, -34.15893],
							"lerp_mode": "catmullrom"
						},
						"0.8": {
							"post": [-4.74195, -41.27419, -35.031],
							"lerp_mode": "catmullrom"
						},
						"1.3": {
							"post": [-4.435, -41.795, -35.01],
							"lerp_mode": "catmullrom"
						},
						"1.4333": {
							"post": [-5.285, -43.855, -35.1],
							"lerp_mode": "catmullrom"
						},
						"1.6667": {
							"post": [-6.49, -47.47, -35.64],
							"lerp_mode": "catmullrom"
						},
						"1.8": {
							"post": [-6.33, -48.775, -35.94],
							"lerp_mode": "catmullrom"
						},
						"2.2667": {
							"post": [-4.48, -47.08, -36.24],
							"lerp_mode": "catmullrom"
						},
						"2.3667": {
							"post": [-6.52, -45.47, -34.68],
							"lerp_mode": "catmullrom"
						},
						"2.6667": {
							"post": [-10.61031, -23.69043, -25.4185],
							"lerp_mode": "catmullrom"
						},
						"2.8667": {
							"post": [-15.88531, -20.16543, -25.4185],
							"lerp_mode": "catmullrom"
						},
						"2.9333": {
							"post": [-17.52318, -19.20808, -22.30935],
							"lerp_mode": "catmullrom"
						},
						"3.0333": {
							"post": [-17.30129, -20.47998, -24.65348],
							"lerp_mode": "catmullrom"
						},
						"3.1333": {
							"post": [-18.27599, -20.65867, -23.32478],
							"lerp_mode": "catmullrom"
						},
						"4.2333": {
							"post": [-18.23, -20.72, -23.49],
							"lerp_mode": "catmullrom"
						},
						"4.2667": {
							"post": [-18.64419, -20.35062, -22.30668],
							"lerp_mode": "catmullrom"
						},
						"4.3667": {
							"post": [-18.07523, -21.06062, -24.61622],
							"lerp_mode": "catmullrom"
						},
						"4.5": {
							"post": [-17.22005, -21.24284, -25.22316],
							"lerp_mode": "catmullrom"
						},
						"4.6": {
							"post": [-18.28, -20.66, -23.32],
							"lerp_mode": "catmullrom"
						},
						"4.6667": {
							"post": [-19.40804, -19.60997, -20.04397],
							"lerp_mode": "catmullrom"
						},
						"4.7667": {
							"post": [-17.61331, -21.95027, -24.87227],
							"lerp_mode": "catmullrom"
						},
						"4.9": {
							"post": [-19.06858, -19.93948, -16.84729],
							"lerp_mode": "catmullrom"
						},
						"5.1": {
							"post": [-27.5725, 7.2075, 32.325],
							"lerp_mode": "catmullrom"
						},
						"5.3": {
							"post": [-29.34612, 20.73262, 50.04123],
							"lerp_mode": "catmullrom"
						},
						"5.5": {
							"post": [-28.24, 21.21, 52.72],
							"lerp_mode": "catmullrom"
						},
						"5.5667": {
							"post": [-28.61758, 21.91232, 54.11564],
							"lerp_mode": "catmullrom"
						},
						"5.6667": {
							"post": [-28.4376, 20.89539, 53.16164],
							"lerp_mode": "catmullrom"
						},
						"5.8667": {
							"post": [-28.61631, 22.09529, 54.25344],
							"lerp_mode": "catmullrom"
						},
						"6.1": {
							"post": [-29.11, 22.39, 54.81],
							"lerp_mode": "catmullrom"
						},
						"6.1667": {
							"post": [-30.08695, 19.84622, 51.15191],
							"lerp_mode": "catmullrom"
						},
						"6.2": {
							"post": [-27.97008, 21.77488, 55.24902],
							"lerp_mode": "catmullrom"
						},
						"6.2667": {
							"post": [-27.03207, 21.47953, 55.00736],
							"lerp_mode": "catmullrom"
						},
						"6.3667": {
							"post": [-24.70913, 19.52785, 52.2475],
							"lerp_mode": "catmullrom"
						},
						"6.5": {
							"post": [-17.08838, -3.38545, 12.43282],
							"lerp_mode": "catmullrom"
						},
						"6.6667": {
							"post": [0, -3.475, 0],
							"lerp_mode": "catmullrom"
						},
						"6.8": {
							"post": [0.8625, 0.2, 0],
							"lerp_mode": "catmullrom"
						},
						"6.8667": {
							"post": [0.8625, 0, 1.5],
							"lerp_mode": "catmullrom"
						},
						"6.9667": {
							"post": [0, -0.2, -0.46],
							"lerp_mode": "catmullrom"
						},
						"7.1": {
							"post": [0, 0.1, 0],
							"lerp_mode": "catmullrom"
						},
						"7.2667": {
							"post": [0, 0, 0],
							"lerp_mode": "catmullrom"
						}
					},
					"position": {
						"0.0": {
							"post": [0, 0, 0],
							"lerp_mode": "catmullrom"
						},
						"0.1667": {
							"post": [-0.115, -0.62, -0.25],
							"lerp_mode": "catmullrom"
						},
						"0.3667": {
							"post": [1.225, 0.175, -0.4],
							"lerp_mode": "catmullrom"
						},
						"0.5": {
							"post": [1.435, 1.09, -0.37],
							"lerp_mode": "catmullrom"
						},
						"0.7": {
							"post": [1.325, 1.775, -0.375],
							"lerp_mode": "catmullrom"
						},
						"1.0": {
							"post": [1.21, 1.7775, -0.37],
							"lerp_mode": "catmullrom"
						},
						"1.3667": {
							"post": [1.225, 2.25, -0.375],
							"lerp_mode": "catmullrom"
						},
						"1.5": {
							"post": [1.56, 2.77, -0.37],
							"lerp_mode": "catmullrom"
						},
						"1.7": {
							"post": [2.07, 4.3, -0.37],
							"lerp_mode": "catmullrom"
						},
						"1.9": {
							"post": [2.17, 4.74, -0.4],
							"lerp_mode": "catmullrom"
						},
						"2.1667": {
							"post": [2.19, 4.67, -0.41],
							"lerp_mode": "catmullrom"
						},
						"2.3": {
							"post": [2.045, 4, -0.37],
							"lerp_mode": "catmullrom"
						},
						"2.5": {
							"post": [0.72, 1.15, 0.48],
							"lerp_mode": "catmullrom"
						},
						"2.6667": {
							"post": [-0.03, 1.1, 0.93],
							"lerp_mode": "catmullrom"
						},
						"2.8667": {
							"post": [-0.105, 0.825, 0.93],
							"lerp_mode": "catmullrom"
						},
						"2.9333": {
							"post": [0.045, 0.29, 0.93],
							"lerp_mode": "catmullrom"
						},
						"3.0": {
							"post": [0.14, 0.17, 0.93],
							"lerp_mode": "catmullrom"
						},
						"3.1": {
							"post": [0.04, 0.595, 0.93],
							"lerp_mode": "catmullrom"
						},
						"3.2333": {
							"post": [-0.185, 0.915, 0.93],
							"lerp_mode": "catmullrom"
						},
						"3.7667": {
							"post": [-0.37, 0.87, 0.93],
							"lerp_mode": "catmullrom"
						},
						"4.1333": {
							"post": [-0.36, 0.84, 0.93],
							"lerp_mode": "catmullrom"
						},
						"4.2333": {
							"post": [-0.37, 0.88, 0.93],
							"lerp_mode": "catmullrom"
						},
						"4.2667": {
							"post": [-0.42, 0.9975, 0.93],
							"lerp_mode": "catmullrom"
						},
						"4.4333": {
							"post": [-0.45, 0.905, 0.93],
							"lerp_mode": "catmullrom"
						},
						"4.6": {
							"post": [-0.36, 0.895, 0.93],
							"lerp_mode": "catmullrom"
						},
						"4.6667": {
							"post": [-0.21, 0.395, 0.93],
							"lerp_mode": "catmullrom"
						},
						"4.7667": {
							"post": [-0.26, 0.295, 0.93],
							"lerp_mode": "catmullrom"
						},
						"4.9": {
							"post": [-0.46, -0.2, 0.93],
							"lerp_mode": "catmullrom"
						},
						"5.0": {
							"post": [-0.92, -1.09, 1.04],
							"lerp_mode": "catmullrom"
						},
						"5.1667": {
							"post": [-1.45, -1.47, 1.25],
							"lerp_mode": "catmullrom"
						},
						"5.3": {
							"post": [-1.56, -0.225, 1.455],
							"lerp_mode": "catmullrom"
						},
						"5.5": {
							"post": [-1.56, -0.075, 1.46],
							"lerp_mode": "catmullrom"
						},
						"5.6": {
							"post": [-1.56, -0.4, 1.46],
							"lerp_mode": "catmullrom"
						},
						"5.7": {
							"post": [-1.56, -0.44, 1.46],
							"lerp_mode": "catmullrom"
						},
						"5.8": {
							"post": [-1.56, -0.395, 1.46],
							"lerp_mode": "catmullrom"
						},
						"5.9667": {
							"post": [-1.56, -0.28, 1.46],
							"lerp_mode": "catmullrom"
						},
						"6.1": {
							"post": [-1.56, -0.25, 1.46],
							"lerp_mode": "catmullrom"
						},
						"6.1667": {
							"post": [-1.56, 0.16, 1.285],
							"lerp_mode": "catmullrom"
						},
						"6.2667": {
							"post": [-1.56, -0.17, 1.285],
							"lerp_mode": "catmullrom"
						},
						"6.3667": {
							"post": [-1.56, -0.65, 0.96],
							"lerp_mode": "catmullrom"
						},
						"6.5": {
							"post": [-0.58, -1.2075, 0.53],
							"lerp_mode": "catmullrom"
						},
						"6.6667": {
							"post": [0.15, -1.2375, -0.625],
							"lerp_mode": "catmullrom"
						},
						"6.7667": {
							"post": [-0.05, -0.6, 0.3375],
							"lerp_mode": "catmullrom"
						},
						"6.8": {
							"post": [-0.06, -0.3175, 0.475],
							"lerp_mode": "catmullrom"
						},
						"6.9": {
							"post": [-0.05, -0.15, -0.1625],
							"lerp_mode": "catmullrom"
						},
						"7.0667": {
							"post": [0, -0.05, 0.05],
							"lerp_mode": "catmullrom"
						},
						"7.2667": {
							"post": [0, 0, 0],
							"lerp_mode": "catmullrom"
						}
					}
				},
				"additional_magazine": {
					"scale": 0
				},
				"mag_and_lefthand": {
					"rotation": {
						"2.8667": {
							"pre": [0, 0, 0],
							"post": [0, 0, 0],
							"lerp_mode": "catmullrom"
						},
						"2.9333": {
							"post": [-8.99966, -0.07822, -0.49384],
							"lerp_mode": "catmullrom"
						},
						"3.0333": {
							"post": [-18.98926, -0.65102, -1.89112],
							"lerp_mode": "catmullrom"
						},
						"3.1": {
							"post": [-24.12154, 1.57672, 1.00689],
							"lerp_mode": "catmullrom"
						},
						"3.2": {
							"post": [-22.00086, 3.00688, 7.12384],
							"lerp_mode": "catmullrom"
						},
						"3.4333": {
							"post": [-20.18, 2.77, 10.83],
							"lerp_mode": "catmullrom"
						},
						"3.7": {
							"post": [-20.6993, 1.99711, 12.39422],
							"lerp_mode": "catmullrom"
						},
						"3.8": {
							"post": [-21.49, 1.36, 12.95],
							"lerp_mode": "catmullrom"
						},
						"3.9": {
							"post": [-21.38517, -0.47821, 10.66127],
							"lerp_mode": "catmullrom"
						},
						"4.0333": {
							"post": [-19.54995, -3.40992, 0.87979],
							"lerp_mode": "catmullrom"
						},
						"4.1333": {
							"post": [-13.62802, -3.57906, -7.92276],
							"lerp_mode": "catmullrom"
						},
						"4.2333": [-14.93855, -1.37047, -5.32445],
						"4.3667": [-14.99966, -0.07822, -0.49384],
						"4.6": [-14.99966, -0.07822, -0.49384],
						"4.6667": {
							"pre": [0, 0, 0],
							"post": [0, 0, 0],
							"lerp_mode": "catmullrom"
						}
					},
					"position": {
						"2.8667": {
							"pre": [0, 0, 0],
							"post": [0, 0, 0],
							"lerp_mode": "catmullrom"
						},
						"2.9333": {
							"post": [0, -1.8, -0.9],
							"lerp_mode": "catmullrom"
						},
						"3.0333": {
							"post": [0.5, -4.85, -2.5],
							"lerp_mode": "catmullrom"
						},
						"3.1667": {
							"post": [4.17651, -1.32913, 0.05122],
							"lerp_mode": "catmullrom"
						},
						"3.4333": {
							"post": [4.79, -0.8, 0.31],
							"lerp_mode": "catmullrom"
						},
						"3.7": {
							"post": [4.95137, -0.70995, 0.2578],
							"lerp_mode": "catmullrom"
						},
						"3.8": {
							"post": [5.05, -0.75, 0.26],
							"lerp_mode": "catmullrom"
						},
						"3.9": {
							"post": [4.97167, -0.96847, 0.11975],
							"lerp_mode": "catmullrom"
						},
						"4.0": {
							"post": [4.40151, -1.71663, 0.05122],
							"lerp_mode": "catmullrom"
						},
						"4.1": {
							"post": [1.89, -4.445, -0.22],
							"lerp_mode": "catmullrom"
						},
						"4.2333": [0.9, -2.3, -2],
						"4.3": [0.45, -2.4075, -1.82],
						"4.3667": [0.2, -2.35, -1.6375],
						"4.4667": [0.1, -2.37, -1.59],
						"4.5667": [0, -2.2, -1.55],
						"4.6": [0, -2.2, -1.55],
						"4.6667": {
							"pre": [0, 0, 0],
							"post": [0, 0, 0],
							"lerp_mode": "catmullrom"
						}
					}
				},
				"lefthand": {
					"rotation": {
						"0.0": [107.06948, -26.54246, -157.78735],
						"0.0667": [107.07, -26.54, -157.79],
						"2.4667": [107.07, -26.54, -157.79],
						"2.7": [82.78325, -30.45532, -109.2661],
						"4.9333": [82.78325, -30.45532, -109.2661],
						"5.0333": {
							"pre": [124.70646, 3.14279, -224.9777],
							"post": [124.70646, 3.14279, -224.9777],
							"lerp_mode": "catmullrom"
						},
						"5.1": {
							"post": [125.6675, -2.1411, -239.78482],
							"lerp_mode": "catmullrom"
						},
						"5.2": {
							"post": [123.68971, 0.20961, -268.90978],
							"lerp_mode": "catmullrom"
						},
						"5.2667": [125.56623, 3.33329, -278.46479],
						"5.3667": {
							"pre": [123.90376, 7.58581, -290.8503],
							"post": [123.90376, 7.58581, -290.8503],
							"lerp_mode": "catmullrom"
						},
						"5.4667": {
							"post": [123.90376, 7.58581, -290.8503],
							"lerp_mode": "catmullrom"
						},
						"5.5667": {
							"post": [114.85845, 8.54168, -285.44826],
							"lerp_mode": "catmullrom"
						},
						"5.8": [122.14393, 8.48336, -284.86065],
						"6.0667": [120.85845, 8.54168, -285.44826],
						"6.1": {
							"pre": [133.49556, 13.40688, -293.129],
							"post": [133.49556, 13.40688, -293.129],
							"lerp_mode": "catmullrom"
						},
						"6.2": {
							"post": [133.3831, 12.53418, -293.63004],
							"lerp_mode": "catmullrom"
						},
						"6.3": {
							"post": [130.13996, -12.94888, -249.7202],
							"lerp_mode": "catmullrom"
						},
						"6.4667": [107.06948, -26.54246, -157.78735]
					},
					"position": {
						"0.0": [8.4, -10.42, -11.32],
						"0.0667": [8.4, -10.42, -11.32],
						"0.3": [8.4, -33.42, 1.68],
						"2.4667": [8.4, -33.42, 1.68],
						"2.6": [7.5, -17.13, -8.92],
						"2.7": [6.9, -17.22, -8.92],
						"4.9": [6.9, -17.22, -8.92],
						"4.9667": {
							"pre": [8.10202, -13.04405, -10.9623],
							"post": [8.10202, -13.04405, -10.9623],
							"lerp_mode": "catmullrom"
						},
						"5.0": {
							"post": [9.07039, -11.83655, -12.1169],
							"lerp_mode": "catmullrom"
						},
						"5.0667": {
							"post": [9.83855, -9.77023, -13.83453],
							"lerp_mode": "catmullrom"
						},
						"5.2": {
							"post": [9.975, -6.595, -14.545],
							"lerp_mode": "catmullrom"
						},
						"5.2667": [9.25, -5.7325, -14.545],
						"5.3667": [8.725, -5.7325, -14.37],
						"5.4667": [8.725, -5.7325, -14.37],
						"5.5667": [8.775, -5.7325, -12.32],
						"5.8": [8.775, -5.7325, -12.395],
						"6.0667": [8.775, -5.7325, -12.42],
						"6.1": {
							"pre": [10.36154, -6.23008, -12.6279],
							"post": [10.36154, -6.23008, -12.6279],
							"lerp_mode": "catmullrom"
						},
						"6.2": {
							"post": [11.06874, -6.28603, -12.27758],
							"lerp_mode": "catmullrom"
						},
						"6.4667": [8.4, -10.42, -11.32]
					},
					"scale": [1, 1.5, 1]
				},
				"righthand": {
					"rotation": [96.07424, 8.95029, -179.05152],
					"position": {
						"0.0": [-6.5, -13, -1.7],
						"0.1667": [-6.5, -13, -1.7],
						"0.3": [-8, -12.8, -1.7],
						"2.5": [-8, -12.8, -1.7],
						"2.6667": [-6.5, -13, -1.7]
					},
					"scale": [1, 1.5, 1]
				},
				"charge_handle": {
					"position": {
						"5.4667": [0, 0, 0],
						"5.5667": [0, 0, 1.9],
						"5.8": [0, 0, 2],
						"6.1": [0, 0, 2],
						"6.1333": [0, 0, 0]
					}
				},
				"bolt": {
					"position": {
						"5.4667": [0, 0, 0],
						"5.5667": [0, 0, 1.9],
						"5.8": [0, 0, 2],
						"6.1": [0, 0, 2],
						"6.1333": [0, 0, 0]
					}
				},
				"bullet": {
					"scale": 0
				},
				"Mp5": {
					"rotation": {
						"2.9333": {
							"pre": [0, 0, 0],
							"post": [0, 0, 0],
							"lerp_mode": "catmullrom"
						},
						"3.3": {
							"post": [0, 2.55, 2.625],
							"lerp_mode": "catmullrom"
						},
						"3.5333": {
							"post": [-0.01593, 2.81416, 2.05396],
							"lerp_mode": "catmullrom"
						},
						"3.7667": {
							"post": [0.12215, 1.99627, 1.68963],
							"lerp_mode": "catmullrom"
						},
						"4.0333": {
							"post": [0.02852, 0.9219, -0.78038],
							"lerp_mode": "catmullrom"
						},
						"4.2333": {
							"post": [0, 0, 0],
							"lerp_mode": "catmullrom"
						}
					},
					"position": {
						"2.9333": {
							"pre": [0, 0, 0],
							"post": [0, 0, 0],
							"lerp_mode": "catmullrom"
						},
						"3.1333": {
							"post": [-0.12, -0.0725, 0.13],
							"lerp_mode": "catmullrom"
						},
						"3.2667": {
							"post": [-0.20556, -0.07572, 0.22381],
							"lerp_mode": "catmullrom"
						},
						"3.5333": {
							"post": [-0.24, -0.3325, 0.27],
							"lerp_mode": "catmullrom"
						},
						"3.8667": {
							"post": [-0.20314, -0.29969, 0.22776],
							"lerp_mode": "catmullrom"
						},
						"4.1": {
							"post": [-0.06, 0.04, 0.07],
							"lerp_mode": "catmullrom"
						},
						"4.2333": {
							"post": [0, 0, 0],
							"lerp_mode": "catmullrom"
						}
					}
				},
				"magazinecatch_2": {
					"position": {
						"2.7": [0, 0, 0],
						"2.8": [0.15, 0, 0],
						"2.9667": [0.15, 0, 0],
						"3.0333": [0, 0, 0],
						"4.6": [0, 0, 0],
						"4.6667": [0.15, 0, 0],
						"4.7333": [0.15, 0, 0],
						"4.8": [0, 0, 0]
					}
				},
				"camera": {
					"rotation": {
						"0.0": {
							"post": [0, 0, 0],
							"lerp_mode": "catmullrom"
						},
						"0.1667": {
							"post": [0.26, 0, -0.3375],
							"lerp_mode": "catmullrom"
						},
						"0.3667": {
							"post": [2.5875, -3.075, -0.6875],
							"lerp_mode": "catmullrom"
						},
						"0.7667": {
							"post": [2.3775, -2.55, -1.025],
							"lerp_mode": "catmullrom"
						},
						"1.0667": {
							"post": [2.755, -0.475, -0.9125],
							"lerp_mode": "catmullrom"
						},
						"1.3667": {
							"post": [2.535, 1.2125, -0.8],
							"lerp_mode": "catmullrom"
						},
						"1.7": {
							"post": [4.3175, 5.7375, -0.1125],
							"lerp_mode": "catmullrom"
						},
						"2.0333": {
							"post": [4.96, 7.4125, 0.225],
							"lerp_mode": "catmullrom"
						},
						"2.3667": {
							"post": [4.96, 7.4975, 0.1125],
							"lerp_mode": "catmullrom"
						},
						"2.6": {
							"post": [0.66, 1.2, -1.25],
							"lerp_mode": "catmullrom"
						},
						"2.9": {
							"post": [0.92, 0.43, -1.475],
							"lerp_mode": "catmullrom"
						},
						"3.0": {
							"post": [3.21, -0.275, -3.1875],
							"lerp_mode": "catmullrom"
						},
						"3.1667": {
							"post": [4.155, -0.82, -0.6875],
							"lerp_mode": "catmullrom"
						},
						"3.3667": {
							"post": [5.86, -1.14, -2.275],
							"lerp_mode": "catmullrom"
						},
						"4.0333": {
							"post": [6.16, -0.6, -1.1375],
							"lerp_mode": "catmullrom"
						},
						"4.2667": {
							"post": [3.01, 1.07, -0.9125],
							"lerp_mode": "catmullrom"
						},
						"4.6": {
							"post": [2.25, 1.39, -0.9125],
							"lerp_mode": "catmullrom"
						},
						"4.6667": {
							"post": [3.19, 1.39, -0.0625],
							"lerp_mode": "catmullrom"
						},
						"4.7667": {
							"post": [2.05, 1.33, -1.675],
							"lerp_mode": "catmullrom"
						},
						"4.9": {
							"post": [1.66, 1.3, -0.4625],
							"lerp_mode": "catmullrom"
						},
						"5.2": {
							"post": [5.56, 1.8875, 0.525],
							"lerp_mode": "catmullrom"
						},
						"5.5": {
							"post": [6.06, 2.0875, 1.475],
							"lerp_mode": "catmullrom"
						},
						"5.6": {
							"post": [7.455, 1.86, 2.3875],
							"lerp_mode": "catmullrom"
						},
						"5.7": {
							"post": [6.76, 1.625, 1.1875],
							"lerp_mode": "catmullrom"
						},
						"5.8667": {
							"post": [6.9175, 1.65, 1.925],
							"lerp_mode": "catmullrom"
						},
						"6.1": {
							"post": [6.96, 1.725, 2.0125],
							"lerp_mode": "catmullrom"
						},
						"6.1667": {
							"post": [8.16, 1.625, 3.15],
							"lerp_mode": "catmullrom"
						},
						"6.3": {
							"post": [5.6975, 1.025, 1.4375],
							"lerp_mode": "catmullrom"
						},
						"6.5": {
							"post": [3.5225, 0.025, 1.4125],
							"lerp_mode": "catmullrom"
						},
						"6.7": {
							"post": [0, -0.1875, -0.45],
							"lerp_mode": "catmullrom"
						},
						"6.8667": {
							"post": [0.5375, -0.1875, 0.45],
							"lerp_mode": "catmullrom"
						},
						"7.0": {
							"post": [-0.275, 0, 0],
							"lerp_mode": "catmullrom"
						},
						"7.2": {
							"post": [0, 0, 0],
							"lerp_mode": "catmullrom"
						}
					}
				}
			},
			"sound_effects": {
				"0.0": {
					"effect": "tacz:hk_mp5a5/hk_mp5a5_inspect_raise"
				},
				"1.4667": {
					"effect": "tacz:hk_mp5a5/hk_mp5a5_inspect_cloth"
				},
				"2.8667": {
					"effect": "tacz:hk_mp5a5/hk_mp5a5_reload_magout"
				},
				"4.2": {
					"effect": "tacz:hk_mp5a5/hk_mp5a5_reload_empty_magin"
				},
				"4.5333": {
					"effect": "tacz:hk_mp5a5/hk_mp5a5_reload_magin"
				},
				"4.6333": {
					"effect": "tacz:hk_mp5a5/hk_mp5a5_inspect_turn"
				},
				"5.2": {
					"effect": "tacz:hk_mp5a5/hk_mp5a5_inspect_boltback"
				},
				"5.8333": {
					"effect": "tacz:hk_mp5a5/hk_mp5a5_inspect_boltrelease"
				},
				"6.2": {
					"effect": "tacz:hk_mp5a5/hk_mp5a5_inspect_end"
				}
			}
		}
	}
}