{
	"format_version": "1.12.0",
	"minecraft:geometry": [
		{
			"description": {
				"identifier": "geometry.unknown",
				"texture_width": 128,
				"texture_height": 128,
				"visible_bounds_width": 5,
				"visible_bounds_height": 4,
				"visible_bounds_offset": [0, 0, 0]
			},
			"bones": [
				{
					"name": "root",
					"pivot": [-0.125, 4, 7.25]
				},
				{
					"name": "gun_and_righthand",
					"parent": "root",
					"pivot": [-0.125, 4, 7.25]
				},
				{
					"name": "gun",
					"parent": "gun_and_righthand",
					"pivot": [0.125, 7.5, -2.5]
				},
				{
					"name": "receiver",
					"parent": "gun",
					"pivot": [-0.125, 7.5, -2.5]
				},
				{
					"name": "topplate",
					"parent": "receiver",
					"pivot": [0.125, 7.5, -2.5]
				},
				{
					"name": "plate",
					"parent": "topplate",
					"pivot": [-1.67096, 7.38971, -1.84467],
					"cubes": [
						{
							"origin": [-0.37775, 7.49675, -3],
							"size": [0.7555, 0.12775, 7],
							"uv": {
								"north": {"uv": [71, 65], "uv_size": [1, 0.5]},
								"east": {"uv": [40, 0], "uv_size": [7, 0.5]},
								"up": {"uv": [30, 30], "uv_size": [1, 7]},
								"down": {"uv": [9, 39], "uv_size": [1, -7]}
							}
						},
						{
							"origin": [-0.38513, 7.12573, 4.02697],
							"size": [0.77027, 0.51116, 2.50222],
							"pivot": [-0.125, 7.72943, 3.99449],
							"rotation": [-15, 0, 0],
							"uv": {
								"north": {"uv": [72, 10], "uv_size": [1, 0.5]},
								"east": {"uv": [59, 60], "uv_size": [2.5, 0.5]},
								"west": {"uv": [61, 6], "uv_size": [2.5, 0.5]},
								"up": {"uv": [45, 31], "uv_size": [1, 2.5]},
								"down": {"uv": [2, 48.5], "uv_size": [1, -2.5]}
							}
						},
						{
							"origin": [-0.99303, 7.65837, 1.25],
							"size": [0.70481, 0.24841, 2.75],
							"inflate": 0.0002,
							"pivot": [0.00967, 7.65837, 2.25],
							"rotation": [0, 0, -45],
							"uv": {
								"north": {"uv": [79, 12], "uv_size": [0.5, 0.5]},
								"south": {"uv": [20, 79], "uv_size": [0.5, 0.5]},
								"west": {"uv": [57, 31], "uv_size": [3, 0.5]},
								"up": {"uv": [33, 57], "uv_size": [0.5, 3]}
							}
						},
						{
							"origin": [-0.66322, 7.65837, -2.375],
							"size": [0.375, 0.24841, 3.625],
							"pivot": [0.00967, 7.65837, -1.375],
							"rotation": [0, 0, -45],
							"uv": {
								"east": {"uv": [53, 56], "uv_size": [3.5, 0.5]},
								"west": {"uv": [57, 0], "uv_size": [3.5, 0.5]},
								"up": {"uv": [27, 56], "uv_size": [0.5, 3.5]},
								"down": {"uv": [31, 59.5], "uv_size": [0.5, -3.5]}
							}
						},
						{
							"origin": [-0.99033, 7.65837, -3],
							"size": [0.70211, 0.25, 0.625],
							"inflate": 0.0001,
							"pivot": [0.00967, 7.65837, -2],
							"rotation": [0, 0, -45],
							"uv": {
								"north": {"uv": [28, 79], "uv_size": [0.5, 0.5]},
								"east": {"uv": [30, 79], "uv_size": [0.5, 0.5]},
								"south": {"uv": [38, 79], "uv_size": [0.5, 0.5]},
								"west": {"uv": [79, 38], "uv_size": [0.5, 0.5]},
								"up": {"uv": [79, 44], "uv_size": [0.5, 0.5]},
								"down": {"uv": [79, 46.5], "uv_size": [0.5, -0.5]}
							}
						},
						{
							"origin": [0.28822, 7.65837, -3],
							"size": [0.70211, 0.25, 7],
							"inflate": 0.0001,
							"pivot": [-0.00967, 7.65837, -2],
							"rotation": [0, 0, 45],
							"uv": {
								"north": {"uv": [79, 48], "uv_size": [0.5, 0.5]},
								"east": {"uv": [41, 10], "uv_size": [7, 0.5]},
								"south": {"uv": [50, 79], "uv_size": [0.5, 0.5]},
								"up": {"uv": [23, 39], "uv_size": [0.5, 7]},
								"down": {"uv": [0, 48], "uv_size": [0.5, -7]}
							}
						},
						{
							"origin": [-0.98018, 7.65837, 4.13805],
							"size": [0.69278, 0.26126, 2.37294],
							"pivot": [0.00967, 7.65837, 4],
							"rotation": [-10.72858, -10.54529, -44.00703],
							"uv": {
								"north": {"uv": [52, 79], "uv_size": [0.5, 0.5]},
								"east": {"uv": [61, 8], "uv_size": [2.5, 0.5]},
								"south": {"uv": [57, 79], "uv_size": [0.5, 0.5]},
								"up": {"uv": [0, 61], "uv_size": [0.5, 2.5]},
								"down": {"uv": [4, 63.5], "uv_size": [0.5, -2.5]}
							}
						},
						{
							"origin": [0.28741, 7.65837, 4.13805],
							"size": [0.69278, 0.26126, 2.37294],
							"pivot": [-0.00967, 7.65837, 4],
							"rotation": [-10.72858, 10.54529, 44.00703],
							"uv": {
								"north": {"uv": [59, 79], "uv_size": [0.5, 0.5]},
								"south": {"uv": [79, 65], "uv_size": [0.5, 0.5]},
								"west": {"uv": [61, 14], "uv_size": [2.5, 0.5]},
								"up": {"uv": [61, 21], "uv_size": [0.5, 2.5]},
								"down": {"uv": [61, 27.5], "uv_size": [0.5, -2.5]}
							}
						},
						{
							"origin": [-0.92096, 7.38971, 0.78033],
							"size": [0.25, 0.25, 0.25],
							"inflate": 0.0001,
							"pivot": [-1.67096, 7.38971, 1.78033],
							"rotation": [-45, 0, 45],
							"uv": {
								"east": {"uv": [72, 79], "uv_size": [0.5, 0.5]},
								"west": {"uv": [76, 79], "uv_size": [0.5, 0.5]},
								"down": {"uv": [78, 79.5], "uv_size": [0.5, -0.5]}
							}
						},
						{
							"origin": [-0.92096, 7.38971, -2.84467],
							"size": [0.25, 0.25, 0.25],
							"inflate": -0.0001,
							"pivot": [-1.67096, 7.38971, -1.84467],
							"rotation": [-45, 0, 45],
							"uv": {
								"east": {"uv": [80, 10], "uv_size": [0.5, 0.5]},
								"south": {"uv": [12, 80], "uv_size": [0.5, 0.5]},
								"west": {"uv": [14, 80], "uv_size": [0.5, 0.5]}
							}
						}
					]
				},
				{
					"name": "rail",
					"parent": "topplate",
					"pivot": [-0.375, 7.86742, -3.625],
					"cubes": [
						{
							"origin": [0.28125, 7.78439, -2.875],
							"size": [0.1875, 0.17678, 1.25],
							"pivot": [0.375, 7.86742, -3.625],
							"rotation": [0, 0, -45],
							"uv": {
								"north": {"uv": [88, 24], "uv_size": [0.5, 0.5]},
								"south": {"uv": [88, 26], "uv_size": [0.5, 0.5]},
								"west": {"uv": [40, 71], "uv_size": [1.5, 0.5]},
								"down": {"uv": [45, 72.5], "uv_size": [0.5, -1.5]}
							}
						},
						{
							"origin": [-0.375, 7.5625, -2.875],
							"size": [0.75, 0.3125, 5.75],
							"uv": {
								"north": {"uv": [40, 78], "uv_size": [1, 0.5]},
								"east": {"uv": [45, 16], "uv_size": [6, 0.5]},
								"south": {"uv": [78, 40], "uv_size": [1, 0.5]},
								"west": {"uv": [45, 29], "uv_size": [6, 0.5]},
								"up": {"uv": [21, 32], "uv_size": [1, 6]}
							}
						},
						{
							"origin": [-0.375, 7.875, 1.625],
							"size": [0.75, 0.125, 1.25],
							"uv": {
								"north": {"uv": [42, 78], "uv_size": [1, 0.5]},
								"south": {"uv": [78, 42], "uv_size": [1, 0.5]},
								"up": {"uv": [51, 60], "uv_size": [1, 1.5]}
							}
						},
						{
							"origin": [-0.46875, 7.78439, 1.625],
							"size": [0.1875, 0.17678, 1.25],
							"pivot": [-0.375, 7.86742, 0.375],
							"rotation": [0, 0, 45],
							"uv": {
								"north": {"uv": [84, 87], "uv_size": [0.5, 0.5]},
								"east": {"uv": [0, 71], "uv_size": [1.5, 0.5]},
								"south": {"uv": [86, 87], "uv_size": [0.5, 0.5]},
								"down": {"uv": [71, 8.5], "uv_size": [0.5, -1.5]}
							}
						},
						{
							"origin": [0.28125, 7.78439, 1.625],
							"size": [0.1875, 0.17678, 1.25],
							"pivot": [0.375, 7.86742, 0.375],
							"rotation": [0, 0, -45],
							"uv": {
								"north": {"uv": [88, 2], "uv_size": [0.5, 0.5]},
								"south": {"uv": [88, 10], "uv_size": [0.5, 0.5]},
								"west": {"uv": [20, 71], "uv_size": [1.5, 0.5]},
								"down": {"uv": [23, 72.5], "uv_size": [0.5, -1.5]}
							}
						},
						{
							"origin": [-0.46875, 7.78439, 0.375],
							"size": [0.1875, 0.17678, 1],
							"pivot": [-0.375, 7.86742, -1.375],
							"rotation": [0, 0, 45],
							"uv": {
								"north": {"uv": [12, 88], "uv_size": [0.5, 0.5]},
								"east": {"uv": [44, 78], "uv_size": [1, 0.5]},
								"south": {"uv": [14, 88], "uv_size": [0.5, 0.5]},
								"down": {"uv": [78, 52], "uv_size": [0.5, -1]}
							}
						},
						{
							"origin": [-0.375, 7.875, 0.375],
							"size": [0.75, 0.125, 1],
							"uv": {
								"north": {"uv": [78, 53], "uv_size": [1, 0.5]},
								"south": {"uv": [78, 55], "uv_size": [1, 0.5]},
								"up": {"uv": [37, 67], "uv_size": [1, 1]}
							}
						},
						{
							"origin": [0.28125, 7.78439, 0.375],
							"size": [0.1875, 0.17678, 1],
							"pivot": [0.375, 7.86742, -1.375],
							"rotation": [0, 0, -45],
							"uv": {
								"north": {"uv": [88, 14], "uv_size": [0.5, 0.5]},
								"south": {"uv": [16, 88], "uv_size": [0.5, 0.5]},
								"west": {"uv": [78, 61], "uv_size": [1, 0.5]},
								"down": {"uv": [78, 64], "uv_size": [0.5, -1]}
							}
						},
						{
							"origin": [-0.46875, 7.78439, -1.375],
							"size": [0.1875, 0.17678, 1],
							"pivot": [-0.375, 7.86742, -3.125],
							"rotation": [0, 0, 45],
							"uv": {
								"north": {"uv": [88, 16], "uv_size": [0.5, 0.5]},
								"east": {"uv": [64, 78], "uv_size": [1, 0.5]},
								"south": {"uv": [18, 88], "uv_size": [0.5, 0.5]},
								"down": {"uv": [68, 79], "uv_size": [0.5, -1]}
							}
						},
						{
							"origin": [-0.375, 7.875, -1.375],
							"size": [0.75, 0.125, 1],
							"uv": {
								"north": {"uv": [70, 78], "uv_size": [1, 0.5]},
								"south": {"uv": [78, 73], "uv_size": [1, 0.5]},
								"up": {"uv": [67, 41], "uv_size": [1, 1]}
							}
						},
						{
							"origin": [0.28125, 7.78439, -1.375],
							"size": [0.1875, 0.17678, 1],
							"pivot": [0.375, 7.86742, -3.125],
							"rotation": [0, 0, -45],
							"uv": {
								"north": {"uv": [88, 18], "uv_size": [0.5, 0.5]},
								"south": {"uv": [22, 88], "uv_size": [0.5, 0.5]},
								"west": {"uv": [79, 0], "uv_size": [1, 0.5]},
								"down": {"uv": [4, 80], "uv_size": [0.5, -1]}
							}
						},
						{
							"origin": [-0.46875, 7.78439, -0.125],
							"size": [0.1875, 0.17678, 0.25],
							"pivot": [-0.375, 7.86742, -1.875],
							"rotation": [0, 0, 45],
							"uv": {
								"north": {"uv": [40, 88], "uv_size": [0.5, 0.5]},
								"east": {"uv": [88, 40], "uv_size": [0.5, 0.5]},
								"south": {"uv": [42, 88], "uv_size": [0.5, 0.5]},
								"down": {"uv": [46, 88.5], "uv_size": [0.5, -0.5]}
							}
						},
						{
							"origin": [-0.375, 7.875, -0.125],
							"size": [0.75, 0.125, 0.25],
							"uv": {
								"north": {"uv": [79, 6], "uv_size": [1, 0.5]},
								"south": {"uv": [8, 79], "uv_size": [1, 0.5]},
								"up": {"uv": [79, 8], "uv_size": [1, 0.5]}
							}
						},
						{
							"origin": [0.28125, 7.78439, -0.125],
							"size": [0.1875, 0.17678, 0.25],
							"pivot": [0.375, 7.86742, -1.875],
							"rotation": [0, 0, -45],
							"uv": {
								"north": {"uv": [88, 28], "uv_size": [0.5, 0.5]},
								"south": {"uv": [32, 88], "uv_size": [0.5, 0.5]},
								"west": {"uv": [88, 32], "uv_size": [0.5, 0.5]},
								"down": {"uv": [88, 34.5], "uv_size": [0.5, -0.5]}
							}
						},
						{
							"origin": [-0.375, 7.875, -2.875],
							"size": [0.75, 0.125, 1.25],
							"uv": {
								"north": {"uv": [79, 4], "uv_size": [1, 0.5]},
								"south": {"uv": [6, 79], "uv_size": [1, 0.5]},
								"up": {"uv": [55, 60], "uv_size": [1, 1.5]}
							}
						},
						{
							"origin": [-0.46875, 7.78439, -2.875],
							"size": [0.1875, 0.17678, 1.25],
							"pivot": [-0.375, 7.86742, -3.625],
							"rotation": [0, 0, 45],
							"uv": {
								"north": {"uv": [88, 22], "uv_size": [0.5, 0.5]},
								"east": {"uv": [71, 33], "uv_size": [1.5, 0.5]},
								"south": {"uv": [24, 88], "uv_size": [0.5, 0.5]},
								"down": {"uv": [38, 72.5], "uv_size": [0.5, -1.5]}
							}
						}
					]
				},
				{
					"name": "rearsight",
					"parent": "rail",
					"pivot": [0, 0.14063, 2.0625],
					"cubes": [
						{
							"origin": [-0.07767, 7.82813, 2.45313],
							"size": [0.15534, 0.175, 0.09375],
							"pivot": [0, 8.14063, 2.0625],
							"rotation": [0, 0, 45],
							"uv": {
								"north": {"uv": [80, 16], "uv_size": [0.5, 0.5]},
								"east": {"uv": [18, 80], "uv_size": [0.5, 0.5]},
								"south": {"uv": [80, 18], "uv_size": [0.5, 0.5]},
								"up": {"uv": [80, 22], "uv_size": [0.5, 0.5]}
							}
						},
						{
							"origin": [-0.07767, 8.27813, 2.45313],
							"size": [0.15534, 0.05, 0.09375],
							"pivot": [0, 8.14063, 2.0625],
							"rotation": [0, 0, 45],
							"uv": {
								"north": {"uv": [80, 24], "uv_size": [0.5, 0.5]},
								"south": {"uv": [80, 28], "uv_size": [0.5, 0.5]},
								"up": {"uv": [32, 80], "uv_size": [0.5, 0.5]},
								"down": {"uv": [80, 32.5], "uv_size": [0.5, -0.5]}
							}
						},
						{
							"origin": [-0.07767, 8.27813, 2.45313],
							"size": [0.15534, 0.05, 0.09375],
							"uv": {
								"north": {"uv": [34, 80], "uv_size": [0.5, 0.5]},
								"south": {"uv": [36, 80], "uv_size": [0.5, 0.5]},
								"up": {"uv": [40, 80], "uv_size": [0.5, 0.5]},
								"down": {"uv": [80, 40.5], "uv_size": [0.5, -0.5]}
							}
						},
						{
							"origin": [0.1375, 8.06296, 2.45313],
							"size": [0.175, 0.15533, 0.09375],
							"pivot": [0, 8.14063, 2.0625],
							"rotation": [0, 0, 45],
							"uv": {
								"north": {"uv": [42, 80], "uv_size": [0.5, 0.5]},
								"east": {"uv": [80, 42], "uv_size": [0.5, 0.5]},
								"south": {"uv": [44, 80], "uv_size": [0.5, 0.5]},
								"up": {"uv": [48, 80], "uv_size": [0.5, 0.5]}
							}
						},
						{
							"origin": [0.1375, 8.06296, 2.45313],
							"size": [0.05, 0.15533, 0.09375],
							"uv": {
								"north": {"uv": [80, 52], "uv_size": [0.5, 0.5]},
								"east": {"uv": [54, 80], "uv_size": [0.5, 0.5]},
								"south": {"uv": [80, 54], "uv_size": [0.5, 0.5]},
								"west": {"uv": [80, 56], "uv_size": [0.5, 0.5]}
							}
						},
						{
							"origin": [-0.1875, 8.06296, 2.45313],
							"size": [0.05, 0.15533, 0.09375],
							"pivot": [0, 8.14063, 2.0625],
							"rotation": [0, 0, 45],
							"uv": {
								"north": {"uv": [61, 80], "uv_size": [0.5, 0.5]},
								"east": {"uv": [80, 62], "uv_size": [0.5, 0.5]},
								"south": {"uv": [63, 80], "uv_size": [0.5, 0.5]},
								"west": {"uv": [65, 80], "uv_size": [0.5, 0.5]}
							}
						},
						{
							"origin": [-0.1875, 8.06296, 2.45313],
							"size": [0.05, 0.15533, 0.09375],
							"uv": {
								"north": {"uv": [69, 80], "uv_size": [0.5, 0.5]},
								"east": {"uv": [80, 71], "uv_size": [0.5, 0.5]},
								"south": {"uv": [80, 73], "uv_size": [0.5, 0.5]},
								"west": {"uv": [80, 75], "uv_size": [0.5, 0.5]}
							}
						}
					]
				},
				{
					"name": "midsection",
					"parent": "receiver",
					"pivot": [0, 6, -3]
				},
				{
					"name": "rear",
					"parent": "midsection",
					"pivot": [-0.115, 5.1875, 5.9375],
					"cubes": [
						{
							"origin": [-0.875, 5.1875, 1.25],
							"size": [1.75, 1.0625, 4.6875],
							"uv": {
								"north": {"uv": [53, 48], "uv_size": [2, 1]},
								"east": {"uv": [34, 12], "uv_size": [4.5, 1]},
								"west": {"uv": [35, 14], "uv_size": [4.5, 1]}
							}
						},
						{
							"origin": [-0.875, 6.25, 1.25],
							"size": [1.75, 0.875, 2.75],
							"uv": {
								"north": {"uv": [54, 12], "uv_size": [2, 1]},
								"east": {"uv": [25, 18], "uv_size": [3, 1]},
								"west": {"uv": [19, 42], "uv_size": [3, 1]},
								"up": {"uv": [11, 32], "uv_size": [2, 3]}
							}
						},
						{
							"origin": [-0.875, 5.1875, 3.56456],
							"size": [1.75, 1.37002, 2.37294],
							"inflate": 0.0002,
							"pivot": [-0.115, 5.1875, 5.9375],
							"rotation": [-15, 0, 0],
							"uv": {
								"east": {"uv": [19, 39], "uv_size": [2.5, 1.5]},
								"south": {"uv": [25, 43], "uv_size": [2, 1.5]},
								"west": {"uv": [39, 26], "uv_size": [2.5, 1.5]},
								"up": {"uv": [14, 33], "uv_size": [2, 2.5]}
							}
						}
					]
				},
				{
					"name": "middle",
					"parent": "midsection",
					"pivot": [-0.125, 5.1875, 0.25],
					"cubes": [
						{
							"origin": [-0.875, 5.1875, -2.375],
							"size": [0.25, 1, 3.625],
							"uv": {
								"east": {"uv": [34, 41], "uv_size": [3.5, 1]},
								"west": {"uv": [39, 41], "uv_size": [3.5, 1]},
								"up": {"uv": [46, 56], "uv_size": [0.5, 3.5]}
							}
						},
						{
							"origin": [-0.875, 6.0625, -2.5],
							"size": [0.25, 0.25, 0.25],
							"pivot": [-0.75, 6.1875, -2.375],
							"rotation": [-45, 0, 0],
							"uv": {
								"east": {"uv": [2, 81], "uv_size": [0.5, 0.5]},
								"west": {"uv": [81, 4], "uv_size": [0.5, 0.5]},
								"up": {"uv": [6, 81], "uv_size": [0.5, 0.5]}
							}
						},
						{
							"origin": [-0.875, 6.0625, 1.125],
							"size": [0.25, 0.25, 0.25],
							"inflate": 0.0001,
							"pivot": [-0.75, 6.1875, 1.25],
							"rotation": [-45, 0, 0],
							"uv": {
								"north": {"uv": [8, 81], "uv_size": [0.5, 0.5]},
								"east": {"uv": [81, 8], "uv_size": [0.5, 0.5]},
								"west": {"uv": [81, 12], "uv_size": [0.5, 0.5]}
							}
						},
						{
							"origin": [0.625, 5.1875, -2.375],
							"size": [0.25, 1.9375, 3.625],
							"uv": {
								"east": {"uv": [31, 6], "uv_size": [3.5, 2]},
								"west": {"uv": [31, 9], "uv_size": [3.5, 2]},
								"up": {"uv": [8, 57], "uv_size": [0.5, 3.5]},
								"down": {"uv": [12, 60.5], "uv_size": [0.5, -3.5]}
							}
						}
					]
				},
				{
					"name": "breechend",
					"parent": "midsection",
					"pivot": [0.52026, 5.95201, -2.6875],
					"cubes": [
						{
							"origin": [-0.875, 5.1875, -3],
							"size": [0.3125, 1.1875, 0.625],
							"uv": {
								"north": {"uv": [16, 72], "uv_size": [0.5, 1]},
								"east": {"uv": [72, 16], "uv_size": [0.5, 1]},
								"south": {"uv": [18, 72], "uv_size": [0.5, 1]},
								"west": {"uv": [72, 24], "uv_size": [0.5, 1]},
								"down": {"uv": [28, 81.5], "uv_size": [0.5, -0.5]}
							}
						},
						{
							"origin": [-0.08211, 6.07322, -3],
							"size": [0.5625, 0.25, 0.625],
							"inflate": 0.0002,
							"pivot": [0.17678, 6.69822, -2],
							"rotation": [0, 0, -45],
							"uv": {
								"north": {"uv": [30, 81], "uv_size": [0.5, 0.5]},
								"south": {"uv": [81, 38], "uv_size": [0.5, 0.5]},
								"up": {"uv": [81, 46], "uv_size": [0.5, 0.5]}
							}
						},
						{
							"origin": [-0.875, 6.375, -3],
							"size": [0.25078, 0.75303, 0.625],
							"inflate": 0.0001,
							"uv": {
								"north": {"uv": [25, 72], "uv_size": [0.5, 1]},
								"east": {"uv": [72, 26], "uv_size": [0.5, 1]},
								"south": {"uv": [72, 28], "uv_size": [0.5, 1]},
								"west": {"uv": [72, 30], "uv_size": [0.5, 1]},
								"up": {"uv": [50, 81], "uv_size": [0.5, 0.5]}
							}
						},
						{
							"origin": [0.62422, 6.375, -3],
							"size": [0.25078, 0.75303, 0.625],
							"uv": {
								"north": {"uv": [36, 72], "uv_size": [0.5, 1]},
								"east": {"uv": [72, 41], "uv_size": [0.5, 1]},
								"south": {"uv": [72, 43], "uv_size": [0.5, 1]},
								"west": {"uv": [72, 51], "uv_size": [0.5, 1]},
								"up": {"uv": [56, 81], "uv_size": [0.5, 0.5]}
							}
						},
						{
							"origin": [0.5625, 5.1875, -3],
							"size": [0.3125, 1.1875, 0.625],
							"uv": {
								"north": {"uv": [72, 53], "uv_size": [0.5, 1]},
								"east": {"uv": [72, 55], "uv_size": [0.5, 1]},
								"south": {"uv": [72, 57], "uv_size": [0.5, 1]},
								"west": {"uv": [72, 59], "uv_size": [0.5, 1]},
								"down": {"uv": [81, 69.5], "uv_size": [0.5, -0.5]}
							}
						},
						{
							"origin": [-0.5625, 6.0625, -3],
							"size": [1.125, 0.1875, 0.625],
							"uv": {
								"north": {"uv": [72, 61], "uv_size": [1, 0.5]},
								"south": {"uv": [72, 63], "uv_size": [1, 0.5]},
								"up": {"uv": [64, 72], "uv_size": [1, 0.5]},
								"down": {"uv": [66, 72.5], "uv_size": [1, -0.5]}
							}
						},
						{
							"origin": [-0.48039, 6.07322, -3],
							"size": [0.5625, 0.25, 0.625],
							"pivot": [-0.17678, 6.69822, -2],
							"rotation": [0, 0, 45],
							"uv": {
								"north": {"uv": [75, 81], "uv_size": [0.5, 0.5]},
								"south": {"uv": [81, 77], "uv_size": [0.5, 0.5]},
								"up": {"uv": [81, 81], "uv_size": [0.5, 0.5]}
							}
						},
						{
							"origin": [-0.80151, 5.82701, -3],
							"size": [0.5625, 0.25, 0.625],
							"inflate": 0.0001,
							"pivot": [-0.52026, 5.95201, -2.6875],
							"rotation": [0, 0, -45],
							"uv": {
								"north": {"uv": [82, 10], "uv_size": [0.5, 0.5]},
								"south": {"uv": [14, 82], "uv_size": [0.5, 0.5]},
								"down": {"uv": [82, 16.5], "uv_size": [0.5, -0.5]}
							}
						},
						{
							"origin": [0.23901, 5.82701, -3],
							"size": [0.5625, 0.25, 0.625],
							"inflate": 0.0001,
							"pivot": [0.52026, 5.95201, -2.6875],
							"rotation": [0, 0, 45],
							"uv": {
								"north": {"uv": [18, 82], "uv_size": [0.5, 0.5]},
								"south": {"uv": [22, 82], "uv_size": [0.5, 0.5]},
								"down": {"uv": [82, 24.5], "uv_size": [0.5, -0.5]}
							}
						}
					]
				},
				{
					"name": "bottomplate",
					"parent": "receiver",
					"pivot": [0, 6, -3],
					"cubes": [
						{
							"origin": [-0.625, 4.9375, 1.25],
							"size": [1.25, 0.375, 5],
							"inflate": 0.0001,
							"uv": {
								"north": {"uv": [67, 45], "uv_size": [1.5, 0.5]},
								"east": {"uv": [45, 37], "uv_size": [5, 0.5]},
								"west": {"uv": [46, 6], "uv_size": [5, 0.5]},
								"up": {"uv": [21, 26], "uv_size": [1.5, 5]},
								"down": {"uv": [24, 31], "uv_size": [1.5, -5]}
							}
						},
						{
							"origin": [-0.375, 4.67233, -3],
							"size": [0.75, 0.26517, 0.75],
							"uv": {
								"north": {"uv": [72, 67], "uv_size": [1, 0.5]},
								"east": {"uv": [68, 72], "uv_size": [1, 0.5]},
								"south": {"uv": [70, 72], "uv_size": [1, 0.5]},
								"west": {"uv": [72, 72], "uv_size": [1, 0.5]},
								"up": {"uv": [24, 66], "uv_size": [1, 1]},
								"down": {"uv": [28, 67], "uv_size": [1, -1]}
							}
						},
						{
							"origin": [-0.97855, 4.9375, -2.25],
							"size": [0.35355, 0.25, 8.5],
							"pivot": [-0.625, 4.9375, 5.73438],
							"rotation": [0, 0, 45],
							"uv": {
								"east": {"uv": [35, 16], "uv_size": [8.5, 0.5]},
								"south": {"uv": [82, 28], "uv_size": [0.5, 0.5]},
								"west": {"uv": [35, 29], "uv_size": [8.5, 0.5]},
								"up": {"uv": [35, 31], "uv_size": [0.5, 8.5]},
								"down": {"uv": [32, 43.5], "uv_size": [0.5, -8.5]}
							}
						},
						{
							"origin": [-1.08838, 4.67233, -3],
							"size": [0.72855, 0.375, 0.75],
							"inflate": 0.0001,
							"pivot": [-0.35983, 4.67233, 4.98438],
							"rotation": [0, 0, 45],
							"uv": {
								"north": {"uv": [82, 30], "uv_size": [0.5, 0.5]},
								"east": {"uv": [0, 73], "uv_size": [1, 0.5]},
								"south": {"uv": [32, 82], "uv_size": [0.5, 0.5]},
								"up": {"uv": [2, 73], "uv_size": [0.5, 1]},
								"down": {"uv": [4, 74], "uv_size": [0.5, -1]}
							}
						},
						{
							"origin": [0.35983, 4.67233, -3],
							"size": [0.72855, 0.375, 0.75],
							"inflate": 0.0001,
							"pivot": [0.35983, 4.67233, 4.98438],
							"rotation": [0, 0, -45],
							"uv": {
								"north": {"uv": [82, 32], "uv_size": [0.5, 0.5]},
								"south": {"uv": [34, 82], "uv_size": [0.5, 0.5]},
								"west": {"uv": [6, 73], "uv_size": [1, 0.5]},
								"up": {"uv": [73, 6], "uv_size": [0.5, 1]},
								"down": {"uv": [8, 74], "uv_size": [0.5, -1]}
							}
						},
						{
							"origin": [0.625, 4.9375, -2.25],
							"size": [0.35355, 0.25, 8.5],
							"pivot": [0.625, 4.9375, 5.73438],
							"rotation": [0, 0, -45],
							"uv": {
								"east": {"uv": [36, 6], "uv_size": [8.5, 0.5]},
								"south": {"uv": [36, 82], "uv_size": [0.5, 0.5]},
								"west": {"uv": [36, 8], "uv_size": [8.5, 0.5]},
								"up": {"uv": [11, 36], "uv_size": [0.5, 8.5]},
								"down": {"uv": [13, 45.5], "uv_size": [0.5, -8.5]}
							}
						}
					]
				},
				{
					"name": "loadinggate",
					"parent": "bottomplate",
					"pivot": [-0.125, 6, -3],
					"cubes": [
						{
							"origin": [-0.375, 5.23438, -2.25],
							"size": [0.75, 0.125, 3.5],
							"inflate": 0.0001,
							"pivot": [-0.125, 5.29688, 1.25],
							"rotation": [7.5, 0, 0],
							"uv": {
								"north": {"uv": [73, 8], "uv_size": [1, 0.5]},
								"east": {"uv": [57, 12], "uv_size": [3.5, 0.5]},
								"south": {"uv": [10, 73], "uv_size": [1, 0.5]},
								"west": {"uv": [14, 57], "uv_size": [3.5, 0.5]},
								"up": {"uv": [2, 41], "uv_size": [1, 3.5]},
								"down": {"uv": [4, 44.5], "uv_size": [1, -3.5]}
							}
						},
						{
							"origin": [-0.375, 5, -0.5],
							"size": [0.75, 0.125, 1.75],
							"uv": {
								"north": {"uv": [73, 12], "uv_size": [1, 0.5]},
								"east": {"uv": [66, 55], "uv_size": [2, 0.5]},
								"west": {"uv": [59, 66], "uv_size": [2, 0.5]},
								"up": {"uv": [6, 54], "uv_size": [1, 2]},
								"down": {"uv": [17, 56], "uv_size": [1, -2]}
							}
						},
						{
							"origin": [-0.375, 5.125, 0.4375],
							"size": [0.75, 0.125, 0.8125],
							"uv": {
								"north": {"uv": [73, 21], "uv_size": [1, 0.5]},
								"east": {"uv": [27, 73], "uv_size": [1, 0.5]},
								"west": {"uv": [31, 73], "uv_size": [1, 0.5]},
								"up": {"uv": [62, 66], "uv_size": [1, 1]}
							}
						}
					]
				},
				{
					"name": "triggergroup",
					"parent": "receiver",
					"pivot": [0, 6, -3],
					"cubes": [
						{
							"origin": [-0.3125, 3.375, 3.9375],
							"size": [0.625, 0.25, 1.5],
							"uv": {
								"east": {"uv": [67, 49], "uv_size": [1.5, 0.5]},
								"west": {"uv": [51, 67], "uv_size": [1.5, 0.5]},
								"up": {"uv": [54, 67], "uv_size": [0.5, 1.5]},
								"down": {"uv": [56, 68.5], "uv_size": [0.5, -1.5]}
							}
						},
						{
							"origin": [-0.3125, 4, 3.0625],
							"size": [0.625, 1, 0.375],
							"inflate": -0.0001,
							"uv": {
								"east": {"uv": [40, 73], "uv_size": [0.5, 1]},
								"south": {"uv": [73, 45], "uv_size": [0.5, 1]},
								"west": {"uv": [73, 47], "uv_size": [0.5, 1]},
								"down": {"uv": [42, 82.5], "uv_size": [0.5, -0.5]}
							}
						},
						{
							"origin": [-0.3125, 3.09852, 5.55915],
							"size": [0.625, 0.375, 0.8125],
							"inflate": 0.0001,
							"pivot": [0.6875, 3.09852, 5.18415],
							"rotation": [47.5, 0, 0],
							"uv": {
								"east": {"uv": [73, 49], "uv_size": [1, 0.5]},
								"west": {"uv": [53, 73], "uv_size": [1, 0.5]},
								"up": {"uv": [55, 73], "uv_size": [0.5, 1]},
								"down": {"uv": [60, 74], "uv_size": [0.5, -1]}
							}
						},
						{
							"origin": [-0.3125, 3.73349, 1.55053],
							"size": [0.625, 0.25, 2.5],
							"inflate": 0.0001,
							"pivot": [0.6875, 3.73349, 3.42553],
							"rotation": [-35, 0, 0],
							"uv": {
								"east": {"uv": [61, 29], "uv_size": [2.5, 0.5]},
								"west": {"uv": [31, 61], "uv_size": [2.5, 0.5]},
								"up": {"uv": [27, 61], "uv_size": [0.5, 2.5]},
								"down": {"uv": [35, 63.5], "uv_size": [0.5, -2.5]}
							}
						},
						{
							"origin": [-0.3125, 3.73349, 4.55053],
							"size": [0.625, 0.5, 1],
							"pivot": [0.6875, 3.73349, 6.42553],
							"rotation": [-35, 0, 0],
							"uv": {
								"east": {"uv": [62, 73], "uv_size": [1, 0.5]},
								"west": {"uv": [73, 65], "uv_size": [1, 0.5]},
								"down": {"uv": [74, 3], "uv_size": [0.5, -1]}
							}
						},
						{
							"origin": [-0.3125, 3.73349, 1.92553],
							"size": [0.625, 0.5, 1],
							"pivot": [0.6875, 3.73349, 3.80053],
							"rotation": [-35, 0, 0],
							"uv": {
								"east": {"uv": [74, 10], "uv_size": [1, 0.5]},
								"west": {"uv": [12, 74], "uv_size": [1, 0.5]},
								"down": {"uv": [74, 15], "uv_size": [0.5, -1]}
							}
						},
						{
							"origin": [0.625, 4.8125, 1.25],
							"size": [-1.25, 0.125, 5],
							"uv": {
								"north": {"uv": [67, 60], "uv_size": [1.5, 0.5]},
								"east": {"uv": [46, 8], "uv_size": [5, 0.5]},
								"south": {"uv": [67, 62], "uv_size": [1.5, 0.5]},
								"west": {"uv": [46, 26], "uv_size": [5, 0.5]},
								"down": {"uv": [28, 11], "uv_size": [1.5, -5]}
							}
						},
						{
							"origin": [-0.3125, 3.97404, 5.48642],
							"size": [0.625, 1.2304, 0.5],
							"inflate": 0.0002,
							"uv": {
								"north": {"uv": [16, 74], "uv_size": [0.5, 1]},
								"east": {"uv": [74, 16], "uv_size": [0.5, 1]},
								"west": {"uv": [74, 18], "uv_size": [0.5, 1]},
								"down": {"uv": [82, 58.5], "uv_size": [0.5, -0.5]}
							}
						},
						{
							"origin": [-0.3125, 3.89832, 5.72835],
							"size": [0.625, 0.87892, 0.24925],
							"pivot": [-0.5625, 3.90997, 6.22835],
							"rotation": [-17.5, 0, 0],
							"uv": {
								"east": {"uv": [74, 23], "uv_size": [0.5, 1]},
								"south": {"uv": [24, 74], "uv_size": [0.5, 1]},
								"west": {"uv": [74, 25], "uv_size": [0.5, 1]},
								"up": {"uv": [60, 82], "uv_size": [0.5, 0.5]},
								"down": {"uv": [82, 60.5], "uv_size": [0.5, -0.5]}
							}
						}
					]
				},
				{
					"name": "trigger",
					"parent": "triggergroup",
					"pivot": [-0.5, 4, 5.5625],
					"cubes": [
						{
							"origin": [-0.125, 4, 5.0625],
							"size": [0.25, 1, 0.25],
							"inflate": 0.0001,
							"uv": {
								"north": {"uv": [74, 27], "uv_size": [0.5, 1]},
								"east": {"uv": [74, 29], "uv_size": [0.5, 1]},
								"south": {"uv": [74, 31], "uv_size": [0.5, 1]},
								"west": {"uv": [33, 74], "uv_size": [0.5, 1]},
								"down": {"uv": [82, 62.5], "uv_size": [0.5, -0.5]}
							}
						},
						{
							"origin": [-0.125, 3.63671, 5.00967],
							"size": [0.25, 0.375, 0.25],
							"inflate": 0.0002,
							"pivot": [0, 3.88671, 5.25967],
							"rotation": [-25, 0, 0],
							"uv": {
								"north": {"uv": [64, 82], "uv_size": [0.5, 0.5]},
								"east": {"uv": [66, 82], "uv_size": [0.5, 0.5]},
								"south": {"uv": [82, 66], "uv_size": [0.5, 0.5]},
								"west": {"uv": [68, 82], "uv_size": [0.5, 0.5]},
								"up": {"uv": [82, 71], "uv_size": [0.5, 0.5]},
								"down": {"uv": [82, 73.5], "uv_size": [0.5, -0.5]}
							}
						},
						{
							"origin": [-0.125, 4.29377, 4.75311],
							"size": [0.25, 0.6875, 0.25],
							"inflate": 0.002,
							"pivot": [0, 4.79377, 4.87811],
							"rotation": [35, 0, 0],
							"uv": {
								"north": {"uv": [82, 75], "uv_size": [0.5, 0.5]},
								"east": {"uv": [82, 79], "uv_size": [0.5, 0.5]},
								"west": {"uv": [83, 0], "uv_size": [0.5, 0.5]},
								"up": {"uv": [2, 83], "uv_size": [0.5, 0.5]}
							}
						}
					]
				},
				{
					"name": "switches",
					"parent": "triggergroup",
					"pivot": [0, 0, 0],
					"cubes": [
						{
							"origin": [-0.3125, 4.3125, 5.625],
							"size": [0.8125, 0.375, 0.375],
							"inflate": 0.0003,
							"pivot": [0, 4.4375, 5.75],
							"rotation": [45, 0, 0],
							"uv": {
								"north": {"uv": [74, 33], "uv_size": [1, 0.5]},
								"east": {"uv": [83, 4], "uv_size": [0.5, 0.5]},
								"south": {"uv": [35, 74], "uv_size": [1, 0.5]},
								"west": {"uv": [6, 83], "uv_size": [0.5, 0.5]},
								"up": {"uv": [74, 35], "uv_size": [1, 0.5]},
								"down": {"uv": [37, 74.5], "uv_size": [1, -0.5]}
							}
						},
						{
							"origin": [0.3125, 4.5, 2.125],
							"size": [0.125, 1, 0.5],
							"pivot": [-0.0625, 4.625, 2.25],
							"rotation": [-45, 0, 0],
							"uv": {
								"north": {"uv": [74, 37], "uv_size": [0.5, 1]},
								"east": {"uv": [74, 41], "uv_size": [0.5, 1]},
								"south": {"uv": [42, 74], "uv_size": [0.5, 1]},
								"west": {"uv": [74, 43], "uv_size": [0.5, 1]},
								"down": {"uv": [8, 83.5], "uv_size": [0.5, -0.5]}
							}
						}
					]
				},
				{
					"name": "barrel",
					"parent": "gun",
					"pivot": [0, 6.8125, 3]
				},
				{
					"name": "muzzle",
					"parent": "barrel",
					"pivot": [0, 0.625, -17.375],
					"cubes": [
						{
							"origin": [-0.233, 6.3125, -10.375],
							"size": [0.46599, 0.125, 5.375],
							"inflate": 0.001,
							"pivot": [0, 6.875, -9.375],
							"rotation": [0, 0, 45],
							"uv": {
								"north": {"uv": [83, 8], "uv_size": [0.5, 0.5]},
								"up": {"uv": [4, 46], "uv_size": [0.5, 5]},
								"down": {"uv": [11, 51], "uv_size": [0.5, -5]}
							}
						},
						{
							"origin": [-0.233, 6.3125, -10.375],
							"size": [0.46599, 0.125, 5.375],
							"inflate": 0.001,
							"uv": {
								"north": {"uv": [83, 12], "uv_size": [0.5, 0.5]},
								"up": {"uv": [25, 46], "uv_size": [0.5, 5]},
								"down": {"uv": [27, 51], "uv_size": [0.5, -5]}
							}
						},
						{
							"origin": [-0.233, 7.3125, -10.375],
							"size": [0.46599, 0.125, 5.375],
							"inflate": 0.001,
							"pivot": [0, 6.875, -9.375],
							"rotation": [0, 0, 45],
							"uv": {
								"north": {"uv": [83, 20], "uv_size": [0.5, 0.5]},
								"up": {"uv": [42, 46], "uv_size": [0.5, 5]},
								"down": {"uv": [8, 52], "uv_size": [0.5, -5]}
							}
						},
						{
							"origin": [-0.233, 7.3125, -10.375],
							"size": [0.46599, 0.125, 5.375],
							"inflate": 0.001,
							"uv": {
								"north": {"uv": [28, 83], "uv_size": [0.5, 0.5]},
								"up": {"uv": [13, 47], "uv_size": [0.5, 5]},
								"down": {"uv": [29, 52], "uv_size": [0.5, -5]}
							}
						},
						{
							"origin": [0.4375, 6.642, -10.375],
							"size": [0.125, 0.46599, 5.375],
							"inflate": 0.001,
							"pivot": [0, 6.875, -9.375],
							"rotation": [0, 0, 45],
							"uv": {
								"north": {"uv": [38, 83], "uv_size": [0.5, 0.5]},
								"east": {"uv": [47, 46], "uv_size": [5, 0.5]},
								"west": {"uv": [48, 0], "uv_size": [5, 0.5]}
							}
						},
						{
							"origin": [0.4375, 6.642, -10.375],
							"size": [0.125, 0.46599, 5.375],
							"inflate": 0.001,
							"uv": {
								"north": {"uv": [83, 44], "uv_size": [0.5, 0.5]},
								"east": {"uv": [48, 12], "uv_size": [5, 0.5]},
								"west": {"uv": [48, 18], "uv_size": [5, 0.5]}
							}
						},
						{
							"origin": [-0.5625, 6.642, -10.375],
							"size": [0.125, 0.46599, 5.375],
							"inflate": 0.001,
							"pivot": [0, 6.875, -9.375],
							"rotation": [0, 0, 45],
							"uv": {
								"north": {"uv": [83, 48], "uv_size": [0.5, 0.5]},
								"east": {"uv": [48, 20], "uv_size": [5, 0.5]},
								"west": {"uv": [48, 22], "uv_size": [5, 0.5]}
							}
						},
						{
							"origin": [-0.5625, 6.642, -10.375],
							"size": [0.125, 0.46599, 5.375],
							"inflate": 0.001,
							"uv": {
								"north": {"uv": [52, 83], "uv_size": [0.5, 0.5]},
								"east": {"uv": [48, 24], "uv_size": [5, 0.5]},
								"west": {"uv": [47, 48], "uv_size": [5, 0.5]}
							}
						}
					]
				},
				{
					"name": "breech",
					"parent": "barrel",
					"pivot": [0, 0.625, -12],
					"cubes": [
						{
							"origin": [-0.25888, 6.25, -5],
							"size": [0.51777, 0.1875, 2.625],
							"pivot": [0, 6.875, -4],
							"rotation": [0, 0, 45],
							"uv": {
								"north": {"uv": [58, 83], "uv_size": [0.5, 0.5]},
								"south": {"uv": [83, 64], "uv_size": [0.5, 0.5]},
								"up": {"uv": [37, 61], "uv_size": [0.5, 2.5]},
								"down": {"uv": [45, 63.5], "uv_size": [0.5, -2.5]}
							}
						},
						{
							"origin": [-0.25888, 6.25, -5],
							"size": [0.51777, 0.1875, 2.625],
							"inflate": 0.0001,
							"uv": {
								"north": {"uv": [83, 68], "uv_size": [0.5, 0.5]},
								"south": {"uv": [70, 83], "uv_size": [0.5, 0.5]},
								"up": {"uv": [6, 62], "uv_size": [0.5, 2.5]},
								"down": {"uv": [8, 64.5], "uv_size": [0.5, -2.5]}
							}
						},
						{
							"origin": [-0.25888, 7.3125, -5],
							"size": [0.51777, 0.1875, 2.625],
							"pivot": [0, 6.875, -4],
							"rotation": [0, 0, 45],
							"uv": {
								"north": {"uv": [72, 83], "uv_size": [0.5, 0.5]},
								"south": {"uv": [74, 83], "uv_size": [0.5, 0.5]},
								"up": {"uv": [10, 62], "uv_size": [0.5, 2.5]},
								"down": {"uv": [12, 64.5], "uv_size": [0.5, -2.5]}
							}
						},
						{
							"origin": [-0.25888, 7.3125, -5],
							"size": [0.51777, 0.1875, 2.625],
							"inflate": 0.0001,
							"uv": {
								"north": {"uv": [76, 83], "uv_size": [0.5, 0.5]},
								"south": {"uv": [83, 77], "uv_size": [0.5, 0.5]},
								"up": {"uv": [62, 16], "uv_size": [0.5, 2.5]},
								"down": {"uv": [18, 64.5], "uv_size": [0.5, -2.5]}
							}
						},
						{
							"origin": [0.4375, 6.61612, -5],
							"size": [0.1875, 0.51777, 2.625],
							"pivot": [0, 6.875, -4],
							"rotation": [0, 0, 45],
							"uv": {
								"north": {"uv": [78, 83], "uv_size": [0.5, 0.5]},
								"east": {"uv": [20, 62], "uv_size": [2.5, 0.5]},
								"south": {"uv": [80, 83], "uv_size": [0.5, 0.5]},
								"west": {"uv": [62, 39], "uv_size": [2.5, 0.5]}
							}
						},
						{
							"origin": [0.4375, 6.61612, -5],
							"size": [0.1875, 0.51777, 2.625],
							"inflate": 0.0001,
							"uv": {
								"north": {"uv": [83, 81], "uv_size": [0.5, 0.5]},
								"east": {"uv": [47, 62], "uv_size": [2.5, 0.5]},
								"south": {"uv": [82, 83], "uv_size": [0.5, 0.5]},
								"west": {"uv": [62, 56], "uv_size": [2.5, 0.5]}
							}
						},
						{
							"origin": [-0.625, 6.61612, -5],
							"size": [0.1875, 0.51777, 2.625],
							"pivot": [0, 6.875, -4],
							"rotation": [0, 0, 45],
							"uv": {
								"north": {"uv": [84, 2], "uv_size": [0.5, 0.5]},
								"east": {"uv": [63, 2], "uv_size": [2.5, 0.5]},
								"south": {"uv": [84, 10], "uv_size": [0.5, 0.5]},
								"west": {"uv": [63, 4], "uv_size": [2.5, 0.5]}
							}
						},
						{
							"origin": [-0.625, 6.61612, -5],
							"size": [0.1875, 0.51777, 2.625],
							"inflate": 0.0001,
							"uv": {
								"north": {"uv": [12, 84], "uv_size": [0.5, 0.5]},
								"east": {"uv": [63, 20], "uv_size": [2.5, 0.5]},
								"south": {"uv": [14, 84], "uv_size": [0.5, 0.5]},
								"west": {"uv": [63, 22], "uv_size": [2.5, 0.5]}
							}
						}
					]
				},
				{
					"name": "magtube",
					"parent": "gun",
					"pivot": [0, 5.4375, 3]
				},
				{
					"name": "tubefront",
					"parent": "magtube",
					"pivot": [0, -0.75, -15],
					"cubes": [
						{
							"origin": [-0.233, 4.9375, -9],
							"size": [0.46599, 1.125, 4.125],
							"pivot": [0, 5.5, -7],
							"rotation": [0, 0, 45],
							"uv": {
								"south": {"uv": [46, 74], "uv_size": [0.5, 1]},
								"up": {"uv": [35, 54], "uv_size": [0.5, 4]},
								"down": {"uv": [37, 58], "uv_size": [0.5, -4]}
							}
						},
						{
							"origin": [-0.233, 4.9375, -9],
							"size": [0.46599, 1.125, 4.125],
							"inflate": 0.0001,
							"uv": {
								"south": {"uv": [50, 74], "uv_size": [0.5, 1]},
								"up": {"uv": [39, 54], "uv_size": [0.5, 4]},
								"down": {"uv": [41, 58], "uv_size": [0.5, -4]}
							}
						},
						{
							"origin": [-0.5625, 5.267, -9],
							"size": [1.125, 0.46599, 4.125],
							"pivot": [0, 5.5, -7],
							"rotation": [0, 0, 45],
							"uv": {
								"east": {"uv": [43, 54], "uv_size": [4, 0.5]},
								"south": {"uv": [74, 53], "uv_size": [1, 0.5]},
								"west": {"uv": [54, 52], "uv_size": [4, 0.5]}
							}
						},
						{
							"origin": [-0.5625, 5.267, -9],
							"size": [1.125, 0.46599, 4.125],
							"inflate": 0.0002,
							"uv": {
								"east": {"uv": [54, 54], "uv_size": [4, 0.5]},
								"south": {"uv": [57, 74], "uv_size": [1, 0.5]},
								"west": {"uv": [55, 2], "uv_size": [4, 0.5]}
							}
						}
					]
				},
				{
					"name": "tuberear",
					"parent": "magtube",
					"pivot": [0, -0.75, -11.875],
					"cubes": [
						{
							"origin": [-0.233, 4.9375, -4.875],
							"size": [0.46599, 0.125, 2.5],
							"pivot": [0, 5.5, -3.875],
							"rotation": [0, 0, 45],
							"uv": {
								"south": {"uv": [16, 84], "uv_size": [0.5, 0.5]},
								"up": {"uv": [63, 35], "uv_size": [0.5, 2.5]},
								"down": {"uv": [39, 65.5], "uv_size": [0.5, -2.5]}
							}
						},
						{
							"origin": [-0.233, 4.9375, -4.875],
							"size": [0.46599, 0.125, 2.5],
							"uv": {
								"south": {"uv": [18, 84], "uv_size": [0.5, 0.5]},
								"up": {"uv": [63, 43], "uv_size": [0.5, 2.5]},
								"down": {"uv": [51, 65.5], "uv_size": [0.5, -2.5]}
							}
						},
						{
							"origin": [-0.233, 5.9375, -4.875],
							"size": [0.46599, 0.125, 2.5],
							"pivot": [0, 5.5, -3.875],
							"rotation": [0, 0, 45],
							"uv": {
								"south": {"uv": [22, 84], "uv_size": [0.5, 0.5]},
								"up": {"uv": [57, 63], "uv_size": [0.5, 2.5]},
								"down": {"uv": [63, 64.5], "uv_size": [0.5, -2.5]}
							}
						},
						{
							"origin": [-0.233, 5.9375, -4.875],
							"size": [0.46599, 0.125, 2.5],
							"uv": {
								"south": {"uv": [24, 84], "uv_size": [0.5, 0.5]},
								"up": {"uv": [20, 64], "uv_size": [0.5, 2.5]},
								"down": {"uv": [22, 66.5], "uv_size": [0.5, -2.5]}
							}
						},
						{
							"origin": [0.4375, 5.267, -4.875],
							"size": [0.125, 0.46599, 2.5],
							"pivot": [0, 5.5, -3.875],
							"rotation": [0, 0, 45],
							"uv": {
								"east": {"uv": [47, 64], "uv_size": [2.5, 0.5]},
								"south": {"uv": [84, 26], "uv_size": [0.5, 0.5]},
								"west": {"uv": [65, 6], "uv_size": [2.5, 0.5]}
							}
						},
						{
							"origin": [0.4375, 5.267, -4.875],
							"size": [0.125, 0.46599, 2.5],
							"uv": {
								"east": {"uv": [65, 8], "uv_size": [2.5, 0.5]},
								"south": {"uv": [84, 30], "uv_size": [0.5, 0.5]},
								"west": {"uv": [65, 10], "uv_size": [2.5, 0.5]}
							}
						},
						{
							"origin": [-0.5625, 5.267, -4.875],
							"size": [0.125, 0.46599, 2.5],
							"pivot": [0, 5.5, -3.875],
							"rotation": [0, 0, 45],
							"uv": {
								"east": {"uv": [65, 14], "uv_size": [2.5, 0.5]},
								"south": {"uv": [84, 32], "uv_size": [0.5, 0.5]},
								"west": {"uv": [65, 28], "uv_size": [2.5, 0.5]}
							}
						},
						{
							"origin": [-0.5625, 5.267, -4.875],
							"size": [0.125, 0.46599, 2.5],
							"uv": {
								"east": {"uv": [65, 30], "uv_size": [2.5, 0.5]},
								"south": {"uv": [84, 34], "uv_size": [0.5, 0.5]},
								"west": {"uv": [35, 65], "uv_size": [2.5, 0.5]}
							}
						}
					]
				},
				{
					"name": "hanger",
					"parent": "magtube",
					"pivot": [0, 5.4375, 3],
					"cubes": [
						{
							"origin": [0.25, 5.875, -9.625],
							"size": [0.125, 0.625, 0.625],
							"uv": {
								"north": {"uv": [36, 84], "uv_size": [0.5, 0.5]},
								"south": {"uv": [40, 84], "uv_size": [0.5, 0.5]},
								"west": {"uv": [84, 40], "uv_size": [0.5, 0.5]},
								"down": {"uv": [84, 42.5], "uv_size": [0.5, -0.5]}
							}
						},
						{
							"origin": [-0.375, 5.875, -9.625],
							"size": [0.125, 0.625, 0.625],
							"uv": {
								"north": {"uv": [44, 84], "uv_size": [0.5, 0.5]},
								"east": {"uv": [46, 84], "uv_size": [0.5, 0.5]},
								"south": {"uv": [48, 84], "uv_size": [0.5, 0.5]},
								"down": {"uv": [54, 84.5], "uv_size": [0.5, -0.5]}
							}
						},
						{
							"origin": [-0.25, 5.875, -9.625],
							"size": [0.5, 0.4375, 0.625],
							"uv": {
								"north": {"uv": [84, 54], "uv_size": [0.5, 0.5]},
								"south": {"uv": [84, 58], "uv_size": [0.5, 0.5]},
								"down": {"uv": [62, 84.5], "uv_size": [0.5, -0.5]}
							}
						}
					]
				},
				{
					"name": "octagon",
					"parent": "hanger",
					"pivot": [0, -0.75, -3.625],
					"cubes": [
						{
							"origin": [-0.25888, 4.875, -9.625],
							"size": [0.51777, 1.25, 0.625],
							"pivot": [0, 5.5, -7.625],
							"rotation": [0, 0, 45],
							"uv": {
								"north": {"uv": [68, 16], "uv_size": [0.5, 1.5]},
								"south": {"uv": [22, 68], "uv_size": [0.5, 1.5]},
								"up": {"uv": [84, 62], "uv_size": [0.5, 0.5]},
								"down": {"uv": [64, 84.5], "uv_size": [0.5, -0.5]}
							}
						},
						{
							"origin": [-0.25888, 4.875, -9.625],
							"size": [0.51777, 1.25, 0.625],
							"inflate": 0.0002,
							"uv": {
								"north": {"uv": [28, 68], "uv_size": [0.5, 1.5]},
								"south": {"uv": [49, 68], "uv_size": [0.5, 1.5]},
								"up": {"uv": [66, 84], "uv_size": [0.5, 0.5]},
								"down": {"uv": [84, 66.5], "uv_size": [0.5, -0.5]}
							}
						},
						{
							"origin": [-0.625, 5.24112, -9.625],
							"size": [1.25, 0.51777, 0.625],
							"pivot": [0, 5.5, -7.625],
							"rotation": [0, 0, 45],
							"uv": {
								"north": {"uv": [67, 64], "uv_size": [1.5, 0.5]},
								"east": {"uv": [68, 84], "uv_size": [0.5, 0.5]},
								"south": {"uv": [60, 68], "uv_size": [1.5, 0.5]},
								"west": {"uv": [84, 70], "uv_size": [0.5, 0.5]}
							}
						},
						{
							"origin": [-0.625, 5.24112, -9.625],
							"size": [1.25, 0.51777, 0.625],
							"inflate": 0.0001,
							"uv": {
								"north": {"uv": [68, 66], "uv_size": [1.5, 0.5]},
								"east": {"uv": [84, 72], "uv_size": [0.5, 0.5]},
								"south": {"uv": [0, 69], "uv_size": [1.5, 0.5]},
								"west": {"uv": [84, 74], "uv_size": [0.5, 0.5]}
							}
						}
					]
				},
				{
					"name": "cap",
					"parent": "magtube",
					"pivot": [0, 5.4375, 3]
				},
				{
					"name": "capR",
					"parent": "cap",
					"pivot": [0, 1.5, -1.625],
					"cubes": [
						{
							"origin": [-0.28477, 4.8125, -10.125],
							"size": [0.56954, 1.375, 0.5],
							"pivot": [0, 5.5, -9.625],
							"rotation": [0, 0, 45],
							"uv": {
								"north": {"uv": [69, 4], "uv_size": [0.5, 1.5]},
								"south": {"uv": [12, 69], "uv_size": [0.5, 1.5]},
								"up": {"uv": [84, 79], "uv_size": [0.5, 0.5]},
								"down": {"uv": [84, 83.5], "uv_size": [0.5, -0.5]}
							}
						},
						{
							"origin": [-0.28477, 4.8125, -10.125],
							"size": [0.56954, 1.375, 0.5],
							"inflate": 0.0001,
							"uv": {
								"north": {"uv": [16, 69], "uv_size": [0.5, 1.5]},
								"south": {"uv": [69, 19], "uv_size": [0.5, 1.5]},
								"up": {"uv": [0, 85], "uv_size": [0.5, 0.5]},
								"down": {"uv": [85, 0.5], "uv_size": [0.5, -0.5]}
							}
						},
						{
							"origin": [-0.6875, 5.21523, -10.125],
							"size": [1.375, 0.56954, 0.5],
							"pivot": [0, 5.5, -9.625],
							"rotation": [0, 0, 45],
							"uv": {
								"north": {"uv": [69, 10], "uv_size": [1.5, 0.5]},
								"east": {"uv": [2, 85], "uv_size": [0.5, 0.5]},
								"south": {"uv": [69, 14], "uv_size": [1.5, 0.5]},
								"west": {"uv": [4, 85], "uv_size": [0.5, 0.5]}
							}
						},
						{
							"origin": [-0.6875, 5.21523, -10.125],
							"size": [1.375, 0.56954, 0.5],
							"inflate": 0.0002,
							"uv": {
								"north": {"uv": [69, 29], "uv_size": [1.5, 0.5]},
								"east": {"uv": [85, 4], "uv_size": [0.5, 0.5]},
								"south": {"uv": [30, 69], "uv_size": [1.5, 0.5]},
								"west": {"uv": [6, 85], "uv_size": [0.5, 0.5]}
							}
						}
					]
				},
				{
					"name": "capF",
					"parent": "cap",
					"pivot": [0, -0.75, -2],
					"cubes": [
						{
							"origin": [-0.20711, 5, -10.25],
							"size": [0.41421, 1, 0.125],
							"pivot": [0, 5.5, -10],
							"rotation": [0, 0, 45],
							"uv": {
								"north": {"uv": [74, 57], "uv_size": [0.5, 1]},
								"south": {"uv": [74, 61], "uv_size": [0.5, 1]},
								"up": {"uv": [85, 6], "uv_size": [0.5, 0.5]},
								"down": {"uv": [8, 85.5], "uv_size": [0.5, -0.5]}
							}
						},
						{
							"origin": [-0.20711, 5, -10.25],
							"size": [0.41421, 1, 0.125],
							"inflate": 0.0001,
							"uv": {
								"north": {"uv": [64, 74], "uv_size": [0.5, 1]},
								"south": {"uv": [74, 67], "uv_size": [0.5, 1]},
								"up": {"uv": [85, 8], "uv_size": [0.5, 0.5]},
								"down": {"uv": [10, 85.5], "uv_size": [0.5, -0.5]}
							}
						},
						{
							"origin": [-0.5, 5.29289, -10.25],
							"size": [1, 0.41421, 0.125],
							"pivot": [0, 5.5, -10],
							"rotation": [0, 0, 45],
							"uv": {
								"north": {"uv": [70, 74], "uv_size": [1, 0.5]},
								"east": {"uv": [85, 12], "uv_size": [0.5, 0.5]},
								"south": {"uv": [74, 71], "uv_size": [1, 0.5]},
								"west": {"uv": [20, 85], "uv_size": [0.5, 0.5]}
							}
						},
						{
							"origin": [-0.5, 5.29289, -10.25],
							"size": [1, 0.41421, 0.125],
							"inflate": 0.0002,
							"uv": {
								"north": {"uv": [0, 75], "uv_size": [1, 0.5]},
								"east": {"uv": [85, 20], "uv_size": [0.5, 0.5]},
								"south": {"uv": [75, 0], "uv_size": [1, 0.5]},
								"west": {"uv": [26, 85], "uv_size": [0.5, 0.5]}
							}
						}
					]
				},
				{
					"name": "pump",
					"parent": "gun",
					"pivot": [0, 5.5, 8.5]
				},
				{
					"name": "bolt",
					"parent": "pump",
					"pivot": [0, 6.1875, 8.5],
					"cubes": [
						{
							"origin": [-0.625, 6.1875, -2.375],
							"size": [1.25, 0.875, 3.625],
							"uv": {
								"north": {"uv": [57, 40], "uv_size": [1.5, 1]},
								"east": {"uv": [42, 2], "uv_size": [3.5, 1]},
								"south": {"uv": [57, 42], "uv_size": [1.5, 1]},
								"west": {"uv": [42, 4], "uv_size": [3.5, 1]},
								"up": {"uv": [25, 32], "uv_size": [1.5, 3.5]},
								"down": {"uv": [32, 33.5], "uv_size": [1.5, -3.5]}
							}
						},
						{
							"origin": [-0.18312, 7.05095, -2.375],
							"size": [-0.4375, 0.25, 3.625],
							"pivot": [-0.30812, 7.17595, -0.5625],
							"rotation": [0, 0, -41.5],
							"uv": {
								"north": {"uv": [28, 85], "uv_size": [0.5, 0.5]},
								"east": {"uv": [57, 17], "uv_size": [3.5, 0.5]},
								"south": {"uv": [30, 85], "uv_size": [0.5, 0.5]},
								"up": {"uv": [57, 21], "uv_size": [0.5, 3.5]},
								"down": {"uv": [29, 60.5], "uv_size": [0.5, -3.5]}
							}
						},
						{
							"origin": [-0.6875, 6.6875, -2.375],
							"size": [0.0625, 0.25, 0.5],
							"uv": {
								"north": {"uv": [38, 85], "uv_size": [0.5, 0.5]},
								"east": {"uv": [85, 38], "uv_size": [0.5, 0.5]},
								"south": {"uv": [85, 44], "uv_size": [0.5, 0.5]},
								"up": {"uv": [85, 48], "uv_size": [0.5, 0.5]},
								"down": {"uv": [50, 85.5], "uv_size": [0.5, -0.5]}
							}
						}
					]
				},
				{
					"name": "action",
					"parent": "pump",
					"pivot": [0, 5.5, 8.5]
				},
				{
					"name": "actionarms",
					"parent": "action",
					"pivot": [-0.875, 7.375, 8.125],
					"cubes": [
						{
							"origin": [-0.5625, 6.06066, -8.82322],
							"size": [0.125, 0.375, 0.75],
							"pivot": [-0.5, 6.43566, -7.82322],
							"rotation": [45, 0, 0],
							"uv": {
								"east": {"uv": [75, 4], "uv_size": [1, 0.5]},
								"west": {"uv": [6, 75], "uv_size": [1, 0.5]},
								"up": {"uv": [75, 6], "uv_size": [0.5, 1]},
								"down": {"uv": [8, 76], "uv_size": [0.5, -1]}
							}
						},
						{
							"origin": [-0.5625, 5.88388, -8],
							"size": [0.125, 0.375, 6],
							"inflate": 0.0001,
							"uv": {
								"east": {"uv": [49, 10], "uv_size": [5, 0.5]},
								"west": {"uv": [49, 14], "uv_size": [5, 0.5]},
								"up": {"uv": [19, 49], "uv_size": [0.5, 5]},
								"down": {"uv": [21, 54], "uv_size": [0.5, -5]}
							}
						},
						{
							"origin": [0.4375, 5.88388, -8],
							"size": [0.125, 0.375, 6],
							"inflate": 0.0001,
							"uv": {
								"east": {"uv": [54, 14], "uv_size": [-5, 0.5]},
								"west": {"uv": [54, 10], "uv_size": [-5, 0.5]},
								"up": {"uv": [19.5, 49], "uv_size": [-0.5, 5]},
								"down": {"uv": [21.5, 54], "uv_size": [-0.5, -5]}
							}
						},
						{
							"origin": [0.4375, 6.06066, -8.82322],
							"size": [0.125, 0.375, 0.75],
							"pivot": [0.5, 6.43566, -7.82322],
							"rotation": [45, 0, 0],
							"uv": {
								"east": {"uv": [7, 75], "uv_size": [-1, 0.5]},
								"west": {"uv": [76, 4], "uv_size": [-1, 0.5]},
								"up": {"uv": [75.5, 6], "uv_size": [-0.5, 1]},
								"down": {"uv": [8.5, 76], "uv_size": [-0.5, -1]}
							}
						}
					]
				},
				{
					"name": "pumpring",
					"parent": "action",
					"pivot": [0, 1.5, -0.375],
					"cubes": [
						{
							"origin": [-0.25889, 4.875, -8.875],
							"size": [0.51777, 1.25, 1],
							"inflate": 0.0002,
							"pivot": [0, 5.5, -8.375],
							"rotation": [0, 0, 90],
							"uv": {
								"north": {"uv": [36.5, 69], "uv_size": [-0.5, 1.5]},
								"south": {"uv": [69.5, 36], "uv_size": [-0.5, 1.5]},
								"up": {"uv": [28.5, 75], "uv_size": [-0.5, 1]},
								"down": {"uv": [30.5, 76], "uv_size": [-0.5, -1]}
							}
						},
						{
							"origin": [-0.25888, 4.875, -8.875],
							"size": [0.51777, 1.25, 1],
							"inflate": 0.0002,
							"uv": {
								"north": {"uv": [36, 69], "uv_size": [0.5, 1.5]},
								"south": {"uv": [69, 36], "uv_size": [0.5, 1.5]},
								"up": {"uv": [28, 75], "uv_size": [0.5, 1]},
								"down": {"uv": [30, 76], "uv_size": [0.5, -1]}
							}
						},
						{
							"origin": [-0.25888, 4.6875, -8.875],
							"size": [0.51777, 0.1875, 1],
							"uv": {
								"north": {"uv": [76, 85], "uv_size": [0.5, 0.5]},
								"east": {"uv": [39, 75], "uv_size": [1, 0.5]},
								"south": {"uv": [85, 76], "uv_size": [0.5, 0.5]},
								"west": {"uv": [75, 39], "uv_size": [1, 0.5]},
								"down": {"uv": [75, 48], "uv_size": [0.5, -1]}
							}
						},
						{
							"origin": [-0.625, 5.24112, -8.875],
							"size": [1.25, 0.51777, 1],
							"pivot": [0, 5.5, -8.375],
							"rotation": [0, 0, 45],
							"uv": {
								"north": {"uv": [38, 69], "uv_size": [1.5, 0.5]},
								"east": {"uv": [75, 49], "uv_size": [1, 0.5]},
								"south": {"uv": [41, 69], "uv_size": [1.5, 0.5]},
								"west": {"uv": [52, 75], "uv_size": [1, 0.5]}
							}
						},
						{
							"origin": [-0.625, 5.24112, -8.875],
							"size": [1.25, 0.51777, 1],
							"pivot": [0, 5.5, -8.375],
							"rotation": [0, 0, -45],
							"uv": {
								"north": {"uv": [39.5, 69], "uv_size": [-1.5, 0.5]},
								"east": {"uv": [53, 75], "uv_size": [-1, 0.5]},
								"south": {"uv": [42.5, 69], "uv_size": [-1.5, 0.5]},
								"west": {"uv": [76, 49], "uv_size": [-1, 0.5]}
							}
						}
					]
				},
				{
					"name": "pumphinge",
					"parent": "action",
					"pivot": [-0.5, 5.5, 8.5]
				},
				{
					"name": "left",
					"parent": "pumphinge",
					"pivot": [-0.375, 0.125, -0.375],
					"cubes": [
						{
							"origin": [-0.5, 3.60539, -8.5625],
							"size": [0.25, 0.41421, 0.5625],
							"inflate": 0.0001,
							"pivot": [-0.375, 3.8125, -8.0625],
							"rotation": [-45, 0, 0],
							"uv": {
								"east": {"uv": [80, 85], "uv_size": [0.5, 0.5]},
								"south": {"uv": [85, 81], "uv_size": [0.5, 0.5]},
								"west": {"uv": [82, 85], "uv_size": [0.5, 0.5]},
								"up": {"uv": [84, 85], "uv_size": [0.5, 0.5]},
								"down": {"uv": [86, 2.5], "uv_size": [0.5, -0.5]}
							}
						},
						{
							"origin": [-0.5, 4.33211, -8.875],
							"size": [0.25, 0.8125, 1],
							"uv": {
								"north": {"uv": [61, 75], "uv_size": [0.5, 1]},
								"east": {"uv": [66, 66], "uv_size": [1, 1]},
								"south": {"uv": [75, 65], "uv_size": [0.5, 1]},
								"west": {"uv": [2, 67], "uv_size": [1, 1]},
								"down": {"uv": [74, 76], "uv_size": [0.5, -1]}
							}
						},
						{
							"origin": [-0.5, 3.625, -8.58211],
							"size": [0.25, 1, 0.41421],
							"inflate": 0.0002,
							"pivot": [-0.375, 4.125, -8.375],
							"rotation": [-45, 0, 0],
							"uv": {
								"east": {"uv": [76, 10], "uv_size": [0.5, 1]},
								"south": {"uv": [12, 76], "uv_size": [0.5, 1]},
								"west": {"uv": [14, 76], "uv_size": [0.5, 1]},
								"down": {"uv": [12, 86.5], "uv_size": [0.5, -0.5]}
							}
						},
						{
							"origin": [-0.5, 3.75, -8.58211],
							"size": [0.25, 0.5625, 0.41421],
							"uv": {
								"east": {"uv": [86, 14], "uv_size": [0.5, 0.5]},
								"west": {"uv": [86, 16], "uv_size": [0.5, 0.5]},
								"down": {"uv": [86, 18.5], "uv_size": [0.5, -0.5]}
							}
						},
						{
							"origin": [-0.5, 3.91789, -8.875],
							"size": [0.25, 0.41421, 0.875],
							"uv": {
								"north": {"uv": [22, 86], "uv_size": [0.5, 0.5]},
								"east": {"uv": [76, 14], "uv_size": [1, 0.5]},
								"south": {"uv": [86, 22], "uv_size": [0.5, 0.5]},
								"west": {"uv": [16, 76], "uv_size": [1, 0.5]},
								"down": {"uv": [18, 77], "uv_size": [0.5, -1]}
							}
						}
					]
				},
				{
					"name": "right",
					"parent": "pumphinge",
					"pivot": [0.375, 0.125, -0.375],
					"cubes": [
						{
							"origin": [0.25, 3.60539, -8.5625],
							"size": [0.25, 0.41421, 0.5625],
							"inflate": 0.0001,
							"pivot": [0.375, 3.8125, -8.0625],
							"rotation": [-45, 0, 0],
							"uv": {
								"east": {"uv": [86, 24], "uv_size": [0.5, 0.5]},
								"south": {"uv": [86, 26], "uv_size": [0.5, 0.5]},
								"west": {"uv": [86, 28], "uv_size": [0.5, 0.5]},
								"up": {"uv": [86, 30], "uv_size": [0.5, 0.5]},
								"down": {"uv": [32, 86.5], "uv_size": [0.5, -0.5]}
							}
						},
						{
							"origin": [0.25, 3.91789, -8.875],
							"size": [0.25, 0.41421, 0.875],
							"uv": {
								"north": {"uv": [86, 32], "uv_size": [0.5, 0.5]},
								"east": {"uv": [76, 18], "uv_size": [1, 0.5]},
								"south": {"uv": [34, 86], "uv_size": [0.5, 0.5]},
								"west": {"uv": [22, 76], "uv_size": [1, 0.5]},
								"down": {"uv": [24, 77], "uv_size": [0.5, -1]}
							}
						},
						{
							"origin": [0.25, 4.33211, -8.875],
							"size": [0.25, 0.8125, 1],
							"uv": {
								"north": {"uv": [76, 24], "uv_size": [0.5, 1]},
								"east": {"uv": [67, 2], "uv_size": [1, 1]},
								"south": {"uv": [76, 26], "uv_size": [0.5, 1]},
								"west": {"uv": [67, 4], "uv_size": [1, 1]},
								"down": {"uv": [76, 31], "uv_size": [0.5, -1]}
							}
						},
						{
							"origin": [0.25, 3.625, -8.58211],
							"size": [0.25, 1, 0.41421],
							"inflate": 0.0002,
							"pivot": [0.375, 4.125, -8.375],
							"rotation": [-45, 0, 0],
							"uv": {
								"east": {"uv": [76, 32], "uv_size": [0.5, 1]},
								"south": {"uv": [34, 76], "uv_size": [0.5, 1]},
								"west": {"uv": [76, 34], "uv_size": [0.5, 1]},
								"down": {"uv": [36, 86.5], "uv_size": [0.5, -0.5]}
							}
						},
						{
							"origin": [0.25, 3.75, -8.58211],
							"size": [0.25, 0.5625, 0.41421],
							"uv": {
								"east": {"uv": [40, 86], "uv_size": [0.5, 0.5]},
								"west": {"uv": [42, 86], "uv_size": [0.5, 0.5]},
								"down": {"uv": [44, 86.5], "uv_size": [0.5, -0.5]}
							}
						}
					]
				},
				{
					"name": "handle",
					"parent": "pump",
					"pivot": [0, 4.125, -8.375],
					"rotation": [-90, 0, 0]
				},
				{
					"name": "grip",
					"parent": "handle",
					"pivot": [0, 0.125, 2.875],
					"cubes": [
						{
							"origin": [-0.20711, 3.625, -7.625],
							"size": [0.41421, 1, 4.75],
							"pivot": [0, 4.125, -5.125],
							"rotation": [0, 0, 45],
							"uv": {
								"north": {"uv": [36, 76], "uv_size": [0.5, 1]},
								"south": {"uv": [76, 36], "uv_size": [0.5, 1]},
								"up": {"uv": [50, 50], "uv_size": [0.5, 5]},
								"down": {"uv": [4, 57], "uv_size": [0.5, -5]}
							}
						},
						{
							"origin": [-0.20711, 3.625, -7.625],
							"size": [0.41421, 1, 4.75],
							"pivot": [0, 4.125, -5.125],
							"rotation": [0, 0, -45],
							"uv": {
								"north": {"uv": [41, 76], "uv_size": [0.5, 1]},
								"south": {"uv": [76, 41], "uv_size": [0.5, 1]},
								"up": {"uv": [10, 52], "uv_size": [0.5, 5]},
								"down": {"uv": [25, 57], "uv_size": [0.5, -5]}
							}
						},
						{
							"origin": [-0.5, 3.91789, -7.625],
							"size": [1, 0.41421, 4.75],
							"inflate": 0.0001,
							"pivot": [0, 4.125, -5.125],
							"rotation": [0, 0, 90],
							"uv": {
								"north": {"uv": [43, 76], "uv_size": [1, 0.5]},
								"east": {"uv": [51, 37], "uv_size": [5, 0.5]},
								"south": {"uv": [76, 43], "uv_size": [1, 0.5]},
								"west": {"uv": [51, 39], "uv_size": [5, 0.5]}
							}
						},
						{
							"origin": [-0.5, 3.91789, -7.625],
							"size": [1, 0.41421, 4.75],
							"inflate": 0.0002,
							"uv": {
								"north": {"uv": [45, 76], "uv_size": [1, 0.5]},
								"east": {"uv": [52, 6], "uv_size": [5, 0.5]},
								"south": {"uv": [47, 76], "uv_size": [1, 0.5]},
								"west": {"uv": [52, 8], "uv_size": [5, 0.5]}
							}
						}
					]
				},
				{
					"name": "griphinge",
					"parent": "handle",
					"pivot": [0, 4.125, -8.375],
					"cubes": [
						{
							"origin": [-0.25, 3.77838, -8.72568],
							"size": [0.5, 0.70711, 0.6875],
							"inflate": 0.0001,
							"pivot": [0, 4.13193, -8.38193],
							"rotation": [-45, 0, 0],
							"uv": {
								"north": {"uv": [46, 86], "uv_size": [0.5, 0.5]},
								"east": {"uv": [48, 86], "uv_size": [0.5, 0.5]},
								"west": {"uv": [86, 52], "uv_size": [0.5, 0.5]}
							}
						},
						{
							"origin": [-0.625, 4, -8.51072],
							"size": [1.25, 0.25, 0.25],
							"pivot": [0, 4.125, -8.38572],
							"rotation": [-45, 0, 0],
							"uv": {
								"north": {"uv": [44, 69], "uv_size": [1.5, 0.5]},
								"east": {"uv": [86, 56], "uv_size": [0.5, 0.5]},
								"south": {"uv": [51, 69], "uv_size": [1.5, 0.5]},
								"west": {"uv": [86, 58], "uv_size": [0.5, 0.5]},
								"up": {"uv": [69, 51], "uv_size": [1.5, 0.5]},
								"down": {"uv": [69, 53.5], "uv_size": [1.5, -0.5]}
							}
						},
						{
							"origin": [-0.25, 3.625, -8.875],
							"size": [0.5, 0.5, 1],
							"uv": {
								"north": {"uv": [60, 86], "uv_size": [0.5, 0.5]},
								"east": {"uv": [49, 76], "uv_size": [1, 0.5]},
								"south": {"uv": [86, 60], "uv_size": [0.5, 0.5]},
								"west": {"uv": [76, 51], "uv_size": [1, 0.5]},
								"up": {"uv": [76, 53], "uv_size": [0.5, 1]},
								"down": {"uv": [76, 56], "uv_size": [0.5, -1]}
							}
						},
						{
							"origin": [-0.25, 4.125, -8.375],
							"size": [0.5, 0.5, 0.5],
							"uv": {
								"east": {"uv": [86, 62], "uv_size": [0.5, 0.5]},
								"south": {"uv": [64, 86], "uv_size": [0.5, 0.5]},
								"west": {"uv": [66, 86], "uv_size": [0.5, 0.5]},
								"up": {"uv": [86, 66], "uv_size": [0.5, 0.5]}
							}
						},
						{
							"origin": [-0.5, 4.01164, -7.625],
							"size": [1, 0.25, -0.25],
							"uv": {
								"east": {"uv": [86, 70], "uv_size": [0.5, 0.5]},
								"south": {"uv": [76, 57], "uv_size": [1, 0.5]},
								"west": {"uv": [86, 72], "uv_size": [0.5, 0.5]},
								"up": {"uv": [76, 59], "uv_size": [1, 0.5]},
								"down": {"uv": [76, 61.5], "uv_size": [1, -0.5]}
							}
						},
						{
							"origin": [-0.25, 3.88664, -7.625],
							"size": [0.5, 0.5, -0.25],
							"uv": {
								"east": {"uv": [86, 78], "uv_size": [0.5, 0.5]},
								"west": {"uv": [86, 85], "uv_size": [0.5, 0.5]},
								"up": {"uv": [0, 87], "uv_size": [0.5, 0.5]},
								"down": {"uv": [87, 0.5], "uv_size": [0.5, -0.5]}
							}
						}
					]
				},
				{
					"name": "stock",
					"parent": "gun",
					"pivot": [0, 5, -3],
					"cubes": [
						{
							"origin": [-0.625, -0.9245, 9.14021],
							"size": [1.25, 0.7594, 0.5],
							"inflate": 0.001,
							"pivot": [-0.375, -0.9245, 11.57771],
							"rotation": [-28.5, 0, 0],
							"uv": {
								"east": {"uv": [63, 76], "uv_size": [0.5, 1]},
								"south": {"uv": [58, 26], "uv_size": [1.5, 1]},
								"west": {"uv": [76, 63], "uv_size": [0.5, 1]},
								"up": {"uv": [69, 55], "uv_size": [1.5, 0.5]},
								"down": {"uv": [69, 57.5], "uv_size": [1.5, -0.5]}
							}
						},
						{
							"origin": [-0.625, 3.36314, 8.45609],
							"size": [1.25, 0.7594, 0.5],
							"inflate": -0.0001,
							"pivot": [0, 4.12147, 8.945],
							"rotation": [-38.5, 0, 0],
							"uv": {
								"north": {"uv": [78, 36], "uv_size": [0.5, 1]},
								"east": {"uv": [78, 36], "uv_size": [0.5, 1]},
								"south": {"uv": [78, 36], "uv_size": [0.5, 1]},
								"west": {"uv": [78, 36], "uv_size": [0.5, 1]},
								"up": {"uv": [78.5, 37], "uv_size": [-0.5, -1]},
								"down": {"uv": [78.5, 37], "uv_size": [-0.5, -1]}
							}
						},
						{
							"origin": [-0.4375, -0.00568, 6.94555],
							"size": [0.875, 0.7594, 0.5],
							"pivot": [-0.5625, 0.013, 7.45271],
							"rotation": [-33.5, 0, 0],
							"uv": {
								"north": {"uv": [67, 76], "uv_size": [0.5, 1]},
								"east": {"uv": [67, 76], "uv_size": [0.5, 1]},
								"west": {"uv": [67, 76], "uv_size": [0.5, 1]},
								"down": {"uv": [67.5, 77], "uv_size": [-0.5, -1]}
							}
						},
						{
							"origin": [-0.625, 3.3125, 8.0625],
							"size": [1.25, 1.125, 0.625],
							"uv": {
								"east": {"uv": [71, 76], "uv_size": [0.5, 1]},
								"west": {"uv": [76, 71], "uv_size": [0.5, 1]},
								"down": {"uv": [70, 0.5], "uv_size": [1.5, -0.5]}
							}
						},
						{
							"origin": [-0.82204, 4.65634, 5.88422],
							"size": [0.35474, 0.25147, 3.1922],
							"inflate": 0.001,
							"pivot": [-0.69822, 4.78281, 7.44783],
							"rotation": [-10.72858, 10.54529, 44.00703],
							"uv": {
								"north": {"uv": [87.5, 4], "uv_size": [-0.5, 0.5]},
								"south": {"uv": [6.5, 87], "uv_size": [-0.5, 0.5]},
								"west": {"uv": [60, 58], "uv_size": [-3, 0.5]},
								"down": {"uv": [59.5, 24], "uv_size": [-0.5, -3]}
							}
						},
						{
							"origin": [0.4673, 4.65634, 5.88422],
							"size": [0.35474, 0.25147, 3.1922],
							"inflate": 0.001,
							"pivot": [0.69822, 4.78281, 7.44783],
							"rotation": [-10.72858, -10.54529, -44.00703],
							"uv": {
								"north": {"uv": [87, 4], "uv_size": [0.5, 0.5]},
								"east": {"uv": [57, 58], "uv_size": [3, 0.5]},
								"south": {"uv": [6, 87], "uv_size": [0.5, 0.5]},
								"down": {"uv": [59, 24], "uv_size": [0.5, -3]}
							}
						}
					]
				},
				{
					"name": "hub",
					"parent": "stock",
					"pivot": [-0.0105, 7.00993, 6.41675],
					"cubes": [
						{
							"origin": [-0.38503, 6.46934, 6.44417],
							"size": [0.76997, 0.50274, 3.19183],
							"inflate": 0.001,
							"pivot": [-0.1252, 7.07304, 6.4763],
							"rotation": [-15, 0, 0],
							"uv": {
								"south": {"uv": [76, 75], "uv_size": [1, 0.5]},
								"up": {"uv": [43, 31], "uv_size": [1, 3]}
							}
						},
						{
							"origin": [-0.85764, 6.97429, 6.39051],
							"size": [0.69396, 0.35091, 3.1923],
							"inflate": 0.003,
							"pivot": [0.13339, 6.88769, 6.38175],
							"rotation": [-10.72858, -10.54529, -44.00703],
							"uv": {
								"south": {"uv": [10.5, 87], "uv_size": [-0.5, 0.5]},
								"up": {"uv": [59.5, 48], "uv_size": [-0.5, 3]}
							}
						},
						{
							"origin": [-0.87667, 5.17366, 6.09486],
							"size": [1.75167, 1.37169, 2.692],
							"pivot": [0.36487, 5.77904, 6.06238],
							"rotation": [-15, 0, 0],
							"uv": {
								"east": {"uv": [39, 31], "uv_size": [2.5, 1.5]},
								"west": {"uv": [39, 34], "uv_size": [2.5, 1.5]},
								"down": {"uv": [6, 37.5], "uv_size": [2, -2.5]}
							}
						},
						{
							"origin": [-0.62406, 4.25177, 8.50514],
							"size": [1.24643, 1.73298, 0.48963],
							"inflate": 0.002,
							"pivot": [0.11393, 4.34013, 8.47266],
							"rotation": [-15, 0, 0],
							"uv": {
								"north": {"uv": [4, 2], "uv_size": [1, 1.5]},
								"east": {"uv": [4, 2], "uv_size": [1, 1.5]},
								"south": {"uv": [25.5, 6], "uv_size": [2, 3]},
								"west": {"uv": [4, 2], "uv_size": [1, 1.5]},
								"up": {"uv": [4, 4], "uv_size": [1, 0.5]},
								"down": {"uv": [4, 5.5], "uv_size": [1, -0.5]}
							}
						},
						{
							"origin": [0.16368, 6.97429, 6.39051],
							"size": [0.69396, 0.35091, 3.1923],
							"inflate": 0.003,
							"pivot": [-0.13339, 6.88769, 6.38175],
							"rotation": [-10.72858, 10.54529, 44.00703],
							"uv": {
								"south": {"uv": [10, 87], "uv_size": [0.5, 0.5]},
								"up": {"uv": [59, 48], "uv_size": [0.5, 3]}
							}
						},
						{
							"origin": [0.44831, 4.50386, 8.47829],
							"size": [0.42866, 1.37218, 0.48953],
							"inflate": -0.001,
							"pivot": [0.3703, 4.23142, 8.44581],
							"rotation": [-15, 0, 0],
							"uv": {
								"north": {"uv": [60, 39], "uv_size": [1, 1.5]},
								"east": {"uv": [54, 70], "uv_size": [0.5, 1.5]},
								"south": {"uv": [43, 60], "uv_size": [1, 1.5]},
								"west": {"uv": [56, 70], "uv_size": [0.5, 1.5]},
								"up": {"uv": [34, 78], "uv_size": [1, 0.5]},
								"down": {"uv": [78, 34.5], "uv_size": [1, -0.5]}
							}
						},
						{
							"origin": [-0.87697, 4.50386, 8.47829],
							"size": [0.42866, 1.37218, 0.48953],
							"inflate": -0.001,
							"pivot": [-0.3703, 4.23142, 8.44581],
							"rotation": [-15, 0, 0],
							"uv": {
								"north": {"uv": [61, 39], "uv_size": [-1, 1.5]},
								"east": {"uv": [56.5, 70], "uv_size": [-0.5, 1.5]},
								"south": {"uv": [44, 60], "uv_size": [-1, 1.5]},
								"west": {"uv": [54.5, 70], "uv_size": [-0.5, 1.5]},
								"up": {"uv": [35, 78], "uv_size": [-1, 0.5]},
								"down": {"uv": [79, 34.5], "uv_size": [-1, -0.5]}
							}
						}
					]
				},
				{
					"name": "shaft",
					"parent": "stock",
					"pivot": [0, 5, -3],
					"cubes": [
						{
							"origin": [-0.625, 4.0625, 6.125],
							"size": [1.25, 1, 5.5],
							"inflate": 0.0001,
							"pivot": [-0.375, 4.0625, 7.125],
							"rotation": [-60, 0, 0],
							"uv": {
								"east": {"uv": [32, 19], "uv_size": [5.5, 1]},
								"south": {"uv": [60, 4], "uv_size": [1.5, 1]},
								"west": {"uv": [32, 21], "uv_size": [5.5, 1]},
								"up": {"uv": [15, 26], "uv_size": [1.5, 5.5]}
							}
						},
						{
							"origin": [-0.625, 3.5, 5.51563],
							"size": [1.25, 1.625, 4.75],
							"inflate": 0.003,
							"pivot": [-0.375, 3.5, 6.51563],
							"rotation": [-69, 0, 0],
							"uv": {
								"east": {"uv": [25, 15], "uv_size": [5, 1.5]},
								"south": {"uv": [14, 54], "uv_size": [1.5, 1.5]},
								"west": {"uv": [28, 12], "uv_size": [5, 1.5]},
								"down": {"uv": [30, 29], "uv_size": [1.5, -5]}
							}
						},
						{
							"origin": [-0.625, 3.4375, 5.9375],
							"size": [1.25, 2, 1.5],
							"pivot": [0, 3.9375, 6.9375],
							"rotation": [-17.5, 0, 0],
							"uv": {
								"north": {"uv": [39, 43], "uv_size": [1.5, 2]},
								"east": {"uv": [42, 43], "uv_size": [1.5, 2]},
								"west": {"uv": [19, 44], "uv_size": [1.5, 2]},
								"down": {"uv": [54, 22.5], "uv_size": [1.5, -1.5]}
							}
						},
						{
							"origin": [-0.625, 0.00137, 7.43643],
							"size": [1.25, 1.12363, 2.43857],
							"inflate": 0.004,
							"uv": {
								"north": {"uv": [18, 60], "uv_size": [1.5, 1]},
								"east": {"uv": [52, 16], "uv_size": [2.5, 1]},
								"west": {"uv": [52, 26], "uv_size": [2.5, 1]},
								"down": {"uv": [8, 42.5], "uv_size": [1.5, -2.5]}
							}
						}
					]
				},
				{
					"name": "positioning2",
					"parent": "gun",
					"pivot": [0.125, 7.5, -2.5]
				},
				{
					"name": "muzzle_flash",
					"parent": "positioning2",
					"pivot": [0, 6.875, -10.125]
				},
				{
					"name": "scope_pos",
					"parent": "positioning2",
					"pivot": [0, 8, 1.5]
				},
				{
					"name": "stock_pos",
					"parent": "positioning2",
					"pivot": [0.125, 4.5625, 11.75],
					"rotation": [-15, 0, 0]
				},
				{
					"name": "muzzle_pos",
					"parent": "positioning2",
					"pivot": [0, 6.875, -10.375]
				},
				{
					"name": "constraint",
					"parent": "gun",
					"pivot": [0.125, 8, -9.75]
				},
				{
					"name": "shell_ejection",
					"parent": "gun",
					"pivot": [0, 6.875, -2.5]
				},
				{
					"name": "12_gauge2",
					"parent": "shell_ejection",
					"pivot": [0, 6.875, -2.5]
				},
				{
					"name": "octagon4",
					"parent": "12_gauge2",
					"pivot": [0, 2.875, 4.125],
					"cubes": [
						{
							"origin": [-0.15533, 6.5, -5.125],
							"size": [0.31066, 0.75, 2.5],
							"pivot": [0, 6.875, -3.875],
							"rotation": [0, 0, 45],
							"uv": {
								"north": {"uv": [0, 77], "uv_size": [0.5, 1]},
								"east": {"uv": [52, 28], "uv_size": [2.5, 1]},
								"south": {"uv": [77, 0], "uv_size": [0.5, 1]},
								"west": {"uv": [41, 52], "uv_size": [2.5, 1]},
								"up": {"uv": [43, 65], "uv_size": [0.5, 2.5]},
								"down": {"uv": [65, 45.5], "uv_size": [0.5, -2.5]}
							}
						},
						{
							"origin": [-0.15533, 6.5, -5.125],
							"size": [0.31066, 0.75, 2.5],
							"inflate": 0.0001,
							"uv": {
								"north": {"uv": [2, 77], "uv_size": [0.5, 1]},
								"east": {"uv": [45, 52], "uv_size": [2.5, 1]},
								"south": {"uv": [4, 77], "uv_size": [0.5, 1]},
								"west": {"uv": [52, 50], "uv_size": [2.5, 1]},
								"up": {"uv": [45, 65], "uv_size": [0.5, 2.5]},
								"down": {"uv": [65, 49.5], "uv_size": [0.5, -2.5]}
							}
						},
						{
							"origin": [-0.375, 6.71967, -5.125],
							"size": [0.75, 0.31066, 2.5],
							"pivot": [0, 6.875, -3.875],
							"rotation": [0, 0, 45],
							"uv": {
								"north": {"uv": [77, 4], "uv_size": [1, 0.5]},
								"east": {"uv": [65, 51], "uv_size": [2.5, 0.5]},
								"south": {"uv": [6, 77], "uv_size": [1, 0.5]},
								"west": {"uv": [53, 65], "uv_size": [2.5, 0.5]},
								"up": {"uv": [27, 52], "uv_size": [1, 2.5]},
								"down": {"uv": [31, 54.5], "uv_size": [1, -2.5]}
							}
						},
						{
							"origin": [-0.375, 6.71967, -5.125],
							"size": [0.75, 0.31066, 2.5],
							"inflate": 0.0002,
							"uv": {
								"north": {"uv": [77, 6], "uv_size": [1, 0.5]},
								"east": {"uv": [65, 53], "uv_size": [2.5, 0.5]},
								"south": {"uv": [8, 77], "uv_size": [1, 0.5]},
								"west": {"uv": [65, 58], "uv_size": [2.5, 0.5]},
								"up": {"uv": [52, 52], "uv_size": [1, 2.5]},
								"down": {"uv": [53, 4.5], "uv_size": [1, -2.5]}
							}
						}
					]
				},
				{
					"name": "octagon5",
					"parent": "12_gauge2",
					"pivot": [0, 1.375, -2.625],
					"cubes": [
						{
							"origin": [-0.18122, 6.4375, -2.625],
							"size": [0.36244, 0.875, 0.125],
							"pivot": [0, 6.875, -2.5625],
							"rotation": [0, 0, 45],
							"uv": {
								"north": {"uv": [77, 8], "uv_size": [0.5, 1]},
								"east": {"uv": [10, 77], "uv_size": [0.5, 1]},
								"south": {"uv": [77, 12], "uv_size": [0.5, 1]},
								"west": {"uv": [20, 77], "uv_size": [0.5, 1]},
								"up": {"uv": [87, 12], "uv_size": [0.5, 0.5]},
								"down": {"uv": [20, 87.5], "uv_size": [0.5, -0.5]}
							}
						},
						{
							"origin": [-0.18122, 6.4375, -2.625],
							"size": [0.36244, 0.875, 0.125],
							"uv": {
								"north": {"uv": [77, 20], "uv_size": [0.5, 1]},
								"east": {"uv": [26, 77], "uv_size": [0.5, 1]},
								"south": {"uv": [28, 77], "uv_size": [0.5, 1]},
								"west": {"uv": [30, 77], "uv_size": [0.5, 1]},
								"up": {"uv": [87, 20], "uv_size": [0.5, 0.5]},
								"down": {"uv": [26, 87.5], "uv_size": [0.5, -0.5]}
							}
						},
						{
							"origin": [-0.4375, 6.69378, -2.625],
							"size": [0.875, 0.36244, 0.125],
							"pivot": [0, 6.875, -2.5625],
							"rotation": [0, 0, 45],
							"uv": {
								"north": {"uv": [38, 77], "uv_size": [1, 0.5]},
								"east": {"uv": [28, 87], "uv_size": [0.5, 0.5]},
								"south": {"uv": [77, 38], "uv_size": [1, 0.5]},
								"west": {"uv": [30, 87], "uv_size": [0.5, 0.5]},
								"up": {"uv": [77, 45], "uv_size": [1, 0.5]},
								"down": {"uv": [77, 47.5], "uv_size": [1, -0.5]}
							}
						},
						{
							"origin": [-0.4375, 6.69378, -2.625],
							"size": [0.875, 0.36244, 0.125],
							"uv": {
								"north": {"uv": [77, 49], "uv_size": [1, 0.5]},
								"east": {"uv": [38, 87], "uv_size": [0.5, 0.5]},
								"south": {"uv": [51, 77], "uv_size": [1, 0.5]},
								"west": {"uv": [87, 38], "uv_size": [0.5, 0.5]},
								"up": {"uv": [53, 77], "uv_size": [1, 0.5]},
								"down": {"uv": [58, 77.5], "uv_size": [1, -0.5]}
							}
						}
					]
				},
				{
					"name": "attachment_adapter",
					"parent": "gun",
					"pivot": [0.125, 7.5, -2.5]
				},
				{
					"name": "ar_stock_adapter",
					"parent": "attachment_adapter",
					"pivot": [0, 6.26563, 10.125],
					"rotation": [-15, 0, 0]
				},
				{
					"name": "octagon6",
					"parent": "ar_stock_adapter",
					"pivot": [-0.0032, 4.70313, 0.8125],
					"cubes": [
						{
							"origin": [-1.85216, 3.82822, 8.95998],
							"size": [0.77666, 1.875, 1.0625],
							"inflate": 0.0003,
							"pivot": [-0.37328, 3.14727, -0.5869],
							"rotation": [0, 0, 45],
							"uv": {
								"north": {"uv": [48, 54], "uv_size": [1, 2]},
								"south": {"uv": [19, 55], "uv_size": [1, 2]},
								"up": {"uv": [67, 20], "uv_size": [1, 1]},
								"down": {"uv": [67, 23], "uv_size": [1, -1]}
							}
						},
						{
							"origin": [-0.38833, 4.12532, 8.95998],
							"size": [0.77666, 1.875, 1.0625],
							"inflate": 0.0003,
							"uv": {
								"north": {"uv": [23, 55], "uv_size": [1, 2]},
								"south": {"uv": [56, 14], "uv_size": [1, 2]},
								"up": {"uv": [67, 24], "uv_size": [1, 1]},
								"down": {"uv": [67, 27], "uv_size": [1, -1]}
							}
						},
						{
							"origin": [-2.40133, 4.37739, 8.95998],
							"size": [1.875, 0.77666, 1.0625],
							"inflate": 0.0003,
							"pivot": [-0.37328, 3.14727, -0.5869],
							"rotation": [0, 0, 45],
							"uv": {
								"north": {"uv": [55, 4], "uv_size": [2, 1]},
								"east": {"uv": [67, 32], "uv_size": [1, 1]},
								"south": {"uv": [55, 10], "uv_size": [2, 1]},
								"west": {"uv": [67, 34], "uv_size": [1, 1]}
							}
						},
						{
							"origin": [-0.9375, 4.67449, 8.95998],
							"size": [1.875, 0.77666, 1.0625],
							"inflate": 0.0003,
							"uv": {
								"north": {"uv": [56, 45], "uv_size": [2, 1]},
								"east": {"uv": [35, 67], "uv_size": [1, 1]},
								"south": {"uv": [56, 47], "uv_size": [2, 1]},
								"west": {"uv": [67, 36], "uv_size": [1, 1]}
							}
						}
					]
				},
				{
					"name": "octagon7",
					"parent": "ar_stock_adapter",
					"pivot": [0, 4.70313, 1.0625],
					"cubes": [
						{
							"origin": [-1.7454, 4.07822, 10.02248],
							"size": [0.56954, 1.375, 7.9375],
							"pivot": [-0.37008, 3.14727, -0.3369],
							"rotation": [0, 0, 45],
							"uv": {
								"south": {"uv": [8, 70], "uv_size": [0.5, 1.5]},
								"up": {"uv": [29, 38], "uv_size": [0.5, 8]},
								"down": {"uv": [6, 47], "uv_size": [0.5, -8]}
							}
						},
						{
							"origin": [-0.28157, 4.37532, 10.02248],
							"size": [0.56954, 1.375, 7.9375],
							"inflate": 0.0001,
							"uv": {
								"south": {"uv": [70, 16], "uv_size": [0.5, 1.5]},
								"up": {"uv": [15, 39], "uv_size": [0.5, 8]},
								"down": {"uv": [17, 47], "uv_size": [0.5, -8]}
							}
						},
						{
							"origin": [-0.28157, 3.93782, 12.02248],
							"size": [0.56954, 0.4375, 5.9375],
							"uv": {
								"north": {"uv": [87, 68], "uv_size": [0.5, 0.5]},
								"east": {"uv": [43, 35], "uv_size": [6, 0.5]},
								"south": {"uv": [70, 87], "uv_size": [0.5, 0.5]},
								"west": {"uv": [44, 40], "uv_size": [6, 0.5]},
								"down": {"uv": [45, 48], "uv_size": [0.5, -6]}
							}
						},
						{
							"origin": [-0.28157, 12.44567, 7.156],
							"size": [0.56954, 0.5, 0.6875],
							"pivot": [-0.37008, 3.14727, -0.3369],
							"rotation": [-45, 0, 0],
							"uv": {
								"east": {"uv": [74, 87], "uv_size": [0.5, 0.5]},
								"south": {"uv": [76, 87], "uv_size": [0.5, 0.5]},
								"west": {"uv": [87, 76], "uv_size": [0.5, 0.5]},
								"down": {"uv": [80, 87.5], "uv_size": [0.5, -0.5]}
							}
						},
						{
							"origin": [-2.14813, 4.48095, 10.02248],
							"size": [1.375, 0.56954, 7.9375],
							"pivot": [-0.37008, 3.14727, -0.3369],
							"rotation": [0, 0, 45],
							"uv": {
								"east": {"uv": [39, 18], "uv_size": [8, 0.5]},
								"south": {"uv": [70, 39], "uv_size": [1.5, 0.5]},
								"west": {"uv": [39, 20], "uv_size": [8, 0.5]}
							}
						},
						{
							"origin": [-0.6843, 4.77805, 10.02248],
							"size": [1.375, 0.56954, 7.9375],
							"inflate": 0.0002,
							"uv": {
								"east": {"uv": [39, 22], "uv_size": [8, 0.5]},
								"south": {"uv": [70, 47], "uv_size": [1.5, 0.5]},
								"west": {"uv": [39, 24], "uv_size": [8, 0.5]}
							}
						}
					]
				},
				{
					"name": "right_hand",
					"parent": "gun_and_righthand",
					"pivot": [6, 12, 0]
				},
				{
					"name": "righthand_pos",
					"parent": "right_hand",
					"pivot": [0, 0, 0],
					"cubes": [
						{
							"origin": [4, 0, -2],
							"size": [4, 12, 4],
							"uv": {
								"north": {"uv": [0, 0], "uv_size": [4, 12]},
								"east": {"uv": [5, 0], "uv_size": [4, 12]},
								"south": {"uv": [10, 0], "uv_size": [4, 12]},
								"west": {"uv": [0, 13], "uv_size": [4, 12]},
								"up": {"uv": [20, 0], "uv_size": [4, 4]},
								"down": {"uv": [20, 9], "uv_size": [4, -4]}
							}
						}
					]
				},
				{
					"name": "mag_and_lefthand",
					"parent": "root",
					"pivot": [-0.125, 7.5, -2.5]
				},
				{
					"name": "magazine",
					"parent": "mag_and_lefthand",
					"pivot": [0, 5.5, -2.5]
				},
				{
					"name": "mag_standard",
					"parent": "magazine",
					"pivot": [0, 5.5, -2.5]
				},
				{
					"name": "12_gauge",
					"parent": "mag_standard",
					"pivot": [0, 5.5, -2.5]
				},
				{
					"name": "octagon2",
					"parent": "12_gauge",
					"pivot": [0, 1.5, 4.125],
					"cubes": [
						{
							"origin": [-0.15533, 5.125, -5.125],
							"size": [0.31066, 0.75, 2.5],
							"pivot": [0, 5.5, -3.875],
							"rotation": [0, 0, 45],
							"uv": {
								"north": {"uv": [60, 77], "uv_size": [0.5, 1]},
								"south": {"uv": [77, 65], "uv_size": [0.5, 1]},
								"up": {"uv": [65, 62], "uv_size": [0.5, 2.5]},
								"down": {"uv": [6, 68.5], "uv_size": [0.5, -2.5]}
							}
						},
						{
							"origin": [-0.15533, 5.125, -5.125],
							"size": [0.31066, 0.75, 2.5],
							"inflate": 0.0002,
							"uv": {
								"north": {"uv": [77, 69], "uv_size": [0.5, 1]},
								"south": {"uv": [73, 77], "uv_size": [0.5, 1]},
								"up": {"uv": [8, 66], "uv_size": [0.5, 2.5]},
								"down": {"uv": [10, 68.5], "uv_size": [0.5, -2.5]}
							}
						},
						{
							"origin": [-0.375, 5.34467, -5.125],
							"size": [0.75, 0.31066, 2.5],
							"pivot": [0, 5.5, -3.875],
							"rotation": [0, 0, 45],
							"uv": {
								"north": {"uv": [75, 77], "uv_size": [1, 0.5]},
								"east": {"uv": [66, 0], "uv_size": [2.5, 0.5]},
								"south": {"uv": [77, 77], "uv_size": [1, 0.5]},
								"west": {"uv": [66, 12], "uv_size": [2.5, 0.5]}
							}
						},
						{
							"origin": [-0.375, 5.34467, -5.125],
							"size": [0.75, 0.31066, 2.5],
							"inflate": 0.0001,
							"uv": {
								"north": {"uv": [78, 2], "uv_size": [1, 0.5]},
								"east": {"uv": [66, 39], "uv_size": [2.5, 0.5]},
								"south": {"uv": [78, 10], "uv_size": [1, 0.5]},
								"west": {"uv": [47, 66], "uv_size": [2.5, 0.5]}
							}
						}
					]
				},
				{
					"name": "octagon3",
					"parent": "12_gauge",
					"pivot": [0, 0, -2.625],
					"cubes": [
						{
							"origin": [-0.18122, 5.0625, -2.625],
							"size": [0.36244, 0.875, 0.125],
							"pivot": [0, 5.5, -2.5625],
							"rotation": [0, 0, 45],
							"uv": {
								"north": {"uv": [12, 78], "uv_size": [0.5, 1]},
								"east": {"uv": [14, 78], "uv_size": [0.5, 1]},
								"south": {"uv": [78, 14], "uv_size": [0.5, 1]},
								"west": {"uv": [16, 78], "uv_size": [0.5, 1]},
								"up": {"uv": [87, 44], "uv_size": [0.5, 0.5]},
								"down": {"uv": [87, 46.5], "uv_size": [0.5, -0.5]}
							}
						},
						{
							"origin": [-0.18122, 5.0625, -2.625],
							"size": [0.36244, 0.875, 0.125],
							"uv": {
								"north": {"uv": [78, 16], "uv_size": [0.5, 1]},
								"east": {"uv": [18, 78], "uv_size": [0.5, 1]},
								"south": {"uv": [78, 18], "uv_size": [0.5, 1]},
								"west": {"uv": [22, 78], "uv_size": [0.5, 1]},
								"up": {"uv": [87, 48], "uv_size": [0.5, 0.5]},
								"down": {"uv": [50, 87.5], "uv_size": [0.5, -0.5]}
							}
						},
						{
							"origin": [-0.4375, 5.31878, -2.625],
							"size": [0.875, 0.36244, 0.125],
							"pivot": [0, 5.5, -2.5625],
							"rotation": [0, 0, 45],
							"uv": {
								"north": {"uv": [78, 22], "uv_size": [1, 0.5]},
								"east": {"uv": [52, 87], "uv_size": [0.5, 0.5]},
								"south": {"uv": [24, 78], "uv_size": [1, 0.5]},
								"west": {"uv": [56, 87], "uv_size": [0.5, 0.5]},
								"up": {"uv": [78, 24], "uv_size": [1, 0.5]},
								"down": {"uv": [78, 26.5], "uv_size": [1, -0.5]}
							}
						},
						{
							"origin": [-0.4375, 5.31878, -2.625],
							"size": [0.875, 0.36244, 0.125],
							"uv": {
								"north": {"uv": [78, 28], "uv_size": [1, 0.5]},
								"east": {"uv": [58, 87], "uv_size": [0.5, 0.5]},
								"south": {"uv": [78, 30], "uv_size": [1, 0.5]},
								"west": {"uv": [87, 64], "uv_size": [0.5, 0.5]},
								"up": {"uv": [32, 78], "uv_size": [1, 0.5]},
								"down": {"uv": [78, 32.5], "uv_size": [1, -0.5]}
							}
						}
					]
				},
				{
					"name": "left_hand",
					"parent": "mag_and_lefthand",
					"pivot": [-6, 12, 0]
				},
				{
					"name": "lefthand_pos",
					"parent": "left_hand",
					"pivot": [0, 0, 0],
					"cubes": [
						{
							"origin": [-8, 0, -2],
							"size": [4, 12, 4],
							"uv": {
								"north": {"uv": [5, 13], "uv_size": [4, 12]},
								"east": {"uv": [10, 13], "uv_size": [4, 12]},
								"south": {"uv": [15, 0], "uv_size": [4, 12]},
								"west": {"uv": [15, 13], "uv_size": [4, 12]},
								"up": {"uv": [20, 10], "uv_size": [4, 4]},
								"down": {"uv": [20, 19], "uv_size": [4, -4]}
							}
						}
					]
				},
				{
					"name": "camera",
					"pivot": [3.86019, 9.85747, 16.12437],
					"rotation": [2.5, 2.5, 0]
				},
				{
					"name": "positioning",
					"pivot": [0, 0, 0]
				},
				{
					"name": "ground",
					"parent": "positioning",
					"pivot": [0, 0, 0]
				},
				{
					"name": "thirdperson_hand",
					"parent": "positioning",
					"pivot": [0, 3.75, 6.25]
				},
				{
					"name": "fixed",
					"parent": "positioning",
					"pivot": [0.875, 4.25, 0],
					"rotation": [0, 90, 0]
				},
				{
					"name": "view",
					"pivot": [0, 0, 0]
				},
				{
					"name": "idle_view",
					"parent": "view",
					"pivot": [3.86019, 9.85747, 16.12437],
					"rotation": [2.5, 2.5, 0]
				},
				{
					"name": "iron_view",
					"parent": "view",
					"pivot": [0, 8, 11]
				},
				{
					"name": "refit_view",
					"parent": "view",
					"pivot": [19, 6, 2],
					"rotation": [0, 90, 0]
				},
				{
					"name": "refit_scope_view",
					"parent": "view",
					"pivot": [8.17503, 9.59791, -5.10382],
					"rotation": [-2.5, 110, 0]
				},
				{
					"name": "refit_stock_view",
					"parent": "view",
					"pivot": [9.23293, 5.68972, 13.12936],
					"rotation": [0, 102.5, -10]
				},
				{
					"name": "refit_muzzle_view",
					"parent": "view",
					"pivot": [6.6494, 6.46705, -17.0686],
					"rotation": [-2.5, 110, 0]
				}
			]
		}
	]
}