{
  "materials": [
    {
      "item": {
        "tag": "forge:ingots/iron"
      },
      "count": 8
    },
    {
      "item": {
        "item": "minecraft:copper_ingot"
      },
      "count": 4
    },
    {
      "item": {
        "item": "minecraft:netherite_ingot"
      },
      "count": 3
    },
    {
      "item": {
        "item": "minecraft:blaze_rod"
      },
      "count": 1
    }
  ],
  "result": {
    "type": "attachment",
    "id": "starfish:g28compensator"
  },
  "type": "tacz:gun_smith_table_crafting"
}