{
  "materials": [
    {
      "item": {
        "tag": "forge:glass_panes"
      },
      "count": 1
    },
    {
      "item": {
        "tag": "forge:dusts/redstone"
      },
      "count": 1
    },
    {
      "item": {
        "tag": "forge:leather"
      },
      "count": 1
    },
    {
      "item": {
        "tag": "forge:ingots/iron"
      },
      "count": 9
    }
  ],
  "result": {
    "type": "attachment",
    "id": "starfish:lasergrip19"
  },
  "type": "tacz:gun_smith_table_crafting"
}