{
  "materials": [
    {
      "item": {
        "tag": "forge:gems/diamond"
      },
      "count": 8
    },
    {
      "item": {
        "tag": "forge:ingots/gold"
      },
      "count": 64
    },
    {
      "item": {
        "tag": "forge:ingots/netherite"
      },
      "count": 5
    },
    {
      "item": {
        "tag": "forge:ingots/iron"
      },
      "count": 280
    },
    {
      "item": {
        "tag": "forge:rods/blaze"
      },
      "count": 10
    }
  ],
  "result": {
    "type": "gun",
    "id": "ares:m107a1"
  },
  "type": "tacz:gun_smith_table_crafting"
}