{
  "materials": [
    {
      "item": {
        "tag": "forge:ingots/gold"
      },
      "count": 12
    },
    {
      "item": {
        "tag": "forge:ingots/iron"
      },
      "count": 96
    },
    {
      "item": {
        "tag": "forge:gems/quartz"
      },
      "count": 10
    },
    {
    "item": {
      "tag": "forge:gems/diamond"
    },
    "count": 2
  }
  ],
  "result": {
    "type": "gun",
    "id": "ares:mk18",
    "attachments": {
      "stock": "tacz:stock_hk_slim_line"
    }
  },
  "type": "tacz:gun_smith_table_crafting"
}