{
  "materials": [
    {
      "item": {
        "tag": "forge:ingots/gold"
      },
      "count": 12
    },
    {
      "item": {
        "tag": "forge:ingots/iron"
      },
      "count": 64
    },
    {
      "item": {
        "tag": "forge:gems/quartz"
      },
      "count": 12
    },
    {
      "item": {
        "tag": "forge:gems/diamond"
      },
      "count": 3
    }
  ],
  "result": {
    "type": "gun",
    "id": "ares:mp7"
  },
  "type": "tacz:gun_smith_table_crafting"
}