{
  "materials": [
    {
      "item": {
        "tag": "forge:ingots/gold"
      },
      "count": 25
    },
    {
      "item": {
        "tag": "forge:ingots/iron"
      },
      "count": 86
    },
    {
      "item": {
        "tag": "forge:gems/diamond"
      },
      "count": 4
    },
    {
      "item": {
        "tag": "forge:rods/blaze"
      },
      "count": 1
    }
  ],
  "result": {
    "type": "gun",
    "id": "mw3:isol"
  },
  "type": "tacz:gun_smith_table_crafting"
}