{
  "materials": [
    {
      "item": {
        "tag": "forge:ingots/gold"
      },
      "count": 19
    },
    {
      "item": {
        "tag": "forge:ingots/iron"
      },
      "count": 64
    },
    {
      "item": {
        "tag": "forge:gems/quartz"
      },
      "count": 10
    }
  ],
  "result": {
    "type": "gun",
    "id": "mw3:lachmann_762",
    "attachments": {
      "stock": "tacz:oem_stock_tactical"
    }
  },
  "type": "tacz:gun_smith_table_crafting"
}