{
  "materials": [
    {
      "item": {
        "tag": "forge:gems/diamond"
      },
      "count": 11
    },
    {
      "item": {
        "tag": "forge:ingots/gold"
      },
      "count": 43
    },
    {
      "item": {
        "tag": "forge:ingots/netherite"
      },
      "count": 2
    },
    {
      "item": {
        "tag": "forge:ingots/iron"
      },
      "count": 295
    },
    {
      "item": {
        "tag": "forge:rods/blaze"
      },
      "count": 7
    }
  ],
  "result": {
    "type": "gun",
    "id": "mw3:mcpr_300"
  },
  "type": "tacz:gun_smith_table_crafting"
}