{
  "materials": [
    {
      "item": {
        "tag": "forge:gems/diamond"
      },
      "count": 21
    },
    {
      "item": {
        "tag": "forge:ingots/gold"
      },
      "count": 59
    },
    {
      "item": {
        "tag": "forge:ingots/netherite"
      },
      "count": 2
    },
    {
      "item": {
        "tag": "forge:ingots/iron"
      },
      "count": 484
    },
    {
      "item": {
        "tag": "forge:rods/blaze"
      },
      "count": 8
    }
  ],
  "result": {
    "type": "gun",
    "id": "mw3:raal_mg"
  },
  "type": "tacz:gun_smith_table_crafting"
}