{
  // 使用我们放入的背包 2D 贴图：textures/attachment/slot/silencer.png。注意，不需要包含文件后缀，也不要包含开头的 "textures/"
  "slot": "starfish:attachment/slot/nydar47",
  // 使用我们放入的模型文件：models/gun/silencer_geo.json。注意，不需要包含文件后缀，也不要包含开头的 "models/"
  "model": "starfish:attachment/nydar47_geo",
  // 使用我们放入的模型贴图：textures/attachment/uv/silencer.png。注意，不需要包含文件后缀，也不要包含开头的 "textures/"
  "texture": "starfish:attachment/uv/nydar47",
  // 以下是只有「瞄具」类配件需要设置的属性。
  // 玩家可以在数组设置的几个倍率之间切换（初始为 4.0 倍放大）
  "zoom": [
    1.25
  ],
  // 如果配件是瞄具，且为筒状放大瞄具，此选项应为 true
  "scope": false,
  // 如果配件是瞄具，且为红点或全息瞄具，此选项应为 true
  "sight": true,
  // 开镜后，枪身和瞄具渲染的 fov，默认情况下，mc 渲染手部模型的 fov 为 70
  "fov": 70.0,
  // 音效，只在装卸配件时自己能听到
  "sounds": {
    // 安装时的音效。
    "install": "tacz:attachments/scope_general_e",
    // 卸下时的音效。
    "uninstall": "tacz:attachments/scope_general_e"
  }
}