{
    // 使用我们放入的背包 2D 贴图：textures/attachment/slot/silencer.png。注意，不需要包含文件后缀，也不要包含开头的 "textures/"
    "slot": "starfish:attachment/slot/ykmlaser",
    // 使用我们放入的模型文件：models/gun/silencer_geo.json。注意，不需要包含文件后缀，也不要包含开头的 "models/"
    "model": "starfish:attachment/ykmlaser_geo",
    // 使用我们放入的模型贴图：textures/attachment/uv/silencer.png。注意，不需要包含文件后缀，也不要包含开头的 "textures/"
    "texture": "starfish:attachment/uv/ykmlaser",
    // 音效，只在装卸配件时自己能听到
    "sounds": {
      // 安装时的音效。
      "install": "tacz:attachments/scope_general_e",
      // 卸下时的音效。
      "uninstall": "tacz:attachments/scope_general_e"
    }
  }