{
	"format_version": "1.12.0",
	"minecraft:geometry": [
		{
			"description": {
				"identifier": "geometry.m4a1_fom - Converted",
				"texture_width": 32,
				"texture_height": 32,
				"visible_bounds_width": 3,
				"visible_bounds_height": 3,
				"visible_bounds_offset": [0, 0.5, 0]
			},
			"bones": [
				{
					"name": "lod",
					"pivot": [0.05025, -5, 0],
					"cubes": [
						{
							"origin": [-0.55025, -2.85, -1.725],
							"size": [1.0505, 5.75, 2.725],
							"pivot": [0.05025, -0.6, 0],
							"rotation": [20, 0, 0],
							"uv": {
								"north": {"uv": [8, 11], "uv_size": [1, 6]},
								"east": {"uv": [0, 0], "uv_size": [3, 6]},
								"south": {"uv": [9, 11], "uv_size": [1, 6]},
								"west": {"uv": [3, 0], "uv_size": [3, 6]},
								"up": {"uv": [16, 9], "uv_size": [1, 3]},
								"down": {"uv": [10, 19], "uv_size": [1, -3]}
							}
						},
						{
							"origin": [-0.86285, -2.85, -1.225],
							"size": [1.55, 3.625, 1.85],
							"pivot": [-0.08785, -0.6, 0],
							"rotation": [20, 0, 0],
							"uv": {
								"north": {"uv": [6, 7], "uv_size": [2, 4]},
								"east": {"uv": [8, 7], "uv_size": [2, 4]},
								"south": {"uv": [10, 7], "uv_size": [2, 4]},
								"west": {"uv": [6, 11], "uv_size": [2, 4]},
								"up": {"uv": [13, 15], "uv_size": [2, 2]},
								"down": {"uv": [15, 17], "uv_size": [2, -2]}
							}
						},
						{
							"origin": [-0.66285, 1.79106, -0.7579],
							"size": [1.15, 0.925, 1.025],
							"pivot": [-0.08785, 2.37856, 0.1796],
							"rotation": [58.75, 0, 0],
							"uv": {
								"north": {"uv": [19, 16], "uv_size": [1, 1]},
								"east": {"uv": [17, 19], "uv_size": [1, 1]},
								"south": {"uv": [19, 17], "uv_size": [1, 1]},
								"west": {"uv": [18, 19], "uv_size": [1, 1]},
								"up": {"uv": [19, 18], "uv_size": [1, 1]},
								"down": {"uv": [19, 20], "uv_size": [1, -1]}
							}
						},
						{
							"origin": [-0.66285, 2.16287, -9.44651],
							"size": [1.15, 0.55, 11.025],
							"uv": {
								"north": {"uv": [0, 20], "uv_size": [1, 1]},
								"east": {"uv": [0, 6], "uv_size": [11, 1]},
								"south": {"uv": [20, 0], "uv_size": [1, 1]},
								"west": {"uv": [6, 0], "uv_size": [11, 1]},
								"up": {"uv": [0, 7], "uv_size": [1, 11]},
								"down": {"uv": [1, 18], "uv_size": [1, -11]}
							}
						},
						{
							"origin": [-0.68785, 2.16287, -9.02151],
							"size": [1.2, 1.1, 10.65],
							"uv": {
								"north": {"uv": [1, 20], "uv_size": [1, 1]},
								"east": {"uv": [6, 1], "uv_size": [11, 1]},
								"south": {"uv": [20, 1], "uv_size": [1, 1]},
								"west": {"uv": [6, 2], "uv_size": [11, 1]},
								"up": {"uv": [2, 7], "uv_size": [1, 11]},
								"down": {"uv": [3, 18], "uv_size": [1, -11]}
							}
						},
						{
							"origin": [-0.48785, 2.78787, 0.90349],
							"size": [0.8, 0.625, 0.4],
							"pivot": [-0.08785, 3.33787, 1.16599],
							"rotation": [41.25, 0, 0],
							"uv": {
								"north": {"uv": [8, 20], "uv_size": [1, 1]},
								"east": {"uv": [20, 8], "uv_size": [1, 1]},
								"south": {"uv": [9, 20], "uv_size": [1, 1]},
								"west": {"uv": [20, 9], "uv_size": [1, 1]},
								"up": {"uv": [10, 20], "uv_size": [1, 1]},
								"down": {"uv": [20, 11], "uv_size": [1, -1]}
							}
						},
						{
							"origin": [-0.18785, 2.78787, -8.77151],
							"size": [0.2, 0.625, 0.4],
							"pivot": [-0.08785, 3.33787, -8.50901],
							"rotation": [41.25, 0, 0],
							"uv": {
								"north": {"uv": [11, 20], "uv_size": [1, 1]},
								"east": {"uv": [20, 11], "uv_size": [1, 1]},
								"south": {"uv": [12, 20], "uv_size": [1, 1]},
								"west": {"uv": [20, 12], "uv_size": [1, 1]},
								"up": {"uv": [13, 20], "uv_size": [1, 1]},
								"down": {"uv": [20, 14], "uv_size": [1, -1]}
							}
						},
						{
							"origin": [-0.68785, 2.16287, -9.44651],
							"size": [1.2, 0.625, 0.425],
							"uv": {
								"north": {"uv": [2, 20], "uv_size": [1, 1]},
								"east": {"uv": [20, 2], "uv_size": [1, 1]},
								"south": {"uv": [3, 20], "uv_size": [1, 1]},
								"west": {"uv": [20, 3], "uv_size": [1, 1]},
								"up": {"uv": [4, 20], "uv_size": [1, 1]},
								"down": {"uv": [20, 5], "uv_size": [1, -1]}
							}
						},
						{
							"origin": [-0.68785, 2.78787, -9.42905],
							"size": [1.2, 0.63714, 0.55754],
							"pivot": [-0.08785, 2.78787, -9.44651],
							"rotation": [-40.25, 0, 0],
							"uv": {
								"north": {"uv": [5, 20], "uv_size": [1, 1]},
								"east": {"uv": [20, 5], "uv_size": [1, 1]},
								"south": {"uv": [6, 20], "uv_size": [1, 1]},
								"west": {"uv": [20, 6], "uv_size": [1, 1]},
								"up": {"uv": [7, 20], "uv_size": [1, 1]},
								"down": {"uv": [20, 8], "uv_size": [1, -1]}
							}
						},
						{
							"origin": [-0.33785, 1.15, -2.1],
							"size": [0.5, 1.75, 0.375],
							"pivot": [-0.08785, -0.6, 0],
							"rotation": [20, 0, 0],
							"uv": {
								"north": {"uv": [14, 17], "uv_size": [1, 2]},
								"east": {"uv": [17, 14], "uv_size": [1, 2]},
								"south": {"uv": [15, 17], "uv_size": [1, 2]},
								"west": {"uv": [16, 17], "uv_size": [1, 2]},
								"up": {"uv": [19, 1], "uv_size": [1, 1]},
								"down": {"uv": [2, 20], "uv_size": [1, -1]}
							}
						},
						{
							"origin": [-0.33785, -0.28742, -2.88247],
							"size": [0.5, 1.75, 0.375],
							"pivot": [-0.08785, 0.58758, -2.69497],
							"rotation": [127.5, 0, 0],
							"uv": {
								"north": {"uv": [17, 16], "uv_size": [1, 2]},
								"east": {"uv": [0, 18], "uv_size": [1, 2]},
								"south": {"uv": [18, 0], "uv_size": [1, 2]},
								"west": {"uv": [1, 18], "uv_size": [1, 2]},
								"up": {"uv": [3, 19], "uv_size": [1, 1]},
								"down": {"uv": [19, 4], "uv_size": [1, -1]}
							}
						},
						{
							"origin": [-0.33785, -0.08742, -5.47829],
							"size": [0.5, 0.29109, 2.225],
							"uv": {
								"north": {"uv": [19, 4], "uv_size": [1, 1]},
								"east": {"uv": [2, 18], "uv_size": [2, 1]},
								"south": {"uv": [5, 19], "uv_size": [1, 1]},
								"west": {"uv": [18, 2], "uv_size": [2, 1]},
								"up": {"uv": [18, 5], "uv_size": [1, 2]},
								"down": {"uv": [18, 9], "uv_size": [1, -2]}
							}
						},
						{
							"origin": [-0.33785, 0.38758, -5.28257],
							"size": [0.5, 0.31734, 0.60428],
							"pivot": [-0.08785, 0.05812, -4.36579],
							"rotation": [27.75, 0, 0],
							"uv": {
								"north": {"uv": [10, 19], "uv_size": [1, 1]},
								"east": {"uv": [11, 19], "uv_size": [1, 1]},
								"south": {"uv": [19, 11], "uv_size": [1, 1]},
								"west": {"uv": [12, 19], "uv_size": [1, 1]},
								"up": {"uv": [19, 12], "uv_size": [1, 1]},
								"down": {"uv": [13, 20], "uv_size": [1, -1]}
							}
						},
						{
							"origin": [-0.33785, 0.16258, -5.35329],
							"size": [0.5, 1.21609, 0.425],
							"uv": {
								"north": {"uv": [19, 5], "uv_size": [1, 1]},
								"east": {"uv": [6, 19], "uv_size": [1, 1]},
								"south": {"uv": [19, 6], "uv_size": [1, 1]},
								"west": {"uv": [7, 19], "uv_size": [1, 1]},
								"up": {"uv": [19, 7], "uv_size": [1, 1]},
								"down": {"uv": [8, 20], "uv_size": [1, -1]}
							}
						},
						{
							"origin": [-0.66285, 1.33758, -9.45329],
							"size": [1.15, 1.21609, 9.75],
							"uv": {
								"north": {"uv": [19, 8], "uv_size": [1, 1]},
								"east": {"uv": [6, 3], "uv_size": [10, 1]},
								"south": {"uv": [9, 19], "uv_size": [1, 1]},
								"west": {"uv": [6, 4], "uv_size": [10, 1]},
								"up": {"uv": [4, 7], "uv_size": [1, 10]},
								"down": {"uv": [5, 17], "uv_size": [1, -10]}
							}
						},
						{
							"origin": [0.28715, 1.73758, -2.22829],
							"size": [0.325, 0.49109, 0.65],
							"pivot": [0.44965, 1.85812, -2.57829],
							"rotation": [0, 0, 20],
							"uv": {
								"north": {"uv": [14, 20], "uv_size": [1, 1]},
								"east": {"uv": [20, 14], "uv_size": [1, 1]},
								"south": {"uv": [15, 20], "uv_size": [1, 1]},
								"west": {"uv": [20, 15], "uv_size": [1, 1]},
								"up": {"uv": [16, 20], "uv_size": [1, 1]},
								"down": {"uv": [20, 17], "uv_size": [1, -1]}
							}
						},
						{
							"origin": [-0.36285, 1.08758, -9.45329],
							"size": [0.55, 0.525, 3.975],
							"pivot": [-0.08785, 1.35008, -4.57829],
							"rotation": [0, 0, 45],
							"uv": {
								"north": {"uv": [19, 13], "uv_size": [1, 1]},
								"east": {"uv": [6, 5], "uv_size": [4, 1]},
								"south": {"uv": [14, 19], "uv_size": [1, 1]},
								"west": {"uv": [12, 10], "uv_size": [4, 1]},
								"up": {"uv": [13, 11], "uv_size": [1, 4]},
								"down": {"uv": [12, 17], "uv_size": [1, -4]}
							}
						},
						{
							"origin": [-0.03785, 1.58758, -9.45329],
							"size": [0.55, 0.3, 3.975],
							"pivot": [0.23715, 1.62508, -4.57829],
							"rotation": [0, 0, 45],
							"uv": {
								"north": {"uv": [19, 14], "uv_size": [1, 1]},
								"east": {"uv": [14, 5], "uv_size": [4, 1]},
								"south": {"uv": [15, 19], "uv_size": [1, 1]},
								"west": {"uv": [14, 6], "uv_size": [4, 1]},
								"up": {"uv": [14, 11], "uv_size": [1, 4]},
								"down": {"uv": [6, 19], "uv_size": [1, -4]}
							}
						},
						{
							"origin": [-0.68785, 1.58758, -9.45329],
							"size": [0.55, 0.3, 3.975],
							"pivot": [-0.41285, 1.62508, -4.57829],
							"rotation": [0, 0, -45],
							"uv": {
								"north": {"uv": [19, 15], "uv_size": [1, 1]},
								"east": {"uv": [14, 7], "uv_size": [4, 1]},
								"south": {"uv": [16, 19], "uv_size": [1, 1]},
								"west": {"uv": [14, 8], "uv_size": [4, 1]},
								"up": {"uv": [7, 15], "uv_size": [1, 4]},
								"down": {"uv": [15, 15], "uv_size": [1, -4]}
							}
						},
						{
							"origin": [-0.66285, -3.47929, -0.97642],
							"size": [1.15, 1.46866, 2.98464],
							"uv": {
								"north": {"uv": [18, 12], "uv_size": [1, 1]},
								"east": {"uv": [16, 3], "uv_size": [3, 1]},
								"south": {"uv": [18, 14], "uv_size": [1, 1]},
								"west": {"uv": [16, 4], "uv_size": [3, 1]},
								"up": {"uv": [17, 0], "uv_size": [1, 3]},
								"down": {"uv": [4, 20], "uv_size": [1, -3]}
							}
						},
						{
							"origin": [-0.91285, -3.95429, -1.22642],
							"size": [1.65, 0.49366, 3.48464],
							"uv": {
								"north": {"uv": [14, 9], "uv_size": [2, 1]},
								"east": {"uv": [17, 9], "uv_size": [3, 1]},
								"south": {"uv": [17, 13], "uv_size": [2, 1]},
								"west": {"uv": [17, 10], "uv_size": [3, 1]},
								"up": {"uv": [12, 7], "uv_size": [2, 3]},
								"down": {"uv": [10, 16], "uv_size": [2, -3]}
							}
						},
						{
							"origin": [-0.66285, -3.45429, 2.02358],
							"size": [1.15, 0.49366, 0.23464],
							"uv": {
								"north": {"uv": [18, 15], "uv_size": [1, 1]},
								"east": {"uv": [18, 16], "uv_size": [1, 1]},
								"south": {"uv": [17, 18], "uv_size": [1, 1]},
								"west": {"uv": [18, 17], "uv_size": [1, 1]},
								"up": {"uv": [18, 18], "uv_size": [1, 1]},
								"down": {"uv": [19, 1], "uv_size": [1, -1]}
							}
						},
						{
							"origin": [-0.66285, -2.35265, -0.65647],
							"size": [1.15, 2, 2.725],
							"pivot": [-0.08785, -2.35265, 1.06853],
							"rotation": [20, 0, 0],
							"uv": {
								"north": {"uv": [12, 17], "uv_size": [1, 2]},
								"east": {"uv": [11, 5], "uv_size": [3, 2]},
								"south": {"uv": [13, 17], "uv_size": [1, 2]},
								"west": {"uv": [10, 11], "uv_size": [3, 2]},
								"up": {"uv": [11, 16], "uv_size": [1, 3]},
								"down": {"uv": [16, 15], "uv_size": [1, -3]}
							}
						},
						{
							"origin": [-0.66285, -0.99144, 1.51461],
							"size": [1.15, 1.65, 0.625],
							"pivot": [-0.08785, -1.46644, 0.77711],
							"rotation": [48.5, 0, 0],
							"uv": {
								"north": {"uv": [5, 17], "uv_size": [1, 2]},
								"east": {"uv": [8, 17], "uv_size": [1, 2]},
								"south": {"uv": [9, 17], "uv_size": [1, 2]},
								"west": {"uv": [17, 11], "uv_size": [1, 2]},
								"up": {"uv": [10, 5], "uv_size": [1, 1]},
								"down": {"uv": [18, 12], "uv_size": [1, -1]}
							}
						}
					]
				},
				{
					"name": "positioning2",
					"parent": "lod",
					"pivot": [0.0375, -5, 0]
				},
				{
					"name": "laser_pos",
					"parent": "positioning2",
					"pivot": [0.0375, 1.3, -7.55],
					"rotation": [0, 0, 90]
				},
				{
					"name": "muzzle_pos",
					"parent": "positioning2",
					"pivot": [0.0375, 1.875, -9.5125]
				},
				{
					"name": "muzzle_flash",
					"parent": "positioning2",
					"pivot": [0.0375, 1.875, -9.5125]
				},
				{
					"name": "scope_pos",
					"parent": "positioning2",
					"pivot": [0.0375, 3.3125, -1.5]
				},
				{
					"name": "shell",
					"parent": "positioning2",
					"pivot": [-0.4125, 2.6625, -1.95]
				}
			]
		}
	]
}