{
	"format_version": "1.12.0",
	"minecraft:geometry": [
		{
			"description": {
				"identifier": "geometry.unknown",
				"texture_width": 32,
				"texture_height": 32,
				"visible_bounds_width": 4,
				"visible_bounds_height": 3.5,
				"visible_bounds_offset": [0, 1.25, 0]
			},
			"bones": [
				{
					"name": "bone",
					"pivot": [-0.00455, 7.32802, 0.24423],
					"cubes": [
						{
							"origin": [-0.60455, 9.625, -5.975],
							"size": [1.2, 1.55, 17.925],
							"uv": {
								"north": {"uv": [15, 20], "uv_size": [1, 2]},
								"east": {"uv": [0, 0], "uv_size": [18, 2]},
								"south": {"uv": [16, 20], "uv_size": [1, 2]},
								"west": {"uv": [0, 2], "uv_size": [18, 2]},
								"up": {"uv": [0, 4], "uv_size": [1, 18]},
								"down": {"uv": [1, 22], "uv_size": [1, -18]}
							}
						},
						{
							"origin": [-1.13922, 10.37924, -7.4878],
							"size": [0.65723, 0.65723, 2.5256],
							"pivot": [-0.29421, 9.76896, -6.84],
							"rotation": [0, 0, 45],
							"uv": {
								"north": {"uv": [23, 18], "uv_size": [1, 1]},
								"east": {"uv": [19, 12], "uv_size": [3, 1]},
								"south": {"uv": [19, 23], "uv_size": [1, 1]},
								"west": {"uv": [15, 19], "uv_size": [3, 1]},
								"up": {"uv": [19, 15], "uv_size": [1, 3]},
								"down": {"uv": [19, 21], "uv_size": [1, -3]}
							}
						},
						{
							"origin": [-0.60455, 9.80636, -6.225],
							"size": [1.2, 1.36864, 0.53156],
							"pivot": [-0.00455, 10.4, -6.275],
							"rotation": [-23.25, 0, 0],
							"uv": {
								"north": {"uv": [23, 12], "uv_size": [1, 1]},
								"east": {"uv": [13, 23], "uv_size": [1, 1]},
								"south": {"uv": [23, 13], "uv_size": [1, 1]},
								"west": {"uv": [14, 23], "uv_size": [1, 1]},
								"up": {"uv": [23, 14], "uv_size": [1, 1]},
								"down": {"uv": [15, 24], "uv_size": [1, -1]}
							}
						},
						{
							"origin": [-0.60455, 9.45636, -6.4634],
							"size": [1.2, 0.37847, 0.49496],
							"uv": {
								"north": {"uv": [23, 15], "uv_size": [1, 1]},
								"east": {"uv": [16, 23], "uv_size": [1, 1]},
								"south": {"uv": [23, 16], "uv_size": [1, 1]},
								"west": {"uv": [17, 23], "uv_size": [1, 1]},
								"up": {"uv": [23, 17], "uv_size": [1, 1]},
								"down": {"uv": [18, 24], "uv_size": [1, -1]}
							}
						},
						{
							"origin": [-0.60455, 11.15, -5.975],
							"size": [1.2, 0.225, 9.175],
							"uv": {
								"north": {"uv": [23, 11], "uv_size": [1, 1]},
								"east": {"uv": [8, 10], "uv_size": [9, 1]},
								"south": {"uv": [12, 23], "uv_size": [1, 1]},
								"west": {"uv": [8, 11], "uv_size": [9, 1]},
								"up": {"uv": [8, 12], "uv_size": [1, 9]},
								"down": {"uv": [9, 21], "uv_size": [1, -9]}
							}
						},
						{
							"origin": [-0.30715, 10.84593, 3.225],
							"size": [0.84853, 0.84853, 9.175],
							"pivot": [-0.05862, 11.36945, 3.4125],
							"rotation": [0, 0, 45],
							"uv": {
								"north": {"uv": [9, 23], "uv_size": [1, 1]},
								"east": {"uv": [4, 6], "uv_size": [9, 1]},
								"south": {"uv": [23, 9], "uv_size": [1, 1]},
								"west": {"uv": [4, 7], "uv_size": [9, 1]},
								"up": {"uv": [4, 8], "uv_size": [1, 9]},
								"down": {"uv": [5, 17], "uv_size": [1, -9]}
							}
						},
						{
							"origin": [-0.30715, 11.04593, -5.975],
							"size": [0.84853, 0.84853, 9.175],
							"pivot": [-0.05862, 11.56945, -5.7875],
							"rotation": [0, 0, 45],
							"uv": {
								"north": {"uv": [23, 10], "uv_size": [1, 1]},
								"east": {"uv": [6, 8], "uv_size": [9, 1]},
								"south": {"uv": [11, 23], "uv_size": [1, 1]},
								"west": {"uv": [6, 9], "uv_size": [9, 1]},
								"up": {"uv": [6, 10], "uv_size": [1, 9]},
								"down": {"uv": [7, 19], "uv_size": [1, -9]}
							}
						},
						{
							"origin": [-0.42881, 11.65074, -5.45],
							"size": [0.84853, 0.64853, 8.65],
							"uv": {
								"north": {"uv": [23, 20], "uv_size": [1, 1]},
								"east": {"uv": [10, 12], "uv_size": [9, 1]},
								"south": {"uv": [21, 23], "uv_size": [1, 1]},
								"west": {"uv": [13, 6], "uv_size": [9, 1]},
								"up": {"uv": [10, 13], "uv_size": [1, 9]},
								"down": {"uv": [11, 22], "uv_size": [1, -9]}
							}
						},
						{
							"origin": [-0.60455, 10.2, 11.95],
							"size": [1.2, 0.975, 0.45],
							"uv": {
								"north": {"uv": [23, 5], "uv_size": [1, 1]},
								"east": {"uv": [6, 23], "uv_size": [1, 1]},
								"south": {"uv": [23, 6], "uv_size": [1, 1]},
								"west": {"uv": [23, 7], "uv_size": [1, 1]},
								"up": {"uv": [8, 23], "uv_size": [1, 1]},
								"down": {"uv": [23, 9], "uv_size": [1, -1]}
							}
						},
						{
							"origin": [-0.60455, 9.225, 10.175],
							"size": [1.2, 1.25, 2.25],
							"pivot": [-0.00455, 9.7, 11.575],
							"rotation": [60.25, 0, 0],
							"uv": {
								"north": {"uv": [22, 18], "uv_size": [1, 1]},
								"east": {"uv": [13, 7], "uv_size": [2, 1]},
								"south": {"uv": [22, 19], "uv_size": [1, 1]},
								"west": {"uv": [20, 3], "uv_size": [2, 1]},
								"up": {"uv": [18, 20], "uv_size": [1, 2]},
								"down": {"uv": [20, 20], "uv_size": [1, -2]}
							}
						},
						{
							"origin": [-0.60455, 8.24882, 10.44269],
							"size": [1.2, 1.25, 0.85],
							"uv": {
								"north": {"uv": [22, 20], "uv_size": [1, 1]},
								"east": {"uv": [22, 21], "uv_size": [1, 1]},
								"south": {"uv": [22, 22], "uv_size": [1, 1]},
								"west": {"uv": [23, 0], "uv_size": [1, 1]},
								"up": {"uv": [23, 1], "uv_size": [1, 1]},
								"down": {"uv": [2, 24], "uv_size": [1, -1]}
							}
						},
						{
							"origin": [-0.60455, 8.34147, 9.78057],
							"size": [1.2, 1.25, 0.85],
							"pivot": [-0.00455, 8.96647, 10.20557],
							"rotation": [52.5, 0, 0],
							"uv": {
								"north": {"uv": [23, 2], "uv_size": [1, 1]},
								"east": {"uv": [3, 23], "uv_size": [1, 1]},
								"south": {"uv": [23, 3], "uv_size": [1, 1]},
								"west": {"uv": [4, 23], "uv_size": [1, 1]},
								"up": {"uv": [23, 4], "uv_size": [1, 1]},
								"down": {"uv": [5, 24], "uv_size": [1, -1]}
							}
						},
						{
							"origin": [-0.60455, 8.975, -3.95],
							"size": [1.2, 0.65, 15.15],
							"uv": {
								"north": {"uv": [21, 19], "uv_size": [1, 1]},
								"east": {"uv": [2, 4], "uv_size": [15, 1]},
								"south": {"uv": [11, 22], "uv_size": [1, 1]},
								"west": {"uv": [2, 5], "uv_size": [15, 1]},
								"up": {"uv": [2, 6], "uv_size": [1, 15]},
								"down": {"uv": [3, 21], "uv_size": [1, -15]}
							}
						},
						{
							"origin": [-0.60455, 8.325, 4.3],
							"size": [1.2, 0.65, 2.025],
							"uv": {
								"north": {"uv": [23, 19], "uv_size": [1, 1]},
								"east": {"uv": [20, 20], "uv_size": [2, 1]},
								"south": {"uv": [20, 23], "uv_size": [1, 1]},
								"west": {"uv": [21, 0], "uv_size": [2, 1]},
								"up": {"uv": [21, 1], "uv_size": [1, 2]},
								"down": {"uv": [2, 23], "uv_size": [1, -2]}
							}
						},
						{
							"origin": [-0.50455, 6.675, 4.5],
							"size": [1, 1.65, 1.625],
							"uv": {
								"north": {"uv": [3, 21], "uv_size": [1, 2]},
								"east": {"uv": [17, 10], "uv_size": [2, 2]},
								"south": {"uv": [4, 21], "uv_size": [1, 2]},
								"west": {"uv": [19, 7], "uv_size": [2, 2]},
								"up": {"uv": [21, 4], "uv_size": [1, 2]},
								"down": {"uv": [5, 23], "uv_size": [1, -2]}
							}
						},
						{
							"origin": [-0.50455, 4.375, 4.59055],
							"size": [1, 2.61664, 1.5013],
							"pivot": [-0.00455, 6.75, 5.3125],
							"rotation": [-22.5, 0, 0],
							"uv": {
								"north": {"uv": [20, 0], "uv_size": [1, 3]},
								"east": {"uv": [14, 16], "uv_size": [2, 3]},
								"south": {"uv": [20, 13], "uv_size": [1, 3]},
								"west": {"uv": [16, 16], "uv_size": [2, 3]},
								"up": {"uv": [21, 7], "uv_size": [1, 2]},
								"down": {"uv": [8, 23], "uv_size": [1, -2]}
							}
						},
						{
							"origin": [-0.50455, 8.975, -0.175],
							"size": [1, 1.85, 4.125],
							"pivot": [-0.00455, 9.3, -0.35],
							"rotation": [-72.5, 0, 0],
							"uv": {
								"north": {"uv": [20, 16], "uv_size": [1, 2]},
								"east": {"uv": [12, 13], "uv_size": [4, 2]},
								"south": {"uv": [17, 20], "uv_size": [1, 2]},
								"west": {"uv": [15, 7], "uv_size": [4, 2]},
								"up": {"uv": [4, 17], "uv_size": [1, 4]},
								"down": {"uv": [5, 21], "uv_size": [1, -4]}
							}
						},
						{
							"origin": [-0.50455, 9.15, -4.8],
							"size": [1, 0.925, 3.825],
							"pivot": [-0.00455, 9.3, -3.825],
							"rotation": [-81, 0, 0],
							"uv": {
								"north": {"uv": [22, 13], "uv_size": [1, 1]},
								"east": {"uv": [17, 4], "uv_size": [4, 1]},
								"south": {"uv": [14, 22], "uv_size": [1, 1]},
								"west": {"uv": [17, 5], "uv_size": [4, 1]},
								"up": {"uv": [19, 0], "uv_size": [1, 4]},
								"down": {"uv": [6, 23], "uv_size": [1, -4]}
							}
						},
						{
							"origin": [-0.60455, 9.15, -4.8],
							"size": [1.2, 0.925, 1.125],
							"pivot": [-0.00455, 9.3, -3.825],
							"rotation": [-36, 0, 0],
							"uv": {
								"north": {"uv": [22, 15], "uv_size": [1, 1]},
								"east": {"uv": [16, 22], "uv_size": [1, 1]},
								"south": {"uv": [22, 16], "uv_size": [1, 1]},
								"west": {"uv": [17, 22], "uv_size": [1, 1]},
								"up": {"uv": [22, 17], "uv_size": [1, 1]},
								"down": {"uv": [18, 23], "uv_size": [1, -1]}
							}
						},
						{
							"origin": [-0.50455, 7.45, -2.825],
							"size": [1, 0.225, 2.775],
							"uv": {
								"north": {"uv": [22, 14], "uv_size": [1, 1]},
								"east": {"uv": [19, 10], "uv_size": [3, 1]},
								"south": {"uv": [15, 22], "uv_size": [1, 1]},
								"west": {"uv": [19, 11], "uv_size": [3, 1]},
								"up": {"uv": [7, 19], "uv_size": [1, 3]},
								"down": {"uv": [14, 22], "uv_size": [1, -3]}
							}
						},
						{
							"origin": [-0.50455, 7.95302, -2.19327],
							"size": [1, 0.3, 4.5],
							"pivot": [-0.00455, 7.32802, 0.24423],
							"rotation": [-104.25, 0, 0],
							"uv": {
								"north": {"uv": [22, 11], "uv_size": [1, 1]},
								"east": {"uv": [16, 13], "uv_size": [4, 1]},
								"south": {"uv": [22, 12], "uv_size": [1, 1]},
								"west": {"uv": [16, 14], "uv_size": [4, 1]},
								"up": {"uv": [18, 0], "uv_size": [1, 4]},
								"down": {"uv": [18, 20], "uv_size": [1, -4]}
							}
						}
					]
				},
				{
					"name": "sight",
					"parent": "bone",
					"pivot": [-0.00455, 13.525, -2.875],
					"cubes": [
						{
							"origin": [-0.42881, 12.27574, -5.025],
							"size": [0.84853, 0.39853, 6.65],
							"uv": {
								"north": {"uv": [23, 22], "uv_size": [1, 1]},
								"east": {"uv": [15, 9], "uv_size": [7, 1]},
								"south": {"uv": [23, 23], "uv_size": [1, 1]},
								"west": {"uv": [12, 15], "uv_size": [7, 1]},
								"up": {"uv": [12, 16], "uv_size": [1, 7]},
								"down": {"uv": [13, 23], "uv_size": [1, -7]}
							}
						},
						{
							"origin": [-0.42881, 12.27574, 1.625],
							"size": [0.84853, 2.24853, 0.8],
							"uv": {
								"north": {"uv": [9, 21], "uv_size": [1, 2]},
								"east": {"uv": [21, 13], "uv_size": [1, 2]},
								"south": {"uv": [21, 15], "uv_size": [1, 2]},
								"west": {"uv": [21, 17], "uv_size": [1, 2]},
								"up": {"uv": [23, 21], "uv_size": [1, 1]},
								"down": {"uv": [22, 24], "uv_size": [1, -1]}
							}
						},
						{
							"origin": [-0.42881, 12.97574, -4.45],
							"size": [0.84853, 1.85018, 0.72713],
							"pivot": [-0.00455, 13.525, -2.875],
							"rotation": [23.75, 0, 0],
							"uv": {
								"north": {"uv": [7, 22], "uv_size": [1, 2]},
								"east": {"uv": [22, 7], "uv_size": [1, 2]},
								"south": {"uv": [22, 9], "uv_size": [1, 2]},
								"west": {"uv": [10, 22], "uv_size": [1, 2]},
								"up": {"uv": [2, 24], "uv_size": [1, 1]},
								"down": {"uv": [24, 3], "uv_size": [1, -1]}
							}
						},
						{
							"origin": [-0.42881, 12.67574, -5.025],
							"size": [0.84853, 1.69853, 0.85],
							"uv": {
								"north": {"uv": [19, 21], "uv_size": [1, 2]},
								"east": {"uv": [20, 21], "uv_size": [1, 2]},
								"south": {"uv": [21, 21], "uv_size": [1, 2]},
								"west": {"uv": [0, 22], "uv_size": [1, 2]},
								"up": {"uv": [0, 24], "uv_size": [1, 1]},
								"down": {"uv": [24, 1], "uv_size": [1, -1]}
							}
						},
						{
							"origin": [-0.42881, 13.27574, -5.20088],
							"size": [0.84853, 1.89251, 0.7],
							"pivot": [-0.00455, 13.525, -2.875],
							"rotation": [23.75, 0, 0],
							"uv": {
								"north": {"uv": [1, 22], "uv_size": [1, 2]},
								"east": {"uv": [22, 1], "uv_size": [1, 2]},
								"south": {"uv": [22, 3], "uv_size": [1, 2]},
								"west": {"uv": [22, 5], "uv_size": [1, 2]},
								"up": {"uv": [1, 24], "uv_size": [1, 1]},
								"down": {"uv": [24, 2], "uv_size": [1, -1]}
							}
						}
					]
				},
				{
					"name": "muzzle_flash",
					"pivot": [0, 10.8, -7.75]
				},
				{
					"name": "muzzle_pos",
					"pivot": [0, 10.8, -6.975]
				},
				{
					"name": "scope_pos",
					"pivot": [0, 12.275, 0.975]
				},
				{
					"name": "shell",
					"pivot": [-0.7, 11, 5.55]
				}
			]
		}
	]
}