{
	"format_version": "1.12.0",
	"minecraft:geometry": [
		{
			"description": {
				"identifier": "geometry.unknown",
				"texture_width": 64,
				"texture_height": 64,
				"visible_bounds_width": 5,
				"visible_bounds_height": 5,
				"visible_bounds_offset": [0, 1.5, 0]
			},
			"bones": [
				{
					"name": "bone",
					"pivot": [0, -1.51834, 7.13827],
					"cubes": [
						{
							"origin": [-0.5, -0.4, -6.475],
							"size": [1, 2.15, 7.475],
							"pivot": [0, 0.175, -0.1125],
							"rotation": [-15, 0, 0],
							"uv": {
								"north": {"uv": [29, 24], "uv_size": [1, 2]},
								"east": {"uv": [18, 20], "uv_size": [7, 2]},
								"south": {"uv": [11, 37], "uv_size": [1, 2]},
								"west": {"uv": [18, 22], "uv_size": [7, 2]},
								"up": {"uv": [31, 20], "uv_size": [1, 7]},
								"down": {"uv": [24, 38], "uv_size": [1, -7]}
							}
						},
						{
							"origin": [-0.4, -2.65, -5.475],
							"size": [0.8, 4.4, 6.475],
							"uv": {
								"north": {"uv": [34, 35], "uv_size": [1, 4]},
								"east": {"uv": [10, 10], "uv_size": [6, 4]},
								"south": {"uv": [35, 35], "uv_size": [1, 4]},
								"west": {"uv": [10, 14], "uv_size": [6, 4]},
								"up": {"uv": [25, 31], "uv_size": [1, 6]},
								"down": {"uv": [26, 37], "uv_size": [1, -6]}
							}
						},
						{
							"origin": [-0.4, -3.9, -0.225],
							"size": [0.8, 1.275, 1.225],
							"uv": {
								"north": {"uv": [29, 19], "uv_size": [1, 1]},
								"east": {"uv": [39, 14], "uv_size": [1, 1]},
								"south": {"uv": [39, 15], "uv_size": [1, 1]},
								"west": {"uv": [16, 39], "uv_size": [1, 1]},
								"up": {"uv": [17, 39], "uv_size": [1, 1]},
								"down": {"uv": [39, 18], "uv_size": [1, -1]}
							}
						},
						{
							"origin": [-0.4, -3.91013, -5.62175],
							"size": [0.8, 1.36013, 5.39675],
							"pivot": [0, -3.9, -0.225],
							"rotation": [-13.5, 0, 0],
							"uv": {
								"north": {"uv": [39, 18], "uv_size": [1, 1]},
								"east": {"uv": [32, 12], "uv_size": [5, 1]},
								"south": {"uv": [39, 19], "uv_size": [1, 1]},
								"west": {"uv": [32, 13], "uv_size": [5, 1]},
								"up": {"uv": [33, 26], "uv_size": [1, 5]},
								"down": {"uv": [31, 38], "uv_size": [1, -5]}
							}
						},
						{
							"origin": [-0.5, 1.1, -5.475],
							"size": [1, 1.15, 10.725],
							"uv": {
								"north": {"uv": [39, 20], "uv_size": [1, 1]},
								"east": {"uv": [18, 24], "uv_size": [11, 1]},
								"south": {"uv": [39, 21], "uv_size": [1, 1]},
								"west": {"uv": [18, 25], "uv_size": [11, 1]},
								"up": {"uv": [10, 26], "uv_size": [1, 11]},
								"down": {"uv": [11, 37], "uv_size": [1, -11]}
							}
						},
						{
							"origin": [-0.5, 1.1, 4.275],
							"size": [1, 1.15, 3.225],
							"pivot": [0, 1.675, 5.3875],
							"rotation": [40, 0, 0],
							"uv": {
								"north": {"uv": [39, 22], "uv_size": [1, 1]},
								"east": {"uv": [26, 19], "uv_size": [3, 1]},
								"south": {"uv": [39, 23], "uv_size": [1, 1]},
								"west": {"uv": [36, 34], "uv_size": [3, 1]},
								"up": {"uv": [36, 35], "uv_size": [1, 3]},
								"down": {"uv": [10, 40], "uv_size": [1, -3]}
							}
						},
						{
							"origin": [-0.5, 1.1, 3.175],
							"size": [1, 1.65, 5.475],
							"pivot": [0, 1.175, 3.2875],
							"rotation": [-57.5, 0, 0],
							"uv": {
								"north": {"uv": [37, 12], "uv_size": [1, 2]},
								"east": {"uv": [25, 20], "uv_size": [5, 2]},
								"south": {"uv": [37, 14], "uv_size": [1, 2]},
								"west": {"uv": [25, 22], "uv_size": [5, 2]},
								"up": {"uv": [33, 31], "uv_size": [1, 5]},
								"down": {"uv": [16, 39], "uv_size": [1, -5]}
							}
						},
						{
							"origin": [-0.5, 1.07269, 3.30106],
							"size": [1, 1.075, 5.475],
							"pivot": [0, 1.32269, 3.41356],
							"rotation": [-69, 0, 0],
							"uv": {
								"north": {"uv": [25, 39], "uv_size": [1, 1]},
								"east": {"uv": [32, 14], "uv_size": [5, 1]},
								"south": {"uv": [26, 39], "uv_size": [1, 1]},
								"west": {"uv": [32, 15], "uv_size": [5, 1]},
								"up": {"uv": [17, 34], "uv_size": [1, 5]},
								"down": {"uv": [34, 25], "uv_size": [1, -5]}
							}
						},
						{
							"origin": [-0.5, 1.16234, -6.73683],
							"size": [1, 1.15, 2],
							"pivot": [0, 1.73734, -6.73683],
							"rotation": [35, 0, 0],
							"uv": {
								"north": {"uv": [27, 39], "uv_size": [1, 1]},
								"east": {"uv": [37, 22], "uv_size": [2, 1]},
								"south": {"uv": [28, 39], "uv_size": [1, 1]},
								"west": {"uv": [37, 23], "uv_size": [2, 1]},
								"up": {"uv": [37, 24], "uv_size": [1, 2]},
								"down": {"uv": [25, 39], "uv_size": [1, -2]}
							}
						},
						{
							"origin": [-0.5, -0.66834, 0.81327],
							"size": [1, 2.15, 0.9],
							"uv": {
								"north": {"uv": [26, 37], "uv_size": [1, 2]},
								"east": {"uv": [37, 26], "uv_size": [1, 2]},
								"south": {"uv": [27, 37], "uv_size": [1, 2]},
								"west": {"uv": [37, 28], "uv_size": [1, 2]},
								"up": {"uv": [29, 39], "uv_size": [1, 1]},
								"down": {"uv": [39, 31], "uv_size": [1, -1]}
							}
						},
						{
							"origin": [-0.5, -0.66834, 1.66327],
							"size": [1, 0.375, 2.4],
							"uv": {
								"north": {"uv": [39, 31], "uv_size": [1, 1]},
								"east": {"uv": [37, 30], "uv_size": [2, 1]},
								"south": {"uv": [34, 39], "uv_size": [1, 1]},
								"west": {"uv": [37, 31], "uv_size": [2, 1]},
								"up": {"uv": [37, 32], "uv_size": [1, 2]},
								"down": {"uv": [37, 37], "uv_size": [1, -2]}
							}
						},
						{
							"origin": [-0.9, 2.20666, -21.88673],
							"size": [1.8, 1.55, 39.875],
							"uv": {
								"north": {"uv": [12, 36], "uv_size": [2, 2]},
								"east": {"uv": [0, 0], "uv_size": [40, 2]},
								"south": {"uv": [18, 36], "uv_size": [2, 2]},
								"west": {"uv": [0, 2], "uv_size": [40, 2]},
								"up": {"uv": [0, 4], "uv_size": [2, 40]},
								"down": {"uv": [2, 44], "uv_size": [2, -40]}
							}
						},
						{
							"origin": [-0.5, 1.40666, -20.38673],
							"size": [1, 1.55, 2.375],
							"uv": {
								"north": {"uv": [37, 37], "uv_size": [1, 2]},
								"east": {"uv": [20, 36], "uv_size": [2, 2]},
								"south": {"uv": [38, 10], "uv_size": [1, 2]},
								"west": {"uv": [36, 20], "uv_size": [2, 2]},
								"up": {"uv": [12, 38], "uv_size": [1, 2]},
								"down": {"uv": [38, 14], "uv_size": [1, -2]}
							}
						},
						{
							"origin": [-1.94986, -8.59334, -19.38673],
							"size": [0.50631, 10.01251, 1.375],
							"pivot": [-0.3, -2.06834, -19.19923],
							"rotation": [0, 0, 25],
							"uv": {
								"north": {"uv": [12, 26], "uv_size": [1, 10]},
								"east": {"uv": [13, 26], "uv_size": [1, 10]},
								"south": {"uv": [18, 26], "uv_size": [1, 10]},
								"west": {"uv": [19, 26], "uv_size": [1, 10]},
								"up": {"uv": [39, 34], "uv_size": [1, 1]},
								"down": {"uv": [35, 40], "uv_size": [1, -1]}
							}
						},
						{
							"origin": [-6.10907, -9.39497, -19.38673],
							"size": [-0.42937, 2.01505, 1.375],
							"pivot": [-5.21093, -9.29497, -19.19923],
							"rotation": [0, 0, 57],
							"uv": {
								"north": {"uv": [13, 38], "uv_size": [1, 2]},
								"east": {"uv": [14, 38], "uv_size": [1, 2]},
								"south": {"uv": [38, 14], "uv_size": [1, 2]},
								"west": {"uv": [15, 38], "uv_size": [1, 2]},
								"up": {"uv": [37, 39], "uv_size": [1, 1]},
								"down": {"uv": [38, 40], "uv_size": [1, -1]}
							}
						},
						{
							"origin": [1.44355, -8.59334, -19.38673],
							"size": [0.50631, 10.01251, 1.375],
							"pivot": [0.3, -2.06834, -19.19923],
							"rotation": [0, 0, -25],
							"uv": {
								"north": {"uv": [20, 26], "uv_size": [1, 10]},
								"east": {"uv": [21, 26], "uv_size": [1, 10]},
								"south": {"uv": [22, 26], "uv_size": [1, 10]},
								"west": {"uv": [23, 26], "uv_size": [1, 10]},
								"up": {"uv": [39, 39], "uv_size": [1, 1]},
								"down": {"uv": [40, 1], "uv_size": [1, -1]}
							}
						},
						{
							"origin": [6.53845, -9.39497, -19.38673],
							"size": [-0.42937, 2.01505, 1.375],
							"pivot": [5.21093, -9.29497, -19.19923],
							"rotation": [0, 0, -57],
							"uv": {
								"north": {"uv": [18, 38], "uv_size": [1, 2]},
								"east": {"uv": [19, 38], "uv_size": [1, 2]},
								"south": {"uv": [20, 38], "uv_size": [1, 2]},
								"west": {"uv": [38, 20], "uv_size": [1, 2]},
								"up": {"uv": [40, 1], "uv_size": [1, 1]},
								"down": {"uv": [40, 3], "uv_size": [1, -1]}
							}
						},
						{
							"origin": [-0.9, -1.04334, 17.23827],
							"size": [1.8, 4.8, 0.75],
							"uv": {
								"north": {"uv": [26, 12], "uv_size": [2, 5]},
								"east": {"uv": [34, 25], "uv_size": [1, 5]},
								"south": {"uv": [24, 26], "uv_size": [2, 5]},
								"west": {"uv": [34, 30], "uv_size": [1, 5]},
								"up": {"uv": [38, 16], "uv_size": [2, 1]},
								"down": {"uv": [38, 25], "uv_size": [2, -1]}
							}
						},
						{
							"origin": [-0.9, -1.04334, 17.98827],
							"size": [1.8, 6.3, 0.75],
							"uv": {
								"north": {"uv": [14, 18], "uv_size": [2, 6]},
								"east": {"uv": [27, 31], "uv_size": [1, 6]},
								"south": {"uv": [14, 24], "uv_size": [2, 6]},
								"west": {"uv": [31, 27], "uv_size": [1, 6]},
								"up": {"uv": [38, 25], "uv_size": [2, 1]},
								"down": {"uv": [38, 27], "uv_size": [2, -1]}
							}
						},
						{
							"origin": [-0.9, -0.66834, 11.86327],
							"size": [1.8, 4.425, 0.75],
							"pivot": [0, 1.35666, 12.23827],
							"rotation": [11.75, 0, 0],
							"uv": {
								"north": {"uv": [28, 26], "uv_size": [2, 4]},
								"east": {"uv": [22, 36], "uv_size": [1, 4]},
								"south": {"uv": [30, 12], "uv_size": [2, 4]},
								"west": {"uv": [36, 22], "uv_size": [1, 4]},
								"up": {"uv": [38, 27], "uv_size": [2, 1]},
								"down": {"uv": [28, 39], "uv_size": [2, -1]}
							}
						},
						{
							"origin": [-0.9, -2.35228, 14.1835],
							"size": [1.8, 5.175, 0.5],
							"pivot": [0, -0.32728, 14.3085],
							"rotation": [-90, 0, 0],
							"uv": {
								"north": {"uv": [26, 26], "uv_size": [2, 5]},
								"east": {"uv": [35, 20], "uv_size": [1, 5]},
								"south": {"uv": [28, 12], "uv_size": [2, 5]},
								"west": {"uv": [35, 25], "uv_size": [1, 5]},
								"up": {"uv": [38, 28], "uv_size": [2, 1]},
								"down": {"uv": [38, 30], "uv_size": [2, -1]}
							}
						},
						{
							"origin": [-0.35, -2.67728, 16.8085],
							"size": [0.7, 6.425, 0.5],
							"pivot": [0, 0.59772, 16.9335],
							"rotation": [0, -45, 0],
							"uv": {
								"north": {"uv": [32, 20], "uv_size": [1, 6]},
								"east": {"uv": [32, 26], "uv_size": [1, 6]},
								"south": {"uv": [32, 32], "uv_size": [1, 6]},
								"west": {"uv": [33, 20], "uv_size": [1, 6]},
								"up": {"uv": [40, 3], "uv_size": [1, 1]},
								"down": {"uv": [10, 41], "uv_size": [1, -1]}
							}
						},
						{
							"origin": [-0.41017, -5.04815, 16.75942],
							"size": [0.861, 3.96675, 0.615],
							"pivot": [0.02033, -1.0199, 16.91317],
							"rotation": [0, -45, 0],
							"uv": {
								"north": {"uv": [23, 36], "uv_size": [1, 4]},
								"east": {"uv": [36, 26], "uv_size": [1, 4]},
								"south": {"uv": [36, 30], "uv_size": [1, 4]},
								"west": {"uv": [33, 36], "uv_size": [1, 4]},
								"up": {"uv": [40, 10], "uv_size": [1, 1]},
								"down": {"uv": [40, 12], "uv_size": [1, -1]}
							}
						},
						{
							"origin": [-0.5, 2.63166, -36.88673],
							"size": [0.8, 0.825, 21.875],
							"pivot": [0, 2.98166, -29.57423],
							"rotation": [0, 0, 45],
							"uv": {
								"north": {"uv": [12, 40], "uv_size": [1, 1]},
								"east": {"uv": [16, 10], "uv_size": [22, 1]},
								"south": {"uv": [40, 12], "uv_size": [1, 1]},
								"west": {"uv": [16, 11], "uv_size": [22, 1]},
								"up": {"uv": [16, 12], "uv_size": [1, 22]},
								"down": {"uv": [17, 34], "uv_size": [1, -22]}
							}
						},
						{
							"origin": [-0.68466, 2.45034, -41.57048],
							"size": [1.112, 1.14675, 5.3175],
							"pivot": [0.01034, 2.93684, -26.0886],
							"rotation": [0, 0, 45],
							"uv": {
								"north": {"uv": [13, 40], "uv_size": [1, 1]},
								"east": {"uv": [34, 17], "uv_size": [5, 1]},
								"south": {"uv": [40, 13], "uv_size": [1, 1]},
								"west": {"uv": [34, 18], "uv_size": [5, 1]},
								"up": {"uv": [30, 35], "uv_size": [1, 5]},
								"down": {"uv": [35, 35], "uv_size": [1, -5]}
							}
						},
						{
							"origin": [-0.375, 3.70666, -21.88673],
							"size": [0.75, 1.35, 39.875],
							"uv": {
								"north": {"uv": [14, 40], "uv_size": [1, 1]},
								"east": {"uv": [4, 4], "uv_size": [40, 1]},
								"south": {"uv": [40, 14], "uv_size": [1, 1]},
								"west": {"uv": [4, 5], "uv_size": [40, 1]},
								"up": {"uv": [4, 6], "uv_size": [1, 40]},
								"down": {"uv": [5, 46], "uv_size": [1, -40]}
							}
						},
						{
							"origin": [-0.375, 5.05666, 2.96327],
							"size": [0.75, 2.075, 0.4],
							"uv": {
								"north": {"uv": [21, 38], "uv_size": [1, 2]},
								"east": {"uv": [24, 38], "uv_size": [1, 2]},
								"south": {"uv": [31, 38], "uv_size": [1, 2]},
								"west": {"uv": [32, 38], "uv_size": [1, 2]},
								"up": {"uv": [15, 40], "uv_size": [1, 1]},
								"down": {"uv": [40, 16], "uv_size": [1, -1]}
							}
						},
						{
							"origin": [-0.1, 5.05666, -21.28673],
							"size": [0.2, 1.15, 0.4],
							"uv": {
								"north": {"uv": [16, 40], "uv_size": [1, 1]},
								"east": {"uv": [40, 16], "uv_size": [1, 1]},
								"south": {"uv": [17, 40], "uv_size": [1, 1]},
								"west": {"uv": [40, 17], "uv_size": [1, 1]},
								"up": {"uv": [18, 40], "uv_size": [1, 1]},
								"down": {"uv": [40, 19], "uv_size": [1, -1]}
							}
						},
						{
							"origin": [-0.90633, 3.75666, -21.88673],
							"size": [0.55633, 1.40199, 39.875],
							"pivot": [-0.9, 3.75666, -7.32423],
							"rotation": [0, 0, 22.25],
							"uv": {
								"north": {"uv": [19, 40], "uv_size": [1, 1]},
								"east": {"uv": [6, 6], "uv_size": [40, 1]},
								"south": {"uv": [40, 19], "uv_size": [1, 1]},
								"west": {"uv": [6, 7], "uv_size": [40, 1]},
								"up": {"uv": [6, 8], "uv_size": [1, 40]},
								"down": {"uv": [7, 48], "uv_size": [1, -40]}
							}
						},
						{
							"origin": [-2.20633, 4.35666, -4.28673],
							"size": [1.85633, 0.40199, 0.975],
							"pivot": [-0.9, 3.75666, -7.32423],
							"rotation": [0, 0, 22.25],
							"uv": {
								"north": {"uv": [38, 32], "uv_size": [2, 1]},
								"east": {"uv": [20, 40], "uv_size": [1, 1]},
								"south": {"uv": [38, 33], "uv_size": [2, 1]},
								"west": {"uv": [40, 20], "uv_size": [1, 1]},
								"up": {"uv": [38, 35], "uv_size": [2, 1]},
								"down": {"uv": [38, 37], "uv_size": [2, -1]}
							}
						},
						{
							"origin": [0.34414, 3.75426, -21.88673],
							"size": [0.55633, 1.40199, 39.875],
							"pivot": [0.89414, 3.75426, -7.32423],
							"rotation": [0, 0, -22.25],
							"uv": {
								"north": {"uv": [21, 40], "uv_size": [1, 1]},
								"east": {"uv": [8, 8], "uv_size": [40, 1]},
								"south": {"uv": [40, 21], "uv_size": [1, 1]},
								"west": {"uv": [8, 9], "uv_size": [40, 1]},
								"up": {"uv": [8, 10], "uv_size": [1, 40]},
								"down": {"uv": [9, 50], "uv_size": [1, -40]}
							}
						},
						{
							"origin": [-0.99868, 3.04441, 7.25327],
							"size": [1.998, 0.7705, 7.77],
							"uv": {
								"north": {"uv": [38, 37], "uv_size": [2, 1]},
								"east": {"uv": [26, 17], "uv_size": [8, 1]},
								"south": {"uv": [38, 38], "uv_size": [2, 1]},
								"west": {"uv": [26, 18], "uv_size": [8, 1]},
								"up": {"uv": [10, 18], "uv_size": [2, 8]},
								"down": {"uv": [12, 26], "uv_size": [2, -8]}
							}
						},
						{
							"origin": [0.38231, 3.81224, 7.25327],
							"size": [0.61753, 1.55621, 7.77],
							"pivot": [0.99281, 3.81224, -28.53035],
							"rotation": [0, 0, -22.25],
							"uv": {
								"north": {"uv": [36, 38], "uv_size": [1, 2]},
								"east": {"uv": [18, 12], "uv_size": [8, 2]},
								"south": {"uv": [39, 10], "uv_size": [1, 2]},
								"west": {"uv": [18, 14], "uv_size": [8, 2]},
								"up": {"uv": [14, 30], "uv_size": [1, 8]},
								"down": {"uv": [15, 38], "uv_size": [1, -8]}
							}
						},
						{
							"origin": [-1.00571, 3.81491, 7.25327],
							"size": [0.61753, 1.55621, 7.77],
							"pivot": [-0.99868, 3.81491, -28.53035],
							"rotation": [0, 0, 22.25],
							"uv": {
								"north": {"uv": [11, 39], "uv_size": [1, 2]},
								"east": {"uv": [18, 16], "uv_size": [8, 2]},
								"south": {"uv": [39, 12], "uv_size": [1, 2]},
								"west": {"uv": [18, 18], "uv_size": [8, 2]},
								"up": {"uv": [30, 19], "uv_size": [1, 8]},
								"down": {"uv": [30, 35], "uv_size": [1, -8]}
							}
						},
						{
							"origin": [-0.41593, 3.75941, 7.25327],
							"size": [0.8325, 1.4985, 7.77],
							"uv": {
								"north": {"uv": [22, 40], "uv_size": [1, 1]},
								"east": {"uv": [30, 16], "uv_size": [8, 1]},
								"south": {"uv": [40, 22], "uv_size": [1, 1]},
								"west": {"uv": [31, 19], "uv_size": [8, 1]},
								"up": {"uv": [28, 30], "uv_size": [1, 8]},
								"down": {"uv": [29, 38], "uv_size": [1, -8]}
							}
						}
					]
				},
				{
					"name": "bone2",
					"pivot": [0, 3.1, 1]
				},
				{
					"name": "muzzle_flash",
					"parent": "bone2",
					"pivot": [0, 3.4, -41.6]
				},
				{
					"name": "scope_pos",
					"parent": "bone2",
					"pivot": [0, 5.05, 1.2]
				},
				{
					"name": "shell",
					"parent": "bone2",
					"pivot": [-0.625, 3.7, -3.05]
				},
				{
					"name": "muzzle_pos",
					"parent": "bone2",
					"pivot": [0, 3.35, -37.5]
				}
			]
		}
	]
}