{
	"format_version": "1.12.0",
	"minecraft:geometry": [
		{
			"description": {
				"identifier": "geometry.unknown",
				"texture_width": 64,
				"texture_height": 64,
				"visible_bounds_width": 3,
				"visible_bounds_height": 2.5,
				"visible_bounds_offset": [0, 0.75, 0]
			},
			"bones": [
				{
					"name": "bone2",
					"pivot": [0.02939, -6.025, 2],
					"cubes": [
						{
							"origin": [-0.8518, 2.17743, 2.13745],
							"size": [1.72661, 1.72661, 0.96479],
							"pivot": [-0.51646, 3.28471, 2.59636],
							"rotation": [0, 0, -45],
							"uv": {
								"north": {"uv": [33, 18], "uv_size": [1.5, 1.5]},
								"east": {"uv": [34, 35], "uv_size": [1, 1.5]},
								"south": {"uv": [33, 20], "uv_size": [1.5, 1.5]},
								"west": {"uv": [0, 36], "uv_size": [1, 1.5]},
								"up": {"uv": [1, 36], "uv_size": [1.5, 1]},
								"down": {"uv": [36, 4], "uv_size": [1.5, -1]}
							}
						},
						{
							"origin": [-0.8518, 2.17743, 1.59766],
							"size": [1.72661, 0.32661, 0.53979],
							"pivot": [-0.51646, 3.28471, 3.63157],
							"rotation": [0, 0, -45],
							"uv": {
								"north": {"uv": [37, 14], "uv_size": [1.5, 0.5]},
								"east": {"uv": [39, 14], "uv_size": [0.5, 0.5]},
								"south": {"uv": [15, 37], "uv_size": [1.5, 0.5]},
								"west": {"uv": [15, 39], "uv_size": [0.5, 0.5]},
								"up": {"uv": [37, 16], "uv_size": [1.5, 0.5]},
								"down": {"uv": [37, 17.5], "uv_size": [1.5, -0.5]}
							}
						},
						{
							"origin": [-0.81604, 2.17743, 1.59766],
							"size": [1.72661, 0.32661, 0.53979],
							"pivot": [0.57524, 3.28471, 3.63157],
							"rotation": [0, 0, 45],
							"uv": {
								"north": {"uv": [21, 37], "uv_size": [1.5, 0.5]},
								"east": {"uv": [39, 15], "uv_size": [0.5, 0.5]},
								"south": {"uv": [37, 22], "uv_size": [1.5, 0.5]},
								"west": {"uv": [16, 39], "uv_size": [0.5, 0.5]},
								"up": {"uv": [23, 37], "uv_size": [1.5, 0.5]},
								"down": {"uv": [27, 37.5], "uv_size": [1.5, -0.5]}
							}
						},
						{
							"origin": [-0.74268, 2.28651, 1.88217],
							"size": [1.58263, 1.58263, 2.01327],
							"pivot": [-0.4353, 3.30146, 2.14772],
							"rotation": [0, 0, -45],
							"uv": {
								"north": {"uv": [33, 31], "uv_size": [1.5, 1.5]},
								"east": {"uv": [23, 32], "uv_size": [2, 1.5]},
								"south": {"uv": [33, 33], "uv_size": [1.5, 1.5]},
								"west": {"uv": [32, 25], "uv_size": [2, 1.5]},
								"up": {"uv": [27, 32], "uv_size": [1.5, 2]},
								"down": {"uv": [32, 29], "uv_size": [1.5, -2]}
							}
						},
						{
							"origin": [-0.47529, 2.77198, 3.6409],
							"size": [0.98888, 0.98888, 9.98576],
							"pivot": [-0.28323, 3.40615, 1.71093],
							"rotation": [0, 0, -45],
							"uv": {
								"north": {"uv": [27, 36], "uv_size": [1, 1]},
								"east": {"uv": [24, 3], "uv_size": [10, 1]},
								"south": {"uv": [28, 36], "uv_size": [1, 1]},
								"west": {"uv": [24, 4], "uv_size": [10, 1]},
								"up": {"uv": [2, 24], "uv_size": [1, 10]},
								"down": {"uv": [3, 34], "uv_size": [1, -10]}
							}
						},
						{
							"origin": [-0.72529, 2.52198, 6.6409],
							"size": [1.48888, 1.48888, 7.23576],
							"pivot": [-0.28323, 3.40615, 1.71093],
							"rotation": [0, 0, -45],
							"uv": {
								"north": {"uv": [2, 34], "uv_size": [1.5, 1.5]},
								"east": {"uv": [2, 22], "uv_size": [7, 1.5]},
								"south": {"uv": [34, 3], "uv_size": [1.5, 1.5]},
								"west": {"uv": [22, 11], "uv_size": [7, 1.5]},
								"up": {"uv": [19, 21], "uv_size": [1.5, 7]},
								"down": {"uv": [9, 29], "uv_size": [1.5, -7]}
							}
						},
						{
							"origin": [-1.28422, 1.93126, 6.6409],
							"size": [2.63888, 0.71388, 7.23576],
							"uv": {
								"north": {"uv": [36, 18], "uv_size": [2.5, 0.5]},
								"east": {"uv": [30, 2], "uv_size": [7, 0.5]},
								"south": {"uv": [36, 19], "uv_size": [2.5, 0.5]},
								"west": {"uv": [30, 7], "uv_size": [7, 0.5]},
								"up": {"uv": [2, 15], "uv_size": [2.5, 7]},
								"down": {"uv": [5, 22], "uv_size": [2.5, -7]}
							}
						},
						{
							"origin": [-1.28422, -0.84374, 12.72666],
							"size": [2.63888, 3.48888, 1.15],
							"uv": {
								"north": {"uv": [4, 24], "uv_size": [2.5, 3.5]},
								"east": {"uv": [5, 32], "uv_size": [1, 3.5]},
								"south": {"uv": [25, 5], "uv_size": [2.5, 3.5]},
								"west": {"uv": [6, 32], "uv_size": [1, 3.5]},
								"up": {"uv": [33, 5], "uv_size": [2.5, 1]},
								"down": {"uv": [33, 7], "uv_size": [2.5, -1]}
							}
						},
						{
							"origin": [-0.48422, -2.99387, 8.12364],
							"size": [1.03888, 6.51388, 2.4],
							"pivot": [0.03522, 1.77557, 8.69864],
							"rotation": [65, 0, 0],
							"uv": {
								"north": {"uv": [27, 25], "uv_size": [1, 6.5]},
								"east": {"uv": [8, 15], "uv_size": [2.5, 6.5]},
								"south": {"uv": [4, 28], "uv_size": [1, 6.5]},
								"west": {"uv": [11, 15], "uv_size": [2.5, 6.5]},
								"up": {"uv": [15, 33], "uv_size": [1, 2.5]},
								"down": {"uv": [33, 17.5], "uv_size": [1, -2.5]}
							}
						},
						{
							"origin": [-0.91288, 1.96918, 6.6409],
							"size": [1.23888, 0.98888, 7.23576],
							"pivot": [-0.72082, 2.35335, 1.71093],
							"rotation": [0, 0, -45],
							"uv": {
								"north": {"uv": [36, 28], "uv_size": [1, 1]},
								"east": {"uv": [26, 19], "uv_size": [7, 1]},
								"south": {"uv": [36, 29], "uv_size": [1, 1]},
								"west": {"uv": [26, 20], "uv_size": [7, 1]},
								"up": {"uv": [22, 25], "uv_size": [1, 7]},
								"down": {"uv": [23, 32], "uv_size": [1, -7]}
							}
						},
						{
							"origin": [0.22396, 1.71918, 6.6409],
							"size": [0.98888, 1.23888, 7.23576],
							"pivot": [0.16602, 2.35335, 1.71093],
							"rotation": [0, 0, -45],
							"uv": {
								"north": {"uv": [30, 36], "uv_size": [1, 1]},
								"east": {"uv": [26, 21], "uv_size": [7, 1]},
								"south": {"uv": [36, 30], "uv_size": [1, 1]},
								"west": {"uv": [26, 22], "uv_size": [7, 1]},
								"up": {"uv": [24, 25], "uv_size": [1, 7]},
								"down": {"uv": [11, 33], "uv_size": [1, -7]}
							}
						},
						{
							"origin": [-0.59561, -0.55, 0],
							"size": [1.25, 1.525, 1.7],
							"uv": {
								"north": {"uv": [34, 8], "uv_size": [1.5, 1.5]},
								"east": {"uv": [34, 12], "uv_size": [1.5, 1.5]},
								"south": {"uv": [34, 14], "uv_size": [1.5, 1.5]},
								"west": {"uv": [16, 34], "uv_size": [1.5, 1.5]},
								"up": {"uv": [34, 16], "uv_size": [1.5, 1.5]},
								"down": {"uv": [23, 35.5], "uv_size": [1.5, -1.5]}
							}
						},
						{
							"origin": [-0.59561, -3.34322, 1.1892],
							"size": [1.25, 3.875, 1.625],
							"inflate": 0.001,
							"pivot": [0.02939, -1.55572, 2.0767],
							"rotation": [30.75, 0, 0],
							"uv": {
								"north": {"uv": [5, 28], "uv_size": [1.5, 4]},
								"east": {"uv": [28, 5], "uv_size": [1.5, 4]},
								"south": {"uv": [19, 28], "uv_size": [1.5, 4]},
								"west": {"uv": [28, 25], "uv_size": [1.5, 4]},
								"up": {"uv": [34, 25], "uv_size": [1.5, 1.5]},
								"down": {"uv": [27, 35.5], "uv_size": [1.5, -1.5]}
							}
						},
						{
							"origin": [-0.59561, -3.33008, 2.46508],
							"size": [1.25, 3.9, 0.575],
							"pivot": [0.02939, -1.36758, 2.22758],
							"rotation": [39.25, 0, 0],
							"uv": {
								"north": {"uv": [0, 29], "uv_size": [1.5, 4]},
								"east": {"uv": [21, 33], "uv_size": [0.5, 4]},
								"south": {"uv": [9, 29], "uv_size": [1.5, 4]},
								"west": {"uv": [4, 35], "uv_size": [0.5, 4]},
								"up": {"uv": [37, 28], "uv_size": [1.5, 0.5]},
								"down": {"uv": [29, 37.5], "uv_size": [1.5, -0.5]}
							}
						},
						{
							"origin": [-0.59561, -3.46961, 1.17695],
							"size": [1.25, 0.6, 2.575],
							"pivot": [0.02939, -1.44461, 2.23945],
							"rotation": [16.75, 0, 0],
							"uv": {
								"north": {"uv": [37, 29], "uv_size": [1.5, 0.5]},
								"east": {"uv": [36, 20], "uv_size": [2.5, 0.5]},
								"south": {"uv": [37, 30], "uv_size": [1.5, 0.5]},
								"west": {"uv": [36, 21], "uv_size": [2.5, 0.5]},
								"up": {"uv": [31, 16], "uv_size": [1.5, 2.5]},
								"down": {"uv": [31, 33.5], "uv_size": [1.5, -2.5]}
							}
						},
						{
							"origin": [0.02939, -0.45, -2.7],
							"size": [0, 1.425, 2.8],
							"uv": {
								"north": {"uv": [0, 0], "uv_size": [0, 1.5]},
								"east": {"uv": [30, 0], "uv_size": [3, 1.5]},
								"south": {"uv": [0, 0], "uv_size": [0, 1.5]},
								"west": {"uv": [30, 5], "uv_size": [3, 1.5]},
								"up": {"uv": [0, 0], "uv_size": [0, 3]},
								"down": {"uv": [0, 3], "uv_size": [0, -3]}
							}
						},
						{
							"origin": [-0.66599, 3.17854, -0.55902],
							"size": [1.13196, 0.75696, 3.3878],
							"pivot": [-0.13751, 3.50702, -0.52762],
							"rotation": [0, -22.5, 0],
							"uv": {
								"north": {"uv": [31, 36], "uv_size": [1, 1]},
								"east": {"uv": [30, 8], "uv_size": [3.5, 1]},
								"south": {"uv": [32, 36], "uv_size": [1, 1]},
								"west": {"uv": [32, 11], "uv_size": [3.5, 1]},
								"up": {"uv": [32, 12], "uv_size": [1, 3.5]},
								"down": {"uv": [19, 35.5], "uv_size": [1, -3.5]}
							}
						},
						{
							"origin": [-0.77815, 2.30825, -6.56547],
							"size": [1.58231, 1.58231, 8.88094],
							"pivot": [-0.47084, 3.32299, 2.32905],
							"rotation": [0, 0, -45],
							"uv": {
								"north": {"uv": [34, 27], "uv_size": [1.5, 1.5]},
								"east": {"uv": [16, 7], "uv_size": [9, 1.5]},
								"south": {"uv": [34, 29], "uv_size": [1.5, 1.5]},
								"west": {"uv": [16, 9], "uv_size": [9, 1.5]},
								"up": {"uv": [16, 11], "uv_size": [1.5, 9]},
								"down": {"uv": [14, 26], "uv_size": [1.5, -9]}
							}
						},
						{
							"origin": [0.41689, 3.975, -5.25],
							"size": [0.3, 0.65, 1.1],
							"uv": {
								"north": {"uv": [39, 16], "uv_size": [0.5, 0.5]},
								"east": {"uv": [17, 38], "uv_size": [1, 0.5]},
								"south": {"uv": [17, 39], "uv_size": [0.5, 0.5]},
								"west": {"uv": [23, 38], "uv_size": [1, 0.5]},
								"up": {"uv": [24, 38], "uv_size": [0.5, 1]},
								"down": {"uv": [27, 39], "uv_size": [0.5, -1]}
							}
						},
						{
							"origin": [-1.99619, 3.23535, 2.56322],
							"size": [0.6003, 0.6003, 0.28014],
							"pivot": [-1.69604, 3.5605, 2.70329],
							"rotation": [16.32495, -15.69986, -47.26579],
							"uv": {
								"north": {"uv": [39, 17], "uv_size": [0.5, 0.5]},
								"east": {"uv": [18, 39], "uv_size": [0.5, 0.5]},
								"south": {"uv": [39, 18], "uv_size": [0.5, 0.5]},
								"west": {"uv": [19, 39], "uv_size": [0.5, 0.5]},
								"up": {"uv": [39, 19], "uv_size": [0.5, 0.5]},
								"down": {"uv": [20, 39.5], "uv_size": [0.5, -0.5]}
							}
						},
						{
							"origin": [-1.85864, 3.34296, 2.41994],
							"size": [0.3902, 0.39019, 0.18209],
							"pivot": [-1.66354, 3.55431, 2.64099],
							"rotation": [16.32495, -15.69986, -47.26579],
							"uv": {
								"north": {"uv": [39, 20], "uv_size": [0.5, 0.5]},
								"east": {"uv": [21, 39], "uv_size": [0.5, 0.5]},
								"south": {"uv": [39, 21], "uv_size": [0.5, 0.5]},
								"west": {"uv": [22, 39], "uv_size": [0.5, 0.5]},
								"up": {"uv": [39, 22], "uv_size": [0.5, 0.5]},
								"down": {"uv": [23, 39.5], "uv_size": [0.5, -0.5]}
							}
						},
						{
							"origin": [-0.68311, 2.08365, -5.99315],
							"size": [1.425, 0.675, 0.5],
							"pivot": [0.02939, 2.37115, -5.75565],
							"rotation": [31, 0, 0],
							"uv": {
								"north": {"uv": [31, 37], "uv_size": [1.5, 0.5]},
								"east": {"uv": [24, 39], "uv_size": [0.5, 0.5]},
								"south": {"uv": [34, 37], "uv_size": [1.5, 0.5]},
								"west": {"uv": [39, 25], "uv_size": [0.5, 0.5]},
								"up": {"uv": [37, 35], "uv_size": [1.5, 0.5]},
								"down": {"uv": [36, 37.5], "uv_size": [1.5, -0.5]}
							}
						},
						{
							"origin": [-0.88311, -0.29605, -5.94752],
							"size": [1.825, 0.425, 3.35],
							"pivot": [0.02939, -0.03355, -4.27252],
							"rotation": [-9.75, 0, 0],
							"uv": {
								"north": {"uv": [36, 33], "uv_size": [2, 0.5]},
								"east": {"uv": [35, 31], "uv_size": [3.5, 0.5]},
								"south": {"uv": [36, 34], "uv_size": [2, 0.5]},
								"west": {"uv": [35, 32], "uv_size": [3.5, 0.5]},
								"up": {"uv": [12, 26], "uv_size": [2, 3.5]},
								"down": {"uv": [14, 29.5], "uv_size": [2, -3.5]}
							}
						},
						{
							"origin": [-0.60811, -0.05, -3.925],
							"size": [1.425, 2.9, 0.775],
							"uv": {
								"north": {"uv": [12, 30], "uv_size": [1.5, 3]},
								"east": {"uv": [29, 32], "uv_size": [1, 3]},
								"south": {"uv": [14, 30], "uv_size": [1.5, 3]},
								"west": {"uv": [0, 33], "uv_size": [1, 3]},
								"up": {"uv": [36, 4], "uv_size": [1.5, 1]},
								"down": {"uv": [5, 37], "uv_size": [1.5, -1]}
							}
						},
						{
							"origin": [-0.60811, 1.7, -3.725],
							"size": [1.45, 0.225, 1.475],
							"uv": {
								"north": {"uv": [37, 36], "uv_size": [1.5, 0.5]},
								"east": {"uv": [0, 38], "uv_size": [1.5, 0.5]},
								"south": {"uv": [38, 0], "uv_size": [1.5, 0.5]},
								"west": {"uv": [38, 1], "uv_size": [1.5, 0.5]},
								"up": {"uv": [31, 34], "uv_size": [1.5, 1.5]},
								"down": {"uv": [35, 1.5], "uv_size": [1.5, -1.5]}
							}
						},
						{
							"origin": [-0.68311, 1.075, -2.65],
							"size": [1.425, 2, 0.675],
							"uv": {
								"north": {"uv": [32, 29], "uv_size": [1.5, 2]},
								"east": {"uv": [36, 35], "uv_size": [0.5, 2]},
								"south": {"uv": [33, 0], "uv_size": [1.5, 2]},
								"west": {"uv": [37, 0], "uv_size": [0.5, 2]},
								"up": {"uv": [2, 38], "uv_size": [1.5, 0.5]},
								"down": {"uv": [38, 2.5], "uv_size": [1.5, -0.5]}
							}
						},
						{
							"origin": [-0.53311, 2.05, -2.65],
							"size": [1.425, 0.65, 0.25],
							"uv": {
								"north": {"uv": [38, 3], "uv_size": [1.5, 0.5]},
								"east": {"uv": [26, 39], "uv_size": [0.5, 0.5]},
								"south": {"uv": [38, 4], "uv_size": [1.5, 0.5]},
								"west": {"uv": [39, 26], "uv_size": [0.5, 0.5]},
								"up": {"uv": [5, 38], "uv_size": [1.5, 0.5]},
								"down": {"uv": [38, 5.5], "uv_size": [1.5, -0.5]}
							}
						},
						{
							"origin": [-0.18311, 1.725, -2.9],
							"size": [1.425, 0.6, 0.775],
							"pivot": [0.20439, 1.75, -3.5375],
							"rotation": [0, 0, -45],
							"uv": {
								"north": {"uv": [38, 6], "uv_size": [1.5, 0.5]},
								"east": {"uv": [28, 38], "uv_size": [1, 0.5]},
								"south": {"uv": [7, 38], "uv_size": [1.5, 0.5]},
								"west": {"uv": [29, 38], "uv_size": [1, 0.5]},
								"up": {"uv": [36, 5], "uv_size": [1.5, 1]},
								"down": {"uv": [36, 7], "uv_size": [1.5, -1]}
							}
						},
						{
							"origin": [0.81394, 2.68245, -2.775],
							"size": [0.2, 0.625, 0.5],
							"pivot": [0.95144, 2.90745, -2.525],
							"rotation": [0, 0, 10],
							"uv": {
								"north": {"uv": [27, 39], "uv_size": [0.5, 0.5]},
								"east": {"uv": [39, 27], "uv_size": [0.5, 0.5]},
								"south": {"uv": [28, 39], "uv_size": [0.5, 0.5]},
								"west": {"uv": [39, 28], "uv_size": [0.5, 0.5]},
								"up": {"uv": [29, 39], "uv_size": [0.5, 0.5]},
								"down": {"uv": [39, 29.5], "uv_size": [0.5, -0.5]}
							}
						},
						{
							"origin": [-0.78311, 1.25, -2.55],
							"size": [1.425, 0.75, 0.5],
							"uv": {
								"north": {"uv": [7, 36], "uv_size": [1.5, 1]},
								"east": {"uv": [30, 38], "uv_size": [0.5, 1]},
								"south": {"uv": [36, 8], "uv_size": [1.5, 1]},
								"west": {"uv": [31, 38], "uv_size": [0.5, 1]},
								"up": {"uv": [38, 7], "uv_size": [1.5, 0.5]},
								"down": {"uv": [38, 8.5], "uv_size": [1.5, -0.5]}
							}
						},
						{
							"origin": [-0.78311, 2.175, -5.8],
							"size": [0.425, 0.4, 3.825],
							"inflate": 0.01,
							"uv": {
								"north": {"uv": [30, 39], "uv_size": [0.5, 0.5]},
								"east": {"uv": [33, 22], "uv_size": [4, 0.5]},
								"south": {"uv": [39, 30], "uv_size": [0.5, 0.5]},
								"west": {"uv": [34, 10], "uv_size": [4, 0.5]},
								"up": {"uv": [18, 35], "uv_size": [0.5, 4]},
								"down": {"uv": [35, 22], "uv_size": [0.5, -4]}
							}
						},
						{
							"origin": [-0.68311, -0.475, -5.8],
							"size": [1.425, 3.55, 3.15],
							"uv": {
								"north": {"uv": [29, 11], "uv_size": [1.5, 3.5]},
								"east": {"uv": [11, 22], "uv_size": [3, 3.5]},
								"south": {"uv": [29, 15], "uv_size": [1.5, 3.5]},
								"west": {"uv": [22, 13], "uv_size": [3, 3.5]},
								"up": {"uv": [30, 25], "uv_size": [1.5, 3]},
								"down": {"uv": [30, 31], "uv_size": [1.5, -3]}
							}
						},
						{
							"origin": [-0.53311, 0.975, -6.325],
							"size": [1.125, 2, 8.025],
							"uv": {
								"north": {"uv": [24, 5], "uv_size": [1, 2]},
								"east": {"uv": [16, 3], "uv_size": [8, 2]},
								"south": {"uv": [29, 35], "uv_size": [1, 2]},
								"west": {"uv": [16, 5], "uv_size": [8, 2]},
								"up": {"uv": [25, 19], "uv_size": [1, 8]},
								"down": {"uv": [21, 33], "uv_size": [1, -8]}
							}
						},
						{
							"origin": [-0.53311, 2, 1.7],
							"size": [1.125, 0.975, 1.4],
							"uv": {
								"north": {"uv": [1, 37], "uv_size": [1, 1]},
								"east": {"uv": [9, 36], "uv_size": [1.5, 1]},
								"south": {"uv": [2, 37], "uv_size": [1, 1]},
								"west": {"uv": [36, 9], "uv_size": [1.5, 1]},
								"up": {"uv": [3, 36], "uv_size": [1, 1.5]},
								"down": {"uv": [11, 37.5], "uv_size": [1, -1.5]}
							}
						},
						{
							"origin": [-0.52061, 1.63883, 1.58528],
							"size": [1.1, 0.575, 1.325],
							"pivot": [0.04189, 1.45133, 2.14778],
							"rotation": [35, 0, 0],
							"uv": {
								"north": {"uv": [32, 38], "uv_size": [1, 0.5]},
								"east": {"uv": [9, 38], "uv_size": [1.5, 0.5]},
								"south": {"uv": [38, 33], "uv_size": [1, 0.5]},
								"west": {"uv": [38, 9], "uv_size": [1.5, 0.5]},
								"up": {"uv": [36, 11], "uv_size": [1, 1.5]},
								"down": {"uv": [12, 37.5], "uv_size": [1, -1.5]}
							}
						},
						{
							"origin": [-0.34561, 4.025, -6.375],
							"size": [0.75, 1.05, 8.3],
							"uv": {
								"north": {"uv": [37, 2], "uv_size": [1, 1]},
								"east": {"uv": [25, 9], "uv_size": [8.5, 1]},
								"south": {"uv": [5, 37], "uv_size": [1, 1]},
								"west": {"uv": [25, 10], "uv_size": [8.5, 1]},
								"up": {"uv": [7, 24], "uv_size": [1, 8.5]},
								"down": {"uv": [8, 32.5], "uv_size": [1, -8.5]}
							}
						},
						{
							"origin": [-0.23688, 4.15, 1.6625],
							"size": [0.525, 0.85, 0.525],
							"pivot": [0.02562, 4.8125, 1.925],
							"rotation": [0, 45, 0],
							"uv": {
								"north": {"uv": [34, 38], "uv_size": [0.5, 1]},
								"east": {"uv": [38, 34], "uv_size": [0.5, 1]},
								"south": {"uv": [35, 38], "uv_size": [0.5, 1]},
								"west": {"uv": [36, 38], "uv_size": [0.5, 1]},
								"up": {"uv": [31, 39], "uv_size": [0.5, 0.5]},
								"down": {"uv": [39, 31.5], "uv_size": [0.5, -0.5]}
							}
						},
						{
							"origin": [-1.03171, 3.6695, -2.09335],
							"size": [0.925, 0.75, 1.1],
							"pivot": [-0.56921, 4.0445, -1.54335],
							"rotation": [170.21055, -56.71942, -163.3335],
							"uv": {
								"north": {"uv": [6, 37], "uv_size": [1, 1]},
								"east": {"uv": [7, 37], "uv_size": [1, 1]},
								"south": {"uv": [37, 7], "uv_size": [1, 1]},
								"west": {"uv": [8, 37], "uv_size": [1, 1]},
								"up": {"uv": [9, 37], "uv_size": [1, 1]},
								"down": {"uv": [10, 38], "uv_size": [1, -1]}
							}
						},
						{
							"origin": [-0.88688, 2.02937, -5.6814],
							"size": [0.23196, 2.33196, 3.6128],
							"pivot": [-0.1334, 3.34535, -3.875],
							"rotation": [0, 0, 26.75],
							"uv": {
								"north": {"uv": [19, 36], "uv_size": [0.5, 2.5]},
								"east": {"uv": [25, 13], "uv_size": [3.5, 2.5]},
								"south": {"uv": [20, 36], "uv_size": [0.5, 2.5]},
								"west": {"uv": [25, 16], "uv_size": [3.5, 2.5]},
								"up": {"uv": [33, 35], "uv_size": [0.5, 3.5]},
								"down": {"uv": [35, 36.5], "uv_size": [0.5, -3.5]}
							}
						},
						{
							"origin": [0.60439, 0.925, 0.63462],
							"size": [0.25, 0.975, 0.35],
							"uv": {
								"north": {"uv": [37, 38], "uv_size": [0.5, 1]},
								"east": {"uv": [38, 37], "uv_size": [0.5, 1]},
								"south": {"uv": [38, 38], "uv_size": [0.5, 1]},
								"west": {"uv": [0, 39], "uv_size": [0.5, 1]},
								"up": {"uv": [32, 39], "uv_size": [0.5, 0.5]},
								"down": {"uv": [39, 32.5], "uv_size": [0.5, -0.5]}
							}
						},
						{
							"origin": [-0.67061, 1.575, 0.475],
							"size": [1.4, 0.65, 0.65],
							"pivot": [0.45439, 1.9, 0.8],
							"rotation": [-45, 0, 0],
							"uv": {
								"north": {"uv": [38, 10], "uv_size": [1.5, 0.5]},
								"east": {"uv": [33, 39], "uv_size": [0.5, 0.5]},
								"south": {"uv": [11, 38], "uv_size": [1.5, 0.5]},
								"west": {"uv": [39, 33], "uv_size": [0.5, 0.5]},
								"up": {"uv": [38, 11], "uv_size": [1.5, 0.5]},
								"down": {"uv": [38, 12.5], "uv_size": [1.5, -0.5]}
							}
						},
						{
							"origin": [-0.48311, -4.75401, -6.11686],
							"size": [1.025, 4.525, 2.85],
							"pivot": [0.02939, -2.50401, -4.69186],
							"rotation": [-12, 0, 0],
							"uv": {
								"north": {"uv": [31, 11], "uv_size": [1, 4.5]},
								"east": {"uv": [18, 11], "uv_size": [3, 4.5]},
								"south": {"uv": [30, 31], "uv_size": [1, 4.5]},
								"west": {"uv": [18, 16], "uv_size": [3, 4.5]},
								"up": {"uv": [1, 33], "uv_size": [1, 3]},
								"down": {"uv": [7, 36], "uv_size": [1, -3]}
							}
						},
						{
							"origin": [-0.48311, -0.575, -5.675],
							"size": [1.025, 3.55, 2.85],
							"inflate": 0.001,
							"uv": {
								"north": {"uv": [20, 32], "uv_size": [1, 3.5]},
								"east": {"uv": [22, 17], "uv_size": [3, 3.5]},
								"south": {"uv": [22, 32], "uv_size": [1, 3.5]},
								"west": {"uv": [22, 21], "uv_size": [3, 3.5]},
								"up": {"uv": [8, 33], "uv_size": [1, 3]},
								"down": {"uv": [9, 36], "uv_size": [1, -3]}
							}
						},
						{
							"origin": [-0.48311, 2.975, -4.475],
							"size": [1.025, 0.3, 1.65],
							"uv": {
								"north": {"uv": [1, 39], "uv_size": [1, 0.5]},
								"east": {"uv": [13, 38], "uv_size": [1.5, 0.5]},
								"south": {"uv": [2, 39], "uv_size": [1, 0.5]},
								"west": {"uv": [38, 13], "uv_size": [1.5, 0.5]},
								"up": {"uv": [13, 36], "uv_size": [1, 1.5]},
								"down": {"uv": [36, 14.5], "uv_size": [1, -1.5]}
							}
						},
						{
							"origin": [-1.14561, 4.525, 2.125],
							"size": [2.35, 0.35, 0.6],
							"uv": {
								"north": {"uv": [22, 36], "uv_size": [2.5, 0.5]},
								"east": {"uv": [34, 39], "uv_size": [0.5, 0.5]},
								"south": {"uv": [36, 25], "uv_size": [2.5, 0.5]},
								"west": {"uv": [39, 34], "uv_size": [0.5, 0.5]},
								"up": {"uv": [36, 26], "uv_size": [2.5, 0.5]},
								"down": {"uv": [36, 27.5], "uv_size": [2.5, -0.5]}
							}
						},
						{
							"origin": [-0.97061, 2.375, -19.75],
							"size": [2, 2.25, 13.25],
							"pivot": [0.02939, 3.5, -13.125],
							"rotation": [0, 0, 45],
							"uv": {
								"north": {"uv": [28, 0], "uv_size": [2, 2.5]},
								"east": {"uv": [0, 12], "uv_size": [13.5, 2.5]},
								"south": {"uv": [28, 29], "uv_size": [2, 2.5]},
								"west": {"uv": [14, 0], "uv_size": [13.5, 2.5]},
								"up": {"uv": [14, 3], "uv_size": [2, 13.5]},
								"down": {"uv": [0, 28.5], "uv_size": [2, -13.5]}
							}
						},
						{
							"origin": [-0.37061, 1.975, -19.75],
							"size": [0.8, 3.05, 13.25],
							"uv": {
								"north": {"uv": [10, 33], "uv_size": [1, 3]},
								"east": {"uv": [0, 0], "uv_size": [13.5, 3]},
								"south": {"uv": [11, 33], "uv_size": [1, 3]},
								"west": {"uv": [0, 3], "uv_size": [13.5, 3]},
								"up": {"uv": [16, 20], "uv_size": [1, 13.5]},
								"down": {"uv": [17, 33.5], "uv_size": [1, -13.5]}
							}
						},
						{
							"origin": [-0.37061, 5.025, -19.75],
							"size": [0.8, 0.3, 2.75],
							"uv": {
								"north": {"uv": [3, 39], "uv_size": [1, 0.5]},
								"east": {"uv": [14, 36], "uv_size": [3, 0.5]},
								"south": {"uv": [4, 39], "uv_size": [1, 0.5]},
								"west": {"uv": [36, 15], "uv_size": [3, 0.5]},
								"up": {"uv": [12, 33], "uv_size": [1, 3]},
								"down": {"uv": [33, 15], "uv_size": [1, -3]}
							}
						},
						{
							"origin": [-0.37061, 5.325, -17.95],
							"size": [0.8, 0.7, 0.95],
							"uv": {
								"north": {"uv": [5, 39], "uv_size": [1, 0.5]},
								"east": {"uv": [6, 39], "uv_size": [1, 0.5]},
								"south": {"uv": [7, 39], "uv_size": [1, 0.5]},
								"west": {"uv": [8, 39], "uv_size": [1, 0.5]},
								"up": {"uv": [37, 11], "uv_size": [1, 1]},
								"down": {"uv": [37, 13], "uv_size": [1, -1]}
							}
						},
						{
							"origin": [-0.37061, 5.325, 0.7],
							"size": [0.8, 1.025, 0.425],
							"uv": {
								"north": {"uv": [37, 13], "uv_size": [1, 1]},
								"east": {"uv": [9, 39], "uv_size": [0.5, 1]},
								"south": {"uv": [14, 37], "uv_size": [1, 1]},
								"west": {"uv": [10, 39], "uv_size": [0.5, 1]},
								"up": {"uv": [11, 39], "uv_size": [1, 0.5]},
								"down": {"uv": [12, 39.5], "uv_size": [1, -0.5]}
							}
						},
						{
							"origin": [-0.37061, 5.025, 0],
							"size": [0.8, 0.3, 1.5],
							"uv": {
								"north": {"uv": [13, 39], "uv_size": [1, 0.5]},
								"east": {"uv": [15, 38], "uv_size": [1.5, 0.5]},
								"south": {"uv": [14, 39], "uv_size": [1, 0.5]},
								"west": {"uv": [21, 38], "uv_size": [1.5, 0.5]},
								"up": {"uv": [36, 16], "uv_size": [1, 1.5]},
								"down": {"uv": [17, 37.5], "uv_size": [1, -1.5]}
							}
						},
						{
							"origin": [-0.37061, 1.975, -19.75],
							"size": [0.8, 3.05, 13.25],
							"pivot": [0.02939, 3.5, -13.125],
							"rotation": [0, 0, 90],
							"uv": {
								"north": {"uv": [13, 33], "uv_size": [1, 3]},
								"east": {"uv": [0, 6], "uv_size": [13.5, 3]},
								"south": {"uv": [14, 33], "uv_size": [1, 3]},
								"west": {"uv": [0, 9], "uv_size": [13.5, 3]},
								"up": {"uv": [21, 11], "uv_size": [1, 13.5]},
								"down": {"uv": [18, 34.5], "uv_size": [1, -13.5]}
							}
						},
						{
							"origin": [-0.27061, 3.2, -20.45],
							"size": [0.6, 0.6, 13.45],
							"pivot": [0.02939, 3.5, -13.125],
							"rotation": [0, 0, 90],
							"uv": {
								"north": {"uv": [35, 39], "uv_size": [0.5, 0.5]},
								"east": {"uv": [26, 23], "uv_size": [13.5, 0.5]},
								"south": {"uv": [39, 35], "uv_size": [0.5, 0.5]},
								"west": {"uv": [26, 24], "uv_size": [13.5, 0.5]},
								"up": {"uv": [26, 25], "uv_size": [0.5, 13.5]},
								"down": {"uv": [25, 40.5], "uv_size": [0.5, -13.5]}
							}
						}
					]
				},
				{
					"name": "positioning2",
					"pivot": [0, 1, 4.575]
				},
				{
					"name": "muzzle_flash",
					"parent": "positioning2",
					"pivot": [0, 3.55, -20.25]
				},
				{
					"name": "muzzle_pos",
					"parent": "positioning2",
					"pivot": [0, -2.45, -12.25]
				},
				{
					"name": "laser_pos",
					"parent": "positioning2",
					"pivot": [1.462, 3.55, -7.025],
					"rotation": [0, 0, 90]
				},
				{
					"name": "scope_pos",
					"parent": "positioning2",
					"pivot": [0, 5.01, 3.875]
				},
				{
					"name": "stock_pos",
					"parent": "positioning2",
					"pivot": [0, 3.525, 10.125]
				},
				{
					"name": "grip_pos",
					"parent": "positioning2",
					"pivot": [0, 2.075, -7.625]
				}
			]
		}
	]
}