{
	"format_version": "1.12.0",
	"minecraft:geometry": [
		{
			"description": {
				"identifier": "geometry.unknown",
				"texture_width": 32,
				"texture_height": 32,
				"visible_bounds_width": 4,
				"visible_bounds_height": 2.5,
				"visible_bounds_offset": [0, 0.75, 0]
			},
			"bones": [
				{
					"name": "shell",
					"pivot": [-0.44375, 11.625, -1.85]
				},
				{
					"name": "muzzle_flash",
					"pivot": [0, 11.375, -13.55]
				},
				{
					"name": "muzzle_pos",
					"pivot": [0, 11.375, -11.75]
				},
				{
					"name": "laser_pos",
					"pivot": [0.75, 11.375, -8.3]
				},
				{
					"name": "scope_pos",
					"pivot": [0, 13.2, -2.65]
				},
				{
					"name": "positioning",
					"pivot": [0, 0, 0]
				},
				{
					"name": "thirdperson_hand",
					"parent": "positioning",
					"pivot": [0, 9.725, -2.85]
				},
				{
					"name": "ground",
					"parent": "positioning",
					"pivot": [0, -1.9, -0.35]
				},
				{
					"name": "fixed",
					"parent": "positioning",
					"pivot": [0.7, 3.6, -0.175],
					"rotation": [0, -90, 0]
				},
				{
					"name": "LOD",
					"pivot": [0, 4.9375, -2.85],
					"cubes": [
						{
							"origin": [-0.6, 6.45, -3.825],
							"size": [1.2, 4.025, 1.95],
							"uv": {
								"north": {"uv": [14, 12], "uv_size": [1, 4]},
								"east": {"uv": [4, 4], "uv_size": [2, 4]},
								"south": {"uv": [0, 15], "uv_size": [1, 4]},
								"west": {"uv": [6, 0], "uv_size": [2, 4]},
								"up": {"uv": [15, 10], "uv_size": [1, 2]},
								"down": {"uv": [15, 14], "uv_size": [1, -2]}
							}
						},
						{
							"origin": [-0.6, 9.95, -3.825],
							"size": [1.2, 1.825, 1.95],
							"pivot": [0, 9.7625, -2.85],
							"rotation": [-27.5, 0, 0],
							"uv": {
								"north": {"uv": [15, 14], "uv_size": [1, 2]},
								"east": {"uv": [14, 0], "uv_size": [2, 2]},
								"south": {"uv": [16, 0], "uv_size": [1, 2]},
								"west": {"uv": [1, 15], "uv_size": [2, 2]},
								"up": {"uv": [16, 2], "uv_size": [1, 2]},
								"down": {"uv": [16, 6], "uv_size": [1, -2]}
							}
						},
						{
							"origin": [-0.6, 6.83381, -2.52928],
							"size": [1.2, 1.1, 0.45],
							"pivot": [0.4, 7.74631, -1.55428],
							"rotation": [33, 0, 0],
							"uv": {
								"north": {"uv": [14, 8], "uv_size": [1, 1]},
								"east": {"uv": [17, 11], "uv_size": [1, 1]},
								"south": {"uv": [17, 16], "uv_size": [1, 1]},
								"west": {"uv": [17, 17], "uv_size": [1, 1]},
								"up": {"uv": [18, 0], "uv_size": [1, 1]},
								"down": {"uv": [18, 2], "uv_size": [1, -1]}
							}
						},
						{
							"origin": [-0.7, 10.375, -3.825],
							"size": [1.4, 1.775, 5.875],
							"uv": {
								"north": {"uv": [6, 16], "uv_size": [1, 2]},
								"east": {"uv": [0, 0], "uv_size": [6, 2]},
								"south": {"uv": [16, 6], "uv_size": [1, 2]},
								"west": {"uv": [0, 2], "uv_size": [6, 2]},
								"up": {"uv": [6, 4], "uv_size": [1, 6]},
								"down": {"uv": [7, 10], "uv_size": [1, -6]}
							}
						},
						{
							"origin": [-0.5, 12.15, -3.825],
							"size": [1, 1, 5.875],
							"uv": {
								"north": {"uv": [18, 2], "uv_size": [1, 1]},
								"east": {"uv": [8, 0], "uv_size": [6, 1]},
								"south": {"uv": [18, 3], "uv_size": [1, 1]},
								"west": {"uv": [8, 1], "uv_size": [6, 1]},
								"up": {"uv": [8, 2], "uv_size": [1, 6]},
								"down": {"uv": [4, 14], "uv_size": [1, -6]}
							}
						},
						{
							"origin": [-0.70238, 12.15, -3.825],
							"size": [0.22738, 1.0198, 5.875],
							"pivot": [-0.7, 12.15, -0.8875],
							"rotation": [0, 0, 11.5],
							"uv": {
								"north": {"uv": [6, 18], "uv_size": [1, 1]},
								"east": {"uv": [8, 8], "uv_size": [6, 1]},
								"south": {"uv": [18, 6], "uv_size": [1, 1]},
								"west": {"uv": [9, 2], "uv_size": [6, 1]},
								"up": {"uv": [5, 8], "uv_size": [1, 6]},
								"down": {"uv": [0, 15], "uv_size": [1, -6]}
							}
						},
						{
							"origin": [0.47598, 12.1502, -3.825],
							"size": [0.22738, 1.0198, 5.875],
							"pivot": [0.70098, 12.1502, -0.8875],
							"rotation": [0, 0, -11.5],
							"uv": {
								"north": {"uv": [7, 18], "uv_size": [1, 1]},
								"east": {"uv": [9, 3], "uv_size": [6, 1]},
								"south": {"uv": [18, 7], "uv_size": [1, 1]},
								"west": {"uv": [9, 4], "uv_size": [6, 1]},
								"up": {"uv": [1, 9], "uv_size": [1, 6]},
								"down": {"uv": [2, 15], "uv_size": [1, -6]}
							}
						},
						{
							"origin": [-0.7, 10.8, -10.05],
							"size": [1.4, 1.35, 6.225],
							"uv": {
								"north": {"uv": [18, 8], "uv_size": [1, 1]},
								"east": {"uv": [9, 5], "uv_size": [6, 1]},
								"south": {"uv": [9, 18], "uv_size": [1, 1]},
								"west": {"uv": [9, 6], "uv_size": [6, 1]},
								"up": {"uv": [3, 9], "uv_size": [1, 6]},
								"down": {"uv": [8, 15], "uv_size": [1, -6]}
							}
						},
						{
							"origin": [-0.5, 12.15, -10.05],
							"size": [1, 1, 6.225],
							"uv": {
								"north": {"uv": [18, 9], "uv_size": [1, 1]},
								"east": {"uv": [9, 7], "uv_size": [6, 1]},
								"south": {"uv": [11, 18], "uv_size": [1, 1]},
								"west": {"uv": [9, 9], "uv_size": [6, 1]},
								"up": {"uv": [6, 10], "uv_size": [1, 6]},
								"down": {"uv": [7, 16], "uv_size": [1, -6]}
							}
						},
						{
							"origin": [-0.49902, 10.1614, -9.9333],
							"size": [1, 0.9889, 1.06046],
							"pivot": [0.00098, 10.6614, -11.98534],
							"rotation": [43, 0, 0],
							"uv": {
								"north": {"uv": [18, 11], "uv_size": [1, 1]},
								"east": {"uv": [12, 18], "uv_size": [1, 1]},
								"south": {"uv": [18, 12], "uv_size": [1, 1]},
								"west": {"uv": [18, 13], "uv_size": [1, 1]},
								"up": {"uv": [14, 18], "uv_size": [1, 1]},
								"down": {"uv": [18, 15], "uv_size": [1, -1]}
							}
						},
						{
							"origin": [-0.49902, 10.91845, -10.818],
							"size": [1, 1.5, 1.45],
							"uv": {
								"north": {"uv": [15, 18], "uv_size": [1, 1]},
								"east": {"uv": [18, 15], "uv_size": [1, 1]},
								"south": {"uv": [16, 18], "uv_size": [1, 1]},
								"west": {"uv": [18, 16], "uv_size": [1, 1]},
								"up": {"uv": [17, 18], "uv_size": [1, 1]},
								"down": {"uv": [18, 18], "uv_size": [1, -1]}
							}
						},
						{
							"origin": [-0.22277, 11.35223, -12.03777],
							"size": [0.44554, 0.44554, 1.62554],
							"pivot": [0, 11.575, -11.475],
							"rotation": [0, 0, 45],
							"uv": {
								"north": {"uv": [18, 18], "uv_size": [1, 1]},
								"east": {"uv": [16, 8], "uv_size": [2, 1]},
								"south": {"uv": [0, 19], "uv_size": [1, 1]},
								"west": {"uv": [16, 9], "uv_size": [2, 1]},
								"up": {"uv": [7, 16], "uv_size": [1, 2]},
								"down": {"uv": [16, 12], "uv_size": [1, -2]}
							}
						},
						{
							"origin": [-0.28737, 11.28763, -13.26902],
							"size": [0.57474, 0.57474, 1.7125],
							"pivot": [0, 11.575, -11.13055],
							"rotation": [0, 0, 45],
							"uv": {
								"north": {"uv": [19, 0], "uv_size": [1, 1]},
								"east": {"uv": [16, 12], "uv_size": [2, 1]},
								"south": {"uv": [1, 19], "uv_size": [1, 1]},
								"west": {"uv": [16, 13], "uv_size": [2, 1]},
								"up": {"uv": [14, 16], "uv_size": [1, 2]},
								"down": {"uv": [16, 16], "uv_size": [1, -2]}
							}
						},
						{
							"origin": [-0.7, 10.375, 2.05],
							"size": [1.4, 2.275, 0.4],
							"uv": {
								"north": {"uv": [15, 16], "uv_size": [1, 2]},
								"east": {"uv": [16, 16], "uv_size": [1, 2]},
								"south": {"uv": [17, 0], "uv_size": [1, 2]},
								"west": {"uv": [1, 17], "uv_size": [1, 2]},
								"up": {"uv": [19, 1], "uv_size": [1, 1]},
								"down": {"uv": [2, 20], "uv_size": [1, -1]}
							}
						},
						{
							"origin": [0, 12.65, 2.05],
							"size": [0.8, 0.6, 0.4],
							"uv": {
								"north": {"uv": [19, 2], "uv_size": [1, 1]},
								"east": {"uv": [3, 19], "uv_size": [1, 1]},
								"south": {"uv": [19, 3], "uv_size": [1, 1]},
								"west": {"uv": [4, 19], "uv_size": [1, 1]},
								"up": {"uv": [19, 4], "uv_size": [1, 1]},
								"down": {"uv": [5, 20], "uv_size": [1, -1]}
							}
						},
						{
							"origin": [-0.9, 12.65, 2.05],
							"size": [0.8, 0.6, 0.4],
							"uv": {
								"north": {"uv": [19, 5], "uv_size": [1, 1]},
								"east": {"uv": [6, 19], "uv_size": [1, 1]},
								"south": {"uv": [19, 6], "uv_size": [1, 1]},
								"west": {"uv": [7, 19], "uv_size": [1, 1]},
								"up": {"uv": [19, 7], "uv_size": [1, 1]},
								"down": {"uv": [8, 20], "uv_size": [1, -1]}
							}
						},
						{
							"origin": [-0.7, 11.675, 2.45],
							"size": [1.4, 0.775, 5.9],
							"uv": {
								"east": {"uv": [9, 10], "uv_size": [6, 1]},
								"west": {"uv": [9, 11], "uv_size": [6, 1]},
								"up": {"uv": [9, 12], "uv_size": [1, 6]}
							}
						},
						{
							"origin": [-0.7, 8.775, 8.25],
							"size": [1.4, 3.875, 1.1],
							"uv": {
								"north": {"uv": [15, 2], "uv_size": [1, 4]},
								"east": {"uv": [3, 15], "uv_size": [1, 4]},
								"south": {"uv": [15, 6], "uv_size": [1, 4]},
								"west": {"uv": [8, 15], "uv_size": [1, 4]},
								"up": {"uv": [19, 8], "uv_size": [1, 1]},
								"down": {"uv": [9, 20], "uv_size": [1, -1]}
							}
						},
						{
							"origin": [-0.4, 7.675, -9.25],
							"size": [0.8, 4.975, 1.1],
							"uv": {
								"north": {"uv": [10, 12], "uv_size": [1, 5]},
								"east": {"uv": [11, 12], "uv_size": [1, 5]},
								"south": {"uv": [12, 12], "uv_size": [1, 5]},
								"west": {"uv": [13, 12], "uv_size": [1, 5]},
								"up": {"uv": [19, 9], "uv_size": [1, 1]},
								"down": {"uv": [10, 20], "uv_size": [1, -1]}
							}
						},
						{
							"origin": [-0.5, 13.15, -0.375],
							"size": [1, 0.6, 1.175],
							"uv": {
								"north": {"uv": [19, 10], "uv_size": [1, 1]},
								"east": {"uv": [11, 19], "uv_size": [1, 1]},
								"south": {"uv": [19, 11], "uv_size": [1, 1]},
								"west": {"uv": [12, 19], "uv_size": [1, 1]},
								"up": {"uv": [19, 12], "uv_size": [1, 1]},
								"down": {"uv": [13, 20], "uv_size": [1, -1]}
							}
						},
						{
							"origin": [-0.2, 13.75, 0.225],
							"size": [0.4, 1.125, 0.175],
							"uv": {
								"north": {"uv": [19, 13], "uv_size": [1, 1]},
								"east": {"uv": [14, 19], "uv_size": [1, 1]},
								"south": {"uv": [19, 14], "uv_size": [1, 1]},
								"west": {"uv": [15, 19], "uv_size": [1, 1]},
								"up": {"uv": [19, 15], "uv_size": [1, 1]},
								"down": {"uv": [16, 20], "uv_size": [1, -1]}
							}
						},
						{
							"origin": [-0.5, 13.15, -9.775],
							"size": [1, 0.6, 0.75],
							"uv": {
								"north": {"uv": [19, 16], "uv_size": [1, 1]},
								"east": {"uv": [17, 19], "uv_size": [1, 1]},
								"south": {"uv": [19, 17], "uv_size": [1, 1]},
								"west": {"uv": [18, 19], "uv_size": [1, 1]},
								"up": {"uv": [19, 18], "uv_size": [1, 1]},
								"down": {"uv": [19, 20], "uv_size": [1, -1]}
							}
						},
						{
							"origin": [-0.2, 13.75, -9.775],
							"size": [0.4, 0.75, 0.375],
							"uv": {
								"north": {"uv": [0, 20], "uv_size": [1, 1]},
								"east": {"uv": [20, 0], "uv_size": [1, 1]},
								"south": {"uv": [1, 20], "uv_size": [1, 1]},
								"west": {"uv": [20, 1], "uv_size": [1, 1]},
								"up": {"uv": [2, 20], "uv_size": [1, 1]},
								"down": {"uv": [20, 3], "uv_size": [1, -1]}
							}
						},
						{
							"origin": [-0.45, 5.9, -3.75],
							"size": [0.9, 5.125, 1.8],
							"uv": {
								"north": {"uv": [4, 14], "uv_size": [1, 5]},
								"east": {"uv": [0, 4], "uv_size": [2, 5]},
								"south": {"uv": [5, 14], "uv_size": [1, 5]},
								"west": {"uv": [2, 4], "uv_size": [2, 5]},
								"up": {"uv": [2, 17], "uv_size": [1, 2]},
								"down": {"uv": [17, 4], "uv_size": [1, -2]}
							}
						},
						{
							"origin": [-0.45, 4.725, -3.9],
							"size": [0.9, 1.31666, 1.76919],
							"pivot": [0, 4.9375, -2.85],
							"rotation": [-10, 0, 0],
							"uv": {
								"north": {"uv": [3, 20], "uv_size": [1, 1]},
								"east": {"uv": [17, 4], "uv_size": [2, 1]},
								"south": {"uv": [20, 3], "uv_size": [1, 1]},
								"west": {"uv": [17, 5], "uv_size": [2, 1]},
								"up": {"uv": [17, 6], "uv_size": [1, 2]},
								"down": {"uv": [10, 19], "uv_size": [1, -2]}
							}
						},
						{
							"origin": [-0.45, 4.60334, -3.92095],
							"size": [0.9, 0.30722, 1.74231],
							"uv": {
								"north": {"uv": [4, 20], "uv_size": [1, 1]},
								"east": {"uv": [17, 10], "uv_size": [2, 1]},
								"south": {"uv": [20, 4], "uv_size": [1, 1]},
								"west": {"uv": [11, 17], "uv_size": [2, 1]},
								"up": {"uv": [13, 17], "uv_size": [1, 2]},
								"down": {"uv": [17, 16], "uv_size": [1, -2]}
							}
						}
					]
				}
			]
		}
	]
}