{
    "model": "m9:gun/m9_geo",
    "lod": {
    "model": "m9:gun/lod/m9_lod",
    "texture": "m9:gun/lod/m9_lod"},
    "texture": "m9:gun/uv/m9",
    "slot": "m9:gun/slot/m9",
    "hud":"m9:gun/hud/m9",
    "animation":"m9:m9",
    "sounds": {
        "shoot": "m9:firefox/firefox_shoot",
        "dry_fire": "m9:firefox/firefox_dry_fire",
        "draw":"m9:firefox/firefox_draw",
         "inspect":"m9:firefox/firefox_inspect",
        "inspect_empty":"m9:firefox/firefox_inspect_empty",
        "put_away":"m9:firefox/firefox_put_away",
        "reload_tactical":"m9:firefox/firefox_reload_tactical",
        "reload_empty":"m9:firefox/firefox_reload_empty",
"head_hit": "m9:hit",
    "kill": "m9:kill"},
    "third_person_animation": "default"
}
    
