{
	"format_version": "1.12.0",
	"minecraft:geometry": [
		{
			"description": {
				"identifier": "geometry.1mw_laser",
				"texture_width": 64,
				"texture_height": 64,
				"visible_bounds_width": 7,
				"visible_bounds_height": 1.5,
				"visible_bounds_offset": [0, 0.25, 0]
			},
			"bones": [
				{
					"name": "body",
					"pivot": [0, 0.025, -1.25],
					"rotation": [0, -90, 0],
					"cubes": [
						{
							"origin": [-0.95, -0.59, -2.6],
							"size": [3.95, 0.5, 2.775],
							"uv": {
								"north": {"uv": [8, 4], "uv_size": [4, 0.5]},
								"east": {"uv": [4, 11], "uv_size": [2.75, 0.5]},
								"south": {"uv": [8, 5], "uv_size": [4, 0.5]},
								"west": {"uv": [7, 11], "uv_size": [2.75, 0.5]},
								"up": {"uv": [0, 4], "uv_size": [4, 2.75]},
								"down": {"uv": [4, 6.75], "uv_size": [4, -2.75]}
							}
						},
						{
							"origin": [-0.95, 0.1, -0.2],
							"size": [3.95, 0.5, 0.6],
							"inflate": 0.001,
							"pivot": [2, 0.1, 0.8],
							"rotation": [45, 0, 0],
							"uv": {
								"north": {"uv": [8, 6], "uv_size": [4, 0.5]},
								"east": {"uv": [0, 13], "uv_size": [0.5, 0.5]},
								"south": {"uv": [8, 7], "uv_size": [4, 0.5]},
								"west": {"uv": [1, 13], "uv_size": [0.5, 0.5]},
								"up": {"uv": [8, 8], "uv_size": [4, 0.5]},
								"down": {"uv": [8, 9.5], "uv_size": [4, -0.5]}
							}
						},
						{
							"origin": [-0.95, -0.6, -3.95],
							"size": [3.95, 0.5, 0.6],
							"inflate": 0.001,
							"pivot": [2, -1.5, -2.95],
							"rotation": [-45, 0, 0],
							"uv": {
								"north": {"uv": [0, 10], "uv_size": [4, 0.5]},
								"east": {"uv": [2, 13], "uv_size": [0.5, 0.5]},
								"south": {"uv": [4, 10], "uv_size": [4, 0.5]},
								"west": {"uv": [3, 13], "uv_size": [0.5, 0.5]},
								"up": {"uv": [8, 10], "uv_size": [4, 0.5]},
								"down": {"uv": [0, 11.5], "uv_size": [4, -0.5]}
							}
						},
						{
							"origin": [-0.95, -0.1, -2.65],
							"size": [3.95, 0.275, 2.85],
							"inflate": 0.002,
							"uv": {
								"north": {"uv": [10, 11], "uv_size": [4, 0.25]},
								"east": {"uv": [12, 10], "uv_size": [2.75, 0.25]},
								"south": {"uv": [0, 12], "uv_size": [4, 0.25]},
								"west": {"uv": [12, 12], "uv_size": [2.75, 0.25]},
								"up": {"uv": [0, 7], "uv_size": [4, 2.75]},
								"down": {"uv": [4, 9.75], "uv_size": [4, -2.75]}
							}
						},
						{
							"origin": [-1.025, -0.625, -2.25],
							"size": [4.1, 0.05, 0.15],
							"uv": {
								"north": {"uv": [4, 12], "uv_size": [4, 0.25]},
								"east": {"uv": [11, 18], "uv_size": [0.25, 0.25]},
								"south": {"uv": [12, 4], "uv_size": [4, 0.25]},
								"west": {"uv": [18, 11], "uv_size": [0.25, 0.25]},
								"up": {"uv": [12, 5], "uv_size": [4, 0.25]},
								"down": {"uv": [12, 6.25], "uv_size": [4, -0.25]}
							}
						},
						{
							"origin": [-1.025, -0.625, -2],
							"size": [4.1, 0.05, 0.15],
							"uv": {
								"north": {"uv": [12, 7], "uv_size": [4, 0.25]},
								"east": {"uv": [12, 18], "uv_size": [0.25, 0.25]},
								"south": {"uv": [8, 12], "uv_size": [4, 0.25]},
								"west": {"uv": [18, 12], "uv_size": [0.25, 0.25]},
								"up": {"uv": [12, 8], "uv_size": [4, 0.25]},
								"down": {"uv": [12, 9.25], "uv_size": [4, -0.25]}
							}
						},
						{
							"origin": [3, -0.575, -2.25],
							"size": [0.075, 0.75, 0.15],
							"uv": {
								"north": {"uv": [4, 13], "uv_size": [0.25, 0.75]},
								"east": {"uv": [5, 13], "uv_size": [0.25, 0.75]},
								"south": {"uv": [6, 13], "uv_size": [0.25, 0.75]},
								"west": {"uv": [7, 13], "uv_size": [0.25, 0.75]},
								"up": {"uv": [13, 18], "uv_size": [0.25, 0.25]},
								"down": {"uv": [18, 13.25], "uv_size": [0.25, -0.25]}
							}
						},
						{
							"origin": [3, -0.575, -2],
							"size": [0.075, 0.75, 0.15],
							"uv": {
								"north": {"uv": [8, 13], "uv_size": [0.25, 0.75]},
								"east": {"uv": [9, 13], "uv_size": [0.25, 0.75]},
								"south": {"uv": [10, 13], "uv_size": [0.25, 0.75]},
								"west": {"uv": [11, 13], "uv_size": [0.25, 0.75]},
								"up": {"uv": [14, 18], "uv_size": [0.25, 0.25]},
								"down": {"uv": [18, 14.25], "uv_size": [0.25, -0.25]}
							}
						},
						{
							"origin": [-1.025, -0.575, -2],
							"size": [0.075, 0.75, 0.15],
							"uv": {
								"north": {"uv": [12, 13], "uv_size": [0.25, 0.75]},
								"east": {"uv": [13, 13], "uv_size": [0.25, 0.75]},
								"south": {"uv": [0, 14], "uv_size": [0.25, 0.75]},
								"west": {"uv": [1, 14], "uv_size": [0.25, 0.75]},
								"up": {"uv": [15, 18], "uv_size": [0.25, 0.25]},
								"down": {"uv": [18, 15.25], "uv_size": [0.25, -0.25]}
							}
						},
						{
							"origin": [-1.025, -0.575, -2.25],
							"size": [0.075, 0.75, 0.15],
							"uv": {
								"north": {"uv": [2, 14], "uv_size": [0.25, 0.75]},
								"east": {"uv": [3, 14], "uv_size": [0.25, 0.75]},
								"south": {"uv": [4, 14], "uv_size": [0.25, 0.75]},
								"west": {"uv": [5, 14], "uv_size": [0.25, 0.75]},
								"up": {"uv": [16, 18], "uv_size": [0.25, 0.25]},
								"down": {"uv": [18, 16.25], "uv_size": [0.25, -0.25]}
							}
						},
						{
							"origin": [-0.25, 0.675, -4.831],
							"size": [2, 0.375, 0.025],
							"pivot": [0.75, 0.45, -3.825],
							"rotation": [-134.75, 0, -180],
							"uv": {
								"south": {"uv": [18, 22], "uv_size": [32, 6.125]}
							}
						}
					]
				},
				{
					"name": "sight",
					"parent": "body",
					"pivot": [0, 0.025, -1.25]
				},
				{
					"name": "sight_center",
					"parent": "sight",
					"pivot": [2.65, -6.2, -6.25],
					"cubes": [
						{
							"origin": [-1.05, -0.24973, -0.5],
							"size": [0.2, 0.09946, 0.5],
							"pivot": [-0.525, -0.2, -0.25],
							"rotation": [45, 0, 0],
							"uv": {
								"north": {"uv": [4, 16], "uv_size": [0.25, 0.25]},
								"east": {"uv": [6, 14], "uv_size": [0.5, 0.25]},
								"south": {"uv": [16, 4], "uv_size": [0.25, 0.25]},
								"west": {"uv": [7, 14], "uv_size": [0.5, 0.25]},
								"up": {"uv": [8, 14], "uv_size": [0.25, 0.5]},
								"down": {"uv": [9, 14.5], "uv_size": [0.25, -0.5]}
							}
						},
						{
							"origin": [-1.05, -0.24973, -0.5],
							"size": [0.2, 0.09946, 0.5],
							"pivot": [-0.525, -0.2, -0.25],
							"rotation": [22.5, 0, 0],
							"uv": {
								"north": {"uv": [5, 16], "uv_size": [0.25, 0.25]},
								"east": {"uv": [10, 14], "uv_size": [0.5, 0.25]},
								"south": {"uv": [16, 5], "uv_size": [0.25, 0.25]},
								"west": {"uv": [11, 14], "uv_size": [0.5, 0.25]},
								"up": {"uv": [14, 11], "uv_size": [0.25, 0.5]},
								"down": {"uv": [12, 14.5], "uv_size": [0.25, -0.5]}
							}
						},
						{
							"origin": [-1.05, -0.24973, -0.5],
							"size": [0.2, 0.09946, 0.5],
							"uv": {
								"north": {"uv": [6, 16], "uv_size": [0.25, 0.25]},
								"east": {"uv": [13, 14], "uv_size": [0.5, 0.25]},
								"south": {"uv": [16, 6], "uv_size": [0.25, 0.25]},
								"west": {"uv": [14, 13], "uv_size": [0.5, 0.25]},
								"up": {"uv": [14, 14], "uv_size": [0.25, 0.5]},
								"down": {"uv": [0, 15.5], "uv_size": [0.25, -0.5]}
							}
						},
						{
							"origin": [-1.05, -0.24973, -0.5],
							"size": [0.2, 0.09946, 0.5],
							"pivot": [-0.525, -0.2, -0.25],
							"rotation": [-22.5, 0, 0],
							"uv": {
								"north": {"uv": [7, 16], "uv_size": [0.25, 0.25]},
								"east": {"uv": [1, 15], "uv_size": [0.5, 0.25]},
								"south": {"uv": [16, 7], "uv_size": [0.25, 0.25]},
								"west": {"uv": [2, 15], "uv_size": [0.5, 0.25]},
								"up": {"uv": [3, 15], "uv_size": [0.25, 0.5]},
								"down": {"uv": [4, 15.5], "uv_size": [0.25, -0.5]}
							}
						},
						{
							"origin": [-1.05, -0.24973, -0.5],
							"size": [0.2, 0.09946, 0.5],
							"pivot": [-0.525, -0.2, -0.25],
							"rotation": [-45, 0, 0],
							"uv": {
								"north": {"uv": [8, 16], "uv_size": [0.25, 0.25]},
								"east": {"uv": [5, 15], "uv_size": [0.5, 0.25]},
								"south": {"uv": [16, 8], "uv_size": [0.25, 0.25]},
								"west": {"uv": [6, 15], "uv_size": [0.5, 0.25]},
								"up": {"uv": [7, 15], "uv_size": [0.25, 0.5]},
								"down": {"uv": [8, 15.5], "uv_size": [0.25, -0.5]}
							}
						},
						{
							"origin": [-1.05, -0.45, -0.29973],
							"size": [0.2, 0.5, 0.09946],
							"pivot": [-0.525, -0.2, -0.25],
							"rotation": [22.5, 0, 0],
							"uv": {
								"north": {"uv": [9, 15], "uv_size": [0.25, 0.5]},
								"east": {"uv": [10, 15], "uv_size": [0.25, 0.5]},
								"south": {"uv": [15, 10], "uv_size": [0.25, 0.5]},
								"west": {"uv": [11, 15], "uv_size": [0.25, 0.5]},
								"up": {"uv": [9, 16], "uv_size": [0.25, 0.25]},
								"down": {"uv": [16, 9.25], "uv_size": [0.25, -0.25]}
							}
						},
						{
							"origin": [-1.05, -0.45, -0.29973],
							"size": [0.2, 0.5, 0.09946],
							"uv": {
								"north": {"uv": [15, 11], "uv_size": [0.25, 0.5]},
								"east": {"uv": [12, 15], "uv_size": [0.25, 0.5]},
								"south": {"uv": [15, 12], "uv_size": [0.25, 0.5]},
								"west": {"uv": [13, 15], "uv_size": [0.25, 0.5]},
								"up": {"uv": [10, 16], "uv_size": [0.25, 0.25]},
								"down": {"uv": [16, 10.25], "uv_size": [0.25, -0.25]}
							}
						},
						{
							"origin": [-1.05, -0.45, -0.29973],
							"size": [0.2, 0.5, 0.09946],
							"pivot": [-0.525, -0.2, -0.25],
							"rotation": [-22.5, 0, 0],
							"uv": {
								"north": {"uv": [15, 13], "uv_size": [0.25, 0.5]},
								"east": {"uv": [14, 15], "uv_size": [0.25, 0.5]},
								"south": {"uv": [15, 14], "uv_size": [0.25, 0.5]},
								"west": {"uv": [15, 15], "uv_size": [0.25, 0.5]},
								"up": {"uv": [11, 16], "uv_size": [0.25, 0.25]},
								"down": {"uv": [16, 11.25], "uv_size": [0.25, -0.25]}
							}
						}
					]
				},
				{
					"name": "bian",
					"parent": "sight_center",
					"pivot": [2.65, -6.2, -6.25],
					"cubes": [
						{
							"origin": [-1.125, -0.325, -0.525],
							"size": [0.325, 0.275, 0.05],
							"inflate": 0.003,
							"uv": {
								"north": {"uv": [12, 16], "uv_size": [0.25, 0.25]},
								"east": {"uv": [16, 12], "uv_size": [0.25, 0.25]},
								"south": {"uv": [13, 16], "uv_size": [0.25, 0.25]},
								"west": {"uv": [16, 13], "uv_size": [0.25, 0.25]},
								"up": {"uv": [14, 16], "uv_size": [0.25, 0.25]},
								"down": {"uv": [16, 14.25], "uv_size": [0.25, -0.25]}
							}
						},
						{
							"origin": [-1.125, -0.35, -0.05],
							"size": [0.325, 0.28, 0.05],
							"inflate": 0.003,
							"uv": {
								"north": {"uv": [15, 16], "uv_size": [0.25, 0.25]},
								"east": {"uv": [16, 15], "uv_size": [0.25, 0.25]},
								"south": {"uv": [16, 16], "uv_size": [0.25, 0.25]},
								"west": {"uv": [0, 17], "uv_size": [0.25, 0.25]},
								"up": {"uv": [1, 17], "uv_size": [0.25, 0.25]},
								"down": {"uv": [2, 17.25], "uv_size": [0.25, -0.25]}
							}
						},
						{
							"origin": [-1.125, -0.775, 0.375],
							"size": [0.325, 0.225, 0.05],
							"inflate": 0.002,
							"pivot": [-1.125, -0.9, -0.575],
							"rotation": [47.5, 0, 0],
							"uv": {
								"north": {"uv": [3, 17], "uv_size": [0.25, 0.25]},
								"east": {"uv": [4, 17], "uv_size": [0.25, 0.25]},
								"south": {"uv": [17, 4], "uv_size": [0.25, 0.25]},
								"west": {"uv": [5, 17], "uv_size": [0.25, 0.25]},
								"up": {"uv": [17, 5], "uv_size": [0.25, 0.25]},
								"down": {"uv": [6, 17.25], "uv_size": [0.25, -0.25]}
							}
						},
						{
							"origin": [-1.125, -1.125, 0.025],
							"size": [0.325, 0.225, 0.05],
							"inflate": 0.002,
							"pivot": [-1.125, -1.25, -0.925],
							"rotation": [47.5, 0, 0],
							"uv": {
								"north": {"uv": [17, 6], "uv_size": [0.25, 0.25]},
								"east": {"uv": [7, 17], "uv_size": [0.25, 0.25]},
								"south": {"uv": [17, 7], "uv_size": [0.25, 0.25]},
								"west": {"uv": [8, 17], "uv_size": [0.25, 0.25]},
								"up": {"uv": [17, 8], "uv_size": [0.25, 0.25]},
								"down": {"uv": [9, 17.25], "uv_size": [0.25, -0.25]}
							}
						},
						{
							"origin": [-1.125, 0.685, -0.325],
							"size": [0.325, 0.2, 0.05],
							"inflate": 0.002,
							"pivot": [-1.125, 0.55, -1.275],
							"rotation": [-47.5, 0, 0],
							"uv": {
								"north": {"uv": [17, 9], "uv_size": [0.25, 0.25]},
								"east": {"uv": [10, 17], "uv_size": [0.25, 0.25]},
								"south": {"uv": [17, 10], "uv_size": [0.25, 0.25]},
								"west": {"uv": [11, 17], "uv_size": [0.25, 0.25]},
								"up": {"uv": [17, 11], "uv_size": [0.25, 0.25]},
								"down": {"uv": [12, 17.25], "uv_size": [0.25, -0.25]}
							}
						},
						{
							"origin": [-1.125, 0.31, 0.025],
							"size": [0.325, 0.2, 0.05],
							"inflate": 0.002,
							"pivot": [-1.125, 0.175, -0.925],
							"rotation": [-47.5, 0, 0],
							"uv": {
								"north": {"uv": [17, 12], "uv_size": [0.25, 0.25]},
								"east": {"uv": [13, 17], "uv_size": [0.25, 0.25]},
								"south": {"uv": [17, 13], "uv_size": [0.25, 0.25]},
								"west": {"uv": [14, 17], "uv_size": [0.25, 0.25]},
								"up": {"uv": [17, 14], "uv_size": [0.25, 0.25]},
								"down": {"uv": [15, 17.25], "uv_size": [0.25, -0.25]}
							}
						},
						{
							"origin": [-1.125, -0.8, 0.925],
							"size": [0.325, 0.23, 0.05],
							"inflate": 0.003,
							"pivot": [-1.125, -0.925, -0.025],
							"rotation": [90, 0, 0],
							"uv": {
								"north": {"uv": [17, 15], "uv_size": [0.25, 0.25]},
								"east": {"uv": [16, 17], "uv_size": [0.25, 0.25]},
								"south": {"uv": [17, 16], "uv_size": [0.25, 0.25]},
								"west": {"uv": [17, 17], "uv_size": [0.25, 0.25]},
								"up": {"uv": [0, 18], "uv_size": [0.25, 0.25]},
								"down": {"uv": [1, 18.25], "uv_size": [0.25, -0.25]}
							}
						},
						{
							"origin": [-1.125, -1.3, 0.925],
							"size": [0.325, 0.23, 0.05],
							"inflate": 0.003,
							"pivot": [-1.125, -1.425, -0.025],
							"rotation": [90, 0, 0],
							"uv": {
								"north": {"uv": [2, 18], "uv_size": [0.25, 0.25]},
								"east": {"uv": [3, 18], "uv_size": [0.25, 0.25]},
								"south": {"uv": [4, 18], "uv_size": [0.25, 0.25]},
								"west": {"uv": [18, 4], "uv_size": [0.25, 0.25]},
								"up": {"uv": [5, 18], "uv_size": [0.25, 0.25]},
								"down": {"uv": [18, 5.25], "uv_size": [0.25, -0.25]}
							}
						}
					]
				},
				{
					"name": "light_illuminated",
					"parent": "sight",
					"pivot": [0, 0.025, -1.25],
					"cubes": [
						{
							"origin": [-56.5, -0.225, -0.3],
							"size": [55.45, 0.05, 0.05],
							"uv": {
								"north": {"uv": [0, 0], "uv_size": [55.5, 0.25]},
								"east": {"uv": [6, 18], "uv_size": [0.25, 0.25]},
								"south": {"uv": [0, 1], "uv_size": [55.5, 0.25]},
								"west": {"uv": [18, 6], "uv_size": [0.25, 0.25]},
								"up": {"uv": [0, 2], "uv_size": [55.5, 0.25]},
								"down": {"uv": [0, 3.25], "uv_size": [55.5, -0.25]}
							}
						}
					]
				},
				{
					"name": "select",
					"parent": "body",
					"pivot": [3.625, -0.275, -3.15],
					"rotation": [45, 0, 0],
					"cubes": [
						{
							"origin": [1.65, -0.275, -2.35],
							"size": [0.375, 0.025, 0.1],
							"inflate": 0.001,
							"pivot": [3, -1.875, -1.325],
							"rotation": [0, -34.75, 0],
							"uv": {
								"north": {"uv": [0, 16], "uv_size": [0.5, 0.25]},
								"east": {"uv": [7, 18], "uv_size": [0.25, 0.25]},
								"south": {"uv": [1, 16], "uv_size": [0.5, 0.25]},
								"west": {"uv": [18, 7], "uv_size": [0.25, 0.25]},
								"up": {"uv": [2, 16], "uv_size": [0.5, 0.25]},
								"down": {"uv": [3, 16.25], "uv_size": [0.5, -0.25]}
							}
						},
						{
							"origin": [1.85, -0.275, -2.375],
							"size": [0.175, 0.05, 0.07],
							"inflate": 0.001,
							"pivot": [2.95, -1.875, -1.375],
							"rotation": [0, -34.75, 0],
							"uv": {
								"north": {"uv": [8, 18], "uv_size": [0.25, 0.25]},
								"east": {"uv": [18, 8], "uv_size": [0.25, 0.25]},
								"south": {"uv": [9, 18], "uv_size": [0.25, 0.25]},
								"west": {"uv": [18, 9], "uv_size": [0.25, 0.25]},
								"up": {"uv": [10, 18], "uv_size": [0.25, 0.25]},
								"down": {"uv": [18, 10.25], "uv_size": [0.25, -0.25]}
							}
						}
					]
				}
			]
		}
	]
}