{
	"format_version": "1.12.0",
	"minecraft:geometry": [
		{
			"description": {
				"identifier": "geometry.g28compensator",
				"texture_width": 32,
				"texture_height": 32,
				"visible_bounds_width": 2,
				"visible_bounds_height": 1.5,
				"visible_bounds_offset": [0, 0.25, 0]
			},
			"bones": [
				{
					"name": "g28compensator",
					"pivot": [0, 0, 0],
					"cubes": [
						{
							"origin": [-0.20711, -0.5, -0.5],
							"size": [0.41422, 1, 0.5],
							"pivot": [0, 0, -0.5],
							"rotation": [0, 0, 45],
							"uv": {
								"north": {"uv": [5, 9], "uv_size": [0.5, 1]},
								"south": {"uv": [16, 4], "uv_size": [0.5, 1]},
								"up": {"uv": [21, 22], "uv_size": [0.5, 0.5]},
								"down": {"uv": [22, 21.5], "uv_size": [0.5, -0.5]}
							}
						},
						{
							"origin": [-0.20711, -0.5, -0.5],
							"size": [0.41422, 1, 0.5],
							"uv": {
								"north": {"uv": [16, 21], "uv_size": [0.5, 1]},
								"south": {"uv": [21, 16], "uv_size": [0.5, 1]},
								"up": {"uv": [22, 22], "uv_size": [0.5, 0.5]},
								"down": {"uv": [0, 23.5], "uv_size": [0.5, -0.5]}
							}
						},
						{
							"origin": [-0.5, -0.20711, -0.5],
							"size": [1, 0.41422, 0.5],
							"pivot": [0, 0, -0.5],
							"rotation": [0, 0, 45],
							"uv": {
								"north": {"uv": [17, 21], "uv_size": [1, 0.5]},
								"east": {"uv": [23, 0], "uv_size": [0.5, 0.5]},
								"south": {"uv": [21, 17], "uv_size": [1, 0.5]},
								"west": {"uv": [1, 23], "uv_size": [0.5, 0.5]}
							}
						},
						{
							"origin": [-0.5, -0.20711, -0.5],
							"size": [1, 0.41422, 0.5],
							"uv": {
								"north": {"uv": [18, 21], "uv_size": [1, 0.5]},
								"east": {"uv": [23, 1], "uv_size": [0.5, 0.5]},
								"south": {"uv": [21, 18], "uv_size": [1, 0.5]},
								"west": {"uv": [2, 23], "uv_size": [0.5, 0.5]}
							}
						},
						{
							"origin": [-0.625, -0.18566, -1.6875],
							"size": [1.25, 0.37132, 1.1875],
							"uv": {
								"north": {"uv": [19, 6], "uv_size": [1.5, 0.5]},
								"east": {"uv": [21, 19], "uv_size": [1, 0.5]},
								"south": {"uv": [7, 19], "uv_size": [1.5, 0.5]},
								"west": {"uv": [21, 20], "uv_size": [1, 0.5]},
								"up": {"uv": [2, 8], "uv_size": [1.5, 1]},
								"down": {"uv": [8, 3], "uv_size": [1.5, -1]}
							}
						},
						{
							"origin": [-0.75, -0.18566, -1.6875],
							"size": [1.5, 0.37132, 1.1875],
							"pivot": [0, 0, -1],
							"rotation": [0, 0, 30],
							"uv": {
								"north": {"uv": [19, 7], "uv_size": [1.5, 0.5]},
								"east": {"uv": [21, 21], "uv_size": [1, 0.5]},
								"south": {"uv": [9, 19], "uv_size": [1.5, 0.5]},
								"west": {"uv": [0, 22], "uv_size": [1, 0.5]},
								"up": {"uv": [8, 3], "uv_size": [1.5, 1]},
								"down": {"uv": [4, 9], "uv_size": [1.5, -1]}
							}
						},
						{
							"origin": [-0.18566, -0.625, -1.6875],
							"size": [0.37132, 1.25, 1.1875],
							"pivot": [0, 0, -1],
							"rotation": [0, 0, 30],
							"uv": {
								"north": {"uv": [11, 19], "uv_size": [0.5, 1.5]},
								"east": {"uv": [6, 8], "uv_size": [1, 1.5]},
								"south": {"uv": [12, 19], "uv_size": [0.5, 1.5]},
								"west": {"uv": [0, 9], "uv_size": [1, 1.5]},
								"up": {"uv": [22, 0], "uv_size": [0.5, 1]},
								"down": {"uv": [1, 23], "uv_size": [0.5, -1]}
							}
						},
						{
							"origin": [-0.18566, -0.75, -1.6875],
							"size": [0.37132, 1.5, 1.1875],
							"pivot": [0, 0, -0.75],
							"rotation": [0, 0, 60],
							"uv": {
								"north": {"uv": [13, 19], "uv_size": [0.5, 1.5]},
								"east": {"uv": [1, 9], "uv_size": [1, 1.5]},
								"south": {"uv": [19, 13], "uv_size": [0.5, 1.5]},
								"west": {"uv": [2, 9], "uv_size": [1, 1.5]},
								"up": {"uv": [22, 1], "uv_size": [0.5, 1]},
								"down": {"uv": [2, 23], "uv_size": [0.5, -1]}
							}
						},
						{
							"origin": [-0.75, -0.18566, -1.6875],
							"size": [1.5, 0.37132, 1.1875],
							"pivot": [0, 0, -1],
							"rotation": [0, 0, 90],
							"uv": {
								"north": {"uv": [14, 19], "uv_size": [1.5, 0.5]},
								"east": {"uv": [22, 2], "uv_size": [1, 0.5]},
								"south": {"uv": [19, 15], "uv_size": [1.5, 0.5]},
								"west": {"uv": [3, 22], "uv_size": [1, 0.5]},
								"up": {"uv": [8, 4], "uv_size": [1.5, 1]},
								"down": {"uv": [3, 10], "uv_size": [1.5, -1]}
							}
						},
						{
							"origin": [-0.625, -0.18566, -1.6875],
							"size": [1.25, 0.37132, 1.1875],
							"pivot": [0, 0, -0.75],
							"rotation": [0, 0, 60],
							"uv": {
								"north": {"uv": [19, 16], "uv_size": [1.5, 0.5]},
								"east": {"uv": [22, 3], "uv_size": [1, 0.5]},
								"south": {"uv": [19, 17], "uv_size": [1.5, 0.5]},
								"west": {"uv": [22, 4], "uv_size": [1, 0.5]},
								"up": {"uv": [9, 5], "uv_size": [1.5, 1]},
								"down": {"uv": [7, 10], "uv_size": [1.5, -1]}
							}
						},
						{
							"origin": [-1, 0.4, -4.4375],
							"size": [2, 0.3875, 2.625],
							"uv": {
								"north": {"uv": [16, 6], "uv_size": [2, 0.5]},
								"east": {"uv": [7, 18], "uv_size": [2.5, 0.5]},
								"south": {"uv": [0, 19], "uv_size": [2, 0.5]},
								"west": {"uv": [18, 8], "uv_size": [2.5, 0.5]},
								"up": {"uv": [0, 0], "uv_size": [2, 2.5]},
								"down": {"uv": [2, 2.5], "uv_size": [2, -2.5]}
							}
						},
						{
							"origin": [-1, 0.2375, -4.4375],
							"size": [2, 0.1625, 2.625],
							"inflate": 0.001,
							"uv": {
								"north": {"uv": [2, 19], "uv_size": [2, 0.5]},
								"east": {"uv": [18, 10], "uv_size": [2.5, 0.5]},
								"south": {"uv": [19, 2], "uv_size": [2, 0.5]},
								"west": {"uv": [18, 11], "uv_size": [2.5, 0.5]},
								"up": {"uv": [4, 0], "uv_size": [2, 2.5]},
								"down": {"uv": [4, 5.5], "uv_size": [2, -2.5]}
							}
						},
						{
							"origin": [-0.45, -0.4, -4.4375],
							"size": [0.125, 0.8, 2.625],
							"inflate": 0.002,
							"uv": {
								"north": {"uv": [19, 22], "uv_size": [0.5, 1]},
								"east": {"uv": [4, 6], "uv_size": [2.5, 1]},
								"south": {"uv": [22, 19], "uv_size": [0.5, 1]},
								"west": {"uv": [6, 5], "uv_size": [2.5, 1]},
								"up": {"uv": [18, 13], "uv_size": [0.5, 2.5]},
								"down": {"uv": [16, 20.5], "uv_size": [0.5, -2.5]}
							}
						},
						{
							"origin": [-1.0375, -0.7875, -4.4375],
							"size": [2.05, 1.575, 0.1375],
							"inflate": 0.004,
							"uv": {
								"north": {"uv": [2, 6], "uv_size": [2, 1.5]},
								"east": {"uv": [13, 21], "uv_size": [0.5, 1.5]},
								"south": {"uv": [6, 3], "uv_size": [2, 1.5]},
								"west": {"uv": [21, 14], "uv_size": [0.5, 1.5]},
								"up": {"uv": [19, 4], "uv_size": [2, 0.5]},
								"down": {"uv": [19, 5.5], "uv_size": [2, -0.5]}
							}
						},
						{
							"origin": [0.3375, -0.4, -4.4375],
							"size": [0.1, 0.8, 2.625],
							"inflate": 0.002,
							"uv": {
								"north": {"uv": [20, 22], "uv_size": [0.5, 1]},
								"east": {"uv": [4, 7], "uv_size": [2.5, 1]},
								"south": {"uv": [22, 20], "uv_size": [0.5, 1]},
								"west": {"uv": [7, 6], "uv_size": [2.5, 1]},
								"up": {"uv": [18, 16], "uv_size": [0.5, 2.5]},
								"down": {"uv": [17, 20.5], "uv_size": [0.5, -2.5]}
							}
						},
						{
							"origin": [-1, -0.4, -4.4375],
							"size": [2, 0.1625, 2.625],
							"inflate": 0.001,
							"uv": {
								"north": {"uv": [19, 3], "uv_size": [2, 0.5]},
								"east": {"uv": [18, 12], "uv_size": [2.5, 0.5]},
								"south": {"uv": [4, 19], "uv_size": [2, 0.5]},
								"west": {"uv": [13, 18], "uv_size": [2.5, 0.5]},
								"up": {"uv": [0, 6], "uv_size": [2, 2.5]},
								"down": {"uv": [6, 2.5], "uv_size": [2, -2.5]}
							}
						},
						{
							"origin": [-1, -0.7875, -4.4375],
							"size": [2, 0.3875, 2.475],
							"uv": {
								"north": {"uv": [19, 0], "uv_size": [2, 0.5]},
								"east": {"uv": [18, 9], "uv_size": [2.5, 0.5]},
								"south": {"uv": [19, 1], "uv_size": [2, 0.5]},
								"west": {"uv": [10, 18], "uv_size": [2.5, 0.5]},
								"up": {"uv": [0, 3], "uv_size": [2, 2.5]},
								"down": {"uv": [2, 5.5], "uv_size": [2, -2.5]}
							}
						},
						{
							"origin": [-0.2875, -0.775, -1.6125],
							"size": [1.075, 1.5625, 0.35],
							"inflate": 0.001,
							"pivot": [-0.275, -0.4, -2.125],
							"rotation": [0, 27.5, 0],
							"uv": {
								"north": {"uv": [6, 16], "uv_size": [1, 1.5]},
								"east": {"uv": [18, 19], "uv_size": [0.5, 1.5]},
								"south": {"uv": [7, 16], "uv_size": [1, 1.5]},
								"west": {"uv": [19, 18], "uv_size": [0.5, 1.5]},
								"up": {"uv": [22, 5], "uv_size": [1, 0.5]},
								"down": {"uv": [22, 6.5], "uv_size": [1, -0.5]}
							}
						},
						{
							"origin": [-0.2875, -0.775, -2.1375],
							"size": [1.075, 1.5625, 0.1625],
							"inflate": 0.001,
							"pivot": [-0.275, -0.4, -2.8375],
							"rotation": [0, 27.5, 0],
							"uv": {
								"north": {"uv": [14, 16], "uv_size": [1, 1.5]},
								"east": {"uv": [20, 20], "uv_size": [0.5, 1.5]},
								"south": {"uv": [15, 16], "uv_size": [1, 1.5]},
								"west": {"uv": [21, 0], "uv_size": [0.5, 1.5]},
								"up": {"uv": [22, 10], "uv_size": [1, 0.5]},
								"down": {"uv": [22, 11.5], "uv_size": [1, -0.5]}
							}
						},
						{
							"origin": [-0.2875, -0.775, -2.725],
							"size": [1.075, 1.5625, 0.1625],
							"inflate": 0.001,
							"pivot": [-0.275, -0.4, -3.425],
							"rotation": [0, 27.5, 0],
							"uv": {
								"north": {"uv": [16, 16], "uv_size": [1, 1.5]},
								"east": {"uv": [21, 2], "uv_size": [0.5, 1.5]},
								"south": {"uv": [0, 17], "uv_size": [1, 1.5]},
								"west": {"uv": [4, 21], "uv_size": [0.5, 1.5]},
								"up": {"uv": [22, 12], "uv_size": [1, 0.5]},
								"down": {"uv": [22, 13.5], "uv_size": [1, -0.5]}
							}
						},
						{
							"origin": [-0.2875, -0.775, -3.3125],
							"size": [1.075, 1.5625, 0.1625],
							"inflate": 0.001,
							"pivot": [-0.275, -0.4, -4.0125],
							"rotation": [0, 27.5, 0],
							"uv": {
								"north": {"uv": [17, 4], "uv_size": [1, 1.5]},
								"east": {"uv": [7, 21], "uv_size": [0.5, 1.5]},
								"south": {"uv": [5, 17], "uv_size": [1, 1.5]},
								"west": {"uv": [21, 8], "uv_size": [0.5, 1.5]},
								"up": {"uv": [16, 22], "uv_size": [1, 0.5]},
								"down": {"uv": [22, 16.5], "uv_size": [1, -0.5]}
							}
						},
						{
							"origin": [-0.2875, -0.775, -3.8625],
							"size": [1.075, 1.5625, 0.1625],
							"inflate": 0.001,
							"pivot": [-0.275, -0.4, -4.5625],
							"rotation": [0, 27.5, 0],
							"uv": {
								"north": {"uv": [17, 16], "uv_size": [1, 1.5]},
								"east": {"uv": [21, 10], "uv_size": [0.5, 1.5]},
								"south": {"uv": [18, 4], "uv_size": [1, 1.5]},
								"west": {"uv": [11, 21], "uv_size": [0.5, 1.5]},
								"up": {"uv": [17, 22], "uv_size": [1, 0.5]},
								"down": {"uv": [22, 17.5], "uv_size": [1, -0.5]}
							}
						},
						{
							"origin": [-0.6625, -0.775, -2.1],
							"size": [1.075, 1.5625, 0.35],
							"inflate": 0.001,
							"pivot": [-0.65, -0.4, -2.6125],
							"rotation": [0, -27.5, 0],
							"uv": {
								"north": {"uv": [8, 16], "uv_size": [1, 1.5]},
								"east": {"uv": [0, 20], "uv_size": [0.5, 1.5]},
								"south": {"uv": [9, 16], "uv_size": [1, 1.5]},
								"west": {"uv": [1, 20], "uv_size": [0.5, 1.5]},
								"up": {"uv": [22, 7], "uv_size": [1, 0.5]},
								"down": {"uv": [8, 22.5], "uv_size": [1, -0.5]}
							}
						},
						{
							"origin": [-0.6625, -0.775, -3.2125],
							"size": [1.075, 1.5625, 0.1625],
							"inflate": 0.001,
							"pivot": [-0.65, -0.4, -3.9125],
							"rotation": [0, -27.5, 0],
							"uv": {
								"north": {"uv": [12, 16], "uv_size": [1, 1.5]},
								"east": {"uv": [20, 18], "uv_size": [0.5, 1.5]},
								"south": {"uv": [13, 16], "uv_size": [1, 1.5]},
								"west": {"uv": [19, 20], "uv_size": [0.5, 1.5]},
								"up": {"uv": [22, 9], "uv_size": [1, 0.5]},
								"down": {"uv": [10, 22.5], "uv_size": [1, -0.5]}
							}
						},
						{
							"origin": [-0.6625, -0.775, -3.8],
							"size": [1.075, 1.5625, 0.1625],
							"inflate": 0.001,
							"pivot": [-0.65, -0.4, -4.5],
							"rotation": [0, -27.5, 0],
							"uv": {
								"north": {"uv": [3, 17], "uv_size": [1, 1.5]},
								"east": {"uv": [6, 21], "uv_size": [0.5, 1.5]},
								"south": {"uv": [4, 17], "uv_size": [1, 1.5]},
								"west": {"uv": [21, 6], "uv_size": [0.5, 1.5]},
								"up": {"uv": [15, 22], "uv_size": [1, 0.5]},
								"down": {"uv": [22, 15.5], "uv_size": [1, -0.5]}
							}
						},
						{
							"origin": [-0.6625, -0.775, -4.35],
							"size": [1.075, 1.5625, 0.1625],
							"inflate": 0.001,
							"pivot": [-0.65, -0.4, -5.05],
							"rotation": [0, -27.5, 0],
							"uv": {
								"north": {"uv": [6, 18], "uv_size": [1, 1.5]},
								"east": {"uv": [12, 21], "uv_size": [0.5, 1.5]},
								"south": {"uv": [18, 6], "uv_size": [1, 1.5]},
								"west": {"uv": [21, 12], "uv_size": [0.5, 1.5]},
								"up": {"uv": [18, 22], "uv_size": [1, 0.5]},
								"down": {"uv": [22, 18.5], "uv_size": [1, -0.5]}
							}
						},
						{
							"origin": [-0.6625, -0.775, -2.625],
							"size": [1.075, 1.5625, 0.1625],
							"inflate": 0.001,
							"pivot": [-0.65, -0.4, -3.325],
							"rotation": [0, -27.5, 0],
							"uv": {
								"north": {"uv": [1, 17], "uv_size": [1, 1.5]},
								"east": {"uv": [21, 4], "uv_size": [0.5, 1.5]},
								"south": {"uv": [2, 17], "uv_size": [1, 1.5]},
								"west": {"uv": [5, 21], "uv_size": [0.5, 1.5]},
								"up": {"uv": [14, 22], "uv_size": [1, 0.5]},
								"down": {"uv": [22, 14.5], "uv_size": [1, -0.5]}
							}
						},
						{
							"origin": [-0.65, -0.775, -2.025],
							"size": [1.525, 1.5625, 0.275],
							"inflate": 0.002,
							"uv": {
								"north": {"uv": [7, 7], "uv_size": [1.5, 1.5]},
								"east": {"uv": [2, 20], "uv_size": [0.5, 1.5]},
								"south": {"uv": [8, 0], "uv_size": [1.5, 1.5]},
								"west": {"uv": [3, 20], "uv_size": [0.5, 1.5]},
								"up": {"uv": [4, 20], "uv_size": [1.5, 0.5]},
								"down": {"uv": [6, 20.5], "uv_size": [1.5, -0.5]}
							}
						},
						{
							"origin": [-0.5125, -0.775, -1.75],
							"size": [1.0625, 1.5625, 0.1625],
							"inflate": 0.002,
							"uv": {
								"north": {"uv": [10, 16], "uv_size": [1, 1.5]},
								"east": {"uv": [8, 20], "uv_size": [0.5, 1.5]},
								"south": {"uv": [11, 16], "uv_size": [1, 1.5]},
								"west": {"uv": [9, 20], "uv_size": [0.5, 1.5]},
								"up": {"uv": [22, 8], "uv_size": [1, 0.5]},
								"down": {"uv": [9, 22.5], "uv_size": [1, -0.5]}
							}
						},
						{
							"origin": [-0.25, -0.775, -1.6],
							"size": [0.5125, 1.5625, 0.1625],
							"inflate": 0.002,
							"uv": {
								"north": {"uv": [10, 20], "uv_size": [0.5, 1.5]},
								"east": {"uv": [20, 13], "uv_size": [0.5, 1.5]},
								"south": {"uv": [14, 20], "uv_size": [0.5, 1.5]},
								"west": {"uv": [15, 20], "uv_size": [0.5, 1.5]},
								"up": {"uv": [23, 18], "uv_size": [0.5, 0.5]},
								"down": {"uv": [19, 23.5], "uv_size": [0.5, -0.5]}
							}
						}
					]
				},
				{
					"name": "hexadecagon",
					"parent": "g28compensator",
					"pivot": [-6.0125, -6, -9.45],
					"rotation": [0, 90, 0],
					"cubes": [
						{
							"origin": [-14.0125, -0.07956, -3.85],
							"size": [3.0875, 0.15913, 0.1],
							"inflate": 0.003,
							"pivot": [-12.0125, 0, -3.45],
							"rotation": [45, 0, 0],
							"uv": {
								"north": {"uv": [9, 7], "uv_size": [3, 0.5]},
								"east": {"uv": [23, 2], "uv_size": [0.5, 0.5]},
								"south": {"uv": [9, 8], "uv_size": [3, 0.5]},
								"west": {"uv": [3, 23], "uv_size": [0.5, 0.5]},
								"up": {"uv": [9, 9], "uv_size": [3, 0.5]},
								"down": {"uv": [10, 0.5], "uv_size": [3, -0.5]}
							}
						},
						{
							"origin": [-14.0125, -0.07956, -3.85],
							"size": [3.0875, 0.15913, 0.1],
							"inflate": 0.003,
							"pivot": [-12.0125, 0, -3.45],
							"rotation": [22.5, 0, 0],
							"uv": {
								"north": {"uv": [10, 1], "uv_size": [3, 0.5]},
								"east": {"uv": [23, 3], "uv_size": [0.5, 0.5]},
								"south": {"uv": [10, 2], "uv_size": [3, 0.5]},
								"west": {"uv": [4, 23], "uv_size": [0.5, 0.5]},
								"up": {"uv": [3, 10], "uv_size": [3, 0.5]},
								"down": {"uv": [10, 3.5], "uv_size": [3, -0.5]}
							}
						},
						{
							"origin": [-14.0125, -0.07956, -3.85],
							"size": [3.0875, 0.15913, 0.1],
							"inflate": 0.003,
							"uv": {
								"north": {"uv": [10, 4], "uv_size": [3, 0.5]},
								"east": {"uv": [23, 4], "uv_size": [0.5, 0.5]},
								"south": {"uv": [6, 10], "uv_size": [3, 0.5]},
								"west": {"uv": [5, 23], "uv_size": [0.5, 0.5]},
								"up": {"uv": [10, 6], "uv_size": [3, 0.5]},
								"down": {"uv": [9, 10.5], "uv_size": [3, -0.5]}
							}
						},
						{
							"origin": [-14.0125, -0.07956, -3.85],
							"size": [3.0875, 0.15913, 0.1],
							"inflate": 0.003,
							"pivot": [-12.0125, 0, -3.45],
							"rotation": [-22.5, 0, 0],
							"uv": {
								"north": {"uv": [0, 11], "uv_size": [3, 0.5]},
								"east": {"uv": [23, 5], "uv_size": [0.5, 0.5]},
								"south": {"uv": [3, 11], "uv_size": [3, 0.5]},
								"west": {"uv": [6, 23], "uv_size": [0.5, 0.5]},
								"up": {"uv": [11, 5], "uv_size": [3, 0.5]},
								"down": {"uv": [6, 11.5], "uv_size": [3, -0.5]}
							}
						},
						{
							"origin": [-14.0125, -0.07956, -3.85],
							"size": [3.0875, 0.15913, 0.1],
							"inflate": 0.003,
							"pivot": [-12.0125, 0, -3.45],
							"rotation": [-45, 0, 0],
							"uv": {
								"north": {"uv": [9, 11], "uv_size": [3, 0.5]},
								"east": {"uv": [23, 6], "uv_size": [0.5, 0.5]},
								"south": {"uv": [0, 12], "uv_size": [3, 0.5]},
								"west": {"uv": [7, 23], "uv_size": [0.5, 0.5]},
								"up": {"uv": [3, 12], "uv_size": [3, 0.5]},
								"down": {"uv": [6, 12.5], "uv_size": [3, -0.5]}
							}
						},
						{
							"origin": [-14.0125, -0.07956, -3.15],
							"size": [3.0875, 0.15913, 0.1],
							"inflate": 0.003,
							"pivot": [-12.0125, 0, -3.45],
							"rotation": [45, 0, 0],
							"uv": {
								"north": {"uv": [12, 7], "uv_size": [3, 0.5]},
								"east": {"uv": [23, 7], "uv_size": [0.5, 0.5]},
								"south": {"uv": [12, 8], "uv_size": [3, 0.5]},
								"west": {"uv": [8, 23], "uv_size": [0.5, 0.5]},
								"up": {"uv": [9, 12], "uv_size": [3, 0.5]},
								"down": {"uv": [12, 9.5], "uv_size": [3, -0.5]}
							}
						},
						{
							"origin": [-14.0125, -0.07956, -3.15],
							"size": [3.0875, 0.15913, 0.1],
							"inflate": 0.003,
							"pivot": [-12.0125, 0, -3.45],
							"rotation": [22.5, 0, 0],
							"uv": {
								"north": {"uv": [12, 10], "uv_size": [3, 0.5]},
								"east": {"uv": [23, 8], "uv_size": [0.5, 0.5]},
								"south": {"uv": [12, 11], "uv_size": [3, 0.5]},
								"west": {"uv": [9, 23], "uv_size": [0.5, 0.5]},
								"up": {"uv": [12, 12], "uv_size": [3, 0.5]},
								"down": {"uv": [0, 13.5], "uv_size": [3, -0.5]}
							}
						},
						{
							"origin": [-14.0125, -0.07956, -3.15],
							"size": [3.0875, 0.15913, 0.1],
							"inflate": 0.003,
							"uv": {
								"north": {"uv": [13, 0], "uv_size": [3, 0.5]},
								"east": {"uv": [23, 9], "uv_size": [0.5, 0.5]},
								"south": {"uv": [13, 1], "uv_size": [3, 0.5]},
								"west": {"uv": [10, 23], "uv_size": [0.5, 0.5]},
								"up": {"uv": [13, 2], "uv_size": [3, 0.5]},
								"down": {"uv": [3, 13.5], "uv_size": [3, -0.5]}
							}
						},
						{
							"origin": [-14.0125, -0.07956, -3.15],
							"size": [3.0875, 0.15913, 0.1],
							"inflate": 0.003,
							"pivot": [-12.0125, 0, -3.45],
							"rotation": [-22.5, 0, 0],
							"uv": {
								"north": {"uv": [13, 3], "uv_size": [3, 0.5]},
								"east": {"uv": [23, 10], "uv_size": [0.5, 0.5]},
								"south": {"uv": [13, 4], "uv_size": [3, 0.5]},
								"west": {"uv": [11, 23], "uv_size": [0.5, 0.5]},
								"up": {"uv": [6, 13], "uv_size": [3, 0.5]},
								"down": {"uv": [13, 6.5], "uv_size": [3, -0.5]}
							}
						},
						{
							"origin": [-14.0125, -0.07956, -3.15],
							"size": [3.0875, 0.15913, 0.1],
							"inflate": 0.003,
							"pivot": [-12.0125, 0, -3.45],
							"rotation": [-45, 0, 0],
							"uv": {
								"north": {"uv": [9, 13], "uv_size": [3, 0.5]},
								"east": {"uv": [23, 11], "uv_size": [0.5, 0.5]},
								"south": {"uv": [12, 13], "uv_size": [3, 0.5]},
								"west": {"uv": [12, 23], "uv_size": [0.5, 0.5]},
								"up": {"uv": [0, 14], "uv_size": [3, 0.5]},
								"down": {"uv": [3, 14.5], "uv_size": [3, -0.5]}
							}
						},
						{
							"origin": [-14.0125, -0.4, -3.52956],
							"size": [3.0875, 0.1, 0.15913],
							"inflate": 0.003,
							"pivot": [-12.0125, 0, -3.45],
							"rotation": [22.5, 0, 0],
							"uv": {
								"north": {"uv": [14, 5], "uv_size": [3, 0.5]},
								"east": {"uv": [23, 12], "uv_size": [0.5, 0.5]},
								"south": {"uv": [6, 14], "uv_size": [3, 0.5]},
								"west": {"uv": [13, 23], "uv_size": [0.5, 0.5]},
								"up": {"uv": [9, 14], "uv_size": [3, 0.5]},
								"down": {"uv": [12, 14.5], "uv_size": [3, -0.5]}
							}
						},
						{
							"origin": [-14.0125, -0.4, -3.52956],
							"size": [3.0875, 0.1, 0.15913],
							"inflate": 0.003,
							"uv": {
								"north": {"uv": [0, 15], "uv_size": [3, 0.5]},
								"east": {"uv": [23, 13], "uv_size": [0.5, 0.5]},
								"south": {"uv": [3, 15], "uv_size": [3, 0.5]},
								"west": {"uv": [14, 23], "uv_size": [0.5, 0.5]},
								"up": {"uv": [6, 15], "uv_size": [3, 0.5]},
								"down": {"uv": [15, 7.5], "uv_size": [3, -0.5]}
							}
						},
						{
							"origin": [-14.0125, -0.4, -3.52956],
							"size": [3.0875, 0.1, 0.15913],
							"inflate": 0.003,
							"pivot": [-12.0125, 0, -3.45],
							"rotation": [-22.5, 0, 0],
							"uv": {
								"north": {"uv": [15, 8], "uv_size": [3, 0.5]},
								"east": {"uv": [23, 14], "uv_size": [0.5, 0.5]},
								"south": {"uv": [9, 15], "uv_size": [3, 0.5]},
								"west": {"uv": [15, 23], "uv_size": [0.5, 0.5]},
								"up": {"uv": [15, 9], "uv_size": [3, 0.5]},
								"down": {"uv": [15, 10.5], "uv_size": [3, -0.5]}
							}
						},
						{
							"origin": [-14.0125, 0.3, -3.52956],
							"size": [3.0875, 0.1, 0.15913],
							"inflate": 0.003,
							"pivot": [-12.0125, 0, -3.45],
							"rotation": [22.5, 0, 0],
							"uv": {
								"north": {"uv": [15, 11], "uv_size": [3, 0.5]},
								"east": {"uv": [23, 15], "uv_size": [0.5, 0.5]},
								"south": {"uv": [12, 15], "uv_size": [3, 0.5]},
								"west": {"uv": [16, 23], "uv_size": [0.5, 0.5]},
								"up": {"uv": [15, 12], "uv_size": [3, 0.5]},
								"down": {"uv": [15, 13.5], "uv_size": [3, -0.5]}
							}
						},
						{
							"origin": [-14.0125, 0.3, -3.52956],
							"size": [3.0875, 0.1, 0.15913],
							"inflate": 0.003,
							"uv": {
								"north": {"uv": [15, 14], "uv_size": [3, 0.5]},
								"east": {"uv": [23, 16], "uv_size": [0.5, 0.5]},
								"south": {"uv": [15, 15], "uv_size": [3, 0.5]},
								"west": {"uv": [17, 23], "uv_size": [0.5, 0.5]},
								"up": {"uv": [0, 16], "uv_size": [3, 0.5]},
								"down": {"uv": [16, 0.5], "uv_size": [3, -0.5]}
							}
						},
						{
							"origin": [-14.0125, 0.3, -3.52956],
							"size": [3.0875, 0.1, 0.15913],
							"inflate": 0.003,
							"pivot": [-12.0125, 0, -3.45],
							"rotation": [-22.5, 0, 0],
							"uv": {
								"north": {"uv": [16, 1], "uv_size": [3, 0.5]},
								"east": {"uv": [23, 17], "uv_size": [0.5, 0.5]},
								"south": {"uv": [16, 2], "uv_size": [3, 0.5]},
								"west": {"uv": [18, 23], "uv_size": [0.5, 0.5]},
								"up": {"uv": [3, 16], "uv_size": [3, 0.5]},
								"down": {"uv": [16, 3.5], "uv_size": [3, -0.5]}
							}
						}
					]
				}
			]
		}
	]
}