{
	"format_version": "1.12.0",
	"minecraft:geometry": [
		{
			"description": {
				"identifier": "geometry.lasergrip19",
				"texture_width": 64,
				"texture_height": 64,
				"visible_bounds_width": 6,
				"visible_bounds_height": 1.5,
				"visible_bounds_offset": [0, 0.25, 0]
			},
			"bones": [
				{
					"name": "body",
					"pivot": [0, -1.10937, 0.99999]
				},
				{
					"name": "grip",
					"parent": "body",
					"pivot": [0, -1.10937, 0.99999],
					"cubes": [
						{
							"origin": [-1.11591, -0.78897, 0.18752],
							"size": [0.26517, 0.15625, 1.625],
							"inflate": 0.001,
							"pivot": [0, -1.10937, 0.99999],
							"rotation": [0, 0, 45],
							"uv": {
								"north": {"uv": [8, 15], "uv_size": [0.25, 0.25]},
								"south": {"uv": [15, 8], "uv_size": [0.25, 0.25]},
								"down": {"uv": [8, 12.75], "uv_size": [0.25, -1.75]}
							}
						},
						{
							"origin": [0.85074, -0.78897, 0.18752],
							"size": [0.26517, 0.15625, 1.625],
							"inflate": 0.001,
							"pivot": [0, -1.10937, 0.99999],
							"rotation": [0, 0, -45],
							"uv": {
								"north": {"uv": [9, 15], "uv_size": [0.25, 0.25]},
								"south": {"uv": [15, 9], "uv_size": [0.25, 0.25]},
								"down": {"uv": [11, 9.75], "uv_size": [0.25, -1.75]}
							}
						},
						{
							"origin": [-0.5625, -0.09375, 0.18752],
							"size": [1.125, 0.25, 1.625],
							"uv": {
								"north": {"uv": [10, 12], "uv_size": [1.25, 0.25]},
								"east": {"uv": [9, 11], "uv_size": [1.75, 0.25]},
								"south": {"uv": [12, 11], "uv_size": [1.25, 0.25]},
								"west": {"uv": [11, 10], "uv_size": [1.75, 0.25]},
								"up": {"uv": [5, 7], "uv_size": [1.25, 1.75]}
							}
						},
						{
							"origin": [-0.375, -2.125, 0.31252],
							"size": [0.75, 1.85, 1.375],
							"uv": {
								"north": {"uv": [0, 9], "uv_size": [0.75, 1.75]},
								"east": {"uv": [0, 7], "uv_size": [1.5, 1.75]},
								"south": {"uv": [1, 9], "uv_size": [0.75, 1.75]},
								"west": {"uv": [2, 7], "uv_size": [1.5, 1.75]}
							}
						},
						{
							"origin": [-0.375, -0.28125, 0.18752],
							"size": [0.75, 0.1875, 1.625],
							"uv": {
								"north": {"uv": [14, 11], "uv_size": [0.75, 0.25]},
								"south": {"uv": [12, 14], "uv_size": [0.75, 0.25]}
							}
						},
						{
							"origin": [-0.375, -0.53337, 0.56628],
							"size": [0.75, 0.5, 0.1875],
							"pivot": [0, -1.10937, 0.99999],
							"rotation": [22.5, 0, 0],
							"uv": {
								"north": {"uv": [11, 11], "uv_size": [0.75, 0.5]},
								"east": {"uv": [14, 12], "uv_size": [0.25, 0.5]},
								"west": {"uv": [13, 14], "uv_size": [0.25, 0.5]}
							}
						},
						{
							"origin": [-0.375, -0.40835, 1.24626],
							"size": [0.75, 0.375, 0.1875],
							"pivot": [0, -1.10937, 0.99999],
							"rotation": [-22.5, 0, 0],
							"uv": {
								"east": {"uv": [14, 13], "uv_size": [0.25, 0.5]},
								"south": {"uv": [12, 4], "uv_size": [0.75, 0.5]},
								"west": {"uv": [14, 14], "uv_size": [0.25, 0.5]}
							}
						},
						{
							"origin": [-0.5, -4.625, 0.31252],
							"size": [1, 2.5, 1.375],
							"uv": {
								"north": {"uv": [4, 7], "uv_size": [1, 2.5]},
								"east": {"uv": [4, 4], "uv_size": [1.5, 2.5]},
								"west": {"uv": [6, 4], "uv_size": [1.5, 2.5]},
								"down": {"uv": [8, 8.5], "uv_size": [1, -1.5]}
							}
						},
						{
							"origin": [-0.83971, -4.625, 1.1326],
							"size": [0.125, 2.5, 0.1767],
							"pivot": [0, -2.10937, 0.99999],
							"rotation": [0, 45, 0],
							"uv": {
								"east": {"uv": [0, 11], "uv_size": [0.25, 2.5]},
								"south": {"uv": [1, 11], "uv_size": [0.25, 2.5]},
								"up": {"uv": [10, 15], "uv_size": [0.25, 0.25]},
								"down": {"uv": [15, 10.25], "uv_size": [0.25, -0.25]}
							}
						},
						{
							"origin": [0.71471, -4.625, 1.1326],
							"size": [0.125, 2.5, 0.1767],
							"pivot": [0, -2.10937, 0.99999],
							"rotation": [0, -45, 0],
							"uv": {
								"south": {"uv": [2, 11], "uv_size": [0.25, 2.5]},
								"west": {"uv": [3, 11], "uv_size": [0.25, 2.5]},
								"up": {"uv": [11, 15], "uv_size": [0.25, 0.25]},
								"down": {"uv": [15, 11.25], "uv_size": [0.25, -0.25]}
							}
						},
						{
							"origin": [-0.83967, -4.625, 0.69066],
							"size": [0.125, 2.5, 0.1767],
							"pivot": [0, -2.10937, 0.99999],
							"rotation": [0, -45, 0],
							"uv": {
								"east": {"uv": [4, 11], "uv_size": [0.25, 2.5]},
								"south": {"uv": [11, 4], "uv_size": [0.25, 2.5]},
								"up": {"uv": [12, 15], "uv_size": [0.25, 0.25]},
								"down": {"uv": [15, 12.25], "uv_size": [0.25, -0.25]}
							}
						},
						{
							"origin": [0.71467, -4.625, 0.69066],
							"size": [0.125, 2.5, 0.1767],
							"pivot": [0, -2.10937, 0.99999],
							"rotation": [0, 45, 0],
							"uv": {
								"south": {"uv": [5, 11], "uv_size": [0.25, 2.5]},
								"west": {"uv": [6, 11], "uv_size": [0.25, 2.5]},
								"up": {"uv": [13, 15], "uv_size": [0.25, 0.25]},
								"down": {"uv": [15, 13.25], "uv_size": [0.25, -0.25]}
							}
						},
						{
							"origin": [-0.45596, -2.31515, 0.31252],
							"size": [0.1875, 0.3125, 1.375],
							"pivot": [0, -2.10937, 0.99999],
							"rotation": [0, 0, 22.5],
							"uv": {
								"north": {"uv": [14, 15], "uv_size": [0.25, 0.25]},
								"east": {"uv": [12, 5], "uv_size": [1.5, 0.25]},
								"south": {"uv": [15, 14], "uv_size": [0.25, 0.25]},
								"up": {"uv": [12, 6], "uv_size": [0.25, 1.5]}
							}
						},
						{
							"origin": [0.26846, -2.31515, 0.31252],
							"size": [0.1875, 0.3125, 1.375],
							"pivot": [0, -2.10937, 0.99999],
							"rotation": [0, 0, -22.5],
							"uv": {
								"north": {"uv": [15, 15], "uv_size": [0.25, 0.25]},
								"south": {"uv": [0, 16], "uv_size": [0.25, 0.25]},
								"west": {"uv": [12, 8], "uv_size": [1.5, 0.25]},
								"up": {"uv": [7, 12], "uv_size": [0.25, 1.5]}
							}
						},
						{
							"origin": [-0.375, -4.625, 0.18752],
							"size": [0.75, 2.5, 1.625],
							"uv": {
								"north": {"uv": [7, 7], "uv_size": [0.75, 2.5]},
								"east": {"uv": [0, 4], "uv_size": [1.75, 2.5]},
								"south": {"uv": [8, 4], "uv_size": [0.75, 2.5]},
								"west": {"uv": [2, 4], "uv_size": [1.75, 2.5]},
								"down": {"uv": [2, 10.75], "uv_size": [0.75, -1.75]}
							}
						},
						{
							"origin": [-0.375, -2.43473, 0.25534],
							"size": [0.75, 0.4375, 0.125],
							"inflate": -0.001,
							"pivot": [0, -2.10937, 0.99999],
							"rotation": [-22.5, 0, 0],
							"uv": {
								"north": {"uv": [9, 12], "uv_size": [0.75, 0.5]},
								"east": {"uv": [0, 15], "uv_size": [0.25, 0.5]},
								"west": {"uv": [1, 15], "uv_size": [0.25, 0.5]}
							}
						},
						{
							"origin": [-0.375, -2.43475, 1.61969],
							"size": [0.75, 0.4375, 0.125],
							"inflate": -0.001,
							"pivot": [0, -2.10937, 0.99999],
							"rotation": [22.5, 0, 0],
							"uv": {
								"east": {"uv": [2, 15], "uv_size": [0.25, 0.5]},
								"south": {"uv": [12, 9], "uv_size": [0.75, 0.5]},
								"west": {"uv": [3, 15], "uv_size": [0.25, 0.5]}
							}
						}
					]
				},
				{
					"name": "laser",
					"parent": "body",
					"pivot": [0, -1.10937, 0.99999],
					"cubes": [
						{
							"origin": [-0.525, -1.33437, 0.29999],
							"size": [0.65, 0.7, 1.4],
							"inflate": 0.001,
							"uv": {
								"north": {"uv": [7, 11], "uv_size": [0.75, 0.75]},
								"east": {"uv": [9, 4], "uv_size": [1.5, 0.75]},
								"south": {"uv": [11, 7], "uv_size": [0.75, 0.75]},
								"west": {"uv": [5, 9], "uv_size": [1.5, 0.75]},
								"up": {"uv": [3, 9], "uv_size": [0.75, 1.5]},
								"down": {"uv": [9, 6.5], "uv_size": [0.75, -1.5]}
							}
						}
					]
				},
				{
					"name": "open_or_not",
					"parent": "laser",
					"pivot": [0, -1.10937, 0.99999],
					"cubes": [
						{
							"origin": [-0.4, -0.83437, 1.69999],
							"size": [0.4, 0.05, 0.1],
							"uv": {
								"north": {"uv": [4, 15], "uv_size": [0.5, 0.25]},
								"east": {"uv": [1, 16], "uv_size": [0.25, 0.25]},
								"south": {"uv": [15, 4], "uv_size": [0.5, 0.25]},
								"west": {"uv": [2, 16], "uv_size": [0.25, 0.25]},
								"up": {"uv": [5, 15], "uv_size": [0.5, 0.25]},
								"down": {"uv": [15, 5.25], "uv_size": [0.5, -0.25]}
							}
						},
						{
							"origin": [-0.25, -0.90937, 1.69999],
							"size": [0.2, 0.075, 0.175],
							"uv": {
								"north": {"uv": [16, 10], "uv_size": [0.25, 0.25]},
								"east": {"uv": [11, 16], "uv_size": [0.25, 0.25]},
								"south": {"uv": [16, 11], "uv_size": [0.25, 0.25]},
								"west": {"uv": [12, 16], "uv_size": [0.25, 0.25]},
								"up": {"uv": [16, 12], "uv_size": [0.25, 0.25]},
								"down": {"uv": [13, 16.25], "uv_size": [0.25, -0.25]}
							}
						},
						{
							"origin": [-0.4, -0.95937, 1.69999],
							"size": [0.4, 0.05, 0.1],
							"uv": {
								"north": {"uv": [6, 15], "uv_size": [0.5, 0.25]},
								"east": {"uv": [3, 16], "uv_size": [0.25, 0.25]},
								"south": {"uv": [15, 6], "uv_size": [0.5, 0.25]},
								"west": {"uv": [4, 16], "uv_size": [0.25, 0.25]},
								"up": {"uv": [7, 15], "uv_size": [0.5, 0.25]},
								"down": {"uv": [15, 7.25], "uv_size": [0.5, -0.25]}
							}
						},
						{
							"origin": [-0.05, -0.93437, 1.69999],
							"size": [0.05, 0.1, 0.1],
							"uv": {
								"north": {"uv": [16, 4], "uv_size": [0.25, 0.25]},
								"east": {"uv": [5, 16], "uv_size": [0.25, 0.25]},
								"south": {"uv": [16, 5], "uv_size": [0.25, 0.25]},
								"west": {"uv": [6, 16], "uv_size": [0.25, 0.25]},
								"up": {"uv": [16, 6], "uv_size": [0.25, 0.25]},
								"down": {"uv": [7, 16.25], "uv_size": [0.25, -0.25]}
							}
						},
						{
							"origin": [-0.45, -0.95937, 1.69999],
							"size": [0.05, 0.175, 0.1],
							"uv": {
								"north": {"uv": [16, 7], "uv_size": [0.25, 0.25]},
								"east": {"uv": [8, 16], "uv_size": [0.25, 0.25]},
								"south": {"uv": [16, 8], "uv_size": [0.25, 0.25]},
								"west": {"uv": [9, 16], "uv_size": [0.25, 0.25]},
								"up": {"uv": [16, 9], "uv_size": [0.25, 0.25]},
								"down": {"uv": [10, 16.25], "uv_size": [0.25, -0.25]}
							}
						}
					]
				},
				{
					"name": "sight",
					"parent": "laser",
					"pivot": [-6.925, -7, -5.075],
					"rotation": [0, 90, 0],
					"cubes": [
						{
							"origin": [-13.425, -1.09946, 0.425],
							"size": [1, 0.19891, 1],
							"pivot": [-12.925, -1, 0.925],
							"rotation": [45, 0, 0],
							"uv": {
								"north": {"uv": [12, 12], "uv_size": [1, 0.25]},
								"east": {"uv": [13, 4], "uv_size": [1, 0.25]},
								"south": {"uv": [13, 6], "uv_size": [1, 0.25]},
								"west": {"uv": [13, 7], "uv_size": [1, 0.25]},
								"up": {"uv": [9, 7], "uv_size": [1, 1]},
								"down": {"uv": [8, 10], "uv_size": [1, -1]}
							}
						},
						{
							"origin": [-13.425, -1.09946, 0.425],
							"size": [1, 0.19891, 1],
							"pivot": [-12.925, -1, 0.925],
							"rotation": [22.5, 0, 0],
							"uv": {
								"north": {"uv": [8, 13], "uv_size": [1, 0.25]},
								"east": {"uv": [9, 13], "uv_size": [1, 0.25]},
								"south": {"uv": [13, 9], "uv_size": [1, 0.25]},
								"west": {"uv": [10, 13], "uv_size": [1, 0.25]},
								"up": {"uv": [9, 8], "uv_size": [1, 1]},
								"down": {"uv": [9, 10], "uv_size": [1, -1]}
							}
						},
						{
							"origin": [-13.425, -1.09946, 0.425],
							"size": [1, 0.19891, 1],
							"uv": {
								"north": {"uv": [13, 10], "uv_size": [1, 0.25]},
								"east": {"uv": [11, 13], "uv_size": [1, 0.25]},
								"south": {"uv": [12, 13], "uv_size": [1, 0.25]},
								"west": {"uv": [13, 12], "uv_size": [1, 0.25]},
								"up": {"uv": [4, 10], "uv_size": [1, 1]},
								"down": {"uv": [5, 11], "uv_size": [1, -1]}
							}
						},
						{
							"origin": [-13.425, -1.09946, 0.425],
							"size": [1, 0.19891, 1],
							"pivot": [-12.925, -1, 0.925],
							"rotation": [-22.5, 0, 0],
							"uv": {
								"north": {"uv": [13, 13], "uv_size": [1, 0.25]},
								"east": {"uv": [0, 14], "uv_size": [1, 0.25]},
								"south": {"uv": [1, 14], "uv_size": [1, 0.25]},
								"west": {"uv": [2, 14], "uv_size": [1, 0.25]},
								"up": {"uv": [10, 5], "uv_size": [1, 1]},
								"down": {"uv": [6, 11], "uv_size": [1, -1]}
							}
						},
						{
							"origin": [-13.425, -1.09946, 0.425],
							"size": [1, 0.19891, 1],
							"pivot": [-12.925, -1, 0.925],
							"rotation": [-45, 0, 0],
							"uv": {
								"north": {"uv": [3, 14], "uv_size": [1, 0.25]},
								"east": {"uv": [4, 14], "uv_size": [1, 0.25]},
								"south": {"uv": [14, 4], "uv_size": [1, 0.25]},
								"west": {"uv": [5, 14], "uv_size": [1, 0.25]},
								"up": {"uv": [10, 6], "uv_size": [1, 1]},
								"down": {"uv": [7, 11], "uv_size": [1, -1]}
							}
						},
						{
							"origin": [-13.425, -1.5, 0.82554],
							"size": [1, 1, 0.19891],
							"pivot": [-12.925, -1, 0.925],
							"rotation": [22.5, 0, 0],
							"uv": {
								"north": {"uv": [10, 7], "uv_size": [1, 1]},
								"east": {"uv": [14, 5], "uv_size": [0.25, 1]},
								"south": {"uv": [8, 10], "uv_size": [1, 1]},
								"west": {"uv": [6, 14], "uv_size": [0.25, 1]},
								"up": {"uv": [14, 6], "uv_size": [1, 0.25]},
								"down": {"uv": [7, 14.25], "uv_size": [1, -0.25]}
							}
						},
						{
							"origin": [-13.425, -1.5, 0.82554],
							"size": [1, 1, 0.19891],
							"uv": {
								"north": {"uv": [10, 8], "uv_size": [1, 1]},
								"east": {"uv": [14, 7], "uv_size": [0.25, 1]},
								"south": {"uv": [9, 10], "uv_size": [1, 1]},
								"west": {"uv": [8, 14], "uv_size": [0.25, 1]},
								"up": {"uv": [14, 8], "uv_size": [1, 0.25]},
								"down": {"uv": [9, 14.25], "uv_size": [1, -0.25]}
							}
						},
						{
							"origin": [-13.425, -1.5, 0.82554],
							"size": [1, 1, 0.19891],
							"pivot": [-12.925, -1, 0.925],
							"rotation": [-22.5, 0, 0],
							"uv": {
								"north": {"uv": [10, 9], "uv_size": [1, 1]},
								"east": {"uv": [14, 9], "uv_size": [0.25, 1]},
								"south": {"uv": [10, 10], "uv_size": [1, 1]},
								"west": {"uv": [10, 14], "uv_size": [0.25, 1]},
								"up": {"uv": [14, 10], "uv_size": [1, 0.25]},
								"down": {"uv": [11, 14.25], "uv_size": [1, -0.25]}
							}
						}
					]
				},
				{
					"name": "sightlight_illuminated",
					"parent": "sight",
					"pivot": [0, -1.10937, 0.99999],
					"cubes": [
						{
							"origin": [-12.5, -1.08437, 0.84999],
							"size": [55.45, 0.15, 0.15],
							"uv": {
								"north": {"uv": [0, 0], "uv_size": [55.5, 0.25]},
								"east": {"uv": [16, 13], "uv_size": [0.25, 0.25]},
								"south": {"uv": [0, 1], "uv_size": [55.5, 0.25]},
								"west": {"uv": [14, 16], "uv_size": [0.25, 0.25]},
								"up": {"uv": [0, 2], "uv_size": [55.5, 0.25]},
								"down": {"uv": [0, 3.25], "uv_size": [55.5, -0.25]}
							}
						}
					]
				}
			]
		}
	]
}