{
	"format_version": "1.12.0",
	"minecraft:geometry": [
		{
			"description": {
				"identifier": "geometry.sight_coyote - Converted",
				"texture_width": 32,
				"texture_height": 32,
				"visible_bounds_width": 10,
				"visible_bounds_height": 2.5,
				"visible_bounds_offset": [0, 0.75, 0]
			},
			"bones": [
				{
					"name": "scope_body",
					"pivot": [0, 7.7, -0.25],
					"cubes": [
						{
							"origin": [0.175, 1.67609, -3.175],
							"size": [0.525, 0.39782, 0.1],
							"pivot": [0, 1.875, -2.175],
							"rotation": [45, 90, 0],
							"uv": {
								"north": {"uv": [0, 0], "uv_size": [1, 1]},
								"east": {"uv": [0, 0], "uv_size": [1, 1]},
								"south": {"uv": [0, 0], "uv_size": [1, 1]},
								"west": {"uv": [0, 0], "uv_size": [1, 1]},
								"up": {"uv": [1, 1], "uv_size": [-1, -1]},
								"down": {"uv": [1, 1], "uv_size": [-1, -1]}
							}
						},
						{
							"origin": [0.175, 1.67609, -3.175],
							"size": [0.525, 0.39782, 0.1],
							"pivot": [0, 1.875, -2.175],
							"rotation": [22.5, 90, 0],
							"uv": {
								"north": {"uv": [0, 0], "uv_size": [1, 1]},
								"east": {"uv": [0, 0], "uv_size": [1, 1]},
								"south": {"uv": [0, 0], "uv_size": [1, 1]},
								"west": {"uv": [0, 0], "uv_size": [1, 1]},
								"up": {"uv": [1, 1], "uv_size": [-1, -1]},
								"down": {"uv": [1, 1], "uv_size": [-1, -1]}
							}
						},
						{
							"origin": [0.175, 1.67609, -3.175],
							"size": [0.525, 0.39782, 0.1],
							"pivot": [0, 1.875, -2.175],
							"rotation": [0, 90, 0],
							"uv": {
								"north": {"uv": [0, 0], "uv_size": [1, 1]},
								"east": {"uv": [0, 0], "uv_size": [1, 1]},
								"south": {"uv": [0, 0], "uv_size": [1, 1]},
								"west": {"uv": [0, 0], "uv_size": [1, 1]},
								"up": {"uv": [1, 1], "uv_size": [-1, -1]},
								"down": {"uv": [1, 1], "uv_size": [-1, -1]}
							}
						},
						{
							"origin": [0.175, 1.67609, -3.175],
							"size": [0.525, 0.39782, 0.1],
							"pivot": [0, 1.875, -2.175],
							"rotation": [-22.5, 90, 0],
							"uv": {
								"north": {"uv": [0, 0], "uv_size": [1, 1]},
								"east": {"uv": [0, 0], "uv_size": [1, 1]},
								"south": {"uv": [0, 0], "uv_size": [1, 1]},
								"west": {"uv": [0, 0], "uv_size": [1, 1]},
								"up": {"uv": [1, 1], "uv_size": [-1, -1]},
								"down": {"uv": [1, 1], "uv_size": [-1, -1]}
							}
						},
						{
							"origin": [0.175, 1.67609, -3.175],
							"size": [0.525, 0.39782, 0.1],
							"pivot": [0, 1.875, -2.175],
							"rotation": [-45, 90, 0],
							"uv": {
								"north": {"uv": [0, 0], "uv_size": [1, 1]},
								"east": {"uv": [0, 0], "uv_size": [1, 1]},
								"south": {"uv": [0, 0], "uv_size": [1, 1]},
								"west": {"uv": [0, 0], "uv_size": [1, 1]},
								"up": {"uv": [1, 1], "uv_size": [-1, -1]},
								"down": {"uv": [1, 1], "uv_size": [-1, -1]}
							}
						},
						{
							"origin": [0.175, 1.67609, -1.275],
							"size": [0.525, 0.39782, 0.1],
							"pivot": [0, 1.875, -2.175],
							"rotation": [45, 90, 0],
							"uv": {
								"north": {"uv": [0, 0], "uv_size": [1, 1]},
								"east": {"uv": [0, 0], "uv_size": [1, 1]},
								"south": {"uv": [0, 0], "uv_size": [1, 1]},
								"west": {"uv": [0, 0], "uv_size": [1, 1]},
								"up": {"uv": [1, 1], "uv_size": [-1, -1]},
								"down": {"uv": [1, 1], "uv_size": [-1, -1]}
							}
						},
						{
							"origin": [0.175, 1.67609, -1.275],
							"size": [0.525, 0.39782, 0.1],
							"pivot": [0, 1.875, -2.175],
							"rotation": [22.5, 90, 0],
							"uv": {
								"north": {"uv": [0, 0], "uv_size": [1, 1]},
								"east": {"uv": [0, 0], "uv_size": [1, 1]},
								"south": {"uv": [0, 0], "uv_size": [1, 1]},
								"west": {"uv": [0, 0], "uv_size": [1, 1]},
								"up": {"uv": [1, 1], "uv_size": [-1, -1]},
								"down": {"uv": [1, 1], "uv_size": [-1, -1]}
							}
						},
						{
							"origin": [0.175, 1.67609, -1.275],
							"size": [0.525, 0.39782, 0.1],
							"pivot": [0, 1.875, -2.175],
							"rotation": [0, 90, 0],
							"uv": {
								"north": {"uv": [0, 0], "uv_size": [1, 1]},
								"east": {"uv": [0, 0], "uv_size": [1, 1]},
								"south": {"uv": [0, 0], "uv_size": [1, 1]},
								"west": {"uv": [0, 0], "uv_size": [1, 1]},
								"up": {"uv": [1, 1], "uv_size": [-1, -1]},
								"down": {"uv": [1, 1], "uv_size": [-1, -1]}
							}
						},
						{
							"origin": [0.175, 1.67609, -1.275],
							"size": [0.525, 0.39782, 0.1],
							"pivot": [0, 1.875, -2.175],
							"rotation": [-22.5, 90, 0],
							"uv": {
								"north": {"uv": [0, 0], "uv_size": [1, 1]},
								"east": {"uv": [0, 0], "uv_size": [1, 1]},
								"south": {"uv": [0, 0], "uv_size": [1, 1]},
								"west": {"uv": [0, 0], "uv_size": [1, 1]},
								"up": {"uv": [1, 1], "uv_size": [-1, -1]},
								"down": {"uv": [1, 1], "uv_size": [-1, -1]}
							}
						},
						{
							"origin": [0.175, 1.67609, -1.275],
							"size": [0.525, 0.39782, 0.1],
							"pivot": [0, 1.875, -2.175],
							"rotation": [-45, 90, 0],
							"uv": {
								"north": {"uv": [0, 0], "uv_size": [1, 1]},
								"east": {"uv": [0, 0], "uv_size": [1, 1]},
								"south": {"uv": [0, 0], "uv_size": [1, 1]},
								"west": {"uv": [0, 0], "uv_size": [1, 1]},
								"up": {"uv": [1, 1], "uv_size": [-1, -1]},
								"down": {"uv": [1, 1], "uv_size": [-1, -1]}
							}
						},
						{
							"origin": [0.175, 2.775, -2.37391],
							"size": [0.525, 0.1, 0.39782],
							"pivot": [0, 1.875, -2.175],
							"rotation": [22.5, 90, 0],
							"uv": {
								"north": {"uv": [0, 0], "uv_size": [1, 1]},
								"east": {"uv": [0, 0], "uv_size": [1, 1]},
								"south": {"uv": [0, 0], "uv_size": [1, 1]},
								"west": {"uv": [0, 0], "uv_size": [1, 1]},
								"up": {"uv": [1, 1], "uv_size": [-1, -1]},
								"down": {"uv": [1, 1], "uv_size": [-1, -1]}
							}
						},
						{
							"origin": [0.175, 2.775, -2.37391],
							"size": [0.525, 0.1, 0.39782],
							"pivot": [0, 1.875, -2.175],
							"rotation": [0, 90, 0],
							"uv": {
								"north": {"uv": [0, 0], "uv_size": [1, 1]},
								"east": {"uv": [0, 0], "uv_size": [1, 1]},
								"south": {"uv": [0, 0], "uv_size": [1, 1]},
								"west": {"uv": [0, 0], "uv_size": [1, 1]},
								"up": {"uv": [1, 1], "uv_size": [-1, -1]},
								"down": {"uv": [1, 1], "uv_size": [-1, -1]}
							}
						},
						{
							"origin": [0.175, 2.775, -2.37391],
							"size": [0.525, 0.1, 0.39782],
							"pivot": [0, 1.875, -2.175],
							"rotation": [-22.5, 90, 0],
							"uv": {
								"north": {"uv": [0, 0], "uv_size": [1, 1]},
								"east": {"uv": [0, 0], "uv_size": [1, 1]},
								"south": {"uv": [0, 0], "uv_size": [1, 1]},
								"west": {"uv": [0, 0], "uv_size": [1, 1]},
								"up": {"uv": [1, 1], "uv_size": [-1, -1]},
								"down": {"uv": [1, 1], "uv_size": [-1, -1]}
							}
						},
						{
							"origin": [-0.6885, -0.20937, -2.46875],
							"size": [0.001, 0.4, 1.6],
							"uv": {
								"east": {"uv": [0, 16.75], "uv_size": [11, 2.5]}
							}
						},
						{
							"origin": [0.6875, -0.20937, -2.46875],
							"size": [0.001, 0.4, 1.6],
							"uv": {
								"west": {"uv": [0, 16.75], "uv_size": [10.975, 2.4]}
							}
						}
					]
				},
				{
					"name": "body",
					"parent": "scope_body",
					"pivot": [0, 7.7, -0.25]
				},
				{
					"name": "group2",
					"parent": "body",
					"pivot": [0, 7.6885, -0.37712],
					"cubes": [
						{
							"origin": [-0.6875, 0.4, -1],
							"size": [1.375, 0.5625, 0.875],
							"uv": {
								"north": {"uv": [0, 6], "uv_size": [1.5, 0.5]},
								"east": {"uv": [8, 0], "uv_size": [1, 0.5]},
								"west": {"uv": [8, 1], "uv_size": [1, 0.5]},
								"up": {"uv": [1, 3], "uv_size": [1.5, 1]},
								"down": {"uv": [3, 3], "uv_size": [1.5, -1]}
							}
						},
						{
							"origin": [-0.6875, 0.4, -2.375],
							"size": [1.375, 0.375, 1.375],
							"uv": {
								"east": {"uv": [2, 6], "uv_size": [1.5, 0.5]},
								"west": {"uv": [6, 3], "uv_size": [1.5, 0.5]},
								"down": {"uv": [0, 1.5], "uv_size": [1.5, -1.5]}
							}
						},
						{
							"origin": [-0.625, 0.8375, -2.875],
							"size": [1.25, 0.30774, 0.5],
							"uv": {
								"north": {"uv": [9, 1], "uv_size": [1.25, 0.25]},
								"east": {"uv": [9, 12], "uv_size": [0.5, 0.25]},
								"south": {"uv": [9, 2], "uv_size": [1.25, 0.25]},
								"west": {"uv": [12, 9], "uv_size": [0.5, 0.25]},
								"up": {"uv": [7, 5], "uv_size": [1.25, 0.5]}
							}
						},
						{
							"origin": [-0.625, 0.7372, -2.87077],
							"size": [1.25, 0.3125, 0.375],
							"inflate": -0.001,
							"pivot": [-0.5, 1.1122, -2.68327],
							"rotation": [-22.5, 0, 0],
							"uv": {
								"north": {"uv": [9, 3], "uv_size": [1.25, 0.25]},
								"east": {"uv": [10, 12], "uv_size": [0.5, 0.25]},
								"west": {"uv": [12, 10], "uv_size": [0.5, 0.25]},
								"up": {"uv": [6, 7], "uv_size": [1.25, 0.5]}
							}
						},
						{
							"origin": [-0.6875, 0.65, -0.125],
							"size": [1.375, 0.3125, 0.6875],
							"uv": {
								"east": {"uv": [5, 12], "uv_size": [0.75, 0.25]},
								"west": {"uv": [12, 5], "uv_size": [0.75, 0.25]},
								"up": {"uv": [5, 0], "uv_size": [1.5, 0.75]},
								"down": {"uv": [5, 1.75], "uv_size": [1.5, -0.75]}
							}
						},
						{
							"origin": [-0.6875, 0.57707, -0.23481],
							"size": [1.375, 0.25, 0.6875],
							"pivot": [0, 0.76457, 0.26519],
							"rotation": [22.5, 0, 0],
							"uv": {
								"east": {"uv": [6, 12], "uv_size": [0.75, 0.25]},
								"west": {"uv": [12, 6], "uv_size": [0.75, 0.25]},
								"down": {"uv": [5, 2.75], "uv_size": [1.5, -0.75]}
							}
						},
						{
							"origin": [-0.54399, 0.65, 0.5625],
							"size": [1.08798, 0.3125, 0.34645],
							"uv": {
								"south": {"uv": [8, 10], "uv_size": [1, 0.25]},
								"up": {"uv": [10, 8], "uv_size": [1, 0.25]},
								"down": {"uv": [9, 10.25], "uv_size": [1, -0.25]}
							}
						},
						{
							"origin": [0.26652, 0.65, 0.1416],
							"size": [0.25, 0.3125, 0.375],
							"pivot": [-0.45601, 0.6385, 0.78184],
							"rotation": [0, -22.5, 0],
							"uv": {
								"west": {"uv": [6, 14], "uv_size": [0.25, 0.25]},
								"up": {"uv": [14, 6], "uv_size": [0.25, 0.25]},
								"down": {"uv": [7, 14.25], "uv_size": [0.25, -0.25]}
							}
						},
						{
							"origin": [-0.60597, 0.65, 0.34737],
							"size": [0.25, 0.3125, 0.375],
							"pivot": [-0.10597, 0.80625, 0.65987],
							"rotation": [0, 22.5, 0],
							"uv": {
								"east": {"uv": [14, 7], "uv_size": [0.25, 0.25]},
								"up": {"uv": [8, 14], "uv_size": [0.25, 0.25]},
								"down": {"uv": [14, 8.25], "uv_size": [0.25, -0.25]}
							}
						},
						{
							"origin": [-0.625, 0.775, -2.375],
							"size": [1.25, 0.0625, 1.375],
							"uv": {
								"up": {"uv": [3, 0], "uv_size": [1.25, 1.5]}
							}
						},
						{
							"origin": [0.56629, 0.69576, -2.375],
							"size": [0.08839, 0.0625, 1.375],
							"pivot": [0.69129, 0.72701, -2],
							"rotation": [0, 0, 45],
							"uv": {
								"north": {"uv": [9, 14], "uv_size": [0.25, 0.25]},
								"south": {"uv": [14, 9], "uv_size": [0.25, 0.25]},
								"up": {"uv": [8, 2], "uv_size": [0.25, 1.5]}
							}
						},
						{
							"origin": [-0.65468, 0.69576, -2.375],
							"size": [0.08839, 0.0625, 1.375],
							"pivot": [-0.69129, 0.72701, -2],
							"rotation": [0, 0, -45],
							"uv": {
								"north": {"uv": [10, 14], "uv_size": [0.25, 0.25]},
								"south": {"uv": [14, 10], "uv_size": [0.25, 0.25]},
								"up": {"uv": [3, 8], "uv_size": [0.25, 1.5]}
							}
						},
						{
							"origin": [-0.67994, 0.81778, -2.9375],
							"size": [0.07704, 0.16682, 0.5625],
							"pivot": [-0.63415, 0.84665, -2.65625],
							"rotation": [0, 0, 22.5],
							"uv": {
								"north": {"uv": [11, 14], "uv_size": [0.25, 0.25]},
								"east": {"uv": [13, 0], "uv_size": [0.5, 0.25]},
								"south": {"uv": [14, 11], "uv_size": [0.25, 0.25]},
								"west": {"uv": [1, 13], "uv_size": [0.5, 0.25]},
								"up": {"uv": [13, 1], "uv_size": [0.25, 0.5]}
							}
						},
						{
							"origin": [-0.6875, 0.4, -2.9375],
							"size": [1.375, 0.4375, 0.5625],
							"uv": {
								"east": {"uv": [11, 0], "uv_size": [0.5, 0.5]},
								"west": {"uv": [11, 1], "uv_size": [0.5, 0.5]},
								"down": {"uv": [4, 6.5], "uv_size": [1.5, -0.5]}
							}
						},
						{
							"origin": [0.6029, 0.81778, -2.9375],
							"size": [0.07704, 0.16682, 0.5625],
							"pivot": [0.63415, 0.84665, -2.65625],
							"rotation": [0, 0, -22.5],
							"uv": {
								"north": {"uv": [12, 14], "uv_size": [0.25, 0.25]},
								"east": {"uv": [2, 13], "uv_size": [0.5, 0.25]},
								"south": {"uv": [14, 12], "uv_size": [0.25, 0.25]},
								"west": {"uv": [13, 2], "uv_size": [0.5, 0.25]},
								"up": {"uv": [3, 13], "uv_size": [0.25, 0.5]}
							}
						},
						{
							"origin": [-0.625, 0.4, -3],
							"size": [1.25, 0.4375, 0.0625],
							"uv": {
								"north": {"uv": [7, 6], "uv_size": [1.25, 0.5]},
								"down": {"uv": [4, 9.25], "uv_size": [1.25, -0.25]}
							}
						},
						{
							"origin": [0.59631, 0.4, -3.00776],
							"size": [0.08838, 0.4375, 0.07703],
							"pivot": [0.60129, 0.55625, -2.96924],
							"rotation": [0, -45, 0],
							"uv": {
								"north": {"uv": [13, 3], "uv_size": [0.25, 0.5]},
								"up": {"uv": [13, 14], "uv_size": [0.25, 0.25]},
								"down": {"uv": [14, 13.25], "uv_size": [0.25, -0.25]}
							}
						},
						{
							"origin": [-0.68469, 0.4, -3.00776],
							"size": [0.08838, 0.4375, 0.07703],
							"pivot": [-0.60129, 0.55625, -2.96924],
							"rotation": [0, 45, 0],
							"uv": {
								"north": {"uv": [4, 13], "uv_size": [0.25, 0.5]},
								"up": {"uv": [14, 14], "uv_size": [0.25, 0.25]},
								"down": {"uv": [0, 15.25], "uv_size": [0.25, -0.25]}
							}
						},
						{
							"origin": [-0.6875, 0.66975, -2.40837],
							"size": [1.375, 0.0625, 0.1875],
							"pivot": [0, 0.701, -2.12712],
							"rotation": [-22.5, 0, 0],
							"uv": {
								"east": {"uv": [15, 0], "uv_size": [0.25, 0.25]},
								"west": {"uv": [1, 15], "uv_size": [0.25, 0.25]},
								"up": {"uv": [4, 8], "uv_size": [1.5, 0.25]}
							}
						}
					]
				},
				{
					"name": "base",
					"parent": "scope_body",
					"pivot": [7, -0.05, -8.25],
					"cubes": [
						{
							"origin": [-0.6875, -0.2875, -3],
							"size": [0.3125, 0.5625, 2.75],
							"uv": {
								"north": {"uv": [13, 4], "uv_size": [0.25, 0.5]},
								"east": {"uv": [3, 3], "uv_size": [2.75, 0.5]},
								"south": {"uv": [5, 13], "uv_size": [0.25, 0.5]},
								"west": {"uv": [1, 4], "uv_size": [2.75, 0.5]},
								"up": {"uv": [0, 7], "uv_size": [0.25, 2.75]},
								"down": {"uv": [7, 2.75], "uv_size": [0.25, -2.75]}
							}
						},
						{
							"origin": [0.375, -0.2875, -3],
							"size": [0.3125, 0.5625, 2.75],
							"uv": {
								"north": {"uv": [13, 5], "uv_size": [0.25, 0.5]},
								"east": {"uv": [4, 4], "uv_size": [2.75, 0.5]},
								"south": {"uv": [6, 13], "uv_size": [0.25, 0.5]},
								"west": {"uv": [0, 5], "uv_size": [2.75, 0.5]},
								"up": {"uv": [1, 7], "uv_size": [0.25, 2.75]},
								"down": {"uv": [2, 9.75], "uv_size": [0.25, -2.75]}
							}
						},
						{
							"origin": [-0.375, 0.025, -3],
							"size": [0.75, 0.25, 2.75],
							"uv": {
								"north": {"uv": [7, 12], "uv_size": [0.75, 0.25]},
								"south": {"uv": [12, 7], "uv_size": [0.75, 0.25]},
								"up": {"uv": [0, 2], "uv_size": [0.75, 2.75]},
								"down": {"uv": [2, 2.75], "uv_size": [0.75, -2.75]}
							}
						},
						{
							"origin": [-0.5625, 0.275, -2.9375],
							"size": [1.125, 0.125, 2.625],
							"uv": {
								"north": {"uv": [9, 5], "uv_size": [1.25, 0.25]},
								"east": {"uv": [3, 7], "uv_size": [2.75, 0.25]},
								"south": {"uv": [6, 9], "uv_size": [1.25, 0.25]},
								"west": {"uv": [7, 4], "uv_size": [2.75, 0.25]}
							}
						}
					]
				},
				{
					"name": "group",
					"parent": "scope_body",
					"pivot": [-8.25, -0.675, -8.125],
					"cubes": [
						{
							"origin": [-0.375, 1.15, -0.14062],
							"size": [0.75, 0.1875, 1],
							"uv": {
								"north": {"uv": [8, 12], "uv_size": [0.75, 0.25]},
								"south": {"uv": [12, 8], "uv_size": [0.75, 0.25]},
								"up": {"uv": [1, 2], "uv_size": [0.75, 1]},
								"down": {"uv": [6, 7], "uv_size": [0.75, -1]}
							}
						},
						{
							"origin": [-0.375, 0.54959, -0.32498],
							"size": [0.125, 0.375, 0.5625],
							"pivot": [0, 0.67459, -0.44998],
							"rotation": [45, 0, 0],
							"uv": {
								"east": {"uv": [2, 11], "uv_size": [0.5, 0.5]},
								"west": {"uv": [11, 2], "uv_size": [0.5, 0.5]},
								"up": {"uv": [13, 6], "uv_size": [0.25, 0.5]}
							}
						},
						{
							"origin": [-0.5625, 0.9625, -0.32812],
							"size": [0.3125, 0.1875, 1.1875],
							"uv": {
								"east": {"uv": [9, 6], "uv_size": [1.25, 0.25]},
								"south": {"uv": [15, 1], "uv_size": [0.25, 0.25]},
								"west": {"uv": [8, 9], "uv_size": [1.25, 0.25]},
								"up": {"uv": [0, 10], "uv_size": [0.25, 1.25]},
								"down": {"uv": [1, 11.25], "uv_size": [0.25, -1.25]}
							}
						},
						{
							"origin": [0.26988, 1.08371, -0.14062],
							"size": [0.26516, 0.1875, 1],
							"pivot": [0.40246, 1.17746, 0.35938],
							"rotation": [0, 0, 45],
							"uv": {
								"north": {"uv": [2, 15], "uv_size": [0.25, 0.25]},
								"south": {"uv": [15, 2], "uv_size": [0.25, 0.25]},
								"up": {"uv": [3, 11], "uv_size": [0.25, 1]}
							}
						},
						{
							"origin": [-0.44573, 0.8681, -0.14062],
							"size": [0.26516, 0.1875, 1],
							"pivot": [-0.61807, 0.96185, 0.35938],
							"rotation": [0, 0, -45],
							"uv": {
								"north": {"uv": [3, 15], "uv_size": [0.25, 0.25]},
								"south": {"uv": [15, 3], "uv_size": [0.25, 0.25]},
								"up": {"uv": [11, 3], "uv_size": [0.25, 1]}
							}
						},
						{
							"origin": [0.25, 0.54959, -0.32498],
							"size": [0.125, 0.375, 0.5625],
							"pivot": [0, 0.67459, -0.44998],
							"rotation": [45, 0, 0],
							"uv": {
								"east": {"uv": [4, 11], "uv_size": [0.5, 0.5]},
								"west": {"uv": [11, 4], "uv_size": [0.5, 0.5]},
								"up": {"uv": [7, 13], "uv_size": [0.25, 0.5]}
							}
						},
						{
							"origin": [0.375, 0.54959, -0.32498],
							"size": [0.1875, 0.375, 0.29733],
							"pivot": [0.1875, 0.67459, -0.44998],
							"rotation": [45, 0, 0],
							"uv": {
								"west": {"uv": [13, 7], "uv_size": [0.25, 0.5]},
								"up": {"uv": [4, 15], "uv_size": [0.25, 0.25]}
							}
						},
						{
							"origin": [-0.5625, 0.54959, -0.32498],
							"size": [0.1875, 0.375, 0.29733],
							"pivot": [-0.1875, 0.67459, -0.44998],
							"rotation": [45, 0, 0],
							"uv": {
								"east": {"uv": [8, 13], "uv_size": [0.25, 0.5]},
								"up": {"uv": [15, 4], "uv_size": [0.25, 0.25]}
							}
						},
						{
							"origin": [0.25, 0.9625, -0.32812],
							"size": [0.3125, 0.1875, 1.1875],
							"uv": {
								"east": {"uv": [2, 10], "uv_size": [1.25, 0.25]},
								"south": {"uv": [5, 15], "uv_size": [0.25, 0.25]},
								"west": {"uv": [4, 10], "uv_size": [1.25, 0.25]},
								"up": {"uv": [6, 10], "uv_size": [0.25, 1.25]},
								"down": {"uv": [7, 11.25], "uv_size": [0.25, -1.25]}
							}
						},
						{
							"origin": [-0.25, 0.9625, 0.17188],
							"size": [0.5, 0.1875, 0.6875],
							"uv": {
								"north": {"uv": [13, 8], "uv_size": [0.5, 0.25]},
								"south": {"uv": [9, 13], "uv_size": [0.5, 0.25]}
							}
						}
					]
				},
				{
					"name": "screws",
					"parent": "scope_body",
					"pivot": [0, 7.65581, 1],
					"cubes": [
						{
							"origin": [0.4375, -0.225, -2.8125],
							"size": [0.3125, 0.25, 0.25],
							"pivot": [0, -0.0375, -2.625],
							"rotation": [-45, 0, 0],
							"uv": {
								"north": {"uv": [15, 5], "uv_size": [0.25, 0.25]},
								"east": {"uv": [6, 15], "uv_size": [0.25, 0.25]},
								"south": {"uv": [15, 6], "uv_size": [0.25, 0.25]},
								"west": {"uv": [7, 15], "uv_size": [0.25, 0.25]},
								"up": {"uv": [15, 7], "uv_size": [0.25, 0.25]},
								"down": {"uv": [8, 15.25], "uv_size": [0.25, -0.25]}
							}
						},
						{
							"origin": [0.4375, -0.1, -0.75],
							"size": [0.3125, 0.25, 0.25],
							"pivot": [0, 0.025, -0.625],
							"rotation": [-45, 0, 0],
							"uv": {
								"north": {"uv": [15, 8], "uv_size": [0.25, 0.25]},
								"east": {"uv": [9, 15], "uv_size": [0.25, 0.25]},
								"south": {"uv": [15, 9], "uv_size": [0.25, 0.25]},
								"west": {"uv": [10, 15], "uv_size": [0.25, 0.25]},
								"up": {"uv": [15, 10], "uv_size": [0.25, 0.25]},
								"down": {"uv": [11, 15.25], "uv_size": [0.25, -0.25]}
							}
						},
						{
							"origin": [-0.71875, -0.1625, -2.75],
							"size": [0.28125, 0.125, 0.125],
							"pivot": [0, -0.0375, -2.625],
							"rotation": [-45, 0, 0],
							"uv": {
								"north": {"uv": [15, 11], "uv_size": [0.25, 0.25]},
								"east": {"uv": [12, 15], "uv_size": [0.25, 0.25]},
								"south": {"uv": [15, 12], "uv_size": [0.25, 0.25]},
								"west": {"uv": [13, 15], "uv_size": [0.25, 0.25]},
								"up": {"uv": [15, 13], "uv_size": [0.25, 0.25]},
								"down": {"uv": [14, 15.25], "uv_size": [0.25, -0.25]}
							}
						},
						{
							"origin": [-0.71875, -0.0375, -0.6875],
							"size": [0.28125, 0.125, 0.125],
							"pivot": [0, 0.025, -0.625],
							"rotation": [-45, 0, 0],
							"uv": {
								"north": {"uv": [15, 14], "uv_size": [0.25, 0.25]},
								"east": {"uv": [15, 15], "uv_size": [0.25, 0.25]},
								"south": {"uv": [0, 16], "uv_size": [0.25, 0.25]},
								"west": {"uv": [16, 0], "uv_size": [0.25, 0.25]},
								"up": {"uv": [1, 16], "uv_size": [0.25, 0.25]},
								"down": {"uv": [16, 1.25], "uv_size": [0.25, -0.25]}
							}
						},
						{
							"origin": [-0.75, 0.65, -0.5625],
							"size": [1.5, 0.1875, 0.1875],
							"pivot": [0, 0.775, -0.5],
							"rotation": [-45, 0, 0],
							"uv": {
								"north": {"uv": [6, 8], "uv_size": [1.5, 0.25]},
								"east": {"uv": [2, 16], "uv_size": [0.25, 0.25]},
								"south": {"uv": [8, 7], "uv_size": [1.5, 0.25]},
								"west": {"uv": [16, 2], "uv_size": [0.25, 0.25]},
								"up": {"uv": [8, 8], "uv_size": [1.5, 0.25]},
								"down": {"uv": [9, 0.25], "uv_size": [1.5, -0.25]}
							}
						},
						{
							"origin": [-0.15625, 0.73081, -0.84375],
							"size": [0.25, 0.25, 0.25],
							"pivot": [0, 0.66831, -0.75],
							"rotation": [0, 45, 0],
							"uv": {
								"north": {"uv": [3, 16], "uv_size": [0.25, 0.25]},
								"east": {"uv": [16, 3], "uv_size": [0.25, 0.25]},
								"south": {"uv": [4, 16], "uv_size": [0.25, 0.25]},
								"west": {"uv": [16, 4], "uv_size": [0.25, 0.25]},
								"up": {"uv": [5, 16], "uv_size": [0.25, 0.25]},
								"down": {"uv": [16, 5.25], "uv_size": [0.25, -0.25]}
							}
						}
					]
				},
				{
					"name": "division",
					"pivot": [0.05, 1.275, -24.25]
				},
				{
					"name": "division_illuminated",
					"parent": "division",
					"pivot": [1.225, 1.65, -41.525],
					"cubes": [
						{
							"origin": [-0.175, 1.65, -42.525],
							"size": [0.3, 0.3, 0.1],
							"uv": {
								"north": {"uv": [5, 11], "uv_size": [0.4875, 0.4875]},
								"east": {"uv": [5.25, 11], "uv_size": [0.1, 0.3]},
								"south": {"uv": [5.125, 11.075], "uv_size": [0.3, 0.3]},
								"west": {"uv": [5.25, 11], "uv_size": [0.1, 0.3]},
								"up": {"uv": [5.3, 11.1], "uv_size": [-0.3, -0.1]},
								"down": {"uv": [5.425, 11.45], "uv_size": [-0.2, -0.275]}
							}
						}
					]
				},
				{
					"name": "ocular",
					"pivot": [0, 1, -0.975],
					"cubes": [
						{
							"origin": [-0.375, 1.15, -2.575],
							"size": [0.75, 1.575, 0.075],
							"uv": {
								"south": {"uv": [0, 0], "uv_size": [0.75, 1.575]}
							}
						},
						{
							"origin": [-0.75, 1.325, -2.575],
							"size": [1.5, 1.175, 0.075],
							"uv": {
								"south": {"uv": [0, 0], "uv_size": [1.5, 1.175]}
							}
						},
						{
							"origin": [0.9, 2.375, -2.575],
							"size": [0.2, 0.425, 0.075],
							"pivot": [-0.65, 2.375, -1.575],
							"rotation": [0, 0, 42.5],
							"uv": {
								"south": {"uv": [0, 0], "uv_size": [0.2, 0.425]}
							}
						},
						{
							"origin": [-0.45, 2.375, -2.575],
							"size": [0.275, 0.425, 0.075],
							"pivot": [-1.925, 2.375, -1.575],
							"rotation": [0, 0, 42.5],
							"uv": {
								"south": {"uv": [0, 0], "uv_size": [0.275, 0.425]}
							}
						},
						{
							"origin": [-0.525, 3.2, -2.575],
							"size": [0.3, 0.425, 0.075],
							"pivot": [-1.975, 3.2, -1.575],
							"rotation": [0, 0, 42.5],
							"uv": {
								"south": {"uv": [0, 0], "uv_size": [0.3, 0.425]}
							}
						},
						{
							"origin": [-0.25, 2.875, -2.575],
							"size": [0.7, 0.5, 0.075],
							"pivot": [-1.3, 2.25, -1.575],
							"rotation": [0, 0, 24.75],
							"uv": {
								"south": {"uv": [0, 0], "uv_size": [0.7, 0.5]}
							}
						},
						{
							"origin": [-0.875, 2.825, -2.575],
							"size": [0.75, 0.425, 0.075],
							"pivot": [-1.875, 2.2, -1.575],
							"rotation": [0, 0, 24.75],
							"uv": {
								"south": {"uv": [0, 0], "uv_size": [0.75, 0.425]}
							}
						},
						{
							"origin": [-0.425, 2.375, -2.575],
							"size": [0.75, 0.425, 0.075],
							"uv": {
								"south": {"uv": [0, 0], "uv_size": [0.75, 0.425]}
							}
						},
						{
							"origin": [0.925, 3.425, -2.575],
							"size": [0.7, 0.775, 0.075],
							"pivot": [0.025, 3.15, -1.575],
							"rotation": [0, 0, 95.75],
							"uv": {
								"south": {"uv": [0, 0], "uv_size": [0.7, 0.775]}
							}
						},
						{
							"origin": [-0.15, 3.375, -2.575],
							"size": [0.65, 0.825, 0.075],
							"pivot": [-1.05, 3.15, -1.575],
							"rotation": [0, 0, 95.75],
							"uv": {
								"south": {"uv": [0, 0], "uv_size": [0.65, 0.825]}
							}
						},
						{
							"origin": [-0.025, 3.2, -2.575],
							"size": [0.65, 0.825, 0.075],
							"pivot": [-0.925, 2.975, -1.575],
							"rotation": [0, 0, 95.75],
							"uv": {
								"south": {"uv": [0, 0], "uv_size": [0.65, 0.825]}
							}
						},
						{
							"origin": [-0.7, 1.15, -2.575],
							"size": [1.4, 0.825, 0.075],
							"uv": {
								"south": {"uv": [0, 0], "uv_size": [1.4, 0.825]}
							}
						},
						{
							"origin": [0.925, 3.425, -2.575],
							"size": [0.7, 0.775, 0.075],
							"pivot": [0.025, 3.15, -1.575],
							"rotation": [0, 0, 95.75],
							"uv": {
								"south": {"uv": [0, 0], "uv_size": [0.7, 0.775]}
							}
						},
						{
							"origin": [0.175, 3.125, -2.575],
							"size": [0.7, 0.775, 0.075],
							"pivot": [-0.725, 2.85, -1.575],
							"rotation": [0, 0, 58.25],
							"uv": {
								"south": {"uv": [0, 0], "uv_size": [0.7, 0.775]}
							}
						}
					]
				},
				{
					"name": "scope_view",
					"pivot": [0, 1.925, 6.75]
				}
			]
		}
	]
}