{
	"format_version": "1.12.0",
	"minecraft:geometry": [
		{
			"description": {
				"identifier": "geometry.recoilboost",
				"texture_width": 64,
				"texture_height": 64,
				"visible_bounds_width": 2,
				"visible_bounds_height": 1.5,
				"visible_bounds_offset": [0, 0.25, 0]
			},
			"bones": [
				{
					"name": "body",
					"pivot": [0, 0, -1],
					"cubes": [
						{
							"origin": [-2, 0.45, -2.38566],
							"size": [0.175, 0.3, 0.62132],
							"pivot": [0, 0, -2.075],
							"rotation": [0, -90, 0],
							"uv": {
								"north": {"uv": [52, 32], "uv_size": [4, 4]},
								"east": {"uv": [36, 52], "uv_size": [4, 4]},
								"south": {"uv": [52, 36], "uv_size": [4, 4]},
								"west": {"uv": [40, 52], "uv_size": [4, 4]},
								"up": {"uv": [52, 40], "uv_size": [4, 4]},
								"down": {"uv": [44, 56], "uv_size": [4, -4]}
							}
						},
						{
							"origin": [-2, 0.45, -2.38566],
							"size": [0.175, 0.3, 0.62132],
							"pivot": [0, 0, -2.075],
							"rotation": [0, -90, -45],
							"uv": {
								"north": {"uv": [52, 20], "uv_size": [4, 4]},
								"east": {"uv": [24, 52], "uv_size": [4, 4]},
								"south": {"uv": [52, 24], "uv_size": [4, 4]},
								"west": {"uv": [28, 52], "uv_size": [4, 4]},
								"up": {"uv": [52, 28], "uv_size": [4, 4]},
								"down": {"uv": [32, 56], "uv_size": [4, -4]}
							}
						},
						{
							"origin": [-2, -0.75, -2.38566],
							"size": [0.175, 0.3, 0.62132],
							"pivot": [0, 0, -2.075],
							"rotation": [0, -90, 0],
							"uv": {
								"north": {"uv": [52, 8], "uv_size": [4, 4]},
								"east": {"uv": [12, 52], "uv_size": [4, 4]},
								"south": {"uv": [52, 12], "uv_size": [4, 4]},
								"west": {"uv": [16, 52], "uv_size": [4, 4]},
								"up": {"uv": [52, 16], "uv_size": [4, 4]},
								"down": {"uv": [20, 56], "uv_size": [4, -4]}
							}
						},
						{
							"origin": [-2, -0.75, -2.38566],
							"size": [0.175, 0.3, 0.62132],
							"pivot": [0, 0, -2.075],
							"rotation": [0, -90, -45],
							"uv": {
								"north": {"uv": [48, 48], "uv_size": [4, 4]},
								"east": {"uv": [0, 52], "uv_size": [4, 4]},
								"south": {"uv": [52, 0], "uv_size": [4, 4]},
								"west": {"uv": [4, 52], "uv_size": [4, 4]},
								"up": {"uv": [52, 4], "uv_size": [4, 4]},
								"down": {"uv": [8, 56], "uv_size": [4, -4]}
							}
						},
						{
							"origin": [-2, -0.31066, -1.625],
							"size": [0.175, 0.62132, 0.3],
							"pivot": [0, 0, -2.075],
							"rotation": [0, -90, 0],
							"uv": {
								"north": {"uv": [36, 48], "uv_size": [4, 4]},
								"east": {"uv": [48, 36], "uv_size": [4, 4]},
								"south": {"uv": [40, 48], "uv_size": [4, 4]},
								"west": {"uv": [48, 40], "uv_size": [4, 4]},
								"up": {"uv": [44, 48], "uv_size": [4, 4]},
								"down": {"uv": [48, 48], "uv_size": [4, -4]}
							}
						},
						{
							"origin": [-2, -0.31066, -1.625],
							"size": [0.175, 0.62132, 0.3],
							"pivot": [0, 0, -2.075],
							"rotation": [0, -90, -45],
							"uv": {
								"north": {"uv": [24, 48], "uv_size": [4, 4]},
								"east": {"uv": [48, 24], "uv_size": [4, 4]},
								"south": {"uv": [28, 48], "uv_size": [4, 4]},
								"west": {"uv": [48, 28], "uv_size": [4, 4]},
								"up": {"uv": [32, 48], "uv_size": [4, 4]},
								"down": {"uv": [48, 36], "uv_size": [4, -4]}
							}
						},
						{
							"origin": [-2, -0.31066, -2.825],
							"size": [0.175, 0.62132, 0.3],
							"pivot": [0, 0, -2.075],
							"rotation": [0, -90, 0],
							"uv": {
								"north": {"uv": [12, 48], "uv_size": [4, 4]},
								"east": {"uv": [48, 12], "uv_size": [4, 4]},
								"south": {"uv": [16, 48], "uv_size": [4, 4]},
								"west": {"uv": [48, 16], "uv_size": [4, 4]},
								"up": {"uv": [20, 48], "uv_size": [4, 4]},
								"down": {"uv": [48, 24], "uv_size": [4, -4]}
							}
						},
						{
							"origin": [-2, -0.31066, -2.825],
							"size": [0.175, 0.62132, 0.3],
							"pivot": [0, 0, -2.075],
							"rotation": [0, -90, -45],
							"uv": {
								"north": {"uv": [0, 48], "uv_size": [4, 4]},
								"east": {"uv": [48, 0], "uv_size": [4, 4]},
								"south": {"uv": [4, 48], "uv_size": [4, 4]},
								"west": {"uv": [48, 4], "uv_size": [4, 4]},
								"up": {"uv": [8, 48], "uv_size": [4, 4]},
								"down": {"uv": [48, 12], "uv_size": [4, -4]}
							}
						},
						{
							"origin": [-0.625, -0.18566, -1.5],
							"size": [1.25, 0.37132, 1],
							"pivot": [0, 0, -0.75],
							"rotation": [0, 0, 60],
							"uv": {
								"north": {"uv": [32, 32], "uv_size": [4, 4]},
								"east": {"uv": [0, 36], "uv_size": [4, 4]},
								"south": {"uv": [4, 36], "uv_size": [4, 4]},
								"west": {"uv": [8, 36], "uv_size": [4, 4]},
								"up": {"uv": [12, 36], "uv_size": [4, 4]},
								"down": {"uv": [16, 40], "uv_size": [4, -4]}
							}
						},
						{
							"origin": [-0.20711, -0.5, -0.5],
							"size": [0.41422, 1, 0.5],
							"pivot": [0, 0, -0.5],
							"rotation": [0, 0, 45],
							"uv": {
								"north": {"uv": [20, 36], "uv_size": [4, 4]},
								"south": {"uv": [24, 36], "uv_size": [4, 4]},
								"up": {"uv": [28, 36], "uv_size": [4, 4]},
								"down": {"uv": [32, 40], "uv_size": [4, -4]}
							}
						},
						{
							"origin": [-0.20711, -0.5, -0.5],
							"size": [0.41422, 1, 0.5],
							"uv": {
								"north": {"uv": [36, 32], "uv_size": [4, 4]},
								"south": {"uv": [36, 36], "uv_size": [4, 4]},
								"up": {"uv": [0, 40], "uv_size": [4, 4]},
								"down": {"uv": [40, 4], "uv_size": [4, -4]}
							}
						},
						{
							"origin": [-0.5, -0.20711, -0.5],
							"size": [1, 0.41422, 0.5],
							"pivot": [0, 0, -0.5],
							"rotation": [0, 0, 45],
							"uv": {
								"north": {"uv": [4, 40], "uv_size": [4, 4]},
								"east": {"uv": [40, 4], "uv_size": [4, 4]},
								"south": {"uv": [8, 40], "uv_size": [4, 4]},
								"west": {"uv": [40, 8], "uv_size": [4, 4]}
							}
						},
						{
							"origin": [-0.5, -0.20711, -0.5],
							"size": [1, 0.41422, 0.5],
							"uv": {
								"north": {"uv": [12, 40], "uv_size": [4, 4]},
								"east": {"uv": [40, 12], "uv_size": [4, 4]},
								"south": {"uv": [16, 40], "uv_size": [4, 4]},
								"west": {"uv": [40, 16], "uv_size": [4, 4]}
							}
						},
						{
							"origin": [-0.625, -0.18566, -1.5],
							"size": [1.25, 0.37132, 1],
							"uv": {
								"north": {"uv": [20, 40], "uv_size": [4, 4]},
								"east": {"uv": [40, 20], "uv_size": [4, 4]},
								"south": {"uv": [24, 40], "uv_size": [4, 4]},
								"west": {"uv": [40, 24], "uv_size": [4, 4]},
								"up": {"uv": [28, 40], "uv_size": [4, 4]},
								"down": {"uv": [40, 32], "uv_size": [4, -4]}
							}
						},
						{
							"origin": [-0.75, -0.18566, -1.5],
							"size": [1.5, 0.37132, 1],
							"pivot": [0, 0, -1],
							"rotation": [0, 0, 30],
							"uv": {
								"north": {"uv": [0, 0], "uv_size": [8, 4]},
								"east": {"uv": [32, 40], "uv_size": [4, 4]},
								"south": {"uv": [0, 4], "uv_size": [8, 4]},
								"west": {"uv": [40, 32], "uv_size": [4, 4]},
								"up": {"uv": [0, 8], "uv_size": [8, 4]},
								"down": {"uv": [8, 4], "uv_size": [8, -4]}
							}
						},
						{
							"origin": [-0.18566, -0.625, -1.5],
							"size": [0.37132, 1.25, 1],
							"pivot": [0, 0, -1],
							"rotation": [0, 0, 30],
							"uv": {
								"north": {"uv": [36, 40], "uv_size": [4, 4]},
								"east": {"uv": [40, 36], "uv_size": [4, 4]},
								"south": {"uv": [40, 40], "uv_size": [4, 4]},
								"west": {"uv": [0, 44], "uv_size": [4, 4]},
								"up": {"uv": [44, 0], "uv_size": [4, 4]},
								"down": {"uv": [4, 48], "uv_size": [4, -4]}
							}
						},
						{
							"origin": [-0.18566, -0.75, -1.5],
							"size": [0.37132, 1.5, 1],
							"pivot": [0, 0, -0.75],
							"rotation": [0, 0, 60],
							"uv": {
								"north": {"uv": [8, 4], "uv_size": [4, 8]},
								"east": {"uv": [0, 12], "uv_size": [4, 8]},
								"south": {"uv": [4, 12], "uv_size": [4, 8]},
								"west": {"uv": [12, 4], "uv_size": [4, 8]},
								"up": {"uv": [44, 4], "uv_size": [4, 4]},
								"down": {"uv": [8, 48], "uv_size": [4, -4]}
							}
						},
						{
							"origin": [-0.75, -0.18566, -1.5],
							"size": [1.5, 0.37132, 1],
							"pivot": [0, 0, -1],
							"rotation": [0, 0, 90],
							"uv": {
								"north": {"uv": [8, 12], "uv_size": [8, 4]},
								"east": {"uv": [44, 8], "uv_size": [4, 4]},
								"south": {"uv": [16, 0], "uv_size": [8, 4]},
								"west": {"uv": [12, 44], "uv_size": [4, 4]},
								"up": {"uv": [16, 4], "uv_size": [8, 4]},
								"down": {"uv": [8, 20], "uv_size": [8, -4]}
							}
						}
					]
				},
				{
					"name": "octagon",
					"parent": "body",
					"pivot": [0, 0, -3.5],
					"rotation": [0, -90, 0],
					"cubes": [
						{
							"origin": [-0.4, -0.31066, -4.25],
							"size": [2.4, 0.62132, 0.3],
							"pivot": [0, 0, -3.5],
							"rotation": [-45, 0, 0],
							"uv": {
								"north": {"uv": [16, 8], "uv_size": [8, 4]},
								"east": {"uv": [44, 12], "uv_size": [4, 4]},
								"south": {"uv": [16, 12], "uv_size": [8, 4]},
								"west": {"uv": [16, 44], "uv_size": [4, 4]},
								"up": {"uv": [16, 16], "uv_size": [8, 4]},
								"down": {"uv": [0, 24], "uv_size": [8, -4]}
							}
						},
						{
							"origin": [-0.4, -0.31066, -4.25],
							"size": [2.4, 0.62132, 0.3],
							"uv": {
								"north": {"uv": [8, 20], "uv_size": [8, 4]},
								"east": {"uv": [44, 16], "uv_size": [4, 4]},
								"south": {"uv": [16, 20], "uv_size": [8, 4]},
								"west": {"uv": [20, 44], "uv_size": [4, 4]},
								"up": {"uv": [0, 24], "uv_size": [8, 4]},
								"down": {"uv": [24, 4], "uv_size": [8, -4]}
							}
						},
						{
							"origin": [-0.4, -0.31066, -3.05],
							"size": [2.4, 0.62132, 0.3],
							"pivot": [0, 0, -3.5],
							"rotation": [-45, 0, 0],
							"uv": {
								"north": {"uv": [24, 4], "uv_size": [8, 4]},
								"east": {"uv": [44, 20], "uv_size": [4, 4]},
								"south": {"uv": [8, 24], "uv_size": [8, 4]},
								"west": {"uv": [24, 44], "uv_size": [4, 4]},
								"up": {"uv": [24, 8], "uv_size": [8, 4]},
								"down": {"uv": [24, 16], "uv_size": [8, -4]}
							}
						},
						{
							"origin": [-0.4, -0.31066, -3.05],
							"size": [2.4, 0.62132, 0.3],
							"uv": {
								"north": {"uv": [16, 24], "uv_size": [8, 4]},
								"east": {"uv": [44, 24], "uv_size": [4, 4]},
								"south": {"uv": [24, 16], "uv_size": [8, 4]},
								"west": {"uv": [28, 44], "uv_size": [4, 4]},
								"up": {"uv": [24, 20], "uv_size": [8, 4]},
								"down": {"uv": [24, 28], "uv_size": [8, -4]}
							}
						},
						{
							"origin": [-0.4, -0.75, -3.81066],
							"size": [2.4, 0.3, 0.62132],
							"pivot": [0, 0, -3.5],
							"rotation": [-45, 0, 0],
							"uv": {
								"north": {"uv": [0, 28], "uv_size": [8, 4]},
								"east": {"uv": [44, 28], "uv_size": [4, 4]},
								"south": {"uv": [8, 28], "uv_size": [8, 4]},
								"west": {"uv": [32, 44], "uv_size": [4, 4]},
								"up": {"uv": [16, 28], "uv_size": [8, 4]},
								"down": {"uv": [24, 32], "uv_size": [8, -4]}
							}
						},
						{
							"origin": [-0.4, -0.75, -3.81066],
							"size": [2.4, 0.3, 0.62132],
							"uv": {
								"north": {"uv": [0, 32], "uv_size": [8, 4]},
								"east": {"uv": [44, 32], "uv_size": [4, 4]},
								"south": {"uv": [32, 0], "uv_size": [8, 4]},
								"west": {"uv": [36, 44], "uv_size": [4, 4]},
								"up": {"uv": [32, 4], "uv_size": [8, 4]},
								"down": {"uv": [8, 36], "uv_size": [8, -4]}
							}
						},
						{
							"origin": [-0.4, 0.45, -3.81066],
							"size": [2.4, 0.3, 0.62132],
							"pivot": [0, 0, -3.5],
							"rotation": [-45, 0, 0],
							"uv": {
								"north": {"uv": [32, 8], "uv_size": [8, 4]},
								"east": {"uv": [44, 36], "uv_size": [4, 4]},
								"south": {"uv": [32, 12], "uv_size": [8, 4]},
								"west": {"uv": [40, 44], "uv_size": [4, 4]},
								"up": {"uv": [16, 32], "uv_size": [8, 4]},
								"down": {"uv": [32, 20], "uv_size": [8, -4]}
							}
						},
						{
							"origin": [-0.4, 0.45, -3.81066],
							"size": [2.4, 0.3, 0.62132],
							"uv": {
								"north": {"uv": [32, 20], "uv_size": [8, 4]},
								"east": {"uv": [44, 40], "uv_size": [4, 4]},
								"south": {"uv": [24, 32], "uv_size": [8, 4]},
								"west": {"uv": [44, 44], "uv_size": [4, 4]},
								"up": {"uv": [32, 24], "uv_size": [8, 4]},
								"down": {"uv": [32, 32], "uv_size": [8, -4]}
							}
						}
					]
				}
			]
		}
	]
}