{
	"format_version": "1.12.0",
	"minecraft:geometry": [
		{
			"description": {
				"identifier": "geometry.ykmlaser",
				"texture_width": 128,
				"texture_height": 128,
				"visible_bounds_width": 7,
				"visible_bounds_height": 1.5,
				"visible_bounds_offset": [0, 0.25, 0]
			},
			"bones": [
				{
					"name": "body",
					"pivot": [0, 0, 0],
					"rotation": [0, 0, 1],
					"cubes": [
						{
							"origin": [1.425, -1.35, -3],
							"size": [0.025, 0.5, 3],
							"pivot": [0.45, -1.35, -2],
							"rotation": [0, 0, -17],
							"uv": {
								"west": {"uv": [27.5, 2.875], "uv_size": [14.5, 2.5]}
							}
						},
						{
							"origin": [-1.25, -0.125, -1.75],
							"size": [2.5, 0.125, 3],
							"uv": {
								"north": {"uv": [7, 23], "uv_size": [2.5, 0.125]},
								"east": {"uv": [3, 23], "uv_size": [3, 0.125]},
								"south": {"uv": [10, 23], "uv_size": [2.5, 0.125]},
								"west": {"uv": [23, 3], "uv_size": [3, 0.125]},
								"up": {"uv": [4, 10], "uv_size": [2.5, 3]},
								"down": {"uv": [7, 13], "uv_size": [2.5, -3]}
							}
						}
					]
				},
				{
					"name": "hexadecagon1",
					"parent": "body",
					"pivot": [-5.975, -7.35, -5.225],
					"rotation": [0, 90, 0],
					"cubes": [
						{
							"origin": [-12.475, -1.5688, -0.325],
							"size": [0.1, 0.43761, 2.2],
							"pivot": [-11.975, -1.35, 0.775],
							"rotation": [45, 0, 0],
							"uv": {
								"north": {"uv": [24, 18], "uv_size": [0.125, 0.5]},
								"east": {"uv": [20, 17], "uv_size": [2.25, 0.5]},
								"south": {"uv": [19, 24], "uv_size": [0.125, 0.5]},
								"west": {"uv": [18, 20], "uv_size": [2.25, 0.5]},
								"up": {"uv": [22, 23], "uv_size": [0.125, 2.25]},
								"down": {"uv": [23, 25.25], "uv_size": [0.125, -2.25]}
							}
						},
						{
							"origin": [-12.475, -1.5688, -0.325],
							"size": [0.1, 0.43761, 2.2],
							"pivot": [-11.975, -1.35, 0.775],
							"rotation": [22.5, 0, 0],
							"uv": {
								"north": {"uv": [24, 19], "uv_size": [0.125, 0.5]},
								"east": {"uv": [2, 21], "uv_size": [2.25, 0.5]},
								"south": {"uv": [20, 24], "uv_size": [0.125, 0.5]},
								"west": {"uv": [5, 21], "uv_size": [2.25, 0.5]},
								"up": {"uv": [3, 24], "uv_size": [0.125, 2.25]},
								"down": {"uv": [4, 26.25], "uv_size": [0.125, -2.25]}
							}
						},
						{
							"origin": [-12.475, -1.5688, -0.325],
							"size": [0.1, 0.43761, 2.2],
							"uv": {
								"north": {"uv": [24, 20], "uv_size": [0.125, 0.5]},
								"east": {"uv": [8, 21], "uv_size": [2.25, 0.5]},
								"south": {"uv": [21, 24], "uv_size": [0.125, 0.5]},
								"west": {"uv": [11, 21], "uv_size": [2.25, 0.5]},
								"up": {"uv": [5, 24], "uv_size": [0.125, 2.25]},
								"down": {"uv": [6, 26.25], "uv_size": [0.125, -2.25]}
							}
						},
						{
							"origin": [-12.475, -1.5688, -0.325],
							"size": [0.1, 0.43761, 2.2],
							"pivot": [-11.975, -1.35, 0.775],
							"rotation": [-22.5, 0, 0],
							"uv": {
								"north": {"uv": [24, 21], "uv_size": [0.125, 0.5]},
								"east": {"uv": [14, 21], "uv_size": [2.25, 0.5]},
								"south": {"uv": [24, 22], "uv_size": [0.125, 0.5]},
								"west": {"uv": [21, 15], "uv_size": [2.25, 0.5]},
								"up": {"uv": [7, 24], "uv_size": [0.125, 2.25]},
								"down": {"uv": [8, 26.25], "uv_size": [0.125, -2.25]}
							}
						},
						{
							"origin": [-12.475, -1.5688, -0.325],
							"size": [0.1, 0.43761, 2.2],
							"pivot": [-11.975, -1.35, 0.775],
							"rotation": [-45, 0, 0],
							"uv": {
								"north": {"uv": [24, 23], "uv_size": [0.125, 0.5]},
								"east": {"uv": [21, 16], "uv_size": [2.25, 0.5]},
								"south": {"uv": [24, 24], "uv_size": [0.125, 0.5]},
								"west": {"uv": [17, 21], "uv_size": [2.25, 0.5]},
								"up": {"uv": [9, 24], "uv_size": [0.125, 2.25]},
								"down": {"uv": [10, 26.25], "uv_size": [0.125, -2.25]}
							}
						},
						{
							"origin": [-12.475, -2.45, 0.5562],
							"size": [0.1, 2.2, 0.43761],
							"pivot": [-11.975, -1.35, 0.775],
							"rotation": [22.5, 0, 0],
							"uv": {
								"north": {"uv": [11, 24], "uv_size": [0.125, 2.25]},
								"east": {"uv": [20, 21], "uv_size": [0.5, 2.25]},
								"south": {"uv": [12, 24], "uv_size": [0.125, 2.25]},
								"west": {"uv": [21, 20], "uv_size": [0.5, 2.25]},
								"up": {"uv": [0, 25], "uv_size": [0.125, 0.5]},
								"down": {"uv": [1, 25.5], "uv_size": [0.125, -0.5]}
							}
						},
						{
							"origin": [-12.475, -2.45, 0.5562],
							"size": [0.1, 2.2, 0.43761],
							"uv": {
								"north": {"uv": [24, 12], "uv_size": [0.125, 2.25]},
								"east": {"uv": [0, 22], "uv_size": [0.5, 2.25]},
								"south": {"uv": [13, 24], "uv_size": [0.125, 2.25]},
								"west": {"uv": [1, 22], "uv_size": [0.5, 2.25]},
								"up": {"uv": [2, 25], "uv_size": [0.125, 0.5]},
								"down": {"uv": [25, 2.5], "uv_size": [0.125, -0.5]}
							}
						},
						{
							"origin": [-12.475, -2.45, 0.5562],
							"size": [0.1, 2.2, 0.43761],
							"pivot": [-11.975, -1.35, 0.775],
							"rotation": [-22.5, 0, 0],
							"uv": {
								"north": {"uv": [14, 24], "uv_size": [0.125, 2.25]},
								"east": {"uv": [2, 22], "uv_size": [0.5, 2.25]},
								"south": {"uv": [15, 24], "uv_size": [0.125, 2.25]},
								"west": {"uv": [22, 2], "uv_size": [0.5, 2.25]},
								"up": {"uv": [25, 4], "uv_size": [0.125, 0.5]},
								"down": {"uv": [25, 8.5], "uv_size": [0.125, -0.5]}
							}
						}
					]
				},
				{
					"name": "hexadecagon",
					"parent": "body",
					"pivot": [-6, -7.25, -6],
					"rotation": [0, 90, 0],
					"cubes": [
						{
							"origin": [-13.2, -1.44891, -1],
							"size": [3.9, 0.39782, 2],
							"pivot": [-12, -1.25, 0],
							"rotation": [45, 0, 0],
							"uv": {
								"north": {"uv": [17, 15], "uv_size": [3.875, 0.375]},
								"east": {"uv": [2, 17], "uv_size": [2, 0.375]},
								"south": {"uv": [17, 16], "uv_size": [3.875, 0.375]},
								"west": {"uv": [8, 22], "uv_size": [2, 0.375]},
								"up": {"uv": [0, 0], "uv_size": [3.875, 2]},
								"down": {"uv": [0, 4], "uv_size": [3.875, -2]}
							}
						},
						{
							"origin": [-13.2, -1.44891, -1],
							"size": [3.9, 0.39782, 2],
							"pivot": [-12, -1.25, 0],
							"rotation": [22.5, 0, 0],
							"uv": {
								"north": {"uv": [2, 18], "uv_size": [3.875, 0.375]},
								"east": {"uv": [22, 8], "uv_size": [2, 0.375]},
								"south": {"uv": [6, 18], "uv_size": [3.875, 0.375]},
								"west": {"uv": [22, 9], "uv_size": [2, 0.375]},
								"up": {"uv": [0, 4], "uv_size": [3.875, 2]},
								"down": {"uv": [4, 2], "uv_size": [3.875, -2]}
							}
						},
						{
							"origin": [-13.2, -1.44891, -1],
							"size": [3.9, 0.39782, 2],
							"uv": {
								"north": {"uv": [10, 18], "uv_size": [3.875, 0.375]},
								"east": {"uv": [10, 22], "uv_size": [2, 0.375]},
								"south": {"uv": [14, 18], "uv_size": [3.875, 0.375]},
								"west": {"uv": [12, 22], "uv_size": [2, 0.375]},
								"up": {"uv": [4, 2], "uv_size": [3.875, 2]},
								"down": {"uv": [4, 6], "uv_size": [3.875, -2]}
							}
						},
						{
							"origin": [-13.2, -1.44891, -1],
							"size": [3.9, 0.39782, 2],
							"pivot": [-12, -1.25, 0],
							"rotation": [-22.5, 0, 0],
							"uv": {
								"north": {"uv": [18, 18], "uv_size": [3.875, 0.375]},
								"east": {"uv": [22, 12], "uv_size": [2, 0.375]},
								"south": {"uv": [2, 19], "uv_size": [3.875, 0.375]},
								"west": {"uv": [22, 13], "uv_size": [2, 0.375]},
								"up": {"uv": [0, 6], "uv_size": [3.875, 2]},
								"down": {"uv": [4, 8], "uv_size": [3.875, -2]}
							}
						},
						{
							"origin": [-13.2, -1.44891, -1],
							"size": [3.9, 0.39782, 2],
							"pivot": [-12, -1.25, 0],
							"rotation": [-45, 0, 0],
							"uv": {
								"north": {"uv": [6, 19], "uv_size": [3.875, 0.375]},
								"east": {"uv": [14, 22], "uv_size": [2, 0.375]},
								"south": {"uv": [10, 19], "uv_size": [3.875, 0.375]},
								"west": {"uv": [22, 14], "uv_size": [2, 0.375]},
								"up": {"uv": [0, 8], "uv_size": [3.875, 2]},
								"down": {"uv": [8, 2], "uv_size": [3.875, -2]}
							}
						},
						{
							"origin": [-13.2, -2.25, -0.19891],
							"size": [3.9, 2, 0.39782],
							"pivot": [-12, -1.25, 0],
							"rotation": [22.5, 0, 0],
							"uv": {
								"north": {"uv": [8, 2], "uv_size": [3.875, 2]},
								"east": {"uv": [16, 22], "uv_size": [0.375, 2]},
								"south": {"uv": [4, 8], "uv_size": [3.875, 2]},
								"west": {"uv": [17, 22], "uv_size": [0.375, 2]},
								"up": {"uv": [14, 19], "uv_size": [3.875, 0.375]},
								"down": {"uv": [18, 19.375], "uv_size": [3.875, -0.375]}
							}
						},
						{
							"origin": [-13.2, -2.25, -0.19891],
							"size": [3.9, 2, 0.39782],
							"uv": {
								"north": {"uv": [8, 4], "uv_size": [3.875, 2]},
								"east": {"uv": [18, 22], "uv_size": [0.375, 2]},
								"south": {"uv": [8, 6], "uv_size": [3.875, 2]},
								"west": {"uv": [22, 18], "uv_size": [0.375, 2]},
								"up": {"uv": [2, 20], "uv_size": [3.875, 0.375]},
								"down": {"uv": [6, 20.375], "uv_size": [3.875, -0.375]}
							}
						},
						{
							"origin": [-13.2, -2.25, -0.19891],
							"size": [3.9, 2, 0.39782],
							"pivot": [-12, -1.25, 0],
							"rotation": [-22.5, 0, 0],
							"uv": {
								"north": {"uv": [8, 8], "uv_size": [3.875, 2]},
								"east": {"uv": [19, 22], "uv_size": [0.375, 2]},
								"south": {"uv": [0, 10], "uv_size": [3.875, 2]},
								"west": {"uv": [22, 20], "uv_size": [0.375, 2]},
								"up": {"uv": [10, 20], "uv_size": [3.875, 0.375]},
								"down": {"uv": [14, 20.375], "uv_size": [3.875, -0.375]}
							}
						}
					]
				},
				{
					"name": "sight_illuminated",
					"parent": "body",
					"pivot": [0, 0, 0],
					"cubes": [
						{
							"origin": [-53.55, -1.3, -57.975],
							"size": [55.45, 0.15, 0.15],
							"pivot": [0.9, -1.3, -56.975],
							"rotation": [0, 90, 0],
							"uv": {
								"north": {"uv": [10, 10], "uv_size": [55.5, 0.125]},
								"east": {"uv": [25, 9], "uv_size": [0.125, 0.125]},
								"south": {"uv": [10, 11], "uv_size": [55.5, 0.125]},
								"west": {"uv": [25, 12], "uv_size": [0.125, 0.125]},
								"up": {"uv": [12, 0], "uv_size": [55.5, 0.125]},
								"down": {"uv": [12, 1.125], "uv_size": [55.5, -0.125]}
							}
						}
					]
				},
				{
					"name": "bian",
					"parent": "body",
					"pivot": [-1.05, -1.8, 0],
					"cubes": [
						{
							"origin": [-0.525, -0.425, -3.15],
							"size": [1.3, 0.3, 4.4],
							"inflate": 0.001,
							"uv": {
								"north": {"uv": [13, 23], "uv_size": [1.25, 0.25]},
								"east": {"uv": [3, 22], "uv_size": [4.375, 0.25]},
								"south": {"uv": [23, 17], "uv_size": [1.25, 0.25]},
								"west": {"uv": [22, 5], "uv_size": [4.375, 0.25]},
								"up": {"uv": [0, 12], "uv_size": [1.25, 4.375]},
								"down": {"uv": [2, 16.375], "uv_size": [1.25, -4.375]}
							}
						},
						{
							"origin": [-1.15, -0.7, -3.15],
							"size": [0.8, 0.3, 4.4],
							"pivot": [-0.9, -0.575, 0],
							"rotation": [0, 0, -32.5],
							"uv": {
								"north": {"uv": [17, 24], "uv_size": [0.75, 0.25]},
								"east": {"uv": [22, 6], "uv_size": [4.375, 0.25]},
								"south": {"uv": [18, 24], "uv_size": [0.75, 0.25]},
								"west": {"uv": [22, 7], "uv_size": [4.375, 0.25]},
								"up": {"uv": [5, 13], "uv_size": [0.75, 4.375]},
								"down": {"uv": [6, 17.375], "uv_size": [0.75, -4.375]}
							}
						},
						{
							"origin": [0.35, -2.35, -3.15],
							"size": [0.8, 0.35, 4.4],
							"inflate": 0.001,
							"pivot": [0.6, -2.175, 0],
							"rotation": [0, 0, -32.5],
							"uv": {
								"north": {"uv": [23, 19], "uv_size": [0.75, 0.375]},
								"east": {"uv": [17, 7], "uv_size": [4.375, 0.375]},
								"south": {"uv": [23, 20], "uv_size": [0.75, 0.375]},
								"west": {"uv": [17, 8], "uv_size": [4.375, 0.375]},
								"up": {"uv": [9, 13], "uv_size": [0.75, 4.375]},
								"down": {"uv": [13, 16.375], "uv_size": [0.75, -4.375]}
							}
						},
						{
							"origin": [0.7, -1.775, -3.15],
							"size": [0.95, 0.35, 4.4],
							"pivot": [1.1, -1.6, 0],
							"rotation": [0, 0, -75.75],
							"uv": {
								"north": {"uv": [23, 4], "uv_size": [1, 0.375]},
								"east": {"uv": [12, 7], "uv_size": [4.375, 0.375]},
								"south": {"uv": [6, 23], "uv_size": [1, 0.375]},
								"west": {"uv": [12, 8], "uv_size": [4.375, 0.375]},
								"up": {"uv": [12, 12], "uv_size": [1, 4.375]},
								"down": {"uv": [4, 17.375], "uv_size": [1, -4.375]}
							}
						},
						{
							"origin": [-1.4, -1.3, -3.15],
							"size": [0.8, 0.35, 4.4],
							"inflate": 0.001,
							"pivot": [-1.15, -1.125, 0],
							"rotation": [0, 0, -75.75],
							"uv": {
								"north": {"uv": [21, 23], "uv_size": [0.75, 0.375]},
								"east": {"uv": [17, 9], "uv_size": [4.375, 0.375]},
								"south": {"uv": [23, 21], "uv_size": [0.75, 0.375]},
								"west": {"uv": [10, 17], "uv_size": [4.375, 0.375]},
								"up": {"uv": [14, 2], "uv_size": [0.75, 4.375]},
								"down": {"uv": [14, 16.375], "uv_size": [0.75, -4.375]}
							}
						},
						{
							"origin": [-1.125, -1.975, -3.15],
							"size": [0.625, 0.35, 4.4],
							"pivot": [-1.05, -1.8, 0],
							"rotation": [0, 0, -105.75],
							"uv": {
								"north": {"uv": [24, 4], "uv_size": [0.625, 0.375]},
								"east": {"uv": [12, 9], "uv_size": [4.375, 0.375]},
								"south": {"uv": [24, 8], "uv_size": [0.625, 0.375]},
								"west": {"uv": [17, 2], "uv_size": [4.375, 0.375]},
								"up": {"uv": [15, 2], "uv_size": [0.625, 4.375]},
								"down": {"uv": [15, 16.375], "uv_size": [0.625, -4.375]}
							}
						},
						{
							"origin": [1.075, -1.4, -3.15],
							"size": [0.625, 0.425, 4.4],
							"inflate": 0.001,
							"pivot": [1.15, -1.15, 0],
							"rotation": [0, 0, -105.75],
							"uv": {
								"north": {"uv": [24, 9], "uv_size": [0.625, 0.375]},
								"east": {"uv": [17, 12], "uv_size": [4.375, 0.375]},
								"south": {"uv": [24, 15], "uv_size": [0.625, 0.375]},
								"west": {"uv": [17, 13], "uv_size": [4.375, 0.375]},
								"up": {"uv": [16, 2], "uv_size": [0.625, 4.375]},
								"down": {"uv": [16, 16.375], "uv_size": [0.625, -4.375]}
							}
						},
						{
							"origin": [-0.65, -2.475, -3.15],
							"size": [0.8, 0.325, 4.4],
							"inflate": 0.001,
							"pivot": [-0.575, -2.3, 0],
							"rotation": [0, 0, -135.75],
							"uv": {
								"north": {"uv": [15, 23], "uv_size": [0.75, 0.375]},
								"east": {"uv": [17, 3], "uv_size": [4.375, 0.375]},
								"south": {"uv": [23, 18], "uv_size": [0.75, 0.375]},
								"west": {"uv": [17, 4], "uv_size": [4.375, 0.375]},
								"up": {"uv": [7, 13], "uv_size": [0.75, 4.375]},
								"down": {"uv": [8, 17.375], "uv_size": [0.75, -4.375]}
							}
						},
						{
							"origin": [1, -0.85, -3.15],
							"size": [0.675, 0.375, 4.4],
							"pivot": [1.075, -0.675, 0],
							"rotation": [0, 0, -135.75],
							"uv": {
								"north": {"uv": [16, 24], "uv_size": [0.625, 0.375]},
								"east": {"uv": [17, 14], "uv_size": [4.375, 0.375]},
								"south": {"uv": [24, 16], "uv_size": [0.625, 0.375]},
								"west": {"uv": [15, 17], "uv_size": [4.375, 0.375]},
								"up": {"uv": [0, 17], "uv_size": [0.625, 4.375]},
								"down": {"uv": [1, 21.375], "uv_size": [0.625, -4.375]}
							}
						},
						{
							"origin": [-0.625, -2.45, -3.15],
							"size": [1.125, 0.325, 4.4],
							"uv": {
								"north": {"uv": [22, 22], "uv_size": [1.125, 0.375]},
								"east": {"uv": [17, 5], "uv_size": [4.375, 0.375]},
								"south": {"uv": [23, 2], "uv_size": [1.125, 0.375]},
								"west": {"uv": [17, 6], "uv_size": [4.375, 0.375]},
								"up": {"uv": [12, 2], "uv_size": [1.125, 4.375]},
								"down": {"uv": [10, 16.375], "uv_size": [1.125, -4.375]}
							}
						}
					]
				}
			]
		}
	]
}