{
	"format_version": "1.12.0",
	"minecraft:geometry": [
		{
			"description": {
				"identifier": "geometry.unknown",
				"texture_width": 32,
				"texture_height": 32,
				"visible_bounds_width": 2,
				"visible_bounds_height": 1.5,
				"visible_bounds_offset": [0, 0.25, 0]
			},
			"bones": [
				{
					"name": "positioning",
					"pivot": [0, 0, 0]
				},
				{
					"name": "thirdperson_hand",
					"parent": "positioning",
					"pivot": [-0.6, 3.25, 1.5]
				},
				{
					"name": "fixed",
					"parent": "positioning",
					"pivot": [0.6, 4.575, -0.625],
					"rotation": [0, 90, 0]
				},
				{
					"name": "gournd",
					"parent": "positioning",
					"pivot": [0, -2, -1.175]
				},
				{
					"name": "m45a1",
					"pivot": [0, 0, 0],
					"cubes": [
						{
							"origin": [-0.5625, 4.6875, -6.3125],
							"size": [1.125, 1, 9.125],
							"inflate": 0.001,
							"uv": {
								"north": {"uv": [13, 4], "uv_size": [1.25, 1]},
								"east": {"uv": [4, 0], "uv_size": [9.25, 1]},
								"west": {"uv": [4, 1], "uv_size": [9.25, 1]},
								"up": {"uv": [0, 0], "uv_size": [1.25, 9.25]},
								"down": {"uv": [2, 9.25], "uv_size": [1.25, -9.25]}
							}
						},
						{
							"origin": [-0.25, 4.9375, -6.375],
							"size": [0.5, 0.5, 0.75],
							"pivot": [0, 5.1875, -6],
							"rotation": [0, 0, 45],
							"uv": {
								"north": {"uv": [12, 16], "uv_size": [0.5, 0.5]},
								"east": {"uv": [14, 15], "uv_size": [0.75, 0.5]},
								"south": {"uv": [16, 12], "uv_size": [0.5, 0.5]},
								"west": {"uv": [15, 14], "uv_size": [0.75, 0.5]},
								"up": {"uv": [15, 15], "uv_size": [0.5, 0.75]},
								"down": {"uv": [0, 16.75], "uv_size": [0.5, -0.75]}
							}
						},
						{
							"origin": [-0.1875, 4.25, -6.375],
							"size": [0.375, 0.375, 0.75],
							"pivot": [0, 4.4375, -6],
							"rotation": [0, 0, 45],
							"uv": {
								"north": {"uv": [13, 16], "uv_size": [0.5, 0.5]},
								"east": {"uv": [16, 0], "uv_size": [0.75, 0.5]},
								"south": {"uv": [16, 13], "uv_size": [0.5, 0.5]},
								"west": {"uv": [1, 16], "uv_size": [0.75, 0.5]},
								"up": {"uv": [16, 1], "uv_size": [0.5, 0.75]},
								"down": {"uv": [2, 16.75], "uv_size": [0.5, -0.75]}
							}
						},
						{
							"origin": [-0.5, 5.42501, 1.4154],
							"size": [1, 0.4375, 1.28125],
							"pivot": [0, 5.64376, 2.08728],
							"rotation": [15, 0, 0],
							"uv": {
								"east": {"uv": [5, 15], "uv_size": [1.25, 0.5]},
								"south": {"uv": [10, 15], "uv_size": [1, 0.5]},
								"west": {"uv": [15, 5], "uv_size": [1.25, 0.5]},
								"up": {"uv": [13, 8], "uv_size": [1, 1.25]}
							}
						},
						{
							"origin": [-0.125, 5.42501, -5.8971],
							"size": [0.25, 0.51563, 0.78125],
							"uv": {
								"north": {"uv": [17, 1], "uv_size": [0.25, 0.5]},
								"east": {"uv": [13, 15], "uv_size": [0.75, 0.5]},
								"south": {"uv": [2, 17], "uv_size": [0.25, 0.5]},
								"west": {"uv": [15, 13], "uv_size": [0.75, 0.5]},
								"up": {"uv": [16, 15], "uv_size": [0.25, 0.75]}
							}
						},
						{
							"origin": [-0.5625, 3.8125, -4.125],
							"size": [1.125, 0.875, 7.1875],
							"inflate": 0.001,
							"uv": {
								"north": {"uv": [13, 5], "uv_size": [1.25, 1]},
								"east": {"uv": [6, 2], "uv_size": [7.25, 1]},
								"west": {"uv": [6, 3], "uv_size": [7.25, 1]},
								"down": {"uv": [4, 9.25], "uv_size": [1.25, -7.25]}
							}
						},
						{
							"origin": [-0.3125, 2.6875, -1.4375],
							"size": [0.625, 0.1875, 2.3125],
							"uv": {
								"east": {"uv": [15, 6], "uv_size": [2.25, 0.25]},
								"south": {"uv": [16, 16], "uv_size": [0.75, 0.25]},
								"west": {"uv": [7, 15], "uv_size": [2.25, 0.25]},
								"up": {"uv": [1, 13], "uv_size": [0.75, 2.25]},
								"down": {"uv": [2, 15.25], "uv_size": [0.75, -2.25]}
							}
						},
						{
							"origin": [-0.5625, 2.875, 0.125],
							"size": [1.125, 0.9375, 0.75],
							"inflate": -0.001,
							"uv": {
								"north": {"uv": [13, 10], "uv_size": [1.25, 1]},
								"east": {"uv": [13, 14], "uv_size": [0.75, 1]},
								"south": {"uv": [11, 13], "uv_size": [1.25, 1]},
								"west": {"uv": [14, 13], "uv_size": [0.75, 1]},
								"down": {"uv": [14, 3.75], "uv_size": [1.25, -0.75]}
							}
						},
						{
							"origin": [-0.125, 2.875, -0.5625],
							"size": [0.25, 0.9375, 0.6875],
							"uv": {
								"north": {"uv": [14, 16], "uv_size": [0.25, 1]},
								"east": {"uv": [14, 14], "uv_size": [0.75, 1]},
								"west": {"uv": [15, 1], "uv_size": [0.75, 1]}
							}
						},
						{
							"origin": [-0.3125, 2.6875, -1.625],
							"size": [0.625, 1.125, 0.1875],
							"uv": {
								"north": {"uv": [14, 1], "uv_size": [0.75, 1.25]},
								"east": {"uv": [5, 16], "uv_size": [0.25, 1.25]},
								"south": {"uv": [14, 8], "uv_size": [0.75, 1.25]},
								"west": {"uv": [6, 16], "uv_size": [0.25, 1.25]},
								"down": {"uv": [0, 17.25], "uv_size": [0.75, -0.25]}
							}
						},
						{
							"origin": [-0.5625, 2, -5.5],
							"size": [1.125, 1.5625, 4.5],
							"pivot": [0, 4.25, -0.53125],
							"rotation": [110, 0, 0],
							"uv": {
								"east": {"uv": [6, 4], "uv_size": [4.5, 1.5]},
								"west": {"uv": [6, 6], "uv_size": [4.5, 1.5]},
								"up": {"uv": [5, 10], "uv_size": [1.25, 4.5]},
								"down": {"uv": [7, 14.5], "uv_size": [1.25, -4.5]}
							}
						},
						{
							"origin": [-0.5625, 1.4163, 0.40379],
							"size": [1.125, 1.5625, 4.5],
							"inflate": -0.001,
							"pivot": [0, 2.19755, 2.65379],
							"rotation": [115, 0, 0],
							"uv": {
								"east": {"uv": [6, 8], "uv_size": [4.5, 1.5]},
								"west": {"uv": [0, 10], "uv_size": [4.5, 1.5]},
								"up": {"uv": [9, 10], "uv_size": [1.25, 4.5]},
								"down": {"uv": [11, 8.5], "uv_size": [1.25, -4.5]}
							}
						},
						{
							"origin": [-0.5625, 2.7288, 3.59129],
							"size": [1.125, 0.94041, 1.11216],
							"inflate": -0.001,
							"pivot": [0, 2.19755, 2.65379],
							"rotation": [45, 0, 0],
							"uv": {
								"east": {"uv": [13, 11], "uv_size": [1, 1]},
								"south": {"uv": [13, 6], "uv_size": [1.25, 1]},
								"west": {"uv": [13, 13], "uv_size": [1, 1]},
								"down": {"uv": [13, 8], "uv_size": [1.25, -1]}
							}
						},
						{
							"origin": [-0.1875, 4.35274, 2.98989],
							"size": [0.375, 0.25291, 0.98716],
							"pivot": [0, 4.44794, 3.04597],
							"rotation": [40, 0, 0],
							"uv": {
								"north": {"uv": [17, 0], "uv_size": [0.5, 0.25]},
								"east": {"uv": [8, 16], "uv_size": [1, 0.25]},
								"south": {"uv": [1, 17], "uv_size": [0.5, 0.25]},
								"west": {"uv": [16, 8], "uv_size": [1, 0.25]},
								"up": {"uv": [15, 8], "uv_size": [0.5, 1]},
								"down": {"uv": [15, 10], "uv_size": [0.5, -1]}
							}
						},
						{
							"origin": [-0.1875, 3.85274, 3.42739],
							"size": [0.375, 0.5, 0.54966],
							"pivot": [0, 4.44794, 3.04597],
							"rotation": [40, 0, 0],
							"uv": {
								"north": {"uv": [9, 16], "uv_size": [0.5, 0.5]},
								"east": {"uv": [16, 9], "uv_size": [0.5, 0.5]},
								"south": {"uv": [10, 16], "uv_size": [0.5, 0.5]},
								"west": {"uv": [16, 10], "uv_size": [0.5, 0.5]},
								"up": {"uv": [11, 16], "uv_size": [0.5, 0.5]},
								"down": {"uv": [16, 11.5], "uv_size": [0.5, -0.5]}
							}
						},
						{
							"origin": [-0.4375, 3.8483, 3.22695],
							"size": [0.875, 0.50291, 0.67466],
							"uv": {
								"east": {"uv": [15, 10], "uv_size": [0.75, 0.5]},
								"south": {"uv": [15, 7], "uv_size": [1, 0.5]},
								"west": {"uv": [11, 15], "uv_size": [0.75, 0.5]},
								"up": {"uv": [14, 11], "uv_size": [1, 0.75]},
								"down": {"uv": [12, 14.75], "uv_size": [1, -0.75]}
							}
						},
						{
							"origin": [-0.3125, 3.81262, 3.8584],
							"size": [0.625, 0.40916, 0.54966],
							"pivot": [0, 3.90783, 3.63323],
							"rotation": [22.5, 0, 0],
							"uv": {
								"east": {"uv": [7, 16], "uv_size": [0.5, 0.5]},
								"south": {"uv": [15, 11], "uv_size": [0.75, 0.5]},
								"west": {"uv": [16, 7], "uv_size": [0.5, 0.5]},
								"up": {"uv": [12, 15], "uv_size": [0.75, 0.5]},
								"down": {"uv": [15, 12.5], "uv_size": [0.75, -0.5]}
							}
						},
						{
							"origin": [-0.5625, 0.77587, 0.15224],
							"size": [1.125, 2.62744, 0.59061],
							"inflate": 0.001,
							"pivot": [0, 2.19755, 2.65379],
							"rotation": [97.5, 0, 0],
							"uv": {
								"north": {"uv": [11, 9], "uv_size": [1.25, 2.75]},
								"east": {"uv": [3, 13], "uv_size": [0.5, 2.75]},
								"west": {"uv": [4, 13], "uv_size": [0.5, 2.75]},
								"up": {"uv": [15, 2], "uv_size": [1.25, 0.5]},
								"down": {"uv": [15, 4.5], "uv_size": [1.25, -0.5]}
							}
						},
						{
							"origin": [-0.4375, 4.0625, -6.3125],
							"size": [0.875, 0.625, 3.125],
							"uv": {
								"north": {"uv": [11, 14], "uv_size": [1, 0.75]},
								"east": {"uv": [1, 12], "uv_size": [3.25, 0.75]},
								"west": {"uv": [11, 12], "uv_size": [3.25, 0.75]},
								"down": {"uv": [0, 15.25], "uv_size": [1, -3.25]}
							}
						},
						{
							"origin": [-0.5625, 4.6875, 2.8125],
							"size": [1.125, 0.30709, 0.28701],
							"uv": {
								"east": {"uv": [17, 2], "uv_size": [0.25, 0.25]},
								"south": {"uv": [3, 16], "uv_size": [1.25, 0.25]},
								"west": {"uv": [3, 17], "uv_size": [0.25, 0.25]},
								"down": {"uv": [16, 3.25], "uv_size": [1.25, -0.25]}
							}
						},
						{
							"origin": [-0.5625, 4.96109, 2.80611],
							"size": [1.125, 0.75, 0.3125],
							"pivot": [0, 4.92984, 3.02486],
							"rotation": [22.5, 0, 0],
							"uv": {
								"east": {"uv": [16, 14], "uv_size": [0.25, 0.75]},
								"south": {"uv": [14, 0], "uv_size": [1.25, 0.75]},
								"west": {"uv": [15, 16], "uv_size": [0.25, 0.75]}
							}
						}
					]
				}
			]
		}
	]
}