{
	"format_version": "1.12.0",
	"minecraft:geometry": [
		{
			"description": {
				"identifier": "geometry.unknown",
				"texture_width": 16,
				"texture_height": 16,
				"visible_bounds_width": 6,
				"visible_bounds_height": 6,
				"visible_bounds_offset": [0, 2, 0]
			},
			"bones": [
				{
					"name": "cube2",
					"pivot": [0, 0, 0]
				},
				{
					"name": "cube",
					"parent": "cube2",
					"pivot": [-0.01587, 3.30249, 0.89754],
					"rotation": [-90, 0, 0],
					"cubes": [
						{
							"origin": [-0.61719, 4.19531, 0.17969],
							"size": [1.0625, 1.46875, 3.82031],
							"uv": {
								"north": {"uv": [2, 10], "uv_size": [1, 1.5]},
								"east": {"uv": [0, 8], "uv_size": [4, 1.5]},
								"south": {"uv": [10, 2], "uv_size": [1, 1.5]},
								"west": {"uv": [8, 0], "uv_size": [4, 1.5]},
								"up": {"uv": [8, 2], "uv_size": [1, 4]},
								"down": {"uv": [4, 12], "uv_size": [1, -4]}
							}
						},
						{
							"origin": [-0.61719, 4.19706, 3.46508],
							"size": [1.0625, 1.46875, 0.76537],
							"inflate": 0.0001,
							"uv": {
								"north": {"uv": [3, 10], "uv_size": [1, 1.5]},
								"east": {"uv": [10, 4], "uv_size": [1, 1.5]},
								"south": {"uv": [5, 10], "uv_size": [1, 1.5]},
								"west": {"uv": [6, 10], "uv_size": [1, 1.5]},
								"up": {"uv": [10, 10], "uv_size": [1, 1]},
								"down": {"uv": [11, 3], "uv_size": [1, -1]}
							}
						},
						{
							"origin": [-0.60547, 2.32031, 1.5],
							"size": [1.03906, 1.92969, 0.25],
							"uv": {
								"north": {"uv": [7, 8], "uv_size": [1, 2]},
								"east": {"uv": [11, 3], "uv_size": [0.5, 2]},
								"south": {"uv": [8, 8], "uv_size": [1, 2]},
								"west": {"uv": [11, 5], "uv_size": [0.5, 2]},
								"up": {"uv": [11, 11], "uv_size": [1, 0.5]},
								"down": {"uv": [12, 0.5], "uv_size": [1, -0.5]}
							}
						},
						{
							"origin": [-0.60156, 2.22266, 0.26563],
							"size": [1.01563, 0.22266, 1.46094],
							"pivot": [0, 2.32031, 1.125],
							"rotation": [9.5, 0, 0],
							"uv": {
								"north": {"uv": [12, 1], "uv_size": [1, 0.5]},
								"east": {"uv": [11, 7], "uv_size": [1.5, 0.5]},
								"south": {"uv": [2, 12], "uv_size": [1, 0.5]},
								"west": {"uv": [11, 8], "uv_size": [1.5, 0.5]},
								"up": {"uv": [10, 6], "uv_size": [1, 1.5]},
								"down": {"uv": [7, 11.5], "uv_size": [1, -1.5]}
							}
						},
						{
							"origin": [-0.25, 3, 0.33984],
							"size": [0.5, 0.25, 0.91016],
							"uv": {
								"north": {"uv": [11, 12], "uv_size": [0.5, 0.5]},
								"east": {"uv": [12, 2], "uv_size": [1, 0.5]},
								"south": {"uv": [12, 11], "uv_size": [0.5, 0.5]},
								"west": {"uv": [3, 12], "uv_size": [1, 0.5]},
								"up": {"uv": [12, 3], "uv_size": [0.5, 1]},
								"down": {"uv": [4, 13], "uv_size": [0.5, -1]}
							}
						},
						{
							"origin": [-0.29955, -2, -0.78493],
							"size": [0.625, 4, 0.625],
							"pivot": [0.01295, 0, -0.47243],
							"rotation": [0, -90.5, 0],
							"uv": {
								"north": {"uv": [9, 2], "uv_size": [0.5, 4]},
								"east": {"uv": [9, 8], "uv_size": [0.5, 4]},
								"south": {"uv": [0, 10], "uv_size": [0.5, 4]},
								"west": {"uv": [1, 10], "uv_size": [0.5, 4]},
								"up": {"uv": [12, 12], "uv_size": [0.5, 0.5]},
								"down": {"uv": [13, 0.5], "uv_size": [0.5, -0.5]}
							}
						}
					]
				},
				{
					"name": "muzzle_flash",
					"parent": "cube",
					"pivot": [0.0026, -2.13928, -0.60246],
					"rotation": [90, 0, 0]
				},
				{
					"name": "shell",
					"parent": "cube",
					"pivot": [-0.75, 2.25, -1.25]
				},
				{
					"name": "mag",
					"parent": "cube",
					"pivot": [0, 4.92203, 0.60381],
					"cubes": [
						{
							"origin": [-0.72266, 4.16179, 4.19087],
							"size": [1.23047, 1.54688, 0.47835],
							"uv": {
								"north": {"uv": [8, 10], "uv_size": [1, 1.5]},
								"east": {"uv": [11, 9], "uv_size": [0.5, 1.5]},
								"south": {"uv": [10, 8], "uv_size": [1, 1.5]},
								"west": {"uv": [10, 11], "uv_size": [0.5, 1.5]},
								"up": {"uv": [12, 4], "uv_size": [1, 0.5]},
								"down": {"uv": [5, 12.5], "uv_size": [1, -0.5]}
							}
						},
						{
							"origin": [-0.25, 4.27758, -0.00515],
							"size": [0.5, 0.75, 0.5],
							"uv": {
								"north": {"uv": [12, 5], "uv_size": [0.5, 1]},
								"east": {"uv": [6, 12], "uv_size": [0.5, 1]},
								"south": {"uv": [12, 6], "uv_size": [0.5, 1]},
								"west": {"uv": [7, 12], "uv_size": [0.5, 1]},
								"up": {"uv": [13, 1], "uv_size": [0.5, 0.5]},
								"down": {"uv": [2, 13.5], "uv_size": [0.5, -0.5]}
							}
						}
					]
				},
				{
					"name": "qt",
					"parent": "cube",
					"pivot": [0, 5.25, 2.5],
					"cubes": [
						{
							"origin": [-0.84375, -1.75, -1.25],
							"size": [1.5, 8, 1.59766],
							"uv": {
								"north": {"uv": [0, 0], "uv_size": [1.5, 8]},
								"east": {"uv": [2, 0], "uv_size": [1.5, 8]},
								"south": {"uv": [4, 0], "uv_size": [1.5, 8]},
								"west": {"uv": [6, 0], "uv_size": [1.5, 8]},
								"up": {"uv": [5, 8], "uv_size": [1.5, 1.5]},
								"down": {"uv": [8, 7.5], "uv_size": [1.5, -1.5]}
							}
						},
						{
							"origin": [-0.20703, -1.54849, -1.41811],
							"size": [0.25, 1, 0.5],
							"uv": {
								"north": {"uv": [8, 12], "uv_size": [0.5, 1]},
								"east": {"uv": [9, 12], "uv_size": [0.5, 1]},
								"south": {"uv": [12, 9], "uv_size": [0.5, 1]},
								"west": {"uv": [12, 10], "uv_size": [0.5, 1]},
								"up": {"uv": [13, 2], "uv_size": [0.5, 0.5]},
								"down": {"uv": [3, 13.5], "uv_size": [0.5, -0.5]}
							}
						}
					]
				},
				{
					"name": "positioning",
					"pivot": [0, 0, 0]
				},
				{
					"name": "ground",
					"parent": "positioning",
					"pivot": [0, 0, 0]
				},
				{
					"name": "fixed",
					"parent": "positioning",
					"pivot": [1, 3, 1],
					"rotation": [0, 90, 0]
				},
				{
					"name": "thirdperson_hand",
					"parent": "positioning",
					"pivot": [0, 3.5, 1.5625]
				}
			]
		}
	]
}