{
	"format_version": "1.12.0",
	"minecraft:geometry": [
		{
			"description": {
				"identifier": "geometry.p90 - Converted",
				"texture_width": 64,
				"texture_height": 64,
				"visible_bounds_width": 5,
				"visible_bounds_height": 4,
				"visible_bounds_offset": [0, 1, 0]
			},
			"bones": [
				{
					"name": "root",
					"pivot": [0, 8, -3]
				},
				{
					"name": "gun_and_righthand",
					"parent": "root",
					"pivot": [0, 8, -3]
				},
				{
					"name": "p90_body",
					"parent": "gun_and_righthand",
					"pivot": [0, 8, 0]
				},
				{
					"name": "upper",
					"parent": "p90_body",
					"pivot": [0, 8, 0]
				},
				{
					"name": "p90",
					"parent": "upper",
					"pivot": [0, 8, 0]
				},
				{
					"name": "Body",
					"parent": "p90",
					"pivot": [0, 8, 0],
					"cubes": [
						{
							"origin": [-1, 7.8125, 5.3],
							"size": [2, 1.6875, 5.2],
							"uv": {
								"north": {"uv": [4, 23], "uv_size": [2, 1.5]},
								"east": {"uv": [12, 4], "uv_size": [5, 1.5]},
								"west": {"uv": [12, 6], "uv_size": [5, 1.5]}
							}
						},
						{
							"origin": [-1, 7.8125, -2.5],
							"size": [2, 0.9375, 7.8],
							"uv": {
								"north": {"uv": [31, 19], "uv_size": [2, 1]},
								"east": {"uv": [12, 2], "uv_size": [8, 1]},
								"west": {"uv": [12, 3], "uv_size": [8, 1]},
								"up": {"uv": [6, 0], "uv_size": [2, 8]}
							}
						},
						{
							"origin": [-2.51718, 7.5625, -2.19218],
							"size": [1.03921, 1.1875, 1.03921],
							"pivot": [0, 8.0125, 0.325],
							"rotation": [0, -45, 0],
							"uv": {
								"north": {"uv": [25, 35], "uv_size": [1, 1]},
								"east": {"uv": [28, 35], "uv_size": [1, 1]},
								"up": {"uv": [29, 35], "uv_size": [1, 1]},
								"down": {"uv": [35, 30], "uv_size": [1, -1]}
							}
						},
						{
							"origin": [1, 8.65, -2],
							"size": [0.1, 0.1, 1.5],
							"uv": {
								"north": {"uv": [42, 11], "uv_size": [0.5, 0.5]},
								"south": {"uv": [12, 42], "uv_size": [0.5, 0.5]},
								"up": {"uv": [19, 38], "uv_size": [0.5, 1.5]},
								"down": {"uv": [20, 39.5], "uv_size": [0.5, -1.5]}
							}
						},
						{
							"origin": [-1.1, 8.65, -2],
							"size": [0.1, 0.1, 1.5],
							"uv": {
								"north": {"uv": [42, 12], "uv_size": [0.5, 0.5]},
								"south": {"uv": [13, 42], "uv_size": [0.5, 0.5]},
								"up": {"uv": [21, 38], "uv_size": [0.5, 1.5]},
								"down": {"uv": [22, 39.5], "uv_size": [0.5, -1.5]}
							}
						},
						{
							"origin": [-0.875, 7.25, 4.5],
							"size": [1.75, 0.4375, 6],
							"uv": {
								"east": {"uv": [25, 19], "uv_size": [6, 0.5]},
								"west": {"uv": [23, 25], "uv_size": [6, 0.5]},
								"down": {"uv": [8, 15], "uv_size": [2, -6]}
							}
						},
						{
							"origin": [-0.875, 5.625, 4.5],
							"size": [1.75, 1.625, 0.875],
							"uv": {
								"north": {"uv": [16, 24], "uv_size": [2, 1.5]},
								"east": {"uv": [22, 33], "uv_size": [1, 1.5]},
								"south": {"uv": [4, 25], "uv_size": [2, 1.5]},
								"west": {"uv": [33, 31], "uv_size": [1, 1.5]}
							}
						},
						{
							"origin": [-0.875, 5.625, 10.25],
							"size": [1.75, 1.625, 0.25],
							"uv": {
								"north": {"uv": [10, 25], "uv_size": [2, 1.5]},
								"east": {"uv": [23, 38], "uv_size": [0.5, 1.5]},
								"west": {"uv": [24, 38], "uv_size": [0.5, 1.5]}
							}
						},
						{
							"origin": [-0.75, 5.5625, 5.375],
							"size": [1.5, 1.6875, 5.125],
							"uv": {
								"east": {"uv": [12, 8], "uv_size": [5, 1.5]},
								"west": {"uv": [12, 10], "uv_size": [5, 1.5]}
							}
						},
						{
							"origin": [-0.875, 5.25, 4.5],
							"size": [1.75, 0.375, 6],
							"uv": {
								"north": {"uv": [32, 35], "uv_size": [2, 0.5]},
								"east": {"uv": [23, 26], "uv_size": [6, 0.5]},
								"west": {"uv": [20, 27], "uv_size": [6, 0.5]},
								"up": {"uv": [10, 0], "uv_size": [2, 6]}
							}
						},
						{
							"origin": [-0.875, 5.5625, 8.125],
							"size": [1.75, 0.5625, 0.8125],
							"uv": {
								"east": {"uv": [13, 40], "uv_size": [1, 0.5]},
								"west": {"uv": [14, 40], "uv_size": [1, 0.5]},
								"up": {"uv": [32, 5], "uv_size": [2, 1]}
							}
						},
						{
							"origin": [-0.875, 0.7874, 3.75577],
							"size": [1.75, 0.375, 0.75],
							"pivot": [0, 8.0125, 0.325],
							"rotation": [45, 0, 0],
							"uv": {
								"east": {"uv": [15, 40], "uv_size": [1, 0.5]},
								"west": {"uv": [16, 40], "uv_size": [1, 0.5]},
								"up": {"uv": [6, 32], "uv_size": [2, 1]}
							}
						},
						{
							"origin": [-0.875, -0.16212, 4.70529],
							"size": [1.75, 0.75, 0.375],
							"pivot": [0, 8.0125, 0.325],
							"rotation": [45, 0, 0],
							"uv": {
								"east": {"uv": [17, 40], "uv_size": [0.5, 1]},
								"south": {"uv": [32, 6], "uv_size": [2, 1]},
								"west": {"uv": [18, 40], "uv_size": [0.5, 1]}
							}
						},
						{
							"origin": [-0.874, 0.10304, 6.47306],
							"size": [1.748, 0.75, 0.375],
							"pivot": [-0.001, 8.0125, 0.325],
							"rotation": [45, 0, 0],
							"uv": {
								"north": {"uv": [33, 19], "uv_size": [1.5, 1]},
								"east": {"uv": [40, 18], "uv_size": [0.5, 1]},
								"west": {"uv": [19, 40], "uv_size": [0.5, 1]}
							}
						},
						{
							"origin": [-0.875, 2.40114, 2.14203],
							"size": [1.75, 0.75, 0.375],
							"pivot": [0, 8.0125, 0.325],
							"rotation": [45, 0, 0],
							"uv": {
								"east": {"uv": [20, 40], "uv_size": [0.5, 1]},
								"south": {"uv": [32, 7], "uv_size": [2, 1]},
								"west": {"uv": [21, 40], "uv_size": [0.5, 1]}
							}
						},
						{
							"origin": [-0.875, 4.52116, 2.738],
							"size": [1.75, 0.6875, 0.3125],
							"pivot": [0, 8.0125, 0.325],
							"rotation": [45, 0, 0],
							"uv": {
								"north": {"uv": [34, 35], "uv_size": [2, 0.5]},
								"east": {"uv": [42, 13], "uv_size": [0.5, 0.5]},
								"south": {"uv": [0, 36], "uv_size": [2, 0.5]},
								"west": {"uv": [14, 42], "uv_size": [0.5, 0.5]},
								"up": {"uv": [36, 1], "uv_size": [2, 0.5]}
							}
						},
						{
							"origin": [-0.625, 5, 4.5],
							"size": [1.25, 0.25, 6],
							"uv": {
								"down": {"uv": [2, 17], "uv_size": [1.5, -6]}
							}
						},
						{
							"origin": [-1.6958, 5.54709, 4.5],
							"size": [0.35355, 0.1875, 6],
							"pivot": [0.125, 8.075, 0.325],
							"rotation": [0, 0, -45],
							"uv": {
								"north": {"uv": [42, 14], "uv_size": [0.5, 0.5]},
								"down": {"uv": [16, 32], "uv_size": [0.5, -6]}
							}
						},
						{
							"origin": [1.34225, 5.54709, 4.5],
							"size": [0.35355, 0.1875, 6],
							"pivot": [-0.125, 8.075, 0.325],
							"rotation": [0, 0, 45],
							"uv": {
								"north": {"uv": [15, 42], "uv_size": [0.5, 0.5]},
								"down": {"uv": [17, 32], "uv_size": [0.5, -6]}
							}
						},
						{
							"origin": [-0.7, 9.5, 6.125],
							"size": [1.4, 0.3, 4.375],
							"uv": {
								"east": {"uv": [29, 26], "uv_size": [4.5, 0.5]},
								"west": {"uv": [28, 29], "uv_size": [4.5, 0.5]},
								"up": {"uv": [10, 14], "uv_size": [1.5, 4.5]}
							}
						},
						{
							"origin": [-1, 9.5, 5.1],
							"size": [2, 0.3, 1],
							"uv": {
								"east": {"uv": [22, 40], "uv_size": [1, 0.5]},
								"west": {"uv": [40, 22], "uv_size": [1, 0.5]},
								"up": {"uv": [32, 8], "uv_size": [2, 1]},
								"down": {"uv": [32, 10], "uv_size": [2, -1]}
							}
						},
						{
							"origin": [-1, 8.75, 4.3375],
							"size": [2, 0.25, 0.9625],
							"uv": {
								"north": {"uv": [2, 36], "uv_size": [2, 0.5]},
								"east": {"uv": [23, 40], "uv_size": [1, 0.5]},
								"west": {"uv": [24, 40], "uv_size": [1, 0.5]},
								"up": {"uv": [10, 32], "uv_size": [2, 1]}
							}
						},
						{
							"origin": [-0.85, 9, 4.9],
							"size": [1.7, 0.5, 0.5],
							"uv": {
								"east": {"uv": [42, 15], "uv_size": [0.5, 0.5]},
								"west": {"uv": [16, 42], "uv_size": [0.5, 0.5]}
							}
						},
						{
							"origin": [-1, 11.57393, 4.97636],
							"size": [2, 0.3, 1],
							"pivot": [0, 8.0125, 0.325],
							"rotation": [-22.5, 0, 0],
							"uv": {
								"east": {"uv": [25, 40], "uv_size": [1, 0.5]},
								"west": {"uv": [40, 25], "uv_size": [1, 0.5]},
								"up": {"uv": [32, 10], "uv_size": [2, 1]}
							}
						},
						{
							"origin": [-1, 9.5, 4.4],
							"size": [0.125, 0.3, 0.7],
							"uv": {
								"north": {"uv": [42, 16], "uv_size": [0.5, 0.5]},
								"east": {"uv": [17, 42], "uv_size": [0.5, 0.5]},
								"up": {"uv": [42, 17], "uv_size": [0.5, 0.5]},
								"down": {"uv": [18, 42.5], "uv_size": [0.5, -0.5]}
							}
						},
						{
							"origin": [-0.875, 9.5, 4.5875],
							"size": [0.125, 0.3, 0.2],
							"uv": {
								"up": {"uv": [42, 18], "uv_size": [0.5, 0.5]}
							}
						},
						{
							"origin": [0.75, 9.5, 4.5875],
							"size": [0.125, 0.3, 0.2],
							"uv": {
								"up": {"uv": [19, 42], "uv_size": [0.5, 0.5]}
							}
						},
						{
							"origin": [-0.875, 9.5, 4.75938],
							"size": [1.75, 0.3, 0.34062],
							"uv": {
								"north": {"uv": [36, 2], "uv_size": [2, 0.5]},
								"up": {"uv": [36, 3], "uv_size": [2, 0.5]},
								"down": {"uv": [36, 4.5], "uv_size": [2, -0.5]}
							}
						},
						{
							"origin": [-3.67518, 9.5, 2.58774],
							"size": [0.175, 0.3, 0.5375],
							"pivot": [0, 8.0125, 0.325],
							"rotation": [0, 45, 0],
							"uv": {
								"west": {"uv": [42, 19], "uv_size": [0.5, 0.5]},
								"up": {"uv": [20, 42], "uv_size": [0.5, 0.5]},
								"down": {"uv": [42, 20.5], "uv_size": [0.5, -0.5]}
							}
						},
						{
							"origin": [0.875, 9.5, 4.4],
							"size": [0.125, 0.3, 0.7],
							"uv": {
								"north": {"uv": [21, 42], "uv_size": [0.5, 0.5]},
								"west": {"uv": [42, 21], "uv_size": [0.5, 0.5]},
								"up": {"uv": [22, 42], "uv_size": [0.5, 0.5]},
								"down": {"uv": [42, 22.5], "uv_size": [0.5, -0.5]}
							}
						},
						{
							"origin": [3.50018, 9.5, 2.58774],
							"size": [0.175, 0.3, 0.5375],
							"pivot": [0, 8.0125, 0.325],
							"rotation": [0, -45, 0],
							"uv": {
								"east": {"uv": [23, 42], "uv_size": [0.5, 0.5]},
								"up": {"uv": [42, 23], "uv_size": [0.5, 0.5]},
								"down": {"uv": [24, 42.5], "uv_size": [0.5, -0.5]}
							}
						},
						{
							"origin": [1.35893, 8.35721, 6.125],
							"size": [0.4, 0.421, 4.375],
							"pivot": [0, 8.0125, 0.325],
							"rotation": [0, 0, -45],
							"uv": {
								"north": {"uv": [42, 24], "uv_size": [0.5, 0.5]},
								"west": {"uv": [30, 2], "uv_size": [4.5, 0.5]},
								"up": {"uv": [12, 30], "uv_size": [0.5, 4.5]}
							}
						},
						{
							"origin": [-1.75893, 8.35721, 6.125],
							"size": [0.4, 0.421, 4.375],
							"pivot": [0, 8.0125, 0.325],
							"rotation": [0, 0, 45],
							"uv": {
								"north": {"uv": [25, 42], "uv_size": [0.5, 0.5]},
								"east": {"uv": [30, 3], "uv_size": [4.5, 0.5]},
								"up": {"uv": [13, 30], "uv_size": [0.5, 4.5]}
							}
						},
						{
							"origin": [-0.97994, 8.27906, -2.5],
							"size": [0.17956, 0.35356, 13],
							"pivot": [0, 8.19834, -1.01562],
							"rotation": [0, 0, -45],
							"uv": {
								"north": {"uv": [42, 25], "uv_size": [0.5, 0.5]},
								"east": {"uv": [12, 14], "uv_size": [13, 0.5]}
							}
						},
						{
							"origin": [0.80038, 8.27906, -2.5],
							"size": [0.17956, 0.35356, 13],
							"pivot": [0, 8.19834, -1.01562],
							"rotation": [0, 0, 45],
							"uv": {
								"north": {"uv": [26, 42], "uv_size": [0.5, 0.5]},
								"west": {"uv": [12, 15], "uv_size": [13, 0.5]}
							}
						},
						{
							"origin": [-0.75, 7.5625, -2.5],
							"size": [1.5, 0.25, 13],
							"uv": {
								"north": {"uv": [38, 18], "uv_size": [1.5, 0.5]},
								"down": {"uv": [4, 13], "uv_size": [1.5, -13]}
							}
						},
						{
							"origin": [-1.3125, 8.4375, 2.95634],
							"size": [2.625, 0.5, 1.08732],
							"uv": {
								"east": {"uv": [26, 40], "uv_size": [1, 0.5]},
								"west": {"uv": [27, 40], "uv_size": [1, 0.5]},
								"up": {"uv": [29, 5], "uv_size": [2.5, 1]},
								"down": {"uv": [29, 7], "uv_size": [2.5, -1]}
							}
						},
						{
							"origin": [-1.3125, 8.4375, 2.95634],
							"size": [2.625, 0.5, 1.08732],
							"pivot": [0, 8.5, 3.5],
							"rotation": [0, -45, 0],
							"uv": {
								"east": {"uv": [28, 40], "uv_size": [1, 0.5]},
								"west": {"uv": [29, 40], "uv_size": [1, 0.5]},
								"up": {"uv": [29, 7], "uv_size": [2.5, 1]},
								"down": {"uv": [29, 9], "uv_size": [2.5, -1]}
							}
						},
						{
							"origin": [-0.54466, 8.4365, 2.1865],
							"size": [1.08932, 0.502, 2.627],
							"uv": {
								"north": {"uv": [40, 29], "uv_size": [1, 0.5]},
								"up": {"uv": [6, 29], "uv_size": [1, 2.5]}
							}
						},
						{
							"origin": [-0.54366, 8.4375, 2.1875],
							"size": [1.08732, 0.5, 2.625],
							"pivot": [0, 8.5, 3.5],
							"rotation": [0, -45, 0],
							"uv": {
								"north": {"uv": [30, 40], "uv_size": [1, 0.5]},
								"south": {"uv": [40, 30], "uv_size": [1, 0.5]},
								"up": {"uv": [7, 29], "uv_size": [1, 2.5]},
								"down": {"uv": [29, 11.5], "uv_size": [1, -2.5]}
							}
						}
					]
				},
				{
					"name": "Top",
					"parent": "p90",
					"pivot": [0.25, 7.9, 4.3],
					"cubes": [
						{
							"origin": [-0.57322, 10.77855, -10.5],
							"size": [0.17678, 0.17678, 0.75],
							"pivot": [-0.19822, 10.90355, -12.625],
							"rotation": [0, 0, -45],
							"uv": {
								"north": {"uv": [45, 3], "uv_size": [0.5, 0.5]},
								"south": {"uv": [4, 45], "uv_size": [0.5, 0.5]},
								"up": {"uv": [41, 34], "uv_size": [0.5, 1]}
							}
						},
						{
							"origin": [-0.375, 10.675, -10.5],
							"size": [0.75, 0.125, 0.75],
							"uv": {
								"north": {"uv": [35, 41], "uv_size": [1, 0.5]},
								"south": {"uv": [41, 35], "uv_size": [1, 0.5]},
								"up": {"uv": [38, 3], "uv_size": [1, 1]}
							}
						},
						{
							"origin": [0.39645, 10.77855, -10.5],
							"size": [0.17678, 0.17678, 0.75],
							"pivot": [0.19822, 10.90355, -12.625],
							"rotation": [0, 0, 45],
							"uv": {
								"north": {"uv": [45, 4], "uv_size": [0.5, 0.5]},
								"south": {"uv": [5, 45], "uv_size": [0.5, 0.5]},
								"up": {"uv": [36, 41], "uv_size": [0.5, 1]}
							}
						},
						{
							"origin": [0.39645, 10.77855, -9],
							"size": [0.17678, 0.17678, 0.75],
							"pivot": [0.19822, 10.90355, -11.125],
							"rotation": [0, 0, 45],
							"uv": {
								"north": {"uv": [43, 44], "uv_size": [0.5, 0.5]},
								"south": {"uv": [44, 43], "uv_size": [0.5, 0.5]},
								"up": {"uv": [31, 41], "uv_size": [0.5, 1]}
							}
						},
						{
							"origin": [-0.375, 10.675, -9],
							"size": [0.75, 0.125, 0.75],
							"uv": {
								"north": {"uv": [41, 31], "uv_size": [1, 0.5]},
								"south": {"uv": [32, 41], "uv_size": [1, 0.5]},
								"up": {"uv": [3, 38], "uv_size": [1, 1]}
							}
						},
						{
							"origin": [-0.57322, 10.77855, -9],
							"size": [0.17678, 0.17678, 0.75],
							"pivot": [-0.19822, 10.90355, -11.125],
							"rotation": [0, 0, -45],
							"uv": {
								"north": {"uv": [44, 44], "uv_size": [0.5, 0.5]},
								"south": {"uv": [0, 45], "uv_size": [0.5, 0.5]},
								"up": {"uv": [41, 32], "uv_size": [0.5, 1]}
							}
						},
						{
							"origin": [0.39645, 10.77855, -9.5],
							"size": [0.17678, 0.17678, 0.25],
							"pivot": [0.19822, 10.90355, -12.125],
							"rotation": [0, 0, 45],
							"uv": {
								"north": {"uv": [45, 0], "uv_size": [0.5, 0.5]},
								"south": {"uv": [1, 45], "uv_size": [0.5, 0.5]},
								"up": {"uv": [45, 1], "uv_size": [0.5, 0.5]}
							}
						},
						{
							"origin": [-0.375, 10.675, -9.5],
							"size": [0.75, 0.125, 0.25],
							"uv": {
								"north": {"uv": [33, 41], "uv_size": [1, 0.5]},
								"south": {"uv": [41, 33], "uv_size": [1, 0.5]},
								"up": {"uv": [34, 41], "uv_size": [1, 0.5]}
							}
						},
						{
							"origin": [-0.57322, 10.77855, -9.5],
							"size": [0.17678, 0.17678, 0.25],
							"pivot": [-0.19822, 10.90355, -12.125],
							"rotation": [0, 0, -45],
							"uv": {
								"north": {"uv": [2, 45], "uv_size": [0.5, 0.5]},
								"south": {"uv": [45, 2], "uv_size": [0.5, 0.5]},
								"up": {"uv": [3, 45], "uv_size": [0.5, 0.5]}
							}
						},
						{
							"origin": [0.39645, 10.77855, -7.5],
							"size": [0.17678, 0.17678, 0.75],
							"pivot": [0.19822, 10.90355, -9.625],
							"rotation": [0, 0, 45],
							"uv": {
								"north": {"uv": [38, 44], "uv_size": [0.5, 0.5]},
								"south": {"uv": [44, 38], "uv_size": [0.5, 0.5]},
								"up": {"uv": [41, 27], "uv_size": [0.5, 1]}
							}
						},
						{
							"origin": [-0.375, 10.675, -7.5],
							"size": [0.75, 0.125, 0.75],
							"uv": {
								"north": {"uv": [28, 41], "uv_size": [1, 0.5]},
								"south": {"uv": [41, 28], "uv_size": [1, 0.5]},
								"up": {"uv": [38, 2], "uv_size": [1, 1]}
							}
						},
						{
							"origin": [-0.57322, 10.77855, -7.5],
							"size": [0.17678, 0.17678, 0.75],
							"pivot": [-0.19822, 10.90355, -9.625],
							"rotation": [0, 0, -45],
							"uv": {
								"north": {"uv": [39, 44], "uv_size": [0.5, 0.5]},
								"south": {"uv": [44, 39], "uv_size": [0.5, 0.5]},
								"up": {"uv": [29, 41], "uv_size": [0.5, 1]}
							}
						},
						{
							"origin": [0.39645, 10.77855, -8],
							"size": [0.17678, 0.17678, 0.25],
							"pivot": [0.19822, 10.90355, -10.625],
							"rotation": [0, 0, 45],
							"uv": {
								"north": {"uv": [40, 44], "uv_size": [0.5, 0.5]},
								"south": {"uv": [44, 40], "uv_size": [0.5, 0.5]},
								"up": {"uv": [41, 44], "uv_size": [0.5, 0.5]}
							}
						},
						{
							"origin": [-0.375, 10.675, -8],
							"size": [0.75, 0.125, 0.25],
							"uv": {
								"north": {"uv": [41, 29], "uv_size": [1, 0.5]},
								"south": {"uv": [30, 41], "uv_size": [1, 0.5]},
								"up": {"uv": [41, 30], "uv_size": [1, 0.5]}
							}
						},
						{
							"origin": [-0.57322, 10.77855, -8],
							"size": [0.17678, 0.17678, 0.25],
							"pivot": [-0.19822, 10.90355, -10.625],
							"rotation": [0, 0, -45],
							"uv": {
								"north": {"uv": [44, 41], "uv_size": [0.5, 0.5]},
								"south": {"uv": [42, 44], "uv_size": [0.5, 0.5]},
								"up": {"uv": [44, 42], "uv_size": [0.5, 0.5]}
							}
						},
						{
							"origin": [0.39645, 10.77855, -6],
							"size": [0.17678, 0.17678, 0.75],
							"pivot": [0.19822, 10.90355, -8.125],
							"rotation": [0, 0, 45],
							"uv": {
								"north": {"uv": [33, 44], "uv_size": [0.5, 0.5]},
								"south": {"uv": [44, 33], "uv_size": [0.5, 0.5]},
								"up": {"uv": [24, 41], "uv_size": [0.5, 1]}
							}
						},
						{
							"origin": [-0.375, 10.675, -6],
							"size": [0.75, 0.125, 0.75],
							"uv": {
								"north": {"uv": [41, 24], "uv_size": [1, 0.5]},
								"south": {"uv": [25, 41], "uv_size": [1, 0.5]},
								"up": {"uv": [2, 38], "uv_size": [1, 1]}
							}
						},
						{
							"origin": [-0.57322, 10.77855, -6],
							"size": [0.17678, 0.17678, 0.75],
							"pivot": [-0.19822, 10.90355, -8.125],
							"rotation": [0, 0, -45],
							"uv": {
								"north": {"uv": [34, 44], "uv_size": [0.5, 0.5]},
								"south": {"uv": [44, 34], "uv_size": [0.5, 0.5]},
								"up": {"uv": [41, 25], "uv_size": [0.5, 1]}
							}
						},
						{
							"origin": [0.39645, 10.77855, -6.5],
							"size": [0.17678, 0.17678, 0.25],
							"pivot": [0.19822, 10.90355, -9.125],
							"rotation": [0, 0, 45],
							"uv": {
								"north": {"uv": [35, 44], "uv_size": [0.5, 0.5]},
								"south": {"uv": [44, 35], "uv_size": [0.5, 0.5]},
								"up": {"uv": [36, 44], "uv_size": [0.5, 0.5]}
							}
						},
						{
							"origin": [-0.375, 10.675, -6.5],
							"size": [0.75, 0.125, 0.25],
							"uv": {
								"north": {"uv": [26, 41], "uv_size": [1, 0.5]},
								"south": {"uv": [41, 26], "uv_size": [1, 0.5]},
								"up": {"uv": [27, 41], "uv_size": [1, 0.5]}
							}
						},
						{
							"origin": [-0.57322, 10.77855, -6.5],
							"size": [0.17678, 0.17678, 0.25],
							"pivot": [-0.19822, 10.90355, -9.125],
							"rotation": [0, 0, -45],
							"uv": {
								"north": {"uv": [44, 36], "uv_size": [0.5, 0.5]},
								"south": {"uv": [37, 44], "uv_size": [0.5, 0.5]},
								"up": {"uv": [44, 37], "uv_size": [0.5, 0.5]}
							}
						},
						{
							"origin": [-1.17607, 10.85248, -10.5],
							"size": [0.25, 0, 5.25],
							"pivot": [-0.67607, 10.85248, -7.125],
							"rotation": [0, 0, -135],
							"uv": {
								"up": {"uv": [5, 29], "uv_size": [0.5, 5.5]}
							}
						},
						{
							"origin": [0.92607, 10.85248, -10.5],
							"size": [0.25, 0, 5.25],
							"pivot": [0.67607, 10.85248, -7.125],
							"rotation": [0, 0, 135],
							"uv": {
								"up": {"uv": [4, 29], "uv_size": [0.5, 5.5]}
							}
						},
						{
							"origin": [-0.5, 10.675, -10.5],
							"size": [1, 0, 5.25],
							"uv": {
								"up": {"uv": [11, 19], "uv_size": [1, 5.5]}
							}
						},
						{
							"origin": [-0.374, 9.92631, -9.99974],
							"size": [0.748, 0.5, 0.75],
							"pivot": [-0.001, 10.05131, -9.62474],
							"rotation": [-45, 0, 0],
							"uv": {
								"east": {"uv": [7, 42], "uv_size": [1, 0.5]},
								"west": {"uv": [42, 7], "uv_size": [1, 0.5]},
								"down": {"uv": [8, 43], "uv_size": [0.5, -1]}
							}
						},
						{
							"origin": [-0.374, 10.36765, -10.46168],
							"size": [0.748, 0.3125, 1.25],
							"pivot": [-0.001, 10.49265, -10.33668],
							"rotation": [-22.5, 0, 0],
							"uv": {
								"east": {"uv": [8, 40], "uv_size": [1.5, 0.5]},
								"west": {"uv": [10, 40], "uv_size": [1.5, 0.5]},
								"down": {"uv": [12, 41.5], "uv_size": [0.5, -1.5]}
							}
						},
						{
							"origin": [-0.374, 10.675, -8.5],
							"size": [0.748, 0.25, 1.75],
							"pivot": [-0.001, 10.425, -5.25],
							"rotation": [9, 0, 0],
							"uv": {
								"east": {"uv": [14, 38], "uv_size": [2, 0.5]},
								"west": {"uv": [16, 38], "uv_size": [2, 0.5]},
								"down": {"uv": [18, 40], "uv_size": [0.5, -2]}
							}
						},
						{
							"origin": [-0.374, 10.425, -8.5],
							"size": [0.748, 0.25, 3.25],
							"pivot": [-0.001, 10.425, -5.25],
							"rotation": [9, 0, 0],
							"uv": {
								"east": {"uv": [33, 14], "uv_size": [3.5, 0.5]},
								"west": {"uv": [16, 33], "uv_size": [3.5, 0.5]},
								"down": {"uv": [21, 36.5], "uv_size": [0.5, -3.5]}
							}
						},
						{
							"origin": [-0.375, 10.425, -10.5],
							"size": [0.75, 0.25, 5.25],
							"uv": {
								"north": {"uv": [23, 41], "uv_size": [1, 0.5]},
								"east": {"uv": [28, 18], "uv_size": [5.5, 0.5]},
								"south": {"uv": [41, 23], "uv_size": [1, 0.5]},
								"west": {"uv": [29, 4], "uv_size": [5.5, 0.5]},
								"down": {"uv": [10, 24.5], "uv_size": [1, -5.5]}
							}
						},
						{
							"origin": [-0.375, 9.425, -9.5],
							"size": [0.75, 1, 1.25],
							"uv": {
								"north": {"uv": [1, 38], "uv_size": [1, 1]},
								"east": {"uv": [16, 35], "uv_size": [1.5, 1]},
								"south": {"uv": [38, 1], "uv_size": [1, 1]},
								"west": {"uv": [18, 35], "uv_size": [1.5, 1]}
							}
						},
						{
							"origin": [0.09672, 9.1956, -9.5],
							"size": [0.25, 0.5, 1.25],
							"pivot": [-0.15328, 9.6956, -8.875],
							"rotation": [0, 0, -22.5],
							"uv": {
								"north": {"uv": [45, 6], "uv_size": [0.5, 0.5]},
								"south": {"uv": [7, 45], "uv_size": [0.5, 0.5]},
								"west": {"uv": [6, 40], "uv_size": [1.5, 0.5]}
							}
						},
						{
							"origin": [-0.34672, 9.1956, -9.5],
							"size": [0.25, 0.5, 1.25],
							"pivot": [0.15328, 9.6956, -8.875],
							"rotation": [0, 0, 22.5],
							"uv": {
								"north": {"uv": [45, 5], "uv_size": [0.5, 0.5]},
								"east": {"uv": [40, 4], "uv_size": [1.5, 0.5]},
								"south": {"uv": [6, 45], "uv_size": [0.5, 0.5]}
							}
						},
						{
							"origin": [0.60825, 8.675, -9.90401],
							"size": [0.25, 0.75, 0.5],
							"pivot": [0.73325, 9.05, -9.65401],
							"rotation": [0, -30, 0],
							"uv": {
								"east": {"uv": [41, 39], "uv_size": [0.5, 1]},
								"up": {"uv": [45, 9], "uv_size": [0.5, 0.5]},
								"down": {"uv": [10, 45.5], "uv_size": [0.5, -0.5]}
							}
						},
						{
							"origin": [0.64175, 8.675, -8.77901],
							"size": [0.25, 0.75, 0.5],
							"pivot": [0.76675, 9.05, -8.52901],
							"rotation": [0, -30, 0],
							"uv": {
								"west": {"uv": [40, 41], "uv_size": [0.5, 1]},
								"up": {"uv": [45, 10], "uv_size": [0.5, 0.5]},
								"down": {"uv": [11, 45.5], "uv_size": [0.5, -0.5]}
							}
						},
						{
							"origin": [0.75, 8.675, -10.43301],
							"size": [0.25, 0.75, 1.75],
							"uv": {
								"north": {"uv": [41, 40], "uv_size": [0.5, 1]},
								"east": {"uv": [8, 33], "uv_size": [2, 1]},
								"up": {"uv": [6, 38], "uv_size": [0.5, 2]},
								"down": {"uv": [7, 40], "uv_size": [0.5, -2]}
							}
						},
						{
							"origin": [-0.85825, 8.675, -9.90401],
							"size": [0.25, 0.75, 0.5],
							"pivot": [-0.73325, 9.05, -9.65401],
							"rotation": [0, 30, 0],
							"uv": {
								"west": {"uv": [41, 37], "uv_size": [0.5, 1]},
								"up": {"uv": [45, 8], "uv_size": [0.5, 0.5]},
								"down": {"uv": [9, 45.5], "uv_size": [0.5, -0.5]}
							}
						},
						{
							"origin": [-0.89175, 8.675, -8.77901],
							"size": [0.25, 0.75, 0.5],
							"pivot": [-0.76675, 9.05, -8.52901],
							"rotation": [0, 30, 0],
							"uv": {
								"east": {"uv": [37, 41], "uv_size": [0.5, 1]},
								"up": {"uv": [45, 7], "uv_size": [0.5, 0.5]},
								"down": {"uv": [8, 45.5], "uv_size": [0.5, -0.5]}
							}
						},
						{
							"origin": [0.91232, 9.3359, -10.43301],
							"size": [0, 0.25, 1.75],
							"pivot": [0.91232, 9.4609, -9.30801],
							"rotation": [0, 0, -135],
							"uv": {
								"west": {"uv": [10, 38], "uv_size": [2, 0.5]}
							}
						},
						{
							"origin": [0.71967, 9.22678, -8.93301],
							"size": [0.17678, 0.17678, 0.25],
							"pivot": [0.77145, 9.60178, -9.30801],
							"rotation": [0, 0, -45],
							"uv": {
								"north": {"uv": [45, 20], "uv_size": [0.5, 0.5]},
								"south": {"uv": [21, 45], "uv_size": [0.5, 0.5]},
								"west": {"uv": [45, 21], "uv_size": [0.5, 0.5]}
							}
						},
						{
							"origin": [0.71967, 9.22678, -9.43301],
							"size": [0.17678, 0.17678, 0.25],
							"pivot": [0.77145, 9.60178, -9.80801],
							"rotation": [0, 0, -45],
							"uv": {
								"north": {"uv": [22, 45], "uv_size": [0.5, 0.5]},
								"south": {"uv": [45, 22], "uv_size": [0.5, 0.5]},
								"west": {"uv": [23, 45], "uv_size": [0.5, 0.5]}
							}
						},
						{
							"origin": [0.91161, 8.58661, -10.43301],
							"size": [0.17678, 0.17678, 0.25],
							"pivot": [1, 8.675, -10.80801],
							"rotation": [0, 0, 45],
							"uv": {
								"north": {"uv": [45, 29], "uv_size": [0.5, 0.5]},
								"south": {"uv": [30, 45], "uv_size": [0.5, 0.5]},
								"west": {"uv": [45, 30], "uv_size": [0.5, 0.5]}
							}
						},
						{
							"origin": [1, 8.675, -10.43301],
							"size": [0.125, 0.75, 0.25],
							"uv": {
								"north": {"uv": [42, 8], "uv_size": [0.5, 1]},
								"south": {"uv": [9, 42], "uv_size": [0.5, 1]},
								"west": {"uv": [42, 9], "uv_size": [0.5, 1]}
							}
						},
						{
							"origin": [0.71967, 9.22678, -10.43301],
							"size": [0.17678, 0.17678, 0.25],
							"pivot": [0.77145, 9.60178, -10.80801],
							"rotation": [0, 0, -45],
							"uv": {
								"north": {"uv": [31, 45], "uv_size": [0.5, 0.5]},
								"south": {"uv": [45, 31], "uv_size": [0.5, 0.5]},
								"west": {"uv": [32, 45], "uv_size": [0.5, 0.5]}
							}
						},
						{
							"origin": [-1.08839, 8.58661, -10.43301],
							"size": [0.17678, 0.17678, 0.25],
							"pivot": [-1, 8.675, -10.80801],
							"rotation": [0, 0, -45],
							"uv": {
								"north": {"uv": [45, 32], "uv_size": [0.5, 0.5]},
								"east": {"uv": [33, 45], "uv_size": [0.5, 0.5]},
								"south": {"uv": [45, 33], "uv_size": [0.5, 0.5]}
							}
						},
						{
							"origin": [-1.125, 8.675, -10.43301],
							"size": [0.125, 0.75, 0.25],
							"uv": {
								"north": {"uv": [10, 42], "uv_size": [0.5, 1]},
								"east": {"uv": [42, 10], "uv_size": [0.5, 1]},
								"south": {"uv": [11, 42], "uv_size": [0.5, 1]}
							}
						},
						{
							"origin": [-0.89645, 9.22678, -10.43301],
							"size": [0.17678, 0.17678, 0.25],
							"pivot": [-0.77145, 9.60178, -10.80801],
							"rotation": [0, 0, 45],
							"uv": {
								"north": {"uv": [34, 45], "uv_size": [0.5, 0.5]},
								"east": {"uv": [45, 34], "uv_size": [0.5, 0.5]},
								"south": {"uv": [35, 45], "uv_size": [0.5, 0.5]}
							}
						},
						{
							"origin": [0.71967, 9.22678, -9.93301],
							"size": [0.17678, 0.17678, 0.25],
							"pivot": [0.77145, 9.60178, -10.30801],
							"rotation": [0, 0, -45],
							"uv": {
								"north": {"uv": [45, 23], "uv_size": [0.5, 0.5]},
								"south": {"uv": [24, 45], "uv_size": [0.5, 0.5]},
								"west": {"uv": [45, 24], "uv_size": [0.5, 0.5]}
							}
						},
						{
							"origin": [1, 8.675, -9.93301],
							"size": [0.125, 0.75, 0.25],
							"uv": {
								"north": {"uv": [42, 2], "uv_size": [0.5, 1]},
								"south": {"uv": [3, 42], "uv_size": [0.5, 1]},
								"west": {"uv": [42, 3], "uv_size": [0.5, 1]}
							}
						},
						{
							"origin": [1, 8.675, -9.43301],
							"size": [0.125, 0.75, 0.25],
							"uv": {
								"north": {"uv": [4, 42], "uv_size": [0.5, 1]},
								"south": {"uv": [42, 4], "uv_size": [0.5, 1]},
								"west": {"uv": [5, 42], "uv_size": [0.5, 1]}
							}
						},
						{
							"origin": [1, 8.55, -10.43301],
							"size": [0, 1, 1.75],
							"uv": {
								"west": {"uv": [33, 13], "uv_size": [2, 1]}
							}
						},
						{
							"origin": [1, 8.675, -8.93301],
							"size": [0.125, 0.75, 0.25],
							"uv": {
								"north": {"uv": [42, 5], "uv_size": [0.5, 1]},
								"south": {"uv": [6, 42], "uv_size": [0.5, 1]},
								"west": {"uv": [42, 6], "uv_size": [0.5, 1]}
							}
						},
						{
							"origin": [0.91161, 8.58661, -8.93301],
							"size": [0.17678, 0.17678, 0.25],
							"pivot": [1, 8.675, -9.30801],
							"rotation": [0, 0, 45],
							"uv": {
								"north": {"uv": [25, 45], "uv_size": [0.5, 0.5]},
								"south": {"uv": [45, 25], "uv_size": [0.5, 0.5]},
								"west": {"uv": [26, 45], "uv_size": [0.5, 0.5]}
							}
						},
						{
							"origin": [0.91161, 8.58661, -9.43301],
							"size": [0.17678, 0.17678, 0.25],
							"pivot": [1, 8.675, -9.80801],
							"rotation": [0, 0, 45],
							"uv": {
								"north": {"uv": [45, 26], "uv_size": [0.5, 0.5]},
								"south": {"uv": [27, 45], "uv_size": [0.5, 0.5]},
								"west": {"uv": [45, 27], "uv_size": [0.5, 0.5]}
							}
						},
						{
							"origin": [0.91161, 8.58661, -9.93301],
							"size": [0.17678, 0.17678, 0.25],
							"pivot": [1, 8.675, -10.30801],
							"rotation": [0, 0, 45],
							"uv": {
								"north": {"uv": [28, 45], "uv_size": [0.5, 0.5]},
								"south": {"uv": [45, 28], "uv_size": [0.5, 0.5]},
								"west": {"uv": [29, 45], "uv_size": [0.5, 0.5]}
							}
						},
						{
							"origin": [0.91232, 8.5141, -10.43301],
							"size": [0, 0.25, 1.75],
							"pivot": [0.91232, 8.6391, -9.30801],
							"rotation": [0, 0, 135],
							"uv": {
								"west": {"uv": [12, 38], "uv_size": [2, 0.5]}
							}
						},
						{
							"origin": [-1.08839, 8.58661, -9.93301],
							"size": [0.17678, 0.17678, 0.25],
							"pivot": [-1, 8.675, -10.30801],
							"rotation": [0, 0, -45],
							"uv": {
								"north": {"uv": [45, 17], "uv_size": [0.5, 0.5]},
								"east": {"uv": [18, 45], "uv_size": [0.5, 0.5]},
								"south": {"uv": [45, 18], "uv_size": [0.5, 0.5]}
							}
						},
						{
							"origin": [-1.125, 8.675, -9.93301],
							"size": [0.125, 0.75, 0.25],
							"uv": {
								"north": {"uv": [1, 42], "uv_size": [0.5, 1]},
								"east": {"uv": [42, 1], "uv_size": [0.5, 1]},
								"south": {"uv": [2, 42], "uv_size": [0.5, 1]}
							}
						},
						{
							"origin": [-0.89645, 9.22678, -9.93301],
							"size": [0.17678, 0.17678, 0.25],
							"pivot": [-0.77145, 9.60178, -10.30801],
							"rotation": [0, 0, 45],
							"uv": {
								"north": {"uv": [19, 45], "uv_size": [0.5, 0.5]},
								"east": {"uv": [45, 19], "uv_size": [0.5, 0.5]},
								"south": {"uv": [20, 45], "uv_size": [0.5, 0.5]}
							}
						},
						{
							"origin": [-1.08839, 8.58661, -9.43301],
							"size": [0.17678, 0.17678, 0.25],
							"pivot": [-1, 8.675, -9.80801],
							"rotation": [0, 0, -45],
							"uv": {
								"north": {"uv": [45, 14], "uv_size": [0.5, 0.5]},
								"east": {"uv": [15, 45], "uv_size": [0.5, 0.5]},
								"south": {"uv": [45, 15], "uv_size": [0.5, 0.5]}
							}
						},
						{
							"origin": [-1.125, 8.675, -9.43301],
							"size": [0.125, 0.75, 0.25],
							"uv": {
								"north": {"uv": [41, 41], "uv_size": [0.5, 1]},
								"east": {"uv": [0, 42], "uv_size": [0.5, 1]},
								"south": {"uv": [42, 0], "uv_size": [0.5, 1]}
							}
						},
						{
							"origin": [-0.89645, 9.22678, -9.43301],
							"size": [0.17678, 0.17678, 0.25],
							"pivot": [-0.77145, 9.60178, -9.80801],
							"rotation": [0, 0, 45],
							"uv": {
								"north": {"uv": [16, 45], "uv_size": [0.5, 0.5]},
								"east": {"uv": [45, 16], "uv_size": [0.5, 0.5]},
								"south": {"uv": [17, 45], "uv_size": [0.5, 0.5]}
							}
						},
						{
							"origin": [-1.08839, 8.58661, -8.93301],
							"size": [0.17678, 0.17678, 0.25],
							"pivot": [-1, 8.675, -9.30801],
							"rotation": [0, 0, -45],
							"uv": {
								"north": {"uv": [13, 45], "uv_size": [0.5, 0.5]},
								"east": {"uv": [45, 13], "uv_size": [0.5, 0.5]},
								"south": {"uv": [14, 45], "uv_size": [0.5, 0.5]}
							}
						},
						{
							"origin": [-0.89645, 9.22678, -8.93301],
							"size": [0.17678, 0.17678, 0.25],
							"pivot": [-0.77145, 9.60178, -9.30801],
							"rotation": [0, 0, 45],
							"uv": {
								"north": {"uv": [45, 11], "uv_size": [0.5, 0.5]},
								"east": {"uv": [12, 45], "uv_size": [0.5, 0.5]},
								"south": {"uv": [45, 12], "uv_size": [0.5, 0.5]}
							}
						},
						{
							"origin": [-1.125, 8.675, -8.93301],
							"size": [0.125, 0.75, 0.25],
							"uv": {
								"north": {"uv": [38, 41], "uv_size": [0.5, 1]},
								"east": {"uv": [41, 38], "uv_size": [0.5, 1]},
								"south": {"uv": [39, 41], "uv_size": [0.5, 1]}
							}
						},
						{
							"origin": [-0.91232, 8.5141, -10.43301],
							"size": [0, 0.25, 1.75],
							"pivot": [-0.91232, 8.6391, -9.30801],
							"rotation": [0, 0, -135],
							"uv": {
								"east": {"uv": [8, 38], "uv_size": [2, 0.5]}
							}
						},
						{
							"origin": [-0.91232, 9.3359, -10.43301],
							"size": [0, 0.25, 1.75],
							"pivot": [-0.91232, 9.4609, -9.30801],
							"rotation": [0, 0, 135],
							"uv": {
								"east": {"uv": [38, 4], "uv_size": [2, 0.5]}
							}
						},
						{
							"origin": [-1, 8.55, -10.43301],
							"size": [0, 1, 1.75],
							"uv": {
								"east": {"uv": [10, 33], "uv_size": [2, 1]}
							}
						},
						{
							"origin": [-1, 8.675, -10.43301],
							"size": [0.25, 0.75, 1.75],
							"uv": {
								"north": {"uv": [41, 36], "uv_size": [0.5, 1]},
								"west": {"uv": [33, 1], "uv_size": [2, 1]},
								"up": {"uv": [4, 38], "uv_size": [0.5, 2]},
								"down": {"uv": [5, 40], "uv_size": [0.5, -2]}
							}
						},
						{
							"origin": [-0.75, 8.675, -9.5],
							"size": [1.5, 0.75, 1.25],
							"uv": {
								"south": {"uv": [35, 19], "uv_size": [1.5, 1]},
								"up": {"uv": [2, 31], "uv_size": [1.5, 1.5]},
								"down": {"uv": [8, 32.5], "uv_size": [1.5, -1.5]}
							}
						},
						{
							"origin": [-0.5, 8.425, -9.5],
							"size": [1, 1, 1.25],
							"uv": {
								"north": {"uv": [21, 37], "uv_size": [1, 1]},
								"east": {"uv": [35, 11], "uv_size": [1.5, 1]},
								"south": {"uv": [0, 38], "uv_size": [1, 1]},
								"west": {"uv": [35, 13], "uv_size": [1.5, 1]},
								"up": {"uv": [14, 35], "uv_size": [1, 1.5]},
								"down": {"uv": [15, 36.5], "uv_size": [1, -1.5]}
							}
						}
					]
				},
				{
					"name": "hexadecagon",
					"parent": "p90",
					"pivot": [0, 8, 0],
					"cubes": [
						{
							"origin": [-0.4, 8.425, -7.84375],
							"size": [0.8, 0.3125, 0.84375],
							"uv": {
								"north": {"uv": [31, 40], "uv_size": [1, 0.5]},
								"east": {"uv": [40, 31], "uv_size": [1, 0.5]},
								"west": {"uv": [32, 40], "uv_size": [1, 0.5]},
								"up": {"uv": [36, 5], "uv_size": [1, 1]}
							}
						},
						{
							"origin": [-0.4, 8.425, -8.3],
							"size": [0.8, 0.11221, 0.45625],
							"uv": {
								"east": {"uv": [42, 26], "uv_size": [0.5, 0.5]},
								"west": {"uv": [27, 42], "uv_size": [0.5, 0.5]},
								"up": {"uv": [40, 32], "uv_size": [1, 0.5]}
							}
						},
						{
							"origin": [-0.4, 5.70014, -7.9915],
							"size": [0.8, 0.09375, 0.26563],
							"pivot": [0, 8.13584, -1.03125],
							"rotation": [-22.5, 0, 0],
							"uv": {
								"north": {"uv": [33, 40], "uv_size": [1, 0.5]},
								"east": {"uv": [42, 27], "uv_size": [0.5, 0.5]},
								"south": {"uv": [34, 40], "uv_size": [1, 0.5]},
								"west": {"uv": [28, 42], "uv_size": [0.5, 0.5]},
								"up": {"uv": [35, 40], "uv_size": [1, 0.5]},
								"down": {"uv": [40, 35.5], "uv_size": [1, -0.5]}
							}
						},
						{
							"origin": [-0.4, 8.52597, -7.9953],
							"size": [0.8, 0.10938, 0.26563],
							"pivot": [0, 8.58847, -7.86248],
							"rotation": [45, 0, 0],
							"uv": {
								"north": {"uv": [36, 40], "uv_size": [1, 0.5]},
								"east": {"uv": [42, 28], "uv_size": [0.5, 0.5]},
								"south": {"uv": [37, 40], "uv_size": [1, 0.5]},
								"west": {"uv": [29, 42], "uv_size": [0.5, 0.5]},
								"up": {"uv": [40, 38], "uv_size": [1, 0.5]},
								"down": {"uv": [39, 40.5], "uv_size": [1, -0.5]}
							}
						}
					]
				},
				{
					"name": "Trigger",
					"parent": "p90",
					"pivot": [0.0125, 4.2, -0.7],
					"cubes": [
						{
							"origin": [-0.125, 6.99775, -4.44025],
							"size": [0.25, 1.59564, 0.7625],
							"pivot": [0, 8.13584, -1.20312],
							"rotation": [22.5, 0, 0],
							"uv": {
								"north": {"uv": [25, 38], "uv_size": [0.5, 1.5]},
								"east": {"uv": [33, 33], "uv_size": [1, 1.5]},
								"west": {"uv": [0, 34], "uv_size": [1, 1.5]}
							}
						},
						{
							"origin": [-0.126, 5.80118, -3.9885],
							"size": [0.252, 0.67264, 0.6145],
							"uv": {
								"north": {"uv": [42, 29], "uv_size": [0.5, 0.5]},
								"east": {"uv": [30, 42], "uv_size": [0.5, 0.5]},
								"west": {"uv": [42, 30], "uv_size": [0.5, 0.5]}
							}
						},
						{
							"origin": [-0.126, 5.05541, -4.07005],
							"size": [0.252, 1.16014, 0.577],
							"pivot": [0, 5.63548, -3.71905],
							"rotation": [-22.5, 0, 0],
							"uv": {
								"north": {"uv": [40, 39], "uv_size": [0.5, 1]},
								"east": {"uv": [40, 40], "uv_size": [0.5, 1]},
								"west": {"uv": [0, 41], "uv_size": [0.5, 1]}
							}
						},
						{
							"origin": [-0.125, 9.23263, -4.24793],
							"size": [0.25, 0.67064, 0.5],
							"pivot": [0, 8.13584, -1.20312],
							"rotation": [45, 0, 0],
							"uv": {
								"north": {"uv": [31, 42], "uv_size": [0.5, 0.5]},
								"east": {"uv": [42, 31], "uv_size": [0.5, 0.5]},
								"west": {"uv": [32, 42], "uv_size": [0.5, 0.5]}
							}
						}
					]
				},
				{
					"name": "stock",
					"parent": "p90_body",
					"pivot": [0, 8.07334, -2.51562],
					"cubes": [
						{
							"origin": [-1, 7.8125, 10.5],
							"size": [2, 1.6875, 0.5],
							"uv": {
								"east": {"uv": [26, 38], "uv_size": [0.5, 1.5]},
								"south": {"uv": [4, 27], "uv_size": [2, 1.5]},
								"west": {"uv": [27, 38], "uv_size": [0.5, 1.5]}
							}
						},
						{
							"origin": [-0.875, 5.25, 10.5],
							"size": [1.75, 2.4375, 0.5],
							"uv": {
								"east": {"uv": [22, 35], "uv_size": [0.5, 2.5]},
								"south": {"uv": [16, 19], "uv_size": [2, 2.5]},
								"west": {"uv": [24, 35], "uv_size": [0.5, 2.5]}
							}
						},
						{
							"origin": [-0.7, 9.5, 10.5],
							"size": [1.4, 0.3, 0.5],
							"uv": {
								"east": {"uv": [42, 32], "uv_size": [0.5, 0.5]},
								"south": {"uv": [38, 22], "uv_size": [1.5, 0.5]},
								"west": {"uv": [33, 42], "uv_size": [0.5, 0.5]},
								"up": {"uv": [38, 25], "uv_size": [1.5, 0.5]}
							}
						},
						{
							"origin": [1.27171, 8.39334, 10.5],
							"size": [0.4, 0.421, 0.5],
							"pivot": [0, 8.13584, -1.01562],
							"rotation": [0, 0, -45],
							"uv": {
								"south": {"uv": [42, 33], "uv_size": [0.5, 0.5]},
								"west": {"uv": [34, 42], "uv_size": [0.5, 0.5]},
								"up": {"uv": [42, 34], "uv_size": [0.5, 0.5]}
							}
						},
						{
							"origin": [-1.67171, 8.39334, 10.5],
							"size": [0.4, 0.421, 0.5],
							"pivot": [0, 8.13584, -1.01562],
							"rotation": [0, 0, 45],
							"uv": {
								"east": {"uv": [35, 42], "uv_size": [0.5, 0.5]},
								"south": {"uv": [42, 35], "uv_size": [0.5, 0.5]},
								"up": {"uv": [36, 42], "uv_size": [0.5, 0.5]}
							}
						},
						{
							"origin": [-0.75, 7.5625, 10.5],
							"size": [1.5, 0.25, 0.5],
							"uv": {
								"south": {"uv": [28, 38], "uv_size": [1.5, 0.5]}
							}
						},
						{
							"origin": [0.80038, 8.24245, 10.5],
							"size": [0.17956, 0.39017, 0.5],
							"pivot": [0, 8.19834, -1.01562],
							"rotation": [0, 0, 45],
							"uv": {
								"south": {"uv": [42, 36], "uv_size": [0.5, 0.5]},
								"west": {"uv": [37, 42], "uv_size": [0.5, 0.5]}
							}
						},
						{
							"origin": [-0.97994, 8.24245, 10.5],
							"size": [0.17956, 0.39017, 0.5],
							"pivot": [0, 8.19834, -1.01562],
							"rotation": [0, 0, -45],
							"uv": {
								"east": {"uv": [42, 37], "uv_size": [0.5, 0.5]},
								"south": {"uv": [38, 42], "uv_size": [0.5, 0.5]}
							}
						},
						{
							"origin": [-0.625, 5, 10.5],
							"size": [1.25, 0.25, 0.5],
							"uv": {
								"south": {"uv": [38, 29], "uv_size": [1.5, 0.5]},
								"down": {"uv": [30, 38.5], "uv_size": [1.5, -0.5]}
							}
						},
						{
							"origin": [-1.73882, 5.56491, 10.5],
							"size": [0.35355, 0.1875, 0.5],
							"pivot": [0.125, 8.13584, -1.01562],
							"rotation": [0, 0, -45],
							"uv": {
								"south": {"uv": [42, 38], "uv_size": [0.5, 0.5]},
								"down": {"uv": [39, 42.5], "uv_size": [0.5, -0.5]}
							}
						},
						{
							"origin": [1.38527, 5.56491, 10.5],
							"size": [0.35355, 0.1875, 0.5],
							"pivot": [-0.125, 8.13584, -1.01562],
							"rotation": [0, 0, 45],
							"uv": {
								"south": {"uv": [42, 39], "uv_size": [0.5, 0.5]},
								"down": {"uv": [40, 42.5], "uv_size": [0.5, -0.5]}
							}
						}
					]
				},
				{
					"name": "grip",
					"parent": "p90_body",
					"pivot": [0, 8.13584, -2.51562],
					"cubes": [
						{
							"origin": [-0.625, 7.09873, 2.56635],
							"size": [1.25, 1.42064, 0.75],
							"pivot": [0, 8.13584, -1.01562],
							"rotation": [-45, 0, 0],
							"uv": {
								"north": {"uv": [30, 9], "uv_size": [1.5, 1.5]},
								"east": {"uv": [1, 34], "uv_size": [1, 1.5]},
								"south": {"uv": [14, 30], "uv_size": [1.5, 1.5]},
								"west": {"uv": [2, 34], "uv_size": [1, 1.5]},
								"up": {"uv": [33, 29], "uv_size": [1.5, 1]},
								"down": {"uv": [34, 6], "uv_size": [1.5, -1]}
							}
						},
						{
							"origin": [-0.625, 6.73673, 2.36434],
							"size": [1.25, 0.79564, 0.5625],
							"pivot": [0, 8.13584, -1.01562],
							"rotation": [-22.5, 0, 0],
							"uv": {
								"north": {"uv": [34, 6], "uv_size": [1.5, 1]},
								"east": {"uv": [41, 0], "uv_size": [0.5, 1]},
								"west": {"uv": [1, 41], "uv_size": [0.5, 1]}
							}
						},
						{
							"origin": [-0.625, 5.90218, 1.8],
							"size": [1.25, 0.79564, 0.3],
							"uv": {
								"north": {"uv": [34, 7], "uv_size": [1.5, 1]},
								"east": {"uv": [41, 1], "uv_size": [0.5, 1]},
								"west": {"uv": [2, 41], "uv_size": [0.5, 1]}
							}
						},
						{
							"origin": [-0.625, 4.53244, 0.95925],
							"size": [1.25, 2.01032, 2.89782],
							"pivot": [0, 8.13584, -1.01562],
							"rotation": [22.5, 0, 0],
							"uv": {
								"north": {"uv": [10, 27], "uv_size": [1.5, 2]},
								"east": {"uv": [12, 16], "uv_size": [3, 2]},
								"south": {"uv": [26, 27], "uv_size": [1.5, 2]},
								"west": {"uv": [15, 16], "uv_size": [3, 2]},
								"up": {"uv": [18, 19], "uv_size": [1.5, 3]},
								"down": {"uv": [4, 23], "uv_size": [1.5, -3]}
							}
						},
						{
							"origin": [-0.625, 5.15604, -0.02992],
							"size": [1.25, 0.79564, 0.5],
							"pivot": [0, 8.13584, -1.01562],
							"rotation": [45, 0, 0],
							"uv": {
								"north": {"uv": [8, 34], "uv_size": [1.5, 1]},
								"east": {"uv": [41, 2], "uv_size": [0.5, 1]},
								"west": {"uv": [3, 41], "uv_size": [0.5, 1]}
							}
						},
						{
							"origin": [-0.625, 4.59632, -0.56721],
							"size": [1.25, 1.3125, 2.04564],
							"pivot": [0, 8.13584, -1.01562],
							"rotation": [-22.5, 0, 0],
							"uv": {
								"east": {"uv": [28, 2], "uv_size": [2, 1.5]},
								"south": {"uv": [30, 14], "uv_size": [1.5, 1.5]},
								"west": {"uv": [28, 14], "uv_size": [2, 1.5]},
								"up": {"uv": [20, 28], "uv_size": [1.5, 2]},
								"down": {"uv": [22, 30], "uv_size": [1.5, -2]}
							}
						},
						{
							"origin": [-0.624, 8.20731, 0.54075],
							"size": [1.248, 0.998, 1.39364],
							"pivot": [0, 8.13584, -1.01562],
							"rotation": [-22.5, 0, 0],
							"uv": {
								"east": {"uv": [34, 8], "uv_size": [1.5, 1]},
								"west": {"uv": [34, 9], "uv_size": [1.5, 1]},
								"down": {"uv": [3, 35.5], "uv_size": [1, -1.5]}
							}
						},
						{
							"origin": [-0.4375, 5.16132, -0.12843],
							"size": [0.875, 0.1875, 1.43314],
							"uv": {
								"east": {"uv": [38, 30], "uv_size": [1.5, 0.5]},
								"west": {"uv": [38, 31], "uv_size": [1.5, 0.5]},
								"up": {"uv": [10, 34], "uv_size": [1, 1.5]}
							}
						},
						{
							"origin": [-1.78329, 5.69287, -0.13279],
							"size": [0.125, 0.26517, 1.4375],
							"pivot": [0.125, 8.18326, 3.96548],
							"rotation": [0, 0, -45],
							"uv": {
								"north": {"uv": [42, 40], "uv_size": [0.5, 0.5]},
								"east": {"uv": [32, 38], "uv_size": [1.5, 0.5]},
								"south": {"uv": [41, 42], "uv_size": [0.5, 0.5]},
								"west": {"uv": [38, 32], "uv_size": [1.5, 0.5]},
								"up": {"uv": [38, 33], "uv_size": [0.5, 1.5]},
								"down": {"uv": [34, 39.5], "uv_size": [0.5, -1.5]}
							}
						},
						{
							"origin": [1.65829, 5.69287, -0.13279],
							"size": [0.125, 0.26517, 1.4375],
							"pivot": [-0.125, 8.18326, 3.96548],
							"rotation": [0, 0, 45],
							"uv": {
								"north": {"uv": [42, 41], "uv_size": [0.5, 0.5]},
								"east": {"uv": [35, 38], "uv_size": [1.5, 0.5]},
								"south": {"uv": [42, 42], "uv_size": [0.5, 0.5]},
								"west": {"uv": [38, 35], "uv_size": [1.5, 0.5]},
								"up": {"uv": [37, 38], "uv_size": [0.5, 1.5]},
								"down": {"uv": [38, 38.5], "uv_size": [0.5, -1.5]}
							}
						},
						{
							"origin": [-0.625, 3.91132, -0.06593],
							"size": [1.25, 1.25, 1.37064],
							"uv": {
								"east": {"uv": [30, 16], "uv_size": [1.5, 1.5]},
								"south": {"uv": [18, 30], "uv_size": [1.5, 1.5]},
								"west": {"uv": [20, 30], "uv_size": [1.5, 1.5]},
								"up": {"uv": [30, 20], "uv_size": [1.5, 1.5]},
								"down": {"uv": [22, 31.5], "uv_size": [1.5, -1.5]}
							}
						},
						{
							"origin": [-0.625, 3.34494, -0.48857],
							"size": [0.25, 1.1875, 4.34564],
							"pivot": [0, 8.13584, -1.01562],
							"rotation": [22.5, 0, 0],
							"uv": {
								"east": {"uv": [19, 13], "uv_size": [4.5, 1]},
								"west": {"uv": [20, 2], "uv_size": [4.5, 1]},
								"up": {"uv": [24, 30], "uv_size": [0.5, 4.5]},
								"down": {"uv": [25, 34.5], "uv_size": [0.5, -4.5]}
							}
						},
						{
							"origin": [0.375, 3.34494, -0.48857],
							"size": [0.25, 1.1875, 4.34564],
							"pivot": [0, 8.13584, -1.01562],
							"rotation": [22.5, 0, 0],
							"uv": {
								"east": {"uv": [20, 3], "uv_size": [4.5, 1]},
								"west": {"uv": [20, 19], "uv_size": [4.5, 1]},
								"up": {"uv": [28, 30], "uv_size": [0.5, 4.5]},
								"down": {"uv": [29, 34.5], "uv_size": [0.5, -4.5]}
							}
						},
						{
							"origin": [-0.625, 5, 3.90436],
							"size": [1.25, 0.4375, 0.59564],
							"uv": {
								"north": {"uv": [0, 39], "uv_size": [1.5, 0.5]},
								"east": {"uv": [0, 43], "uv_size": [0.5, 0.5]},
								"west": {"uv": [43, 0], "uv_size": [0.5, 0.5]},
								"up": {"uv": [39, 0], "uv_size": [1.5, 0.5]},
								"down": {"uv": [39, 1.5], "uv_size": [1.5, -0.5]}
							}
						},
						{
							"origin": [-0.625, 6.36704, -4.11411],
							"size": [1.25, 1.49564, 1.25],
							"pivot": [0, 8.13584, -1.01562],
							"rotation": [45, 0, 0],
							"uv": {
								"north": {"uv": [30, 27], "uv_size": [1.5, 1.5]},
								"east": {"uv": [30, 30], "uv_size": [1.5, 1.5]},
								"south": {"uv": [0, 31], "uv_size": [1.5, 1.5]},
								"west": {"uv": [31, 0], "uv_size": [1.5, 1.5]}
							}
						},
						{
							"origin": [-0.625, 5.1875, -3.2375],
							"size": [1.25, 2.0625, 1.1875],
							"uv": {
								"east": {"uv": [32, 13], "uv_size": [1, 2]},
								"west": {"uv": [14, 32], "uv_size": [1, 2]},
								"down": {"uv": [34, 11], "uv_size": [1.5, -1]}
							}
						},
						{
							"origin": [-0.4375, 6.57947, -1.3485],
							"size": [0.875, 0.90924, 0.425],
							"pivot": [0, 8.13584, -1.01562],
							"rotation": [-45, 0, 0],
							"uv": {
								"east": {"uv": [41, 3], "uv_size": [0.5, 1]},
								"south": {"uv": [36, 6], "uv_size": [1, 1]},
								"west": {"uv": [41, 5], "uv_size": [0.5, 1]}
							}
						},
						{
							"origin": [-0.625, 6.57947, -1.536],
							"size": [1.25, 0.90924, 0.425],
							"pivot": [0, 8.13584, -1.20312],
							"rotation": [-45, 0, 0],
							"uv": {
								"east": {"uv": [6, 41], "uv_size": [0.5, 1]},
								"south": {"uv": [14, 34], "uv_size": [1.5, 1]},
								"west": {"uv": [41, 6], "uv_size": [0.5, 1]}
							}
						},
						{
							"origin": [-0.4375, 5.1875, -3.425],
							"size": [0.875, 1.75, 0.1875],
							"uv": {
								"north": {"uv": [15, 32], "uv_size": [1, 2]},
								"down": {"uv": [7, 41.5], "uv_size": [1, -0.5]}
							}
						},
						{
							"origin": [-0.625, 8.86458, -3.59366],
							"size": [1.25, 0.47174, 0.425],
							"pivot": [0, 8.13584, -1.01562],
							"rotation": [45, 0, 0],
							"uv": {
								"north": {"uv": [2, 39], "uv_size": [1.5, 0.5]},
								"east": {"uv": [1, 43], "uv_size": [0.5, 0.5]},
								"west": {"uv": [43, 1], "uv_size": [0.5, 0.5]}
							}
						},
						{
							"origin": [-0.625, 7.4117, -3.71327],
							"size": [1.25, 0.59674, 0.3],
							"pivot": [0, 8.13584, -1.01562],
							"rotation": [22.5, 0, 0],
							"uv": {
								"north": {"uv": [39, 2], "uv_size": [1.5, 0.5]},
								"east": {"uv": [2, 43], "uv_size": [0.5, 0.5]},
								"west": {"uv": [43, 2], "uv_size": [0.5, 0.5]}
							}
						},
						{
							"origin": [-0.625, 6.17647, -3.45962],
							"size": [1.25, 0.3, 0.59674],
							"pivot": [0, 8.13584, -1.01562],
							"rotation": [-22.5, 0, 0],
							"uv": {
								"east": {"uv": [3, 43], "uv_size": [0.5, 0.5]},
								"west": {"uv": [43, 3], "uv_size": [0.5, 0.5]},
								"down": {"uv": [39, 3.5], "uv_size": [1.5, -0.5]}
							}
						},
						{
							"origin": [-0.625, 7.25, -9.4875],
							"size": [1.25, 0.3125, 7.4375],
							"uv": {
								"north": {"uv": [39, 5], "uv_size": [1.5, 0.5]},
								"east": {"uv": [21, 22], "uv_size": [7.5, 0.5]},
								"west": {"uv": [23, 0], "uv_size": [7.5, 0.5]},
								"up": {"uv": [10, 6], "uv_size": [1.5, 7.5]},
								"down": {"uv": [0, 18.5], "uv_size": [1.5, -7.5]}
							}
						},
						{
							"origin": [-0.625, 7.09134, -9.7311],
							"size": [0.125, 0.44194, 0.31413],
							"pivot": [0, 7.25384, -9.57403],
							"rotation": [-45, 0, 0],
							"uv": {
								"north": {"uv": [4, 43], "uv_size": [0.5, 0.5]},
								"east": {"uv": [43, 4], "uv_size": [0.5, 0.5]},
								"west": {"uv": [5, 43], "uv_size": [0.5, 0.5]}
							}
						},
						{
							"origin": [0.5, 7.09134, -9.7311],
							"size": [0.125, 0.44194, 0.31413],
							"pivot": [0, 7.25384, -9.57403],
							"rotation": [-45, 0, 0],
							"uv": {
								"north": {"uv": [43, 5], "uv_size": [0.5, 0.5]},
								"east": {"uv": [6, 43], "uv_size": [0.5, 0.5]},
								"west": {"uv": [43, 6], "uv_size": [0.5, 0.5]}
							}
						},
						{
							"origin": [-0.625, 6.6875, -9.8],
							"size": [1.25, 0.5625, 3.8],
							"uv": {
								"north": {"uv": [39, 6], "uv_size": [1.5, 0.5]},
								"east": {"uv": [32, 15], "uv_size": [4, 0.5]},
								"west": {"uv": [16, 32], "uv_size": [4, 0.5]},
								"up": {"uv": [8, 15], "uv_size": [1.5, 4]},
								"down": {"uv": [2, 21], "uv_size": [1.5, -4]}
							}
						},
						{
							"origin": [-0.625, 3.23519, -3.92709],
							"size": [1.25, 1.17174, 0.425],
							"pivot": [0, 8.13584, -1],
							"rotation": [-45, 0, 0],
							"uv": {
								"east": {"uv": [41, 7], "uv_size": [0.5, 1]},
								"south": {"uv": [16, 34], "uv_size": [1.5, 1]},
								"west": {"uv": [8, 41], "uv_size": [0.5, 1]}
							}
						},
						{
							"origin": [-0.625, 11.16645, -6.83582],
							"size": [1.25, 0.79564, 0.375],
							"pivot": [0, 8.13584, -1.01562],
							"rotation": [45, 0, 0],
							"uv": {
								"north": {"uv": [34, 16], "uv_size": [1.5, 1]},
								"east": {"uv": [41, 8], "uv_size": [0.5, 1]},
								"west": {"uv": [9, 41], "uv_size": [0.5, 1]}
							}
						},
						{
							"origin": [-0.625, 5.8125, -7.3125],
							"size": [1.25, 0.875, 1.125],
							"uv": {
								"north": {"uv": [34, 17], "uv_size": [1.5, 1]},
								"east": {"uv": [36, 7], "uv_size": [1, 1]},
								"south": {"uv": [18, 34], "uv_size": [1.5, 1]},
								"west": {"uv": [36, 8], "uv_size": [1, 1]},
								"down": {"uv": [34, 19], "uv_size": [1.5, -1]}
							}
						},
						{
							"origin": [-0.625, 7.58656, -7.72228],
							"size": [1.25, 0.8125, 1.125],
							"pivot": [0, 8.13584, -1.01562],
							"rotation": [22.5, 0, 0],
							"uv": {
								"north": {"uv": [34, 20], "uv_size": [1.5, 1]},
								"east": {"uv": [36, 9], "uv_size": [1, 1]},
								"south": {"uv": [34, 21], "uv_size": [1.5, 1]},
								"west": {"uv": [10, 36], "uv_size": [1, 1]},
								"up": {"uv": [34, 22], "uv_size": [1.5, 1]}
							}
						},
						{
							"origin": [-0.625, 9.1324, -7.42197],
							"size": [1.25, 1.0625, 1.125],
							"pivot": [0, 8.13584, -1.01562],
							"rotation": [45, 0, 0],
							"uv": {
								"north": {"uv": [34, 26], "uv_size": [1.5, 1]},
								"east": {"uv": [36, 10], "uv_size": [1, 1]},
								"south": {"uv": [34, 31], "uv_size": [1.5, 1]},
								"west": {"uv": [11, 36], "uv_size": [1, 1]}
							}
						},
						{
							"origin": [-0.625, 2.59852, -4.38793],
							"size": [1.25, 1.15817, 0.83153],
							"pivot": [0, 8.13584, -1.01562],
							"rotation": [-22.5, 0, 0],
							"uv": {
								"east": {"uv": [36, 12], "uv_size": [1, 1]},
								"west": {"uv": [36, 15], "uv_size": [1, 1]},
								"up": {"uv": [34, 32], "uv_size": [1.5, 1]},
								"down": {"uv": [34, 34], "uv_size": [1.5, -1]}
							}
						},
						{
							"origin": [-0.625, 3.99233, -5.48204],
							"size": [1.25, 1.12156, 1.80565],
							"uv": {
								"east": {"uv": [32, 16], "uv_size": [2, 1]},
								"south": {"uv": [34, 34], "uv_size": [1.5, 1]},
								"west": {"uv": [32, 17], "uv_size": [2, 1]},
								"up": {"uv": [24, 28], "uv_size": [1.5, 2]},
								"down": {"uv": [28, 29], "uv_size": [1.5, -2]}
							}
						},
						{
							"origin": [-0.4375, 5.17639, -5.73889],
							"size": [0.875, 0.125, 1.3125],
							"uv": {
								"south": {"uv": [41, 9], "uv_size": [1, 0.5]},
								"up": {"uv": [11, 34], "uv_size": [1, 1.5]},
								"down": {"uv": [20, 35.5], "uv_size": [1, -1.5]}
							}
						},
						{
							"origin": [-0.4375, 5.30139, -4.36389],
							"size": [0.875, 0.3125, 0.6875],
							"uv": {
								"north": {"uv": [10, 41], "uv_size": [1, 0.5]},
								"east": {"uv": [7, 43], "uv_size": [0.5, 0.5]},
								"west": {"uv": [43, 7], "uv_size": [0.5, 0.5]},
								"up": {"uv": [41, 10], "uv_size": [1, 0.5]},
								"down": {"uv": [11, 41.5], "uv_size": [1, -0.5]}
							}
						},
						{
							"origin": [-0.4375, 5.13152, -5.21787],
							"size": [0.875, 0.3125, 0.9375],
							"pivot": [0, 5.31902, -4.74912],
							"rotation": [22.5, 0, 0],
							"uv": {
								"east": {"uv": [41, 11], "uv_size": [1, 0.5]},
								"west": {"uv": [41, 12], "uv_size": [1, 0.5]},
								"up": {"uv": [16, 36], "uv_size": [1, 1]},
								"down": {"uv": [36, 17], "uv_size": [1, -1]}
							}
						},
						{
							"origin": [-0.4375, 3.95798, -1.14418],
							"size": [0.875, 1.20924, 0.5625],
							"pivot": [0, 8.13584, -1.01562],
							"rotation": [-45, 0, 0],
							"uv": {
								"north": {"uv": [17, 36], "uv_size": [1, 1]},
								"east": {"uv": [13, 41], "uv_size": [0.5, 1]},
								"south": {"uv": [36, 17], "uv_size": [1, 1]},
								"west": {"uv": [41, 13], "uv_size": [0.5, 1]}
							}
						},
						{
							"origin": [1.0914, 5.1875, -2.94076],
							"size": [0.26516, 1.75, 0.14331],
							"pivot": [-0.125, 8.12334, -1.01725],
							"rotation": [0, 45, 0],
							"uv": {
								"north": {"uv": [18, 36], "uv_size": [0.5, 2]},
								"up": {"uv": [8, 43], "uv_size": [0.5, 0.5]},
								"down": {"uv": [43, 8.5], "uv_size": [0.5, -0.5]}
							}
						},
						{
							"origin": [-1.35656, 5.1875, -2.94076],
							"size": [0.26516, 1.75, 0.14331],
							"pivot": [0.125, 8.12334, -1.01725],
							"rotation": [0, -45, 0],
							"uv": {
								"north": {"uv": [19, 36], "uv_size": [0.5, 2]},
								"up": {"uv": [9, 43], "uv_size": [0.5, 0.5]},
								"down": {"uv": [43, 9.5], "uv_size": [0.5, -0.5]}
							}
						},
						{
							"origin": [-0.39356, 5.5, -2.4719],
							"size": [0.1433, 1.875, 0.26516],
							"pivot": [0, 6.375, -1.98158],
							"rotation": [0, 45, 0],
							"uv": {
								"east": {"uv": [20, 36], "uv_size": [0.5, 2]},
								"up": {"uv": [10, 43], "uv_size": [0.5, 0.5]},
								"down": {"uv": [43, 10.5], "uv_size": [0.5, -0.5]}
							}
						},
						{
							"origin": [-0.4375, 5.5, -2.05],
							"size": [0.875, 1.875, 0.1875],
							"uv": {
								"south": {"uv": [20, 32], "uv_size": [1, 2]}
							}
						},
						{
							"origin": [0.22515, 5.5, -1.73133],
							"size": [0.26517, 1.875, 0.14331],
							"pivot": [0, 6.375, -1.98158],
							"rotation": [0, 45, 0],
							"uv": {
								"south": {"uv": [36, 20], "uv_size": [0.5, 2]},
								"up": {"uv": [11, 43], "uv_size": [0.5, 0.5]},
								"down": {"uv": [43, 11.5], "uv_size": [0.5, -0.5]}
							}
						},
						{
							"origin": [-0.625, 5.32597, -5.05951],
							"size": [1.25, 0.5, 0.1875],
							"pivot": [0, 8.13584, -1.01562],
							"rotation": [22.5, 0, 0],
							"uv": {
								"east": {"uv": [12, 43], "uv_size": [0.5, 0.5]},
								"south": {"uv": [39, 7], "uv_size": [1.5, 0.5]},
								"west": {"uv": [43, 12], "uv_size": [0.5, 0.5]},
								"down": {"uv": [8, 39.5], "uv_size": [1.5, -0.5]}
							}
						},
						{
							"origin": [-0.625, 6.1875, -9.8],
							"size": [1.25, 0.5, 0.625],
							"uv": {
								"north": {"uv": [39, 8], "uv_size": [1.5, 0.5]},
								"east": {"uv": [13, 43], "uv_size": [0.5, 0.5]},
								"south": {"uv": [39, 9], "uv_size": [1.5, 0.5]},
								"west": {"uv": [43, 13], "uv_size": [0.5, 0.5]}
							}
						},
						{
							"origin": [-1.27482, 5.8166, -9.799],
							"size": [0.3105, 0.748, 0.623],
							"pivot": [0, 8.0125, 0.325],
							"rotation": [0, 0, -22.5],
							"uv": {
								"north": {"uv": [14, 43], "uv_size": [0.5, 0.5]},
								"east": {"uv": [43, 14], "uv_size": [0.5, 0.5]},
								"south": {"uv": [15, 43], "uv_size": [0.5, 0.5]}
							}
						},
						{
							"origin": [0.96432, 5.8166, -9.799],
							"size": [0.3105, 0.748, 0.623],
							"pivot": [0, 8.0125, 0.325],
							"rotation": [0, 0, 22.5],
							"uv": {
								"north": {"uv": [43, 15], "uv_size": [0.5, 0.5]},
								"south": {"uv": [16, 43], "uv_size": [0.5, 0.5]},
								"west": {"uv": [43, 16], "uv_size": [0.5, 0.5]}
							}
						},
						{
							"origin": [-0.625, 0.93487, -5.76414],
							"size": [1.25, 0.60814, 0.3125],
							"pivot": [0, 8.13584, -0.89062],
							"rotation": [-45, 0, 0],
							"uv": {
								"east": {"uv": [17, 43], "uv_size": [0.5, 0.5]},
								"south": {"uv": [10, 39], "uv_size": [1.5, 0.5]},
								"west": {"uv": [43, 17], "uv_size": [0.5, 0.5]}
							}
						},
						{
							"origin": [-0.33799, 5.49459, -9.8],
							"size": [0.67598, 0.69291, 0.625],
							"uv": {
								"north": {"uv": [18, 43], "uv_size": [0.5, 0.5]},
								"east": {"uv": [43, 18], "uv_size": [0.5, 0.5]},
								"south": {"uv": [19, 43], "uv_size": [0.5, 0.5]},
								"west": {"uv": [43, 19], "uv_size": [0.5, 0.5]},
								"down": {"uv": [20, 43.5], "uv_size": [0.5, -0.5]}
							}
						},
						{
							"origin": [1.65829, 5.64545, -5.73889],
							"size": [0.125, 0.26516, 2.0625],
							"pivot": [-0.125, 8.13584, -1.01562],
							"rotation": [0, 0, 45],
							"uv": {
								"north": {"uv": [43, 20], "uv_size": [0.5, 0.5]},
								"east": {"uv": [36, 18], "uv_size": [2, 0.5]},
								"south": {"uv": [21, 43], "uv_size": [0.5, 0.5]},
								"west": {"uv": [36, 22], "uv_size": [2, 0.5]},
								"up": {"uv": [23, 36], "uv_size": [0.5, 2]},
								"down": {"uv": [36, 25], "uv_size": [0.5, -2]}
							}
						},
						{
							"origin": [-1.78329, 5.64545, -5.73889],
							"size": [0.125, 0.26516, 2.0625],
							"pivot": [0.125, 8.13584, -1.01562],
							"rotation": [0, 0, -45],
							"uv": {
								"north": {"uv": [43, 21], "uv_size": [0.5, 0.5]},
								"east": {"uv": [25, 36], "uv_size": [2, 0.5]},
								"south": {"uv": [22, 43], "uv_size": [0.5, 0.5]},
								"west": {"uv": [36, 25], "uv_size": [2, 0.5]},
								"up": {"uv": [36, 26], "uv_size": [0.5, 2]},
								"down": {"uv": [27, 38], "uv_size": [0.5, -2]}
							}
						}
					]
				},
				{
					"name": "barrel",
					"parent": "p90_body",
					"pivot": [0, 8, 0],
					"cubes": [
						{
							"origin": [-0.05928, 7.66479, -15.5],
							"size": [0.31066, 0.75, 7.5],
							"pivot": [0, 8.13584, -0.01562],
							"rotation": [0, 0, 45],
							"uv": {
								"north": {"uv": [14, 41], "uv_size": [0.5, 1]},
								"up": {"uv": [18, 22], "uv_size": [0.5, 7.5]},
								"down": {"uv": [19, 29.5], "uv_size": [0.5, -7.5]}
							}
						},
						{
							"origin": [-0.15533, 7.625, -15.5],
							"size": [0.31066, 0.75, 7.5],
							"uv": {
								"north": {"uv": [41, 14], "uv_size": [0.5, 1]},
								"up": {"uv": [2, 23], "uv_size": [0.5, 7.5]},
								"down": {"uv": [3, 30.5], "uv_size": [0.5, -7.5]}
							}
						},
						{
							"origin": [-0.27895, 7.88446, -15.5],
							"size": [0.75, 0.31066, 7.5],
							"pivot": [0, 8.13584, -0.01562],
							"rotation": [0, 0, 45],
							"uv": {
								"north": {"uv": [15, 41], "uv_size": [1, 0.5]},
								"east": {"uv": [23, 1], "uv_size": [7.5, 0.5]},
								"west": {"uv": [21, 23], "uv_size": [7.5, 0.5]}
							}
						},
						{
							"origin": [-0.375, 7.84467, -15.5],
							"size": [0.75, 0.31066, 7.5],
							"uv": {
								"north": {"uv": [41, 15], "uv_size": [1, 0.5]},
								"east": {"uv": [24, 13], "uv_size": [7.5, 0.5]},
								"west": {"uv": [21, 24], "uv_size": [7.5, 0.5]}
							}
						},
						{
							"origin": [-0.1895, 8.3325, -17],
							"size": [0.37901, 0.125, 1.5],
							"pivot": [0, 8, -17.5],
							"rotation": [0, 0, 45],
							"uv": {
								"north": {"uv": [20, 44], "uv_size": [0.5, 0.5]},
								"south": {"uv": [44, 20], "uv_size": [0.5, 0.5]},
								"up": {"uv": [38, 39], "uv_size": [0.5, 1.5]},
								"down": {"uv": [39, 39.5], "uv_size": [0.5, -1.5]}
							}
						},
						{
							"origin": [-0.1895, 8.3325, -19.5],
							"size": [0.37901, 0.125, 4],
							"uv": {
								"north": {"uv": [19, 44], "uv_size": [0.5, 0.5]},
								"east": {"uv": [32, 25], "uv_size": [4, 0.5]},
								"south": {"uv": [44, 19], "uv_size": [0.5, 0.5]},
								"west": {"uv": [32, 27], "uv_size": [4, 0.5]},
								"up": {"uv": [27, 32], "uv_size": [0.5, 4]},
								"down": {"uv": [30, 36], "uv_size": [0.5, -4]}
							}
						},
						{
							"origin": [-0.4575, 7.8105, -17],
							"size": [0.125, 0.37901, 1.5],
							"pivot": [0, 8, -17.5],
							"rotation": [0, 0, 45],
							"uv": {
								"north": {"uv": [18, 44], "uv_size": [0.5, 0.5]},
								"east": {"uv": [39, 36], "uv_size": [1.5, 0.5]},
								"south": {"uv": [44, 18], "uv_size": [0.5, 0.5]},
								"west": {"uv": [39, 37], "uv_size": [1.5, 0.5]}
							}
						},
						{
							"origin": [-0.4575, 7.8105, -19.5],
							"size": [0.125, 0.37901, 4],
							"uv": {
								"north": {"uv": [17, 44], "uv_size": [0.5, 0.5]},
								"east": {"uv": [32, 23], "uv_size": [4, 0.5]},
								"south": {"uv": [44, 17], "uv_size": [0.5, 0.5]},
								"west": {"uv": [32, 24], "uv_size": [4, 0.5]},
								"up": {"uv": [23, 32], "uv_size": [0.5, 4]},
								"down": {"uv": [26, 36], "uv_size": [0.5, -4]}
							}
						},
						{
							"origin": [-0.1895, 7.5425, -19.5],
							"size": [0.37901, 0.125, 4],
							"uv": {
								"north": {"uv": [24, 44], "uv_size": [0.5, 0.5]},
								"east": {"uv": [0, 33], "uv_size": [4, 0.5]},
								"south": {"uv": [44, 24], "uv_size": [0.5, 0.5]},
								"west": {"uv": [33, 0], "uv_size": [4, 0.5]},
								"up": {"uv": [6, 33], "uv_size": [0.5, 4]},
								"down": {"uv": [7, 37], "uv_size": [0.5, -4]}
							}
						},
						{
							"origin": [-0.1895, 7.5425, -17],
							"size": [0.37901, 0.125, 1.5],
							"pivot": [0, 8, -17.5],
							"rotation": [0, 0, 45],
							"uv": {
								"north": {"uv": [23, 44], "uv_size": [0.5, 0.5]},
								"south": {"uv": [44, 23], "uv_size": [0.5, 0.5]},
								"up": {"uv": [4, 40], "uv_size": [0.5, 1.5]},
								"down": {"uv": [5, 41.5], "uv_size": [0.5, -1.5]}
							}
						},
						{
							"origin": [0.3325, 7.8105, -19.5],
							"size": [0.125, 0.37901, 4],
							"uv": {
								"north": {"uv": [22, 44], "uv_size": [0.5, 0.5]},
								"east": {"uv": [32, 28], "uv_size": [4, 0.5]},
								"south": {"uv": [44, 22], "uv_size": [0.5, 0.5]},
								"west": {"uv": [32, 30], "uv_size": [4, 0.5]},
								"up": {"uv": [31, 32], "uv_size": [0.5, 4]},
								"down": {"uv": [32, 35], "uv_size": [0.5, -4]}
							}
						},
						{
							"origin": [0.3325, 7.8105, -17],
							"size": [0.125, 0.37901, 1.5],
							"pivot": [0, 8, -17.5],
							"rotation": [0, 0, 45],
							"uv": {
								"north": {"uv": [21, 44], "uv_size": [0.5, 0.5]},
								"east": {"uv": [0, 40], "uv_size": [1.5, 0.5]},
								"south": {"uv": [44, 21], "uv_size": [0.5, 0.5]},
								"west": {"uv": [2, 40], "uv_size": [1.5, 0.5]}
							}
						},
						{
							"origin": [-0.1895, 8.3325, -19.5],
							"size": [0.37901, 0.125, 0.5],
							"pivot": [0, 8, -20.5],
							"rotation": [0, 0, 45],
							"uv": {
								"north": {"uv": [31, 44], "uv_size": [0.5, 0.5]},
								"south": {"uv": [44, 31], "uv_size": [0.5, 0.5]},
								"up": {"uv": [32, 44], "uv_size": [0.5, 0.5]},
								"down": {"uv": [44, 32.5], "uv_size": [0.5, -0.5]}
							}
						},
						{
							"origin": [-0.4575, 7.8105, -19.5],
							"size": [0.125, 0.37901, 0.5],
							"pivot": [0, 8, -20.5],
							"rotation": [0, 0, 45],
							"uv": {
								"north": {"uv": [29, 44], "uv_size": [0.5, 0.5]},
								"east": {"uv": [44, 29], "uv_size": [0.5, 0.5]},
								"south": {"uv": [30, 44], "uv_size": [0.5, 0.5]},
								"west": {"uv": [44, 30], "uv_size": [0.5, 0.5]}
							}
						},
						{
							"origin": [0.3325, 7.8105, -19.5],
							"size": [0.125, 0.37901, 0.5],
							"pivot": [0, 8, -20.5],
							"rotation": [0, 0, 45],
							"uv": {
								"north": {"uv": [27, 44], "uv_size": [0.5, 0.5]},
								"east": {"uv": [44, 27], "uv_size": [0.5, 0.5]},
								"south": {"uv": [28, 44], "uv_size": [0.5, 0.5]},
								"west": {"uv": [44, 28], "uv_size": [0.5, 0.5]}
							}
						},
						{
							"origin": [-0.1895, 7.5425, -19.5],
							"size": [0.37901, 0.125, 0.5],
							"pivot": [0, 8, -20.5],
							"rotation": [0, 0, 45],
							"uv": {
								"north": {"uv": [25, 44], "uv_size": [0.5, 0.5]},
								"south": {"uv": [44, 25], "uv_size": [0.5, 0.5]},
								"up": {"uv": [26, 44], "uv_size": [0.5, 0.5]},
								"down": {"uv": [44, 26.5], "uv_size": [0.5, -0.5]}
							}
						}
					]
				},
				{
					"name": "group",
					"parent": "barrel",
					"pivot": [0, 8.0125, -1.175],
					"cubes": [
						{
							"origin": [-0.5, 7.55, -9.5625],
							"size": [1, 0.875, 7.0625],
							"uv": {
								"north": {"uv": [28, 36], "uv_size": [1, 1]},
								"east": {"uv": [12, 12], "uv_size": [7, 1]},
								"west": {"uv": [12, 13], "uv_size": [7, 1]},
								"up": {"uv": [4, 13], "uv_size": [1, 7]},
								"down": {"uv": [5, 20], "uv_size": [1, -7]}
							}
						},
						{
							"origin": [-0.5, 8.425, -7],
							"size": [1, 0.3125, 4.5],
							"uv": {
								"east": {"uv": [30, 11], "uv_size": [4.5, 0.5]},
								"west": {"uv": [31, 12], "uv_size": [4.5, 0.5]},
								"up": {"uv": [20, 20], "uv_size": [1, 4.5]}
							}
						},
						{
							"origin": [-0.5, 11.18547, -7.06497],
							"size": [1, 0.3, 0.9],
							"pivot": [0, 8.0125, 0.325],
							"rotation": [22.5, 0, 0],
							"uv": {
								"east": {"uv": [16, 41], "uv_size": [1, 0.5]},
								"west": {"uv": [41, 16], "uv_size": [1, 0.5]},
								"up": {"uv": [36, 28], "uv_size": [1, 1]}
							}
						}
					]
				},
				{
					"name": "screws",
					"parent": "p90_body",
					"pivot": [0, 8.78921, 8.47671],
					"cubes": [
						{
							"origin": [-0.65625, 3.41099, -1.00763],
							"size": [1.3125, 0.375, 0.375],
							"pivot": [0, 8.13584, -1.01562],
							"rotation": [-45, 0, 0],
							"uv": {
								"north": {"uv": [39, 10], "uv_size": [1.5, 0.5]},
								"east": {"uv": [43, 22], "uv_size": [0.5, 0.5]},
								"south": {"uv": [39, 11], "uv_size": [1.5, 0.5]},
								"west": {"uv": [23, 43], "uv_size": [0.5, 0.5]},
								"up": {"uv": [12, 39], "uv_size": [1.5, 0.5]},
								"down": {"uv": [39, 12.5], "uv_size": [1.5, -0.5]}
							}
						},
						{
							"origin": [-0.65625, 6.15102, -1.53796],
							"size": [1.3125, 0.375, 0.375],
							"pivot": [0, 8.13584, -1.01562],
							"rotation": [-45, 0, 0],
							"uv": {
								"north": {"uv": [39, 13], "uv_size": [1.5, 0.5]},
								"east": {"uv": [43, 23], "uv_size": [0.5, 0.5]},
								"south": {"uv": [14, 39], "uv_size": [1.5, 0.5]},
								"west": {"uv": [24, 43], "uv_size": [0.5, 0.5]},
								"up": {"uv": [39, 14], "uv_size": [1.5, 0.5]},
								"down": {"uv": [39, 15.5], "uv_size": [1.5, -0.5]}
							}
						},
						{
							"origin": [-0.65625, 2.83646, -4.85253],
							"size": [1.3125, 0.375, 0.375],
							"pivot": [0, 8.13584, -1.01562],
							"rotation": [-45, 0, 0],
							"uv": {
								"north": {"uv": [16, 39], "uv_size": [1.5, 0.5]},
								"east": {"uv": [43, 24], "uv_size": [0.5, 0.5]},
								"south": {"uv": [39, 16], "uv_size": [1.5, 0.5]},
								"west": {"uv": [25, 43], "uv_size": [0.5, 0.5]},
								"up": {"uv": [39, 17], "uv_size": [1.5, 0.5]},
								"down": {"uv": [39, 19.5], "uv_size": [1.5, -0.5]}
							}
						},
						{
							"origin": [-0.65625, 1.42225, -6.26674],
							"size": [1.3125, 0.375, 0.375],
							"pivot": [0, 8.13584, -1.01562],
							"rotation": [-45, 0, 0],
							"uv": {
								"north": {"uv": [39, 20], "uv_size": [1.5, 0.5]},
								"east": {"uv": [43, 25], "uv_size": [0.5, 0.5]},
								"south": {"uv": [39, 21], "uv_size": [1.5, 0.5]},
								"west": {"uv": [26, 43], "uv_size": [0.5, 0.5]},
								"up": {"uv": [39, 23], "uv_size": [1.5, 0.5]},
								"down": {"uv": [39, 24.5], "uv_size": [1.5, -0.5]}
							}
						},
						{
							"origin": [-0.65625, 5.79747, 0.48424],
							"size": [1.3125, 0.375, 0.375],
							"pivot": [0, 8.13584, -1.20312],
							"rotation": [-45, 0, 0],
							"uv": {
								"north": {"uv": [39, 26], "uv_size": [1.5, 0.5]},
								"east": {"uv": [43, 26], "uv_size": [0.5, 0.5]},
								"south": {"uv": [39, 27], "uv_size": [1.5, 0.5]},
								"west": {"uv": [27, 43], "uv_size": [0.5, 0.5]},
								"up": {"uv": [28, 39], "uv_size": [1.5, 0.5]},
								"down": {"uv": [39, 28.5], "uv_size": [1.5, -0.5]}
							}
						},
						{
							"origin": [-0.65625, 6.81394, 2.66048],
							"size": [1.3125, 0.375, 0.375],
							"pivot": [0, 8.13584, -1.01562],
							"rotation": [-45, 0, 0],
							"uv": {
								"north": {"uv": [30, 39], "uv_size": [1.5, 0.5]},
								"east": {"uv": [43, 27], "uv_size": [0.5, 0.5]},
								"south": {"uv": [32, 39], "uv_size": [1.5, 0.5]},
								"west": {"uv": [28, 43], "uv_size": [0.5, 0.5]},
								"up": {"uv": [39, 33], "uv_size": [1.5, 0.5]},
								"down": {"uv": [39, 34.5], "uv_size": [1.5, -0.5]}
							}
						},
						{
							"origin": [-0.90625, 10.57044, 4.73761],
							"size": [1.8125, 0.375, 0.375],
							"pivot": [0, 8.13584, -1.01562],
							"rotation": [-45, 0, 0],
							"uv": {
								"north": {"uv": [29, 36], "uv_size": [2, 0.5]},
								"east": {"uv": [43, 28], "uv_size": [0.5, 0.5]},
								"south": {"uv": [36, 29], "uv_size": [2, 0.5]},
								"west": {"uv": [29, 43], "uv_size": [0.5, 0.5]},
								"up": {"uv": [36, 30], "uv_size": [2, 0.5]},
								"down": {"uv": [31, 36.5], "uv_size": [2, -0.5]}
							}
						},
						{
							"origin": [-0.90625, 13.04532, 7.21248],
							"size": [1.8125, 0.375, 0.375],
							"pivot": [0, 8.13584, -1.01562],
							"rotation": [-45, 0, 0],
							"uv": {
								"north": {"uv": [36, 31], "uv_size": [2, 0.5]},
								"east": {"uv": [43, 29], "uv_size": [0.5, 0.5]},
								"south": {"uv": [36, 32], "uv_size": [2, 0.5]},
								"west": {"uv": [30, 43], "uv_size": [0.5, 0.5]},
								"up": {"uv": [33, 36], "uv_size": [2, 0.5]},
								"down": {"uv": [36, 33.5], "uv_size": [2, -0.5]}
							}
						},
						{
							"origin": [-1.03125, 14.28275, 4.20728],
							"size": [2.0625, 0.375, 0.375],
							"pivot": [0, 8.13584, -1.01562],
							"rotation": [-45, 0, 0],
							"uv": {
								"north": {"uv": [36, 34], "uv_size": [2, 0.5]},
								"east": {"uv": [43, 30], "uv_size": [0.5, 0.5]},
								"south": {"uv": [35, 36], "uv_size": [2, 0.5]},
								"west": {"uv": [31, 43], "uv_size": [0.5, 0.5]},
								"up": {"uv": [36, 35], "uv_size": [2, 0.5]},
								"down": {"uv": [0, 37.5], "uv_size": [2, -0.5]}
							}
						},
						{
							"origin": [-1.03125, 16.1831, 6.10763],
							"size": [2.0625, 0.375, 0.375],
							"pivot": [0, 8.13584, -1.01562],
							"rotation": [-45, 0, 0],
							"uv": {
								"north": {"uv": [37, 0], "uv_size": [2, 0.5]},
								"east": {"uv": [43, 31], "uv_size": [0.5, 0.5]},
								"south": {"uv": [2, 37], "uv_size": [2, 0.5]},
								"west": {"uv": [32, 43], "uv_size": [0.5, 0.5]},
								"up": {"uv": [4, 37], "uv_size": [2, 0.5]},
								"down": {"uv": [37, 5.5], "uv_size": [2, -0.5]}
							}
						}
					]
				},
				{
					"name": "pull",
					"parent": "p90_body",
					"pivot": [0, 8.13584, -2.51562],
					"cubes": [
						{
							"origin": [-0.875, 7.8, -7.375],
							"size": [1.75, 0.625, 1],
							"uv": {
								"east": {"uv": [17, 41], "uv_size": [1, 0.5]},
								"south": {"uv": [6, 37], "uv_size": [2, 0.5]},
								"west": {"uv": [41, 17], "uv_size": [1, 0.5]},
								"up": {"uv": [32, 20], "uv_size": [2, 1]},
								"down": {"uv": [21, 33], "uv_size": [2, -1]}
							}
						},
						{
							"origin": [-1.09375, 7.87813, -7.5],
							"size": [2.1875, 0.46875, 0.1875],
							"uv": {
								"north": {"uv": [37, 6], "uv_size": [2, 0.5]},
								"east": {"uv": [43, 32], "uv_size": [0.5, 0.5]},
								"south": {"uv": [37, 7], "uv_size": [2, 0.5]},
								"west": {"uv": [33, 43], "uv_size": [0.5, 0.5]}
							}
						},
						{
							"origin": [-0.9375, 3.89896, -4.16503],
							"size": [1.875, 0.25, 0.25],
							"pivot": [0, 9.13584, -0.39062],
							"rotation": [-45, 0, 0],
							"uv": {
								"north": {"uv": [8, 37], "uv_size": [2, 0.5]},
								"east": {"uv": [43, 33], "uv_size": [0.5, 0.5]},
								"south": {"uv": [37, 8], "uv_size": [2, 0.5]},
								"west": {"uv": [34, 43], "uv_size": [0.5, 0.5]},
								"up": {"uv": [37, 9], "uv_size": [2, 0.5]},
								"down": {"uv": [10, 37.5], "uv_size": [2, -0.5]}
							}
						},
						{
							"origin": [-0.75, 7.8625, -6.375],
							"size": [1.5, 0.5, 9],
							"uv": {
								"east": {"uv": [21, 20], "uv_size": [9, 0.5]},
								"south": {"uv": [35, 39], "uv_size": [1.5, 0.5]},
								"west": {"uv": [21, 21], "uv_size": [9, 0.5]},
								"up": {"uv": [8, 0], "uv_size": [1.5, 9]},
								"down": {"uv": [6, 17], "uv_size": [1.5, -9]}
							}
						},
						{
							"origin": [-1.10625, 8.42454, -7.23484],
							"size": [2.2, 0.1875, 0.425],
							"uv": {
								"east": {"uv": [43, 34], "uv_size": [0.5, 0.5]},
								"south": {"uv": [37, 10], "uv_size": [2, 0.5]},
								"west": {"uv": [35, 43], "uv_size": [0.5, 0.5]},
								"up": {"uv": [37, 11], "uv_size": [2, 0.5]},
								"down": {"uv": [12, 37.5], "uv_size": [2, -0.5]}
							}
						},
						{
							"origin": [-0.90625, 8.42454, -6.80984],
							"size": [1.8, 0.1875, 0.2],
							"uv": {
								"south": {"uv": [37, 12], "uv_size": [2, 0.5]},
								"up": {"uv": [37, 13], "uv_size": [2, 0.5]}
							}
						},
						{
							"origin": [-3.68931, 8.42454, -5.86132],
							"size": [0.3, 0.1875, 0.28],
							"pivot": [-0.00625, 8.09788, -0.92546],
							"rotation": [0, -45, 0],
							"uv": {
								"north": {"uv": [43, 35], "uv_size": [0.5, 0.5]},
								"west": {"uv": [36, 43], "uv_size": [0.5, 0.5]},
								"up": {"uv": [43, 36], "uv_size": [0.5, 0.5]},
								"down": {"uv": [37, 43.5], "uv_size": [0.5, -0.5]}
							}
						},
						{
							"origin": [-3.68931, 7.61296, -5.86132],
							"size": [0.3, 0.1875, 0.28],
							"pivot": [-0.00625, 8.1488, -0.92546],
							"rotation": [0, -45, 0],
							"uv": {
								"north": {"uv": [43, 37], "uv_size": [0.5, 0.5]},
								"west": {"uv": [38, 43], "uv_size": [0.5, 0.5]},
								"up": {"uv": [43, 38], "uv_size": [0.5, 0.5]},
								"down": {"uv": [39, 43.5], "uv_size": [0.5, -0.5]}
							}
						},
						{
							"origin": [-0.90625, 7.61296, -6.80983],
							"size": [1.8, 0.1875, 0.2],
							"uv": {
								"south": {"uv": [14, 37], "uv_size": [2, 0.5]},
								"down": {"uv": [37, 14.5], "uv_size": [2, -0.5]}
							}
						},
						{
							"origin": [-1.10625, 7.61296, -7.23483],
							"size": [2.2, 0.1875, 0.425],
							"uv": {
								"east": {"uv": [43, 39], "uv_size": [0.5, 0.5]},
								"south": {"uv": [37, 15], "uv_size": [2, 0.5]},
								"west": {"uv": [40, 43], "uv_size": [0.5, 0.5]},
								"up": {"uv": [16, 37], "uv_size": [2, 0.5]},
								"down": {"uv": [37, 16.5], "uv_size": [2, -0.5]}
							}
						},
						{
							"origin": [-1.09375, 12.74999, -5.43365],
							"size": [2.1875, 0.1875, 0.375],
							"pivot": [-0.00625, 8.14788, -0.92546],
							"rotation": [45, 0, 0],
							"uv": {
								"east": {"uv": [43, 40], "uv_size": [0.5, 0.5]},
								"west": {"uv": [41, 43], "uv_size": [0.5, 0.5]},
								"up": {"uv": [37, 17], "uv_size": [2, 0.5]},
								"down": {"uv": [37, 19.5], "uv_size": [2, -0.5]}
							}
						},
						{
							"origin": [-1.09375, 12.23131, -5.76576],
							"size": [2.1875, 0.375, 0.1875],
							"pivot": [-0.00625, 8.1488, -0.92546],
							"rotation": [45, 0, 0],
							"uv": {
								"north": {"uv": [37, 20], "uv_size": [2, 0.5]},
								"east": {"uv": [43, 41], "uv_size": [0.5, 0.5]},
								"south": {"uv": [37, 21], "uv_size": [2, 0.5]},
								"west": {"uv": [42, 43], "uv_size": [0.5, 0.5]},
								"down": {"uv": [37, 23.5], "uv_size": [2, -0.5]}
							}
						},
						{
							"origin": [3.3748, 8.42454, -5.86333],
							"size": [0.3, 0.1875, 0.28],
							"pivot": [-0.00826, 8.09788, -0.92747],
							"rotation": [0, 45, 0],
							"uv": {
								"east": {"uv": [43, 42], "uv_size": [0.5, 0.5]},
								"up": {"uv": [43, 43], "uv_size": [0.5, 0.5]},
								"down": {"uv": [0, 44.5], "uv_size": [0.5, -0.5]}
							}
						},
						{
							"origin": [3.3748, 7.61296, -5.86333],
							"size": [0.3, 0.1875, 0.28],
							"pivot": [-0.00826, 8.1488, -0.92747],
							"rotation": [0, 45, 0],
							"uv": {
								"east": {"uv": [44, 0], "uv_size": [0.5, 0.5]},
								"up": {"uv": [1, 44], "uv_size": [0.5, 0.5]},
								"down": {"uv": [44, 1.5], "uv_size": [0.5, -0.5]}
							}
						}
					]
				},
				{
					"name": "mag_release",
					"parent": "p90_body",
					"pivot": [-0.87231, 9.25, 3.03509],
					"cubes": [
						{
							"origin": [1.03097, 9, 4.32315],
							"size": [0.19134, 0.5, 0.46194],
							"pivot": [0.87231, 9.25, 4.53509],
							"rotation": [0, -22.5, 0],
							"uv": {
								"north": {"uv": [2, 44], "uv_size": [0.5, 0.5]},
								"west": {"uv": [44, 2], "uv_size": [0.5, 0.5]},
								"up": {"uv": [3, 44], "uv_size": [0.5, 0.5]},
								"down": {"uv": [44, 3.5], "uv_size": [0.5, -0.5]}
							}
						},
						{
							"origin": [-1.1, 9, 4.4],
							"size": [2.2, 0.5, 0.5],
							"uv": {
								"north": {"uv": [37, 24], "uv_size": [2, 0.5]},
								"south": {"uv": [25, 37], "uv_size": [2, 0.5]},
								"up": {"uv": [37, 26], "uv_size": [2, 0.5]},
								"down": {"uv": [37, 27.5], "uv_size": [2, -0.5]}
							}
						},
						{
							"origin": [-1.22231, 9, 4.32315],
							"size": [0.19134, 0.5, 0.46194],
							"pivot": [-0.87231, 9.25, 4.53509],
							"rotation": [0, 22.5, 0],
							"uv": {
								"north": {"uv": [4, 44], "uv_size": [0.5, 0.5]},
								"east": {"uv": [44, 4], "uv_size": [0.5, 0.5]},
								"up": {"uv": [5, 44], "uv_size": [0.5, 0.5]},
								"down": {"uv": [44, 5.5], "uv_size": [0.5, -0.5]}
							}
						}
					]
				},
				{
					"name": "additional_magazine",
					"parent": "p90_body",
					"pivot": [0, 9, -9]
				},
				{
					"name": "positioning2",
					"parent": "p90_body",
					"pivot": [0, 0, 0]
				},
				{
					"name": "muzzle_flash",
					"parent": "positioning2",
					"pivot": [0, 8.05, -17.5375]
				},
				{
					"name": "shell",
					"parent": "positioning2",
					"pivot": [-0.15, 5.15, 2.725],
					"rotation": [0, 0, -90]
				},
				{
					"name": "scope_pos",
					"parent": "positioning2",
					"pivot": [0, 10.8, -5.79375]
				},
				{
					"name": "righthand",
					"parent": "gun_and_righthand",
					"pivot": [6, 19, 0]
				},
				{
					"name": "righthand_pos",
					"parent": "righthand",
					"pivot": [0, 8, 0],
					"cubes": [
						{
							"origin": [4, 8, -2],
							"size": [3, 12, 4],
							"uv": {
								"north": {"uv": [0, 0], "uv_size": [4, 12]},
								"east": {"uv": [4, 0], "uv_size": [4, 12]},
								"south": {"uv": [8, 0], "uv_size": [4, 12]},
								"west": {"uv": [0, 12], "uv_size": [4, 12]},
								"up": {"uv": [16, 0], "uv_size": [4, 4]},
								"down": {"uv": [16, 8], "uv_size": [4, -4]}
							}
						}
					]
				},
				{
					"name": "sight_folded",
					"parent": "gun_and_righthand",
					"pivot": [-0.7, 11.51161, 6.8125],
					"rotation": [0, 0, 90]
				},
				{
					"name": "constraint",
					"parent": "gun_and_righthand",
					"pivot": [-0.025, 12.925, -6.425]
				},
				{
					"name": "mag_and_lefthand",
					"parent": "root",
					"pivot": [0, 9, -9]
				},
				{
					"name": "p90_mag_standard",
					"parent": "mag_and_lefthand",
					"pivot": [0, 9, 1]
				},
				{
					"name": "Mag",
					"parent": "p90_mag_standard",
					"pivot": [0.25, 8, 0],
					"cubes": [
						{
							"origin": [-1, 8.875, -7.875],
							"size": [2, 0.75, 10.5625],
							"uv": {
								"east": {"uv": [12, 0], "uv_size": [10.5, 1]},
								"west": {"uv": [12, 1], "uv_size": [10.5, 1]}
							}
						},
						{
							"origin": [-0.6125, 9.75, -8],
							"size": [0.125, 0.05, 12],
							"uv": {
								"east": {"uv": [17, 4], "uv_size": [12, 0.5]},
								"west": {"uv": [17, 5], "uv_size": [12, 0.5]},
								"up": {"uv": [6, 17], "uv_size": [0.5, 12]}
							}
						},
						{
							"origin": [3.50479, 9.75, 2.25314],
							"size": [0.125, 0.05, 0.86125],
							"pivot": [0.0125, 8.13584, -0.51562],
							"rotation": [0, -45, 0],
							"uv": {
								"east": {"uv": [18, 41], "uv_size": [1, 0.5]},
								"south": {"uv": [6, 44], "uv_size": [0.5, 0.5]},
								"west": {"uv": [41, 18], "uv_size": [1, 0.5]},
								"up": {"uv": [19, 41], "uv_size": [0.5, 1]},
								"down": {"uv": [41, 20], "uv_size": [0.5, -1]}
							}
						},
						{
							"origin": [-3.62979, 9.75, 2.25314],
							"size": [0.125, 0.05, 0.86125],
							"pivot": [-0.0125, 8.13584, -0.51562],
							"rotation": [0, 45, 0],
							"uv": {
								"east": {"uv": [20, 41], "uv_size": [1, 0.5]},
								"south": {"uv": [44, 6], "uv_size": [0.5, 0.5]},
								"west": {"uv": [41, 20], "uv_size": [1, 0.5]},
								"up": {"uv": [21, 41], "uv_size": [0.5, 1]},
								"down": {"uv": [41, 22], "uv_size": [0.5, -1]}
							}
						},
						{
							"origin": [0.4875, 9.75, -8],
							"size": [0.125, 0.05, 12],
							"uv": {
								"east": {"uv": [17, 6], "uv_size": [12, 0.5]},
								"west": {"uv": [17, 7], "uv_size": [12, 0.5]},
								"up": {"uv": [7, 17], "uv_size": [0.5, 12]}
							}
						},
						{
							"origin": [-0.875, 8.75, -7.875],
							"size": [1.75, 1, 10.5625],
							"uv": {
								"up": {"uv": [0, 0], "uv_size": [2, 10.5]},
								"down": {"uv": [2, 10.5], "uv_size": [2, -10.5]}
							}
						},
						{
							"origin": [-0.54097, 9.75264, -7.875],
							"size": [0.26516, 0.1875, 11.375],
							"pivot": [-0.0625, 8.13584, -1.01562],
							"rotation": [0, 0, 45],
							"uv": {
								"north": {"uv": [7, 44], "uv_size": [0.5, 0.5]},
								"east": {"uv": [17, 8], "uv_size": [11.5, 0.5]},
								"south": {"uv": [44, 7], "uv_size": [0.5, 0.5]},
								"west": {"uv": [17, 9], "uv_size": [11.5, 0.5]},
								"up": {"uv": [12, 18], "uv_size": [0.5, 11.5]},
								"down": {"uv": [13, 29.5], "uv_size": [0.5, -11.5]}
							}
						},
						{
							"origin": [0.27581, 9.75264, -7.875],
							"size": [0.26516, 0.1875, 11.375],
							"pivot": [0.0625, 8.13584, -1.01562],
							"rotation": [0, 0, -45],
							"uv": {
								"north": {"uv": [8, 44], "uv_size": [0.5, 0.5]},
								"east": {"uv": [17, 10], "uv_size": [11.5, 0.5]},
								"south": {"uv": [44, 8], "uv_size": [0.5, 0.5]},
								"west": {"uv": [17, 11], "uv_size": [11.5, 0.5]},
								"up": {"uv": [14, 18], "uv_size": [0.5, 11.5]},
								"down": {"uv": [15, 29.5], "uv_size": [0.5, -11.5]}
							}
						},
						{
							"origin": [0.54439, 9.40802, -7.875],
							"size": [0.1875, 0.26516, 11.375],
							"pivot": [0, 8.90246, -2.1875],
							"rotation": [0, 0, 45],
							"uv": {
								"north": {"uv": [9, 44], "uv_size": [0.5, 0.5]},
								"east": {"uv": [16, 18], "uv_size": [11.5, 0.5]},
								"south": {"uv": [44, 9], "uv_size": [0.5, 0.5]},
								"west": {"uv": [18, 16], "uv_size": [11.5, 0.5]},
								"up": {"uv": [0, 19], "uv_size": [0.5, 11.5]},
								"down": {"uv": [1, 30.5], "uv_size": [0.5, -11.5]}
							}
						},
						{
							"origin": [-0.77072, 8.17058, -7.875],
							"size": [0.26516, 0.1875, 11.375],
							"pivot": [0, 8.90246, -2.1875],
							"rotation": [0, 0, 45],
							"uv": {
								"north": {"uv": [10, 44], "uv_size": [0.5, 0.5]},
								"east": {"uv": [18, 17], "uv_size": [11.5, 0.5]},
								"south": {"uv": [44, 10], "uv_size": [0.5, 0.5]},
								"west": {"uv": [19, 12], "uv_size": [11.5, 0.5]},
								"up": {"uv": [8, 19], "uv_size": [0.5, 11.5]},
								"down": {"uv": [9, 30.5], "uv_size": [0.5, -11.5]}
							}
						},
						{
							"origin": [-1.25, 8.5, 2.98223],
							"size": [2.5, 1.25, 1.03554],
							"uv": {
								"east": {"uv": [35, 1], "uv_size": [1, 1.5]},
								"south": {"uv": [25, 2], "uv_size": [2.5, 1.5]},
								"west": {"uv": [35, 3], "uv_size": [1, 1.5]},
								"up": {"uv": [29, 22], "uv_size": [2.5, 1]},
								"down": {"uv": [29, 24], "uv_size": [2.5, -1]}
							}
						},
						{
							"origin": [1.94303, 8.5, 1.65964],
							"size": [2.5, 1.25, 1.03553],
							"pivot": [0, 8.13584, -1.01562],
							"rotation": [0, -45, 0],
							"uv": {
								"east": {"uv": [4, 35], "uv_size": [1, 1.5]},
								"west": {"uv": [5, 35], "uv_size": [1, 1.5]},
								"up": {"uv": [29, 24], "uv_size": [2.5, 1]},
								"down": {"uv": [29, 26], "uv_size": [2.5, -1]}
							}
						},
						{
							"origin": [-0.51777, 8.5, 2.25],
							"size": [1.03554, 1.25, 2.5],
							"uv": {
								"north": {"uv": [8, 35], "uv_size": [1, 1.5]},
								"east": {"uv": [25, 14], "uv_size": [2.5, 1.5]},
								"south": {"uv": [9, 35], "uv_size": [1, 1.5]},
								"up": {"uv": [10, 29], "uv_size": [1, 2.5]},
								"down": {"uv": [11, 31.5], "uv_size": [1, -2.5]}
							}
						},
						{
							"origin": [2.67526, 8.5, 0.9274],
							"size": [1.03554, 1.25, 2.5],
							"pivot": [0, 8.13584, -1.01562],
							"rotation": [0, -45, 0],
							"uv": {
								"north": {"uv": [12, 35], "uv_size": [1, 1.5]},
								"south": {"uv": [13, 35], "uv_size": [1, 1.5]},
								"west": {"uv": [20, 25], "uv_size": [2.5, 1.5]},
								"up": {"uv": [26, 29], "uv_size": [1, 2.5]},
								"down": {"uv": [27, 31.5], "uv_size": [1, -2.5]}
							}
						}
					]
				},
				{
					"name": "octagon",
					"parent": "Mag",
					"pivot": [0, 8, 0],
					"cubes": [
						{
							"origin": [-1.0625, 3.50956, -6.37029],
							"size": [2.125, 0.15533, 0.125],
							"pivot": [0, 8.13584, -1.01562],
							"rotation": [-45, 0, 0],
							"uv": {
								"east": {"uv": [11, 44], "uv_size": [0.5, 0.5]},
								"south": {"uv": [28, 37], "uv_size": [2, 0.5]},
								"west": {"uv": [44, 11], "uv_size": [0.5, 0.5]}
							}
						},
						{
							"origin": [-1.0625, 8.67233, -8.25],
							"size": [2.125, 1.14017, 0.375],
							"uv": {
								"north": {"uv": [32, 21], "uv_size": [2, 1]},
								"east": {"uv": [22, 41], "uv_size": [0.5, 1]},
								"south": {"uv": [32, 22], "uv_size": [2, 1]},
								"west": {"uv": [41, 22], "uv_size": [0.5, 1]}
							}
						},
						{
							"origin": [-1.0625, 3.39972, -6.51046],
							"size": [2.125, 0.125, 0.15533],
							"pivot": [0, 8.13584, -1.01562],
							"rotation": [-45, 0, 0],
							"uv": {
								"east": {"uv": [12, 44], "uv_size": [0.5, 0.5]},
								"west": {"uv": [44, 12], "uv_size": [0.5, 0.5]},
								"down": {"uv": [37, 28.5], "uv_size": [2, -0.5]}
							}
						},
						{
							"origin": [-1.0625, 8.5625, -8.14017],
							"size": [2.125, 0.125, 0.15534],
							"uv": {
								"east": {"uv": [13, 44], "uv_size": [0.5, 0.5]},
								"west": {"uv": [44, 13], "uv_size": [0.5, 0.5]},
								"down": {"uv": [30, 37.5], "uv_size": [2, -0.5]}
							}
						},
						{
							"origin": [-1.0625, 9.79733, -8.14017],
							"size": [2.125, 0.125, 0.15534],
							"uv": {
								"east": {"uv": [14, 44], "uv_size": [0.5, 0.5]},
								"west": {"uv": [44, 14], "uv_size": [0.5, 0.5]},
								"up": {"uv": [32, 37], "uv_size": [2, 0.5]}
							}
						},
						{
							"origin": [-1.0625, 9.82858, -8.21561],
							"size": [2.125, 0.125, 0.15533],
							"pivot": [0, 9.84153, -8.0625],
							"rotation": [45, 0, 0],
							"uv": {
								"east": {"uv": [15, 44], "uv_size": [0.5, 0.5]},
								"west": {"uv": [44, 15], "uv_size": [0.5, 0.5]},
								"up": {"uv": [34, 37], "uv_size": [2, 0.5]}
							}
						},
						{
							"origin": [-1.0625, 9.68842, -8.07544],
							"size": [2.125, 0.15533, 0.125],
							"pivot": [0, 9.84153, -8.0625],
							"rotation": [45, 0, 0],
							"uv": {
								"east": {"uv": [16, 44], "uv_size": [0.5, 0.5]},
								"south": {"uv": [36, 37], "uv_size": [2, 0.5]},
								"west": {"uv": [44, 16], "uv_size": [0.5, 0.5]},
								"up": {"uv": [37, 36], "uv_size": [2, 0.5]}
							}
						}
					]
				},
				{
					"name": "lefthand",
					"parent": "mag_and_lefthand",
					"pivot": [-6, 19, 0]
				},
				{
					"name": "lefthand_pos",
					"parent": "lefthand",
					"pivot": [0, 8, 0],
					"cubes": [
						{
							"origin": [-7, 8, -2],
							"size": [3, 12, 4],
							"uv": {
								"north": {"uv": [12, 0], "uv_size": [4, 12]},
								"east": {"uv": [4, 12], "uv_size": [4, 12]},
								"south": {"uv": [8, 12], "uv_size": [4, 12]},
								"west": {"uv": [12, 12], "uv_size": [4, 12]},
								"up": {"uv": [16, 8], "uv_size": [4, 4]},
								"down": {"uv": [16, 16], "uv_size": [4, -4]}
							}
						}
					]
				},
				{
					"name": "camera",
					"pivot": [2.36875, 13.09375, 10.1875]
				},
				{
					"name": "view",
					"pivot": [0, 0, 0]
				},
				{
					"name": "idle_view",
					"parent": "view",
					"pivot": [2.36875, 13.09375, 10.1875]
				},
				{
					"name": "iron_view",
					"parent": "view",
					"pivot": [0, 13.025, 1]
				},
				{
					"name": "refit_view",
					"parent": "view",
					"pivot": [23, 9, -4],
					"rotation": [0, 90, 0]
				},
				{
					"name": "refit_muzzle_view",
					"parent": "view",
					"pivot": [11, 9, -20],
					"rotation": [0, 90, 0]
				},
				{
					"name": "refit_grip_view",
					"parent": "view",
					"pivot": [8.8, 5.4, -13],
					"rotation": [0, 90, 0]
				},
				{
					"name": "refit_laser_view",
					"parent": "view",
					"pivot": [7, 10, -10],
					"rotation": [0, 125, 0]
				},
				{
					"name": "refit_extended_mag_view",
					"parent": "view",
					"pivot": [8, 10, 3],
					"rotation": [0, 90, 0]
				},
				{
					"name": "refit_stock_view",
					"parent": "view",
					"pivot": [10, 9, 6.6],
					"rotation": [0, 90, 0]
				},
				{
					"name": "refit_scope_view",
					"parent": "view",
					"pivot": [5, 13.1, -0.7],
					"rotation": [0, 50, 0]
				},
				{
					"name": "positioning",
					"pivot": [0, 0, 0]
				},
				{
					"name": "fixed",
					"parent": "positioning",
					"pivot": [1.35, 8.275, -0.05],
					"rotation": [0, 90, 0]
				},
				{
					"name": "ground",
					"parent": "positioning",
					"pivot": [0, 4, -1]
				},
				{
					"name": "thirdperson_hand",
					"parent": "positioning",
					"pivot": [0, 5.825, -3.575]
				}
			]
		}
	]
}