{
	"format_version": "1.12.0",
	"minecraft:geometry": [
		{
			"description": {
				"identifier": "geometry.1",
				"texture_width": 64,
				"texture_height": 64,
				"visible_bounds_width": 2,
				"visible_bounds_height": 1.5,
				"visible_bounds_offset": [0, 0.25, 0]
			},
			"bones": [
				{
					"name": "159",
					"pivot": [0, 12.45286, 6.26655],
					"cubes": [
						{
							"origin": [-0.76824, 0.44741, -0.34301],
							"size": [1.53648, 0.63643, 2.775],
							"uv": {
								"north": {"uv": [80, 6], "uv_size": [1.5, 0.75]},
								"east": {"uv": [90, 20], "uv_size": [1, 0.75]},
								"south": {"uv": [8, 80], "uv_size": [1.5, 0.75]},
								"west": {"uv": [22, 90], "uv_size": [1, 0.75]},
								"up": {"uv": [75, 8], "uv_size": [1.5, 1]},
								"down": {"uv": [75, 10], "uv_size": [1.5, -1]}
							}
						},
						{
							"origin": [-0.76824, 0.44741, -0.34301],
							"size": [1.53648, 0.63643, 2.775],
							"pivot": [0, 0.76563, 0],
							"rotation": [0, 0, 45],
							"uv": {
								"north": {"uv": [4, 80], "uv_size": [1.5, 0.75]},
								"east": {"uv": [90, 18], "uv_size": [1, 0.75]},
								"south": {"uv": [80, 5], "uv_size": [1.5, 0.75]},
								"west": {"uv": [90, 19], "uv_size": [1, 0.75]},
								"up": {"uv": [6, 75], "uv_size": [1.5, 1]},
								"down": {"uv": [75, 8], "uv_size": [1.5, -1]}
							}
						},
						{
							"origin": [-0.31822, -0.00261, -0.34301],
							"size": [0.63643, 1.53648, 2.775],
							"uv": {
								"north": {"uv": [3, 80], "uv_size": [0.75, 1.5]},
								"east": {"uv": [5, 75], "uv_size": [1, 1.5]},
								"south": {"uv": [80, 3], "uv_size": [0.75, 1.5]},
								"west": {"uv": [75, 5], "uv_size": [1, 1.5]},
								"up": {"uv": [90, 17], "uv_size": [0.75, 1]},
								"down": {"uv": [18, 91], "uv_size": [0.75, -1]}
							}
						},
						{
							"origin": [-0.33347, 1.35158, -1.65108],
							"size": [0.30669, 0.24286, 1.55366],
							"pivot": [0, 0.76563, 0],
							"rotation": [15.08561, -6.03623, -1.62363],
							"uv": {
								"north": {"uv": [15, 114], "uv_size": [0.25, 0.25]},
								"east": {"uv": [101, 14], "uv_size": [1.5, 0.25]},
								"south": {"uv": [114, 15], "uv_size": [0.25, 0.25]},
								"west": {"uv": [101, 15], "uv_size": [1.5, 0.25]},
								"up": {"uv": [16, 101], "uv_size": [0.25, 1.5]},
								"down": {"uv": [101, 17.5], "uv_size": [0.25, -1.5]}
							}
						},
						{
							"origin": [0.02678, -0.06319, -1.65108],
							"size": [0.30669, 0.24286, 1.55366],
							"pivot": [0, 0.76563, 0],
							"rotation": [-15.08561, 6.03623, -1.62363],
							"uv": {
								"north": {"uv": [20, 114], "uv_size": [0.25, 0.25]},
								"east": {"uv": [101, 23], "uv_size": [1.5, 0.25]},
								"south": {"uv": [114, 20], "uv_size": [0.25, 0.25]},
								"west": {"uv": [26, 101], "uv_size": [1.5, 0.25]},
								"up": {"uv": [101, 27], "uv_size": [0.25, 1.5]},
								"down": {"uv": [28, 102.5], "uv_size": [0.25, -1.5]}
							}
						},
						{
							"origin": [-0.01702, -0.06319, -0.71303],
							"size": [0.03405, 0.24286, 0.61321],
							"pivot": [0, 0.76563, 0],
							"rotation": [-15, 0, 0],
							"uv": {
								"north": {"uv": [19, 114], "uv_size": [0.25, 0.25]},
								"east": {"uv": [111, 8], "uv_size": [0.5, 0.25]},
								"south": {"uv": [114, 19], "uv_size": [0.25, 0.25]},
								"west": {"uv": [9, 111], "uv_size": [0.5, 0.25]},
								"up": {"uv": [111, 9], "uv_size": [0.25, 0.5]},
								"down": {"uv": [10, 111.5], "uv_size": [0.25, -0.5]}
							}
						},
						{
							"origin": [-0.33347, -0.06319, -1.65108],
							"size": [0.30669, 0.24286, 1.55366],
							"pivot": [0, 0.76563, 0],
							"rotation": [-15.08561, -6.03623, 1.62363],
							"uv": {
								"north": {"uv": [18, 114], "uv_size": [0.25, 0.25]},
								"east": {"uv": [101, 22], "uv_size": [1.5, 0.25]},
								"south": {"uv": [114, 18], "uv_size": [0.25, 0.25]},
								"west": {"uv": [23, 101], "uv_size": [1.5, 0.25]},
								"up": {"uv": [25, 101], "uv_size": [0.25, 1.5]},
								"down": {"uv": [101, 26.5], "uv_size": [0.25, -1.5]}
							}
						},
						{
							"origin": [0.02678, 1.35158, -1.65108],
							"size": [0.30669, 0.24286, 1.55366],
							"pivot": [0, 0.76563, 0],
							"rotation": [15.08561, 6.03623, 46.62363],
							"uv": {
								"north": {"uv": [26, 114], "uv_size": [0.25, 0.25]},
								"east": {"uv": [40, 101], "uv_size": [1.5, 0.25]},
								"south": {"uv": [114, 26], "uv_size": [0.25, 0.25]},
								"west": {"uv": [101, 40], "uv_size": [1.5, 0.25]},
								"up": {"uv": [101, 41], "uv_size": [0.25, 1.5]},
								"down": {"uv": [42, 102.5], "uv_size": [0.25, -1.5]}
							}
						},
						{
							"origin": [-0.01702, 1.35158, -0.71303],
							"size": [0.03405, 0.24286, 0.61321],
							"pivot": [0, 0.76563, 0],
							"rotation": [15, 0, 45],
							"uv": {
								"north": {"uv": [25, 114], "uv_size": [0.25, 0.25]},
								"east": {"uv": [111, 12], "uv_size": [0.5, 0.25]},
								"south": {"uv": [114, 25], "uv_size": [0.25, 0.25]},
								"west": {"uv": [13, 111], "uv_size": [0.5, 0.25]},
								"up": {"uv": [111, 13], "uv_size": [0.25, 0.5]},
								"down": {"uv": [14, 111.5], "uv_size": [0.25, -0.5]}
							}
						},
						{
							"origin": [-0.33347, 1.35158, -1.65108],
							"size": [0.30669, 0.24286, 1.55366],
							"pivot": [0, 0.76563, 0],
							"rotation": [15.08561, -6.03623, 43.37637],
							"uv": {
								"north": {"uv": [24, 114], "uv_size": [0.25, 0.25]},
								"east": {"uv": [35, 101], "uv_size": [1.5, 0.25]},
								"south": {"uv": [114, 24], "uv_size": [0.25, 0.25]},
								"west": {"uv": [37, 101], "uv_size": [1.5, 0.25]},
								"up": {"uv": [101, 38], "uv_size": [0.25, 1.5]},
								"down": {"uv": [39, 102.5], "uv_size": [0.25, -1.5]}
							}
						},
						{
							"origin": [0.02678, -0.06319, -1.65108],
							"size": [0.30669, 0.24286, 1.55366],
							"pivot": [0, 0.76563, 0],
							"rotation": [-15.08561, 6.03623, 43.37637],
							"uv": {
								"north": {"uv": [23, 114], "uv_size": [0.25, 0.25]},
								"east": {"uv": [32, 101], "uv_size": [1.5, 0.25]},
								"south": {"uv": [114, 23], "uv_size": [0.25, 0.25]},
								"west": {"uv": [101, 32], "uv_size": [1.5, 0.25]},
								"up": {"uv": [101, 33], "uv_size": [0.25, 1.5]},
								"down": {"uv": [34, 102.5], "uv_size": [0.25, -1.5]}
							}
						},
						{
							"origin": [-0.01702, -0.06319, -0.71303],
							"size": [0.03405, 0.24286, 0.61321],
							"pivot": [0, 0.76563, 0],
							"rotation": [-15, 0, 45],
							"uv": {
								"north": {"uv": [22, 114], "uv_size": [0.25, 0.25]},
								"east": {"uv": [111, 10], "uv_size": [0.5, 0.25]},
								"south": {"uv": [114, 22], "uv_size": [0.25, 0.25]},
								"west": {"uv": [11, 111], "uv_size": [0.5, 0.25]},
								"up": {"uv": [111, 11], "uv_size": [0.25, 0.5]},
								"down": {"uv": [12, 111.5], "uv_size": [0.25, -0.5]}
							}
						},
						{
							"origin": [-0.33347, -0.06319, -1.65108],
							"size": [0.30669, 0.24286, 1.55366],
							"pivot": [0, 0.76563, 0],
							"rotation": [-15.08561, -6.03623, 46.62363],
							"uv": {
								"north": {"uv": [21, 114], "uv_size": [0.25, 0.25]},
								"east": {"uv": [29, 101], "uv_size": [1.5, 0.25]},
								"south": {"uv": [114, 21], "uv_size": [0.25, 0.25]},
								"west": {"uv": [101, 29], "uv_size": [1.5, 0.25]},
								"up": {"uv": [101, 30], "uv_size": [0.25, 1.5]},
								"down": {"uv": [31, 102.5], "uv_size": [0.25, -1.5]}
							}
						},
						{
							"origin": [0.02678, 1.35158, -1.65108],
							"size": [0.30669, 0.24286, 1.55366],
							"pivot": [0, 0.76563, 0],
							"rotation": [15.08561, 6.03623, 91.62363],
							"uv": {
								"north": {"uv": [32, 114], "uv_size": [0.25, 0.25]},
								"east": {"uv": [101, 50], "uv_size": [1.5, 0.25]},
								"south": {"uv": [114, 32], "uv_size": [0.25, 0.25]},
								"west": {"uv": [101, 52], "uv_size": [1.5, 0.25]},
								"up": {"uv": [53, 101], "uv_size": [0.25, 1.5]},
								"down": {"uv": [101, 54.5], "uv_size": [0.25, -1.5]}
							}
						},
						{
							"origin": [-0.01702, 1.35158, -0.71303],
							"size": [0.03405, 0.24286, 0.61321],
							"pivot": [0, 0.76563, 0],
							"rotation": [15, 0, 90],
							"uv": {
								"north": {"uv": [31, 114], "uv_size": [0.25, 0.25]},
								"east": {"uv": [111, 16], "uv_size": [0.5, 0.25]},
								"south": {"uv": [114, 31], "uv_size": [0.25, 0.25]},
								"west": {"uv": [17, 111], "uv_size": [0.5, 0.25]},
								"up": {"uv": [111, 17], "uv_size": [0.25, 0.5]},
								"down": {"uv": [18, 111.5], "uv_size": [0.25, -0.5]}
							}
						},
						{
							"origin": [-0.33347, 1.35158, -1.65108],
							"size": [0.30669, 0.24286, 1.55366],
							"pivot": [0, 0.76563, 0],
							"rotation": [15.08561, -6.03623, 88.37637],
							"uv": {
								"north": {"uv": [30, 114], "uv_size": [0.25, 0.25]},
								"east": {"uv": [49, 101], "uv_size": [1.5, 0.25]},
								"south": {"uv": [114, 30], "uv_size": [0.25, 0.25]},
								"west": {"uv": [101, 49], "uv_size": [1.5, 0.25]},
								"up": {"uv": [51, 101], "uv_size": [0.25, 1.5]},
								"down": {"uv": [52, 102.5], "uv_size": [0.25, -1.5]}
							}
						},
						{
							"origin": [0.02678, -0.06319, -1.65108],
							"size": [0.30669, 0.24286, 1.55366],
							"pivot": [0, 0.76563, 0],
							"rotation": [-15.08561, 6.03623, 88.37637],
							"uv": {
								"north": {"uv": [29, 114], "uv_size": [0.25, 0.25]},
								"east": {"uv": [46, 101], "uv_size": [1.5, 0.25]},
								"south": {"uv": [114, 29], "uv_size": [0.25, 0.25]},
								"west": {"uv": [101, 46], "uv_size": [1.5, 0.25]},
								"up": {"uv": [101, 47], "uv_size": [0.25, 1.5]},
								"down": {"uv": [48, 102.5], "uv_size": [0.25, -1.5]}
							}
						},
						{
							"origin": [-0.01702, -0.06319, -0.71303],
							"size": [0.03405, 0.24286, 0.61321],
							"pivot": [0, 0.76563, 0],
							"rotation": [-15, 0, 90],
							"uv": {
								"north": {"uv": [28, 114], "uv_size": [0.25, 0.25]},
								"east": {"uv": [111, 14], "uv_size": [0.5, 0.25]},
								"south": {"uv": [114, 28], "uv_size": [0.25, 0.25]},
								"west": {"uv": [15, 111], "uv_size": [0.5, 0.25]},
								"up": {"uv": [111, 15], "uv_size": [0.25, 0.5]},
								"down": {"uv": [16, 111.5], "uv_size": [0.25, -0.5]}
							}
						},
						{
							"origin": [-0.33347, -0.06319, -1.65108],
							"size": [0.30669, 0.24286, 1.55366],
							"pivot": [0, 0.76563, 0],
							"rotation": [-15.08561, -6.03623, 91.62363],
							"uv": {
								"north": {"uv": [27, 114], "uv_size": [0.25, 0.25]},
								"east": {"uv": [43, 101], "uv_size": [1.5, 0.25]},
								"south": {"uv": [114, 27], "uv_size": [0.25, 0.25]},
								"west": {"uv": [101, 43], "uv_size": [1.5, 0.25]},
								"up": {"uv": [101, 44], "uv_size": [0.25, 1.5]},
								"down": {"uv": [45, 102.5], "uv_size": [0.25, -1.5]}
							}
						},
						{
							"origin": [0.02678, 1.35158, -1.65108],
							"size": [0.30669, 0.24286, 1.55366],
							"pivot": [0, 0.76563, 0],
							"rotation": [15.08561, 6.03623, 136.62363],
							"uv": {
								"north": {"uv": [38, 114], "uv_size": [0.25, 0.25]},
								"east": {"uv": [67, 101], "uv_size": [1.5, 0.25]},
								"south": {"uv": [114, 38], "uv_size": [0.25, 0.25]},
								"west": {"uv": [101, 67], "uv_size": [1.5, 0.25]},
								"up": {"uv": [101, 68], "uv_size": [0.25, 1.5]},
								"down": {"uv": [69, 102.5], "uv_size": [0.25, -1.5]}
							}
						},
						{
							"origin": [-0.01702, 1.35158, -0.71303],
							"size": [0.03405, 0.24286, 0.61321],
							"pivot": [0, 0.76563, 0],
							"rotation": [15, 0, 135],
							"uv": {
								"north": {"uv": [37, 114], "uv_size": [0.25, 0.25]},
								"east": {"uv": [111, 20], "uv_size": [0.5, 0.25]},
								"south": {"uv": [114, 37], "uv_size": [0.25, 0.25]},
								"west": {"uv": [21, 111], "uv_size": [0.5, 0.25]},
								"up": {"uv": [111, 21], "uv_size": [0.25, 0.5]},
								"down": {"uv": [22, 111.5], "uv_size": [0.25, -0.5]}
							}
						},
						{
							"origin": [-0.33347, 1.35158, -1.65108],
							"size": [0.30669, 0.24286, 1.55366],
							"pivot": [0, 0.76563, 0],
							"rotation": [15.08561, -6.03623, 133.37637],
							"uv": {
								"north": {"uv": [36, 114], "uv_size": [0.25, 0.25]},
								"east": {"uv": [64, 101], "uv_size": [1.5, 0.25]},
								"south": {"uv": [114, 36], "uv_size": [0.25, 0.25]},
								"west": {"uv": [101, 64], "uv_size": [1.5, 0.25]},
								"up": {"uv": [101, 65], "uv_size": [0.25, 1.5]},
								"down": {"uv": [66, 102.5], "uv_size": [0.25, -1.5]}
							}
						},
						{
							"origin": [0.02678, -0.06319, -1.65108],
							"size": [0.30669, 0.24286, 1.55366],
							"pivot": [0, 0.76563, 0],
							"rotation": [-15.08561, 6.03623, 133.37637],
							"uv": {
								"north": {"uv": [35, 114], "uv_size": [0.25, 0.25]},
								"east": {"uv": [101, 59], "uv_size": [1.5, 0.25]},
								"south": {"uv": [114, 35], "uv_size": [0.25, 0.25]},
								"west": {"uv": [101, 61], "uv_size": [1.5, 0.25]},
								"up": {"uv": [59, 101], "uv_size": [0.25, 1.5]},
								"down": {"uv": [101, 63.5], "uv_size": [0.25, -1.5]}
							}
						},
						{
							"origin": [-0.01702, -0.06319, -0.71303],
							"size": [0.03405, 0.24286, 0.61321],
							"pivot": [0, 0.76563, 0],
							"rotation": [-15, 0, 135],
							"uv": {
								"north": {"uv": [34, 114], "uv_size": [0.25, 0.25]},
								"east": {"uv": [111, 18], "uv_size": [0.5, 0.25]},
								"south": {"uv": [114, 34], "uv_size": [0.25, 0.25]},
								"west": {"uv": [19, 111], "uv_size": [0.5, 0.25]},
								"up": {"uv": [111, 19], "uv_size": [0.25, 0.5]},
								"down": {"uv": [20, 111.5], "uv_size": [0.25, -0.5]}
							}
						},
						{
							"origin": [-0.33347, -0.06319, -1.65108],
							"size": [0.30669, 0.24286, 1.55366],
							"pivot": [0, 0.76563, 0],
							"rotation": [-15.08561, -6.03623, 136.62363],
							"uv": {
								"north": {"uv": [33, 114], "uv_size": [0.25, 0.25]},
								"east": {"uv": [54, 101], "uv_size": [1.5, 0.25]},
								"south": {"uv": [114, 33], "uv_size": [0.25, 0.25]},
								"west": {"uv": [56, 101], "uv_size": [1.5, 0.25]},
								"up": {"uv": [101, 57], "uv_size": [0.25, 1.5]},
								"down": {"uv": [58, 102.5], "uv_size": [0.25, -1.5]}
							}
						},
						{
							"origin": [0.02678, 1.35158, -1.65108],
							"size": [0.30669, 0.24286, 1.55366],
							"pivot": [0, 0.76563, 0],
							"rotation": [15.08561, 6.03623, 1.62363],
							"uv": {
								"north": {"uv": [16, 114], "uv_size": [0.25, 0.25]},
								"east": {"uv": [17, 101], "uv_size": [1.5, 0.25]},
								"south": {"uv": [114, 16], "uv_size": [0.25, 0.25]},
								"west": {"uv": [19, 101], "uv_size": [1.5, 0.25]},
								"up": {"uv": [21, 101], "uv_size": [0.25, 1.5]},
								"down": {"uv": [22, 102.5], "uv_size": [0.25, -1.5]}
							}
						},
						{
							"origin": [-0.01702, 1.35158, -0.71303],
							"size": [0.03405, 0.24286, 0.61321],
							"pivot": [0, 0.76563, 0],
							"rotation": [15, 0, 0],
							"uv": {
								"north": {"uv": [17, 114], "uv_size": [0.25, 0.25]},
								"east": {"uv": [111, 6], "uv_size": [0.5, 0.25]},
								"south": {"uv": [114, 17], "uv_size": [0.25, 0.25]},
								"west": {"uv": [7, 111], "uv_size": [0.5, 0.25]},
								"up": {"uv": [111, 7], "uv_size": [0.25, 0.5]},
								"down": {"uv": [8, 111.5], "uv_size": [0.25, -0.5]}
							}
						},
						{
							"origin": [-0.31822, -0.00261, -0.34301],
							"size": [0.63643, 1.53648, 2.775],
							"pivot": [0, 0.76563, 0],
							"rotation": [0, 0, 45],
							"uv": {
								"north": {"uv": [80, 0], "uv_size": [0.75, 1.5]},
								"east": {"uv": [3, 75], "uv_size": [1, 1.5]},
								"south": {"uv": [2, 80], "uv_size": [0.75, 1.5]},
								"west": {"uv": [4, 75], "uv_size": [1, 1.5]},
								"up": {"uv": [16, 90], "uv_size": [0.75, 1]},
								"down": {"uv": [17, 91], "uv_size": [0.75, -1]}
							}
						},
						{
							"origin": [-0.36876, 0.61288, -1.83529],
							"size": [0.73751, 0.30549, 1.54472],
							"uv": {
								"north": {"uv": [7, 106], "uv_size": [0.75, 0.25]},
								"east": {"uv": [101, 13], "uv_size": [1.5, 0.25]},
								"south": {"uv": [106, 7], "uv_size": [0.75, 0.25]},
								"west": {"uv": [14, 101], "uv_size": [1.5, 0.25]},
								"up": {"uv": [17, 80], "uv_size": [0.75, 1.5]},
								"down": {"uv": [18, 81.5], "uv_size": [0.75, -1.5]}
							}
						},
						{
							"origin": [-0.36876, 0.61288, -1.83529],
							"size": [0.73751, 0.30549, 1.54472],
							"pivot": [0, 0.76563, 0],
							"rotation": [0, 0, 45],
							"uv": {
								"north": {"uv": [6, 106], "uv_size": [0.75, 0.25]},
								"east": {"uv": [12, 101], "uv_size": [1.5, 0.25]},
								"south": {"uv": [106, 6], "uv_size": [0.75, 0.25]},
								"west": {"uv": [101, 12], "uv_size": [1.5, 0.25]},
								"up": {"uv": [80, 14], "uv_size": [0.75, 1.5]},
								"down": {"uv": [16, 81.5], "uv_size": [0.75, -1.5]}
							}
						},
						{
							"origin": [-0.15274, 0.39687, -1.83529],
							"size": [0.30549, 0.73751, 1.54472],
							"uv": {
								"north": {"uv": [5, 106], "uv_size": [0.25, 0.75]},
								"east": {"uv": [13, 80], "uv_size": [1.5, 0.75]},
								"south": {"uv": [106, 5], "uv_size": [0.25, 0.75]},
								"west": {"uv": [80, 13], "uv_size": [1.5, 0.75]},
								"up": {"uv": [10, 101], "uv_size": [0.25, 1.5]},
								"down": {"uv": [11, 102.5], "uv_size": [0.25, -1.5]}
							}
						},
						{
							"origin": [-0.15274, 0.39687, -1.83529],
							"size": [0.30549, 0.73751, 1.54472],
							"pivot": [0, 0.76563, 0],
							"rotation": [0, 0, 45],
							"uv": {
								"north": {"uv": [4, 106], "uv_size": [0.25, 0.75]},
								"east": {"uv": [10, 80], "uv_size": [1.5, 0.75]},
								"south": {"uv": [106, 4], "uv_size": [0.25, 0.75]},
								"west": {"uv": [80, 10], "uv_size": [1.5, 0.75]},
								"up": {"uv": [9, 101], "uv_size": [0.25, 1.5]},
								"down": {"uv": [101, 10.5], "uv_size": [0.25, -1.5]}
							}
						}
					]
				},
				{
					"name": "positioning",
					"pivot": [-3.025, -8.95, -11.225]
				},
				{
					"name": "ground",
					"parent": "positioning",
					"pivot": [0, 0, 0]
				},
				{
					"name": "fixed",
					"parent": "positioning",
					"pivot": [0, 0.5, 0],
					"rotation": [0, -90, 0]
				},
				{
					"name": "thirdperson_hand",
					"parent": "positioning",
					"pivot": [-0.025, 0.55, -0.225]
				}
			]
		}
	]
}