{
	"format_version": "1.12.0",
	"minecraft:geometry": [
		{
			"description": {
				"identifier": "geometry.1",
				"texture_width": 32,
				"texture_height": 32,
				"visible_bounds_width": 2,
				"visible_bounds_height": 1.5,
				"visible_bounds_offset": [0, 0.25, 0]
			},
			"bones": [
				{
					"name": "37mm",
					"pivot": [0, 0.76562, -1.70433],
					"cubes": [
						{
							"origin": [-0.01702, 1.1446, -1.77153],
							"size": [0.03405, 0.24286, 0.61321],
							"pivot": [0, 0.76563, -1.84015],
							"rotation": [15, 0, 45],
							"uv": {
								"north": {"uv": [15, 6], "uv_size": [0.5, 0.5]},
								"east": {"uv": [8, 15], "uv_size": [0.5, 0.5]},
								"south": {"uv": [15, 8], "uv_size": [0.5, 0.5]},
								"west": {"uv": [9, 15], "uv_size": [0.5, 0.5]},
								"up": {"uv": [15, 9], "uv_size": [0.5, 0.5]},
								"down": {"uv": [15, 10.5], "uv_size": [0.5, -0.5]}
							}
						},
						{
							"origin": [-0.01702, 1.1446, -1.77153],
							"size": [0.03405, 0.24286, 0.61321],
							"pivot": [0, 0.76563, -1.84015],
							"rotation": [15, 0, 90],
							"uv": {
								"north": {"uv": [11, 15], "uv_size": [0.5, 0.5]},
								"east": {"uv": [15, 11], "uv_size": [0.5, 0.5]},
								"south": {"uv": [12, 15], "uv_size": [0.5, 0.5]},
								"west": {"uv": [15, 12], "uv_size": [0.5, 0.5]},
								"up": {"uv": [13, 15], "uv_size": [0.5, 0.5]},
								"down": {"uv": [15, 13.5], "uv_size": [0.5, -0.5]}
							}
						},
						{
							"origin": [-0.01702, 1.1446, -1.77153],
							"size": [0.03405, 0.24286, 0.61321],
							"pivot": [0, 0.76563, -1.84015],
							"rotation": [15, 0, 135],
							"uv": {
								"north": {"uv": [14, 15], "uv_size": [0.5, 0.5]},
								"east": {"uv": [15, 14], "uv_size": [0.5, 0.5]},
								"south": {"uv": [15, 15], "uv_size": [0.5, 0.5]},
								"west": {"uv": [1, 16], "uv_size": [0.5, 0.5]},
								"up": {"uv": [2, 16], "uv_size": [0.5, 0.5]},
								"down": {"uv": [16, 2.5], "uv_size": [0.5, -0.5]}
							}
						},
						{
							"origin": [-0.76824, 0.44741, -1.37426],
							"size": [1.53648, 0.63643, 2.68125],
							"uv": {
								"north": {"uv": [7, 5], "uv_size": [1.5, 0.5]},
								"east": {"uv": [3, 6], "uv_size": [2.5, 0.5]},
								"south": {"uv": [6, 7], "uv_size": [1.5, 0.5]},
								"west": {"uv": [6, 6], "uv_size": [2.5, 0.5]},
								"up": {"uv": [0, 0], "uv_size": [1.5, 2.5]},
								"down": {"uv": [2, 2.5], "uv_size": [1.5, -2.5]}
							}
						},
						{
							"origin": [-0.76824, 0.44741, -1.37426],
							"size": [1.53648, 0.63643, 2.68125],
							"pivot": [0, 0.76563, 1.92277],
							"rotation": [0, 0, 45],
							"uv": {
								"north": {"uv": [0, 8], "uv_size": [1.5, 0.5]},
								"east": {"uv": [7, 0], "uv_size": [2.5, 0.5]},
								"south": {"uv": [8, 2], "uv_size": [1.5, 0.5]},
								"west": {"uv": [7, 1], "uv_size": [2.5, 0.5]},
								"up": {"uv": [0, 3], "uv_size": [1.5, 2.5]},
								"down": {"uv": [2, 5.5], "uv_size": [1.5, -2.5]}
							}
						},
						{
							"origin": [-0.31822, -0.00261, -1.37426],
							"size": [0.63643, 1.53648, 2.68125],
							"uv": {
								"north": {"uv": [2, 8], "uv_size": [0.5, 1.5]},
								"east": {"uv": [4, 0], "uv_size": [2.5, 1.5]},
								"south": {"uv": [8, 3], "uv_size": [0.5, 1.5]},
								"west": {"uv": [4, 2], "uv_size": [2.5, 1.5]},
								"up": {"uv": [7, 2], "uv_size": [0.5, 2.5]},
								"down": {"uv": [3, 9.5], "uv_size": [0.5, -2.5]}
							}
						},
						{
							"origin": [-0.24938, 1.1446, -2.71417],
							"size": [0.30669, 0.24286, 1.55366],
							"pivot": [0, 0.76563, -1.84015],
							"rotation": [15.08561, -6.03623, -1.62363],
							"uv": {
								"north": {"uv": [16, 3], "uv_size": [0.5, 0.5]},
								"east": {"uv": [6, 8], "uv_size": [1.5, 0.5]},
								"south": {"uv": [4, 16], "uv_size": [0.5, 0.5]},
								"west": {"uv": [8, 7], "uv_size": [1.5, 0.5]},
								"up": {"uv": [8, 8], "uv_size": [0.5, 1.5]},
								"down": {"uv": [0, 10.5], "uv_size": [0.5, -1.5]}
							}
						},
						{
							"origin": [-0.05731, 0.14379, -2.71417],
							"size": [0.30669, 0.24286, 1.55366],
							"pivot": [0, 0.76563, -1.84015],
							"rotation": [-15.08561, 6.03623, -1.62363],
							"uv": {
								"north": {"uv": [16, 4], "uv_size": [0.5, 0.5]},
								"east": {"uv": [9, 3], "uv_size": [1.5, 0.5]},
								"south": {"uv": [5, 16], "uv_size": [0.5, 0.5]},
								"west": {"uv": [9, 4], "uv_size": [1.5, 0.5]},
								"up": {"uv": [1, 9], "uv_size": [0.5, 1.5]},
								"down": {"uv": [9, 6.5], "uv_size": [0.5, -1.5]}
							}
						},
						{
							"origin": [-0.01702, 0.14379, -1.77153],
							"size": [0.03405, 0.24286, 0.61321],
							"pivot": [0, 0.76563, -1.84015],
							"rotation": [-15, 0, 0],
							"uv": {
								"north": {"uv": [16, 6], "uv_size": [0.5, 0.5]},
								"east": {"uv": [16, 7], "uv_size": [0.5, 0.5]},
								"south": {"uv": [8, 16], "uv_size": [0.5, 0.5]},
								"west": {"uv": [16, 8], "uv_size": [0.5, 0.5]},
								"up": {"uv": [9, 16], "uv_size": [0.5, 0.5]},
								"down": {"uv": [16, 9.5], "uv_size": [0.5, -0.5]}
							}
						},
						{
							"origin": [-0.24938, 0.14379, -2.71417],
							"size": [0.30669, 0.24286, 1.55366],
							"pivot": [0, 0.76563, -1.84015],
							"rotation": [-15.08561, -6.03623, 1.62363],
							"uv": {
								"north": {"uv": [10, 16], "uv_size": [0.5, 0.5]},
								"east": {"uv": [6, 9], "uv_size": [1.5, 0.5]},
								"south": {"uv": [16, 10], "uv_size": [0.5, 0.5]},
								"west": {"uv": [9, 8], "uv_size": [1.5, 0.5]},
								"up": {"uv": [9, 9], "uv_size": [0.5, 1.5]},
								"down": {"uv": [10, 1.5], "uv_size": [0.5, -1.5]}
							}
						},
						{
							"origin": [-0.05731, 1.1446, -2.71417],
							"size": [0.30669, 0.24286, 1.55366],
							"pivot": [0, 0.76563, -1.84015],
							"rotation": [15.08561, 6.03623, 46.62363],
							"uv": {
								"north": {"uv": [11, 16], "uv_size": [0.5, 0.5]},
								"east": {"uv": [2, 10], "uv_size": [1.5, 0.5]},
								"south": {"uv": [16, 11], "uv_size": [0.5, 0.5]},
								"west": {"uv": [10, 2], "uv_size": [1.5, 0.5]},
								"up": {"uv": [4, 10], "uv_size": [0.5, 1.5]},
								"down": {"uv": [5, 11.5], "uv_size": [0.5, -1.5]}
							}
						},
						{
							"origin": [-0.24938, 1.1446, -2.71417],
							"size": [0.30669, 0.24286, 1.55366],
							"pivot": [0, 0.76563, -1.84015],
							"rotation": [15.08561, -6.03623, 43.37637],
							"uv": {
								"north": {"uv": [12, 16], "uv_size": [0.5, 0.5]},
								"east": {"uv": [10, 5], "uv_size": [1.5, 0.5]},
								"south": {"uv": [16, 12], "uv_size": [0.5, 0.5]},
								"west": {"uv": [6, 10], "uv_size": [1.5, 0.5]},
								"up": {"uv": [10, 6], "uv_size": [0.5, 1.5]},
								"down": {"uv": [8, 11.5], "uv_size": [0.5, -1.5]}
							}
						},
						{
							"origin": [-0.05731, 0.14379, -2.71417],
							"size": [0.30669, 0.24286, 1.55366],
							"pivot": [0, 0.76563, -1.84015],
							"rotation": [-15.08561, 6.03623, 43.37637],
							"uv": {
								"north": {"uv": [13, 16], "uv_size": [0.5, 0.5]},
								"east": {"uv": [10, 9], "uv_size": [1.5, 0.5]},
								"south": {"uv": [16, 13], "uv_size": [0.5, 0.5]},
								"west": {"uv": [10, 10], "uv_size": [1.5, 0.5]},
								"up": {"uv": [0, 11], "uv_size": [0.5, 1.5]},
								"down": {"uv": [11, 1.5], "uv_size": [0.5, -1.5]}
							}
						},
						{
							"origin": [-0.01702, 0.14379, -1.77153],
							"size": [0.03405, 0.24286, 0.61321],
							"pivot": [0, 0.76563, -1.84015],
							"rotation": [-15, 0, 45],
							"uv": {
								"north": {"uv": [14, 16], "uv_size": [0.5, 0.5]},
								"east": {"uv": [16, 14], "uv_size": [0.5, 0.5]},
								"south": {"uv": [15, 16], "uv_size": [0.5, 0.5]},
								"west": {"uv": [16, 15], "uv_size": [0.5, 0.5]},
								"up": {"uv": [16, 16], "uv_size": [0.5, 0.5]},
								"down": {"uv": [0, 17.5], "uv_size": [0.5, -0.5]}
							}
						},
						{
							"origin": [-0.24938, 0.14379, -2.71417],
							"size": [0.30669, 0.24286, 1.55366],
							"pivot": [0, 0.76563, -1.84015],
							"rotation": [-15.08561, -6.03623, 46.62363],
							"uv": {
								"north": {"uv": [17, 0], "uv_size": [0.5, 0.5]},
								"east": {"uv": [1, 11], "uv_size": [1.5, 0.5]},
								"south": {"uv": [1, 17], "uv_size": [0.5, 0.5]},
								"west": {"uv": [11, 3], "uv_size": [1.5, 0.5]},
								"up": {"uv": [3, 11], "uv_size": [0.5, 1.5]},
								"down": {"uv": [6, 12.5], "uv_size": [0.5, -1.5]}
							}
						},
						{
							"origin": [-0.05731, 1.1446, -2.71417],
							"size": [0.30669, 0.24286, 1.55366],
							"pivot": [0, 0.76563, -1.84015],
							"rotation": [15.08561, 6.03623, 91.62363],
							"uv": {
								"north": {"uv": [17, 1], "uv_size": [0.5, 0.5]},
								"east": {"uv": [11, 4], "uv_size": [1.5, 0.5]},
								"south": {"uv": [2, 17], "uv_size": [0.5, 0.5]},
								"west": {"uv": [11, 6], "uv_size": [1.5, 0.5]},
								"up": {"uv": [7, 11], "uv_size": [0.5, 1.5]},
								"down": {"uv": [11, 8.5], "uv_size": [0.5, -1.5]}
							}
						},
						{
							"origin": [-0.24938, 1.1446, -2.71417],
							"size": [0.30669, 0.24286, 1.55366],
							"pivot": [0, 0.76563, -1.84015],
							"rotation": [15.08561, -6.03623, 88.37637],
							"uv": {
								"north": {"uv": [17, 2], "uv_size": [0.5, 0.5]},
								"east": {"uv": [9, 11], "uv_size": [1.5, 0.5]},
								"south": {"uv": [3, 17], "uv_size": [0.5, 0.5]},
								"west": {"uv": [11, 11], "uv_size": [1.5, 0.5]},
								"up": {"uv": [12, 0], "uv_size": [0.5, 1.5]},
								"down": {"uv": [1, 13.5], "uv_size": [0.5, -1.5]}
							}
						},
						{
							"origin": [-0.05731, 0.14379, -2.71417],
							"size": [0.30669, 0.24286, 1.55366],
							"pivot": [0, 0.76563, -1.84015],
							"rotation": [-15.08561, 6.03623, 88.37637],
							"uv": {
								"north": {"uv": [17, 3], "uv_size": [0.5, 0.5]},
								"east": {"uv": [12, 2], "uv_size": [1.5, 0.5]},
								"south": {"uv": [4, 17], "uv_size": [0.5, 0.5]},
								"west": {"uv": [4, 12], "uv_size": [1.5, 0.5]},
								"up": {"uv": [2, 12], "uv_size": [0.5, 1.5]},
								"down": {"uv": [12, 8.5], "uv_size": [0.5, -1.5]}
							}
						},
						{
							"origin": [-0.01702, 0.14379, -1.77153],
							"size": [0.03405, 0.24286, 0.61321],
							"pivot": [0, 0.76563, -1.84015],
							"rotation": [-15, 0, 90],
							"uv": {
								"north": {"uv": [17, 4], "uv_size": [0.5, 0.5]},
								"east": {"uv": [5, 17], "uv_size": [0.5, 0.5]},
								"south": {"uv": [17, 5], "uv_size": [0.5, 0.5]},
								"west": {"uv": [6, 17], "uv_size": [0.5, 0.5]},
								"up": {"uv": [17, 6], "uv_size": [0.5, 0.5]},
								"down": {"uv": [7, 17.5], "uv_size": [0.5, -0.5]}
							}
						},
						{
							"origin": [-0.24938, 0.14379, -2.71417],
							"size": [0.30669, 0.24286, 1.55366],
							"pivot": [0, 0.76563, -1.84015],
							"rotation": [-15.08561, -6.03623, 91.62363],
							"uv": {
								"north": {"uv": [17, 7], "uv_size": [0.5, 0.5]},
								"east": {"uv": [12, 5], "uv_size": [1.5, 0.5]},
								"south": {"uv": [8, 17], "uv_size": [0.5, 0.5]},
								"west": {"uv": [8, 12], "uv_size": [1.5, 0.5]},
								"up": {"uv": [12, 9], "uv_size": [0.5, 1.5]},
								"down": {"uv": [10, 13.5], "uv_size": [0.5, -1.5]}
							}
						},
						{
							"origin": [-0.05731, 1.1446, -2.71417],
							"size": [0.30669, 0.24286, 1.55366],
							"pivot": [0, 0.76563, -1.84015],
							"rotation": [15.08561, 6.03623, 136.62363],
							"uv": {
								"north": {"uv": [17, 8], "uv_size": [0.5, 0.5]},
								"east": {"uv": [11, 12], "uv_size": [1.5, 0.5]},
								"south": {"uv": [9, 17], "uv_size": [0.5, 0.5]},
								"west": {"uv": [13, 0], "uv_size": [1.5, 0.5]},
								"up": {"uv": [0, 13], "uv_size": [0.5, 1.5]},
								"down": {"uv": [3, 14.5], "uv_size": [0.5, -1.5]}
							}
						},
						{
							"origin": [-0.24938, 1.1446, -2.71417],
							"size": [0.30669, 0.24286, 1.55366],
							"pivot": [0, 0.76563, -1.84015],
							"rotation": [15.08561, -6.03623, 133.37637],
							"uv": {
								"north": {"uv": [17, 9], "uv_size": [0.5, 0.5]},
								"east": {"uv": [13, 1], "uv_size": [1.5, 0.5]},
								"south": {"uv": [10, 17], "uv_size": [0.5, 0.5]},
								"west": {"uv": [13, 3], "uv_size": [1.5, 0.5]},
								"up": {"uv": [4, 13], "uv_size": [0.5, 1.5]},
								"down": {"uv": [5, 14.5], "uv_size": [0.5, -1.5]}
							}
						},
						{
							"origin": [-0.05731, 0.14379, -2.71417],
							"size": [0.30669, 0.24286, 1.55366],
							"pivot": [0, 0.76563, -1.84015],
							"rotation": [-15.08561, 6.03623, 133.37637],
							"uv": {
								"north": {"uv": [17, 10], "uv_size": [0.5, 0.5]},
								"east": {"uv": [13, 4], "uv_size": [1.5, 0.5]},
								"south": {"uv": [11, 17], "uv_size": [0.5, 0.5]},
								"west": {"uv": [6, 13], "uv_size": [1.5, 0.5]},
								"up": {"uv": [13, 6], "uv_size": [0.5, 1.5]},
								"down": {"uv": [8, 14.5], "uv_size": [0.5, -1.5]}
							}
						},
						{
							"origin": [-0.01702, 0.14379, -1.77153],
							"size": [0.03405, 0.24286, 0.61321],
							"pivot": [0, 0.76563, -1.84015],
							"rotation": [-15, 0, 135],
							"uv": {
								"north": {"uv": [17, 11], "uv_size": [0.5, 0.5]},
								"east": {"uv": [12, 17], "uv_size": [0.5, 0.5]},
								"south": {"uv": [17, 12], "uv_size": [0.5, 0.5]},
								"west": {"uv": [13, 17], "uv_size": [0.5, 0.5]},
								"up": {"uv": [17, 13], "uv_size": [0.5, 0.5]},
								"down": {"uv": [14, 17.5], "uv_size": [0.5, -0.5]}
							}
						},
						{
							"origin": [-0.24938, 0.14379, -2.71417],
							"size": [0.30669, 0.24286, 1.55366],
							"pivot": [0, 0.76563, -1.84015],
							"rotation": [-15.08561, -6.03623, 136.62363],
							"uv": {
								"north": {"uv": [17, 14], "uv_size": [0.5, 0.5]},
								"east": {"uv": [13, 8], "uv_size": [1.5, 0.5]},
								"south": {"uv": [15, 17], "uv_size": [0.5, 0.5]},
								"west": {"uv": [13, 9], "uv_size": [1.5, 0.5]},
								"up": {"uv": [9, 13], "uv_size": [0.5, 1.5]},
								"down": {"uv": [13, 11.5], "uv_size": [0.5, -1.5]}
							}
						},
						{
							"origin": [-0.05731, 1.1446, -2.71417],
							"size": [0.30669, 0.24286, 1.55366],
							"pivot": [0, 0.76563, -1.84015],
							"rotation": [15.08561, 6.03623, 1.62363],
							"uv": {
								"north": {"uv": [17, 15], "uv_size": [0.5, 0.5]},
								"east": {"uv": [11, 13], "uv_size": [1.5, 0.5]},
								"south": {"uv": [16, 17], "uv_size": [0.5, 0.5]},
								"west": {"uv": [13, 12], "uv_size": [1.5, 0.5]},
								"up": {"uv": [13, 13], "uv_size": [0.5, 1.5]},
								"down": {"uv": [1, 15.5], "uv_size": [0.5, -1.5]}
							}
						},
						{
							"origin": [-0.01702, 1.1446, -1.77153],
							"size": [0.03405, 0.24286, 0.61321],
							"pivot": [0, 0.76563, -1.84015],
							"rotation": [15, 0, 0],
							"uv": {
								"north": {"uv": [17, 16], "uv_size": [0.5, 0.5]},
								"east": {"uv": [17, 17], "uv_size": [0.5, 0.5]},
								"south": {"uv": [0, 18], "uv_size": [0.5, 0.5]},
								"west": {"uv": [18, 0], "uv_size": [0.5, 0.5]},
								"up": {"uv": [1, 18], "uv_size": [0.5, 0.5]},
								"down": {"uv": [18, 1.5], "uv_size": [0.5, -0.5]}
							}
						},
						{
							"origin": [-0.31822, -0.00261, -1.37426],
							"size": [0.63643, 1.53648, 2.68125],
							"pivot": [0, 0.76563, 1.92277],
							"rotation": [0, 0, 45],
							"uv": {
								"north": {"uv": [2, 14], "uv_size": [0.5, 1.5]},
								"east": {"uv": [4, 4], "uv_size": [2.5, 1.5]},
								"south": {"uv": [14, 5], "uv_size": [0.5, 1.5]},
								"west": {"uv": [0, 6], "uv_size": [2.5, 1.5]},
								"up": {"uv": [4, 7], "uv_size": [0.5, 2.5]},
								"down": {"uv": [5, 9.5], "uv_size": [0.5, -2.5]}
							}
						},
						{
							"origin": [-0.36876, 0.61288, -2.86654],
							"size": [0.73751, 0.30549, 1.54472],
							"uv": {
								"north": {"uv": [2, 18], "uv_size": [0.5, 0.5]},
								"east": {"uv": [14, 2], "uv_size": [1.5, 0.5]},
								"south": {"uv": [18, 2], "uv_size": [0.5, 0.5]},
								"west": {"uv": [6, 14], "uv_size": [1.5, 0.5]},
								"up": {"uv": [10, 14], "uv_size": [0.5, 1.5]},
								"down": {"uv": [14, 11.5], "uv_size": [0.5, -1.5]}
							}
						},
						{
							"origin": [-0.36876, 0.61288, -2.86654],
							"size": [0.73751, 0.30549, 1.54472],
							"pivot": [0, 0.76563, 0.26076],
							"rotation": [0, 0, 45],
							"uv": {
								"north": {"uv": [3, 18], "uv_size": [0.5, 0.5]},
								"east": {"uv": [14, 7], "uv_size": [1.5, 0.5]},
								"south": {"uv": [18, 3], "uv_size": [0.5, 0.5]},
								"west": {"uv": [11, 14], "uv_size": [1.5, 0.5]},
								"up": {"uv": [14, 13], "uv_size": [0.5, 1.5]},
								"down": {"uv": [0, 16.5], "uv_size": [0.5, -1.5]}
							}
						},
						{
							"origin": [-0.15274, 0.39686, -2.86654],
							"size": [0.30549, 0.73751, 1.54472],
							"uv": {
								"north": {"uv": [4, 18], "uv_size": [0.5, 0.5]},
								"east": {"uv": [15, 0], "uv_size": [1.5, 0.5]},
								"south": {"uv": [18, 4], "uv_size": [0.5, 0.5]},
								"west": {"uv": [15, 1], "uv_size": [1.5, 0.5]},
								"up": {"uv": [3, 15], "uv_size": [0.5, 1.5]},
								"down": {"uv": [15, 4.5], "uv_size": [0.5, -1.5]}
							}
						},
						{
							"origin": [-0.15274, 0.39686, -2.86654],
							"size": [0.30549, 0.73751, 1.54472],
							"pivot": [0, 0.76563, 0.26076],
							"rotation": [0, 0, 45],
							"uv": {
								"north": {"uv": [5, 18], "uv_size": [0.5, 0.5]},
								"east": {"uv": [4, 15], "uv_size": [1.5, 0.5]},
								"south": {"uv": [18, 5], "uv_size": [0.5, 0.5]},
								"west": {"uv": [15, 5], "uv_size": [1.5, 0.5]},
								"up": {"uv": [6, 15], "uv_size": [0.5, 1.5]},
								"down": {"uv": [7, 16.5], "uv_size": [0.5, -1.5]}
							}
						}
					]
				},
				{
					"name": "positioning",
					"pivot": [-3.025, -8.95, -11.225]
				},
				{
					"name": "ground",
					"parent": "positioning",
					"pivot": [0, 0, 0]
				},
				{
					"name": "fixed",
					"parent": "positioning",
					"pivot": [0, 0.5, 0],
					"rotation": [0, -90, 0]
				},
				{
					"name": "thirdperson_hand",
					"parent": "positioning",
					"pivot": [-0.025, 0.55, -0.225]
				}
			]
		}
	]
}