{
	"format_version": "1.12.0",
	"minecraft:geometry": [
		{
			"description": {
				"identifier": "geometry.unknown",
				"texture_width": 32,
				"texture_height": 32,
				"visible_bounds_width": 2,
				"visible_bounds_height": 2,
				"visible_bounds_offset": [0, 0, 0]
			},
			"bones": [
				{
					"name": "bb_main",
					"pivot": [0, 0, 0],
					"cubes": [
						{
							"origin": [-0.8125, -1.08655, -9.76562],
							"size": [0.25, 0.25, 1],
							"inflate": 0.0005,
							"pivot": [-0.75, -0.89905, -9.75],
							"rotation": [0, 0, 45],
							"uv": {
								"north": {"uv": [30.5, 12], "uv_size": [-0.5, 0.5]}
							}
						},
						{
							"origin": [-0.8125, -1.08655, -0.98437],
							"size": [0.25, 0.25, 1],
							"inflate": 0.0005,
							"pivot": [-0.75, -0.89905, -1],
							"rotation": [0, 0, 45],
							"uv": {
								"south": {"uv": [30, 10], "uv_size": [0.5, 0.5]}
							}
						},
						{
							"origin": [0.5625, -1.08655, -0.98437],
							"size": [0.25, 0.25, 1],
							"inflate": 0.0005,
							"pivot": [0.75, -0.89905, -1],
							"rotation": [0, 0, -45],
							"uv": {
								"south": {"uv": [30.5, 10], "uv_size": [-0.5, 0.5]}
							}
						},
						{
							"origin": [0.5625, -1.08655, -9.76562],
							"size": [0.25, 0.25, 1],
							"inflate": 0.0005,
							"pivot": [0.75, -0.89905, -9.75],
							"rotation": [0, 0, -45],
							"uv": {
								"north": {"uv": [30, 12], "uv_size": [0.5, 0.5]}
							}
						}
					]
				},
				{
					"name": "suppressor",
					"pivot": [0, 0, 0],
					"cubes": [
						{
							"origin": [-0.9375, -2.3125, -9.75],
							"size": [1.875, 1.875, 0.4375],
							"uv": {
								"north": {"uv": [20, 18], "uv_size": [2, 2]},
								"up": {"uv": [17, 10], "uv_size": [2, 0.5]},
								"down": {"uv": [6, 23.5], "uv_size": [2, -0.5]}
							}
						},
						{
							"origin": [-0.9375, -2.75, -9.3125],
							"size": [1.875, 2.3125, 9.3125],
							"inflate": 0.0002,
							"uv": {
								"north": {"uv": [14, 18], "uv_size": [2, 2.5]},
								"south": {"uv": [17, 18], "uv_size": [2, 2.5]},
								"up": {"uv": [0, 8], "uv_size": [2, 9.5]},
								"down": {"uv": [3, 17.5], "uv_size": [2, -9.5]}
							}
						},
						{
							"origin": [0.4375, -0.5, -9.75],
							"size": [0.5, 1, 9.75],
							"inflate": 0.0003,
							"uv": {
								"north": {"uv": [24, 23], "uv_size": [0.5, 1]},
								"east": {"uv": [6, 8], "uv_size": [10, 1]},
								"south": {"uv": [6, 25], "uv_size": [0.5, 1]},
								"west": {"uv": [6, 10], "uv_size": [10, 1]},
								"up": {"uv": [0.5, 9.75], "uv_size": [-0.5, -9.75]},
								"down": {"uv": [0.5, 9.75], "uv_size": [-0.5, -9.75]}
							}
						},
						{
							"origin": [-0.9375, -0.5, -9.75],
							"size": [0.5, 1, 9.75],
							"inflate": 0.0003,
							"uv": {
								"north": {"uv": [8, 25], "uv_size": [0.5, 1]},
								"east": {"uv": [11, 0], "uv_size": [9.75, 1]},
								"south": {"uv": [10, 25], "uv_size": [0.5, 1]},
								"west": {"uv": [11, 2], "uv_size": [10, 1]}
							}
						},
						{
							"origin": [0.9375, -2.3125, -9.3125],
							"size": [0.4375, 2.375, 9.3125],
							"inflate": 0.0001,
							"uv": {
								"south": {"uv": [4, 19], "uv_size": [0.5, 2.5]},
								"west": {"uv": [0, 0], "uv_size": [9.5, 2.5]}
							}
						},
						{
							"origin": [-1.375, -2.3125, -9.3125],
							"size": [0.4375, 2.375, 9.3125],
							"inflate": 0.0001,
							"uv": {
								"east": {"uv": [0, 4], "uv_size": [9.5, 2.5]},
								"south": {"uv": [21, 10], "uv_size": [0.5, 2.5]}
							}
						},
						{
							"origin": [-0.26701, 0.4375, -9.75],
							"size": [0.5, 0.25, 9.75],
							"inflate": 0.0001,
							"pivot": [0, 0, -3.875],
							"rotation": [0, 0, 45],
							"uv": {
								"north": {"uv": [14, 28], "uv_size": [0.5, 0.5]},
								"south": {"uv": [16, 28], "uv_size": [0.5, 0.5]},
								"down": {"uv": [12, 28], "uv_size": [0.5, -10]}
							}
						},
						{
							"origin": [-0.23299, 0.4375, -9.75],
							"size": [0.5, 0.25, 9.75],
							"inflate": 0.0001,
							"pivot": [0, 0, -3.875],
							"rotation": [0, 0, -45],
							"uv": {
								"north": {"uv": [28, 6], "uv_size": [0.5, 0.5]},
								"south": {"uv": [28, 8], "uv_size": [0.5, 0.5]},
								"down": {"uv": [10, 24], "uv_size": [0.5, -10]}
							}
						},
						{
							"origin": [-0.5625, 0.5, -9.75],
							"size": [1.125, 0.37499, 9.75],
							"inflate": 0.0002,
							"uv": {
								"north": {"uv": [25, 14], "uv_size": [1, 0.5]},
								"south": {"uv": [25, 16], "uv_size": [1, 0.5]},
								"up": {"uv": [6, 12], "uv_size": [1, 10]},
								"down": {"uv": [8, 22], "uv_size": [1, -10]}
							}
						},
						{
							"origin": [0.40089, -0.32139, -9.75],
							"size": [0.25, 0.5, 9.75],
							"inflate": 0.0001,
							"pivot": [0.08839, -0.08839, -3.875],
							"rotation": [0, 0, 45],
							"uv": {
								"north": {"uv": [28, 10], "uv_size": [0.5, 0.5]},
								"east": {"uv": [12, 14], "uv_size": [10, 0.5]},
								"south": {"uv": [28, 12], "uv_size": [0.5, 0.5]}
							}
						},
						{
							"origin": [-0.65089, -0.32139, -9.75],
							"size": [0.25, 0.5, 9.75],
							"inflate": 0.0001,
							"pivot": [-0.08839, -0.08839, -3.875],
							"rotation": [0, 0, -45],
							"uv": {
								"north": {"uv": [18, 28], "uv_size": [0.5, 0.5]},
								"south": {"uv": [28, 20], "uv_size": [0.5, 0.5]},
								"west": {"uv": [17, 8], "uv_size": [10, 0.5]}
							}
						},
						{
							"origin": [0.17157, -1.9375, -9.3125],
							"size": [0.37499, 1.14904, 9.3125],
							"pivot": [-1.45343, 0.0625, -7.875],
							"rotation": [0, 0, -45],
							"uv": {
								"south": {"uv": [20, 25], "uv_size": [0.5, 1]},
								"west": {"uv": [11, 4], "uv_size": [9.5, 1]}
							}
						},
						{
							"origin": [0.10907, -1.31878, -9.75],
							"size": [0.4375, 0.53033, 0.4375],
							"pivot": [-1.45343, 0.0625, -9],
							"rotation": [0, 0, -45],
							"uv": {
								"north": {"uv": [28, 22], "uv_size": [0.5, 0.5]},
								"west": {"uv": [26, 28], "uv_size": [0.5, 0.5]}
							}
						},
						{
							"origin": [0.36545, -4.13124, -9.3125],
							"size": [0.61872, 0.53018, 9.3125],
							"pivot": [-1.01583, -2.7501, -8.1251],
							"rotation": [0, 0, -45],
							"uv": {
								"north": {"uv": [8, 29], "uv_size": [0.5, 0.5]},
								"south": {"uv": [10, 29], "uv_size": [0.5, 0.5]},
								"down": {"uv": [2, 28.5], "uv_size": [0.5, -9.5]}
							}
						},
						{
							"origin": [-0.54657, -1.9375, -9.3125],
							"size": [0.37499, 1.14904, 9.3125],
							"pivot": [1.45343, 0.0625, -7.875],
							"rotation": [0, 0, 45],
							"uv": {
								"east": {"uv": [11, 6], "uv_size": [9.5, 1]},
								"south": {"uv": [24, 25], "uv_size": [0.5, 1]}
							}
						},
						{
							"origin": [-1.88142, -2.3126, -9.20895],
							"size": [0.37514, 2.3752, 0.61872],
							"pivot": [-0.75628, -1.9374, -8.34023],
							"rotation": [0, -45, 0],
							"uv": {
								"east": {"uv": [22, 0], "uv_size": [0.5, 2.5]},
								"up": {"uv": [28, 26], "uv_size": [0.5, 0.5]},
								"down": {"uv": [28, 28.5], "uv_size": [0.5, -0.5]}
							}
						},
						{
							"origin": [1.50628, -2.3126, -9.20895],
							"size": [0.37514, 2.3752, 0.61872],
							"pivot": [0.75628, -1.9374, -8.34023],
							"rotation": [0, 45, 0],
							"uv": {
								"west": {"uv": [4, 23], "uv_size": [0.5, 2.5]},
								"up": {"uv": [29, 0], "uv_size": [0.5, 0.5]},
								"down": {"uv": [29, 2.5], "uv_size": [0.5, -0.5]}
							}
						},
						{
							"origin": [-0.98417, -4.13124, -9.3125],
							"size": [0.61872, 0.53018, 9.3125],
							"pivot": [1.01583, -2.7501, -8.1251],
							"rotation": [0, 0, 45],
							"uv": {
								"north": {"uv": [4, 29], "uv_size": [0.5, 0.5]},
								"south": {"uv": [6, 29], "uv_size": [0.5, 0.5]},
								"down": {"uv": [0, 28.5], "uv_size": [0.5, -9.5]}
							}
						},
						{
							"origin": [-0.54657, -1.31878, -9.75],
							"size": [0.4375, 0.53033, 0.4375],
							"pivot": [1.45343, 0.0625, -9],
							"rotation": [0, 0, 45],
							"uv": {
								"north": {"uv": [12, 29], "uv_size": [0.5, 0.5]},
								"east": {"uv": [29, 14], "uv_size": [0.5, 0.5]}
							}
						},
						{
							"origin": [0.93471, 0.06508, -9.74768],
							"size": [0.75771, 0.43764, 0.375],
							"inflate": 0.0001,
							"pivot": [0.93471, 0.50258, -9.74448],
							"rotation": [0, -35, 45],
							"uv": {
								"north": {"uv": [14, 26], "uv_size": [1, 0.5]},
								"up": {"uv": [18, 26], "uv_size": [1, 0.5]}
							}
						},
						{
							"origin": [-1.69242, 0.06508, -9.74768],
							"size": [0.75771, 0.43764, 0.375],
							"inflate": 0.0001,
							"pivot": [-0.93471, 0.50258, -9.74448],
							"rotation": [0, 35, -45],
							"uv": {
								"north": {"uv": [26, 4], "uv_size": [1, 0.5]},
								"up": {"uv": [26, 10], "uv_size": [1, 0.5]}
							}
						},
						{
							"origin": [-0.30936, -2.60889, -10.2813],
							"size": [0.61872, 0.53018, 1.875],
							"pivot": [0, -2.3438, -9.3438],
							"rotation": [-90, 45, -90],
							"uv": {
								"south": {"uv": [16, 30], "uv_size": [0.5, 0.5]},
								"down": {"uv": [23, 19], "uv_size": [0.5, -2]}
							}
						},
						{
							"origin": [-0.30936, -2.60889, -10.2813],
							"size": [0.61872, 0.53018, 1.875],
							"pivot": [0, -2.3438, -9.3438],
							"rotation": [-90, -45, 90],
							"uv": {
								"south": {"uv": [18, 30], "uv_size": [0.5, 0.5]},
								"down": {"uv": [24, 22], "uv_size": [0.5, -2]}
							}
						}
					]
				}
			]
		}
	]
}