{
	"format_version": "1.8.0",
	"animations": {
		"reload_empty": {
			"animation_length": 2.6528,
			"bones": {
				"righthand": {
					"rotation": {
						"0.0": [93.94813, 362.17452, -175.99563],
						"0.4": [92.97989, 366.57425, -182.49418],
						"1.56": [92.98, 366.57, -182.49],
						"1.68": [94.32451, 369.79579, -170.1408],
						"1.8": [94.32451, 369.79579, -170.1408],
						"1.84": [104.80877, 372.73687, -171.79572],
						"1.92": [100.37878, 376.52813, -189.19617],
						"2.04": [93.94813, 362.17452, -175.99563]
					},
					"position": {
						"0.0": [-7, -13.08, 2.52],
						"0.2": [-7, -13.08, 2.52],
						"0.28": [-8.02, -13.08, 2.2],
						"1.56": [-8.02, -13.08, 2.2],
						"1.68": [-7.04, -13.08, 2.2],
						"1.8": [-7.04, -13.08, 2.2],
						"1.84": [-6.82, -12.76, 2.2],
						"1.92": [-6.62, -12.4, 2.84],
						"2.04": [-7, -13.08, 2.52]
					},
					"scale": [1, 1.5, 1]
				},
				"lefthand": {
					"rotation": {
						"0.0": [103.70198, -16.68321, 164.77774],
						"0.28": [90.26619, -6.80072, 156.96194],
						"0.56": [84.12, -6.8, 154.5],
						"0.76": [107.7813, -4.20557, 146.62605],
						"0.88": [126.13, -6.8, 151.3],
						"1.12": [93.14161, -10.0144, 153.39027],
						"1.24": [93.14161, -10.0144, 153.39027],
						"1.48": [93.14161, -10.0144, 153.39027],
						"1.56": [93.14161, -10.0144, 153.39027],
						"1.68": [93.14161, -10.0144, 153.39027],
						"1.92": [103.70198, -16.68321, 164.77774]
					},
					"position": {
						"0.0": [7.75, -14.26, 1.63],
						"0.28": [7.16, -15.54, 3.46],
						"0.96": [7.16, -15.54, 3.46],
						"1.12": [7.08, -15.78, 3.46],
						"1.24": [7.08, -15.78, 3.46],
						"1.48": [7.08, -15.78, 3.46],
						"1.56": [7.08, -15.78, 3.46],
						"1.68": [7.08, -15.78, 3.46],
						"1.92": [7.75, -14.26, 1.63]
					},
					"scale": [1, 1.5, 1]
				},
				"root": {
					"rotation": {
						"0.0": {
							"post": [0, 0, 0],
							"lerp_mode": "catmullrom"
						},
						"0.12": {
							"post": [-0.76, 1.52, -5.9375],
							"lerp_mode": "catmullrom"
						},
						"0.24": {
							"post": [1.1669, 4.33725, 8.51373],
							"lerp_mode": "catmullrom"
						},
						"0.32": [-6.11, 0.6375, 6.55],
						"0.48": {
							"pre": [-13.95424, -28.49202, -11.84756],
							"post": [-13.95424, -28.49202, -11.84756],
							"lerp_mode": "catmullrom"
						},
						"0.64": [-7.76964, -33.05274, -20.93036],
						"0.76": [-7.8148, -32.93837, -24.13927],
						"0.88": {
							"pre": [-16.06299, -27.48798, -36.98798],
							"post": [-16.06299, -27.48798, -36.98798],
							"lerp_mode": "catmullrom"
						},
						"0.96": {
							"post": [-8.37368, -24.82513, -52.68992],
							"lerp_mode": "catmullrom"
						},
						"1.04": {
							"post": [-9.23446, -26.64299, -40.05274],
							"lerp_mode": "catmullrom"
						},
						"1.2": {
							"post": [-12.34561, -26.87523, -36.69818],
							"lerp_mode": "catmullrom"
						},
						"1.36": {
							"post": [-11.99511, -28.88792, -43.59115],
							"lerp_mode": "catmullrom"
						},
						"1.44": {
							"post": [-5.71, -29.03, -36.88],
							"lerp_mode": "catmullrom"
						},
						"1.52": {
							"post": [-11.29432, -30.53745, -50.58355],
							"lerp_mode": "catmullrom"
						},
						"1.64": [-11.99511, -28.88792, -39.09115],
						"1.8": [-13.83287, 3.37591, 24.28695],
						"1.92": [-13.83287, 3.37591, 29.84695],
						"1.96": {
							"pre": [-8.14397, 2.27603, 37.66202],
							"post": [-8.14397, 2.27603, 37.66202],
							"lerp_mode": "catmullrom"
						},
						"2.12": {
							"post": [-14.96032, 4.75119, 28.63672],
							"lerp_mode": "catmullrom"
						},
						"2.28": {
							"post": [-4.75, -2.5, 3.25],
							"lerp_mode": "catmullrom"
						},
						"2.4": {
							"post": [0, 0, 0],
							"lerp_mode": "catmullrom"
						},
						"2.52": {
							"post": [0, 0, 0],
							"lerp_mode": "catmullrom"
						}
					},
					"position": {
						"0.0": {
							"post": [0, 0, 0],
							"lerp_mode": "catmullrom"
						},
						"0.12": {
							"post": [0.12, 0, 0],
							"lerp_mode": "catmullrom"
						},
						"0.28": {
							"post": [0.36, -0.72, 0.13],
							"lerp_mode": "catmullrom"
						},
						"0.4": {
							"post": [0.24, 0.31, 0.72],
							"lerp_mode": "catmullrom"
						},
						"0.52": [1.53, 3.96, 1.89],
						"0.64": [1.74, 4.12, 2.07],
						"0.76": {
							"pre": [1.74, 4.73, 1.57],
							"post": [1.74, 4.73, 1.57],
							"lerp_mode": "catmullrom"
						},
						"0.88": {
							"post": [2.16, 3.84, -0.0925],
							"lerp_mode": "catmullrom"
						},
						"1.0": {
							"post": [1.48, 4.06, 0.1375],
							"lerp_mode": "catmullrom"
						},
						"1.12": {
							"post": [1.78, 4, 1.5875],
							"lerp_mode": "catmullrom"
						},
						"1.24": [1.64, 4.36, 1.6425],
						"1.36": [1.54, 4.37, 1.5675],
						"1.48": {
							"pre": [1.58, 2.74, 1.5275],
							"post": [1.58, 2.74, 1.5275],
							"lerp_mode": "catmullrom"
						},
						"1.6": {
							"post": [1.54, 3.61, 1.5675],
							"lerp_mode": "catmullrom"
						},
						"1.76": {
							"post": [0.02, 1.24, 2.19],
							"lerp_mode": "catmullrom"
						},
						"1.92": [0.46, 1.39, 1.66],
						"2.04": [0.46, 1.39, 1.4725],
						"2.16": {
							"pre": [0.12, -0.2825, 0.2225],
							"post": [0.12, -0.2825, 0.2225],
							"lerp_mode": "catmullrom"
						},
						"2.32": {
							"post": [-0.075, -0.12, -0.15],
							"lerp_mode": "catmullrom"
						},
						"2.48": {
							"post": [0.01, 0, -0.005],
							"lerp_mode": "catmullrom"
						},
						"2.6": [0, 0, 0]
					}
				},
				"mag_and_lefthand": {
					"rotation": {
						"0.0": [0, 0, 0],
						"0.08": [0.59, 0, 0],
						"0.4": [6.5, 0, 0],
						"0.52": [12.31507, 3.10424, -2.11802],
						"0.64": [13.35641, 5.86359, 1.91393],
						"0.76": [13.36, 4.94, 3.15],
						"0.88": {
							"pre": [-21.55426, 0.95623, -22.11624],
							"post": [-21.55426, 0.95623, -22.11624],
							"lerp_mode": "catmullrom"
						},
						"1.04": {
							"post": [-5.09798, -5.30136, 11.61071],
							"lerp_mode": "catmullrom"
						},
						"1.28": [-3.88104, -0.65625, 2.66754],
						"1.44": [0, 0, 0]
					},
					"position": {
						"0.0": [0, 0, 0],
						"0.08": [0.87, -2.96, 0.12],
						"0.4": [9.54, -32.6, 1.36],
						"0.52": {
							"pre": [1.27, -11.34, -0.58],
							"post": [1.27, -11.34, -0.58],
							"lerp_mode": "catmullrom"
						},
						"0.64": {
							"post": [0.2, -3.2, -0.98],
							"lerp_mode": "catmullrom"
						},
						"0.76": {
							"post": [0.2, -3.2, -0.98],
							"lerp_mode": "catmullrom"
						},
						"0.88": {
							"post": [4.98, -6.0425, -4.48],
							"lerp_mode": "catmullrom"
						},
						"1.0": {
							"post": [5.96219, -2.05753, -4.67568],
							"lerp_mode": "catmullrom"
						},
						"1.16": {
							"post": [-2.5875, -10.15, -0.36],
							"lerp_mode": "catmullrom"
						},
						"1.28": [-0.07, -4.96, 1.66],
						"1.44": [-0.07, -4.96, 2.16],
						"1.52": [0, 0, 0]
					}
				},
				"magazine": {
					"scale": {
						"0.0": [0, 0, 0],
						"0.52": [1, 1, 1]
					}
				},
				"additional_magazine": {
					"rotation": {
						"0.72": [0, 0, 0],
						"0.76": [-10.63, 0.36, -2.1],
						"0.8": [-21.8, 0.54, -5.02],
						"0.84": [-32.96103, 0.72493, -7.93767],
						"0.88": [-49.9, -12.71, -24.32],
						"0.92": [-57.64, -30.6, -40.66],
						"0.96": [-67.96, -47.55, -33.62],
						"1.0": [-94.52, -62.2, -43.25],
						"1.04": [-109.81, -70.45, -48.66],
						"1.08": [-125.81, -79.02, -54.25],
						"1.12": [-158.11, -96.15, -65.41],
						"1.16": [-173.47, -104.26, -70.69],
						"1.2": [-187.67, -111.75, -75.56],
						"1.24": [-210.73, -123.94, -83.5],
						"1.28": [-218.65, -128.18, -86.27]
					},
					"position": {
						"0.64": [0, 0, 0],
						"0.68": [-0.04, -2.25, 0.59],
						"0.72": [-0.09, -4.5, 1.18],
						"0.76": [0.14, -4.47, 1.3],
						"0.8": [0.06, -5.93, 0.69],
						"0.84": [0.52, -7.18, 0.81],
						"0.88": [1.46229, -7.06924, -0.37829],
						"0.92": [2.69281, -6.61061, -3.31356],
						"0.96": [4.53247, -5.96401, -5.49601],
						"1.0": [7.5847, -6.39542, -14.53665],
						"1.04": [8.33316, -8.54369, -19.94902],
						"1.08": [8.65412, -12.1293, -24.41989],
						"1.12": [7.8623, -23.8302, -27.69084],
						"1.16": [5.3041, -30.03263, -25.82622],
						"1.2": [2.49213, -37.01332, -23.47234],
						"1.24": [5.40004, -57.32033, -19.68804],
						"1.28": [4.09, -65.97, -18.92],
						"1.32": [3.84, -75.71, -18.48],
						"1.36": [3.35, -95.19, -17.59],
						"1.4": [3.11, -104.93, -17.15],
						"1.44": [2.86, -114.66, -16.71],
						"1.48": [2.37, -134.14, -15.83],
						"1.52": [2.13, -143.88, -15.39],
						"1.56": [1.64, -163.36, -14.5],
						"1.6": [1.39, -173.1, -14.06],
						"1.64": [3.55, -169.78, -10.7]
					}
				},
				"bullet_in_mag2": {
					"scale": 0
				},
				"slide": {
					"position": {
						"0.0": [0, 0, 2.25],
						"1.92": {
							"pre": [0, 0, 2.25],
							"post": [0, 0, 2.25],
							"lerp_mode": "catmullrom"
						},
						"1.96": {
							"post": [0, 0, 0],
							"lerp_mode": "catmullrom"
						}
					}
				},
				"camera": {
					"rotation": {
						"0.0": {
							"post": [0, 0, 0],
							"lerp_mode": "catmullrom"
						},
						"0.16": {
							"post": [0.5, 0, -0.75],
							"lerp_mode": "catmullrom"
						},
						"0.32": {
							"post": [-1.5, 0, 0.25],
							"lerp_mode": "catmullrom"
						},
						"0.48": {
							"post": [-0.755, 0, 0],
							"lerp_mode": "catmullrom"
						},
						"0.64": {
							"post": [-0.75, 0, 0.01],
							"lerp_mode": "catmullrom"
						},
						"0.76": {
							"post": [0.79, -0.5, 0.75],
							"lerp_mode": "catmullrom"
						},
						"0.88": {
							"post": [-0.25, 0, 0],
							"lerp_mode": "catmullrom"
						},
						"1.12": {
							"post": [-0.5, 0.25, -0.25],
							"lerp_mode": "catmullrom"
						},
						"1.32": {
							"post": [0, 0, 0],
							"lerp_mode": "catmullrom"
						},
						"1.44": {
							"post": [1.75, -0.25, 0.75],
							"lerp_mode": "catmullrom"
						},
						"1.64": {
							"post": [0.5, 0, -0.25],
							"lerp_mode": "catmullrom"
						},
						"1.8": {
							"post": [0.25, 0.125, -0.5],
							"lerp_mode": "catmullrom"
						},
						"1.92": {
							"post": [0.5, 0, 0],
							"lerp_mode": "catmullrom"
						},
						"2.04": {
							"post": [2, -0.5, 0.75],
							"lerp_mode": "catmullrom"
						},
						"2.16": {
							"post": [0.43, 0, -0.25],
							"lerp_mode": "catmullrom"
						},
						"2.36": {
							"post": [0, 0, 0.125],
							"lerp_mode": "catmullrom"
						},
						"2.52": {
							"post": [0.125, 0, 0],
							"lerp_mode": "catmullrom"
						},
						"2.64": {
							"post": [0, 0, 0],
							"lerp_mode": "catmullrom"
						}
					}
				}
			}
		},
		"reload_tactical": {
			"animation_length": 2.1046,
			"bones": {
				"righthand": {
					"rotation": {
						"0.0": [93.94813, 362.17452, -175.99563],
						"0.24": [93.94813, 362.17452, -175.99563],
						"1.48": [92.98, 366.57, -182.49],
						"1.68": [93.94813, 362.17452, -175.99563]
					},
					"position": {
						"0.0": [-7, -13.08, 2.52],
						"0.24": [-7, -13.08, 2.52],
						"0.32": [-8.02, -13.08, 2.2],
						"1.44": [-8.02, -13.08, 2.2],
						"1.52": [-7, -13.08, 2.52]
					},
					"scale": [1, 1.5, 1]
				},
				"lefthand": {
					"rotation": {
						"0.0": [103.70198, -16.68321, 164.77774],
						"0.2": [90.26619, -6.80072, 156.96194],
						"0.92": [90.27, -6.8, 156.96],
						"1.04": [93.14161, -10.0144, 153.39027],
						"1.24": [93.14161, -10.0144, 153.39027],
						"1.32": [76.76807, -10.01252, 153.39016],
						"1.36": [41.85, -10.01, 153.39],
						"1.44": {
							"pre": [80.94543, -24.8699, 145.39088],
							"post": [80.94543, -24.8699, 145.39088],
							"lerp_mode": "catmullrom"
						},
						"1.56": [114.31629, -28.9439, 159.64918],
						"1.68": [103.70198, -16.68321, 164.77774]
					},
					"position": {
						"0.0": [7.75, -14.26, 1.63],
						"0.2": [7.16, -15.54, 3.46],
						"0.92": [7.16, -15.54, 3.46],
						"1.04": [7.08, -15.78, 3.46],
						"1.24": [7.08, -15.78, 3.46],
						"1.28": [9.36, -29.32, 4.23],
						"1.32": [10.74, -34.29, 5],
						"1.36": [12.27, -36.65, 8.1],
						"1.48": {
							"pre": [12.19, -21.58, 3.47],
							"post": [12.19, -21.58, 3.47],
							"lerp_mode": "catmullrom"
						},
						"1.56": {
							"post": [10.5, -17.33, 2.48],
							"lerp_mode": "catmullrom"
						},
						"1.64": [7.75, -14.26, 1.63]
					},
					"scale": [1, 1.5, 1]
				},
				"root": {
					"rotation": {
						"0.0": [0, 0, 0],
						"0.04": [0.09316, 0.12276, -2.18019],
						"0.08": [0.2064, 0.13758, -1.50791],
						"0.12": [0.35129, -0.05907, 0.90519],
						"0.16": [0.65283, -1.69567, 5.48595],
						"0.2": [0.76607, -3.31262, 6.0441],
						"0.24": [0.85923, -8.06371, 5.0224],
						"0.28": [0.64762, -11.43459, 3.52124],
						"0.32": [-1.64001, -22.57544, -4.63036],
						"0.36": [-3.61076, -29.2538, -15.06445],
						"0.4": [-5.1284, -33.81273, -30.67679],
						"0.44": {
							"pre": [-6.11, -36.55, -38.7],
							"post": [-6.11, -36.55, -38.7],
							"lerp_mode": "catmullrom"
						},
						"0.68": [-13.50536, -36.10551, -44.7475],
						"0.76": {
							"pre": [-6.39072, -35.25121, -36.17461],
							"post": [-6.39072, -35.25121, -36.17461],
							"lerp_mode": "catmullrom"
						},
						"0.84": {
							"post": [-7.02, -33.5, -47.3],
							"lerp_mode": "catmullrom"
						},
						"0.96": {
							"post": [-6.87368, -32.07513, -41.68992],
							"lerp_mode": "catmullrom"
						},
						"1.08": [-7.23446, -33.89299, -40.80274],
						"1.16": [-12.55303, -33.58621, -31.99818],
						"1.24": {
							"pre": [-13.25, -34.11, -45.08],
							"post": [-13.25, -34.11, -45.08],
							"lerp_mode": "catmullrom"
						},
						"1.36": {
							"post": [-9.37, -21.22, -35.56],
							"lerp_mode": "catmullrom"
						},
						"1.52": {
							"post": [-2.29124, 0.48037, 1.51306],
							"lerp_mode": "catmullrom"
						},
						"1.68": {
							"post": [0, 0, 0.7],
							"lerp_mode": "catmullrom"
						},
						"1.8": {
							"post": [0, 0, 0],
							"lerp_mode": "catmullrom"
						}
					},
					"position": {
						"0.0": {
							"post": [0, 0, 0],
							"lerp_mode": "catmullrom"
						},
						"0.16": {
							"post": [0.4225, -1.72, -0.37],
							"lerp_mode": "catmullrom"
						},
						"0.32": {
							"post": [0.99, 3.56, 1.97],
							"lerp_mode": "catmullrom"
						},
						"0.48": {
							"post": [1.03, 4.21, 2.39],
							"lerp_mode": "catmullrom"
						},
						"0.6": {
							"post": [0.99, 4.12, 2.57],
							"lerp_mode": "catmullrom"
						},
						"0.72": {
							"post": [0.99, 4.98, 2.57],
							"lerp_mode": "catmullrom"
						},
						"0.84": {
							"post": [0.91, 4.33, 2.47],
							"lerp_mode": "catmullrom"
						},
						"1.04": {
							"post": [1.03, 4.1875, 2.4],
							"lerp_mode": "catmullrom"
						},
						"1.12": {
							"post": [0.79, 2.37, 2.13],
							"lerp_mode": "catmullrom"
						},
						"1.28": {
							"post": [0.79, 3.77, 1.88],
							"lerp_mode": "catmullrom"
						},
						"1.52": {
							"post": [-0.01, -0.605, 0.03],
							"lerp_mode": "catmullrom"
						},
						"1.68": {
							"post": [0.05, 0.02062, 0.0375],
							"lerp_mode": "catmullrom"
						},
						"1.8": {
							"post": [0.01, 0, 0],
							"lerp_mode": "catmullrom"
						},
						"1.92": [0, 0, 0]
					}
				},
				"mag_and_lefthand": {
					"rotation": {
						"0.0": [0, 0, 0],
						"0.08": [0.59, 0, 0],
						"0.4": [6.5, 0, 0],
						"0.52": [12.31507, 3.10424, -14.93802],
						"0.6": [13.35641, -3.29641, 16.51393],
						"0.68": [13.36, -3.3, 13.61],
						"0.8": {
							"pre": [11.00011, -2.31022, 9.47185],
							"post": [11.00011, -2.31022, 9.47185],
							"lerp_mode": "catmullrom"
						},
						"0.96": [-5.26104, -0.65625, 2.66754],
						"1.12": [0, 0, 0]
					},
					"position": {
						"0.0": [0, 0, 0],
						"0.08": [0.87, -2.96, 0.12],
						"0.4": [9.54, -32.6, 1.36],
						"0.52": [1.27, -6.46, 1.21],
						"0.6": [-1.42, -3.18, 0.81],
						"0.72": {
							"pre": [0.78, -7.38, 1.63],
							"post": [0.78, -7.38, 1.63],
							"lerp_mode": "catmullrom"
						},
						"0.84": {
							"post": [-1.69, -8.5325, -0.32],
							"lerp_mode": "catmullrom"
						},
						"0.96": [-0.07, -5.46, 1.41],
						"1.08": [-0.07, -5.46, 2.16],
						"1.12": [0, 0, 0]
					}
				},
				"magazine": {
					"scale": {
						"0.0": [0, 0, 0],
						"0.48": [0, 0, 0],
						"0.52": [1, 1, 1]
					}
				},
				"additional_magazine": {
					"rotation": {
						"0.56": [0, 0, 0],
						"0.64": [0, 0, 0],
						"0.72": [-12, 0, -3.25],
						"0.8": [0, 0, -2.5],
						"0.92": [-10, 0, -9.25],
						"1.0": [-12.5, 0, -9.25],
						"1.08": [-11.80458, 1.41157, -11.56856],
						"1.2": [-10.05458, 1.41157, -11.56856],
						"1.4": [-8.5, 0, -9.25]
					},
					"position": {
						"0.6": [0, 0, 0],
						"0.68": [0, -3.3, 1],
						"0.72": [0.0525, -6.36, 1.105],
						"0.8": [-1.99, -7.745, 0.5825],
						"0.88": [-2.85, -7, 1.17],
						"0.92": [-2.22, -6.245, 1.7575],
						"1.04": [-1.6125, -6.245, 2.495],
						"1.08": [-2.35, -1.53, 1.695],
						"1.2": [-0.85, -1.53, 1.695],
						"1.4": [-1.55, -42.62, 5.62]
					}
				},
				"camera": {
					"rotation": {
						"0.0": {
							"post": [0, 0, 0],
							"lerp_mode": "catmullrom"
						},
						"0.16": {
							"post": [0.5, 0, -0.75],
							"lerp_mode": "catmullrom"
						},
						"0.32": {
							"post": [-1.5, 0, 0.25],
							"lerp_mode": "catmullrom"
						},
						"0.52": {
							"post": [-0.375, 0, 0],
							"lerp_mode": "catmullrom"
						},
						"0.68": {
							"post": [-0.75, 0, 0],
							"lerp_mode": "catmullrom"
						},
						"0.72": {
							"post": [0.75, -0.5, 0.75],
							"lerp_mode": "catmullrom"
						},
						"0.84": {
							"post": [-0.75, 0, 0],
							"lerp_mode": "catmullrom"
						},
						"1.08": {
							"post": [-0.79, 0, 0.25],
							"lerp_mode": "catmullrom"
						},
						"1.12": {
							"post": [0.5, 0.5, -0.5],
							"lerp_mode": "catmullrom"
						},
						"1.24": {
							"post": [-0.5, 0, 0.25],
							"lerp_mode": "catmullrom"
						},
						"1.48": {
							"post": [0.93, 0, -0.25],
							"lerp_mode": "catmullrom"
						},
						"1.68": {
							"post": [-0.5, 0, 0.125],
							"lerp_mode": "catmullrom"
						},
						"1.8": {
							"post": [0.125, 0, 0],
							"lerp_mode": "catmullrom"
						},
						"1.96": {
							"post": [0, 0, 0],
							"lerp_mode": "catmullrom"
						}
					}
				}
			},
			"sound_effects": {
				"0.0": {
					"effect": "p320_reload_tactical"
				}
			}
		},
		"inspect_empty": {
			"loop": "hold_on_last_frame",
			"animation_length": 5.3333,
			"bones": {
				"righthand": {
					"rotation": {
						"0.0": [93.94813, 362.17452, -175.99563],
						"0.1667": {
							"pre": [93.94569, 359.18163, -176.20212],
							"post": [93.94569, 359.18163, -176.20212],
							"lerp_mode": "catmullrom"
						},
						"0.375": [93.63121, 358.252, -162.22934],
						"1.25": [93.63121, 358.252, -162.22934],
						"1.3333": [93.16745, 357.50787, -149.74284],
						"1.4167": [101.13121, 358.252, -162.22934],
						"1.5833": [93.16745, 357.50787, -149.74284],
						"3.875": [93.16745, 357.50787, -149.74284],
						"4.125": [93.94813, 362.17452, -175.99563]
					},
					"position": {
						"0.0": [-7, -13.08, 2.52],
						"0.1667": [-7, -13.08, 2.52],
						"0.25": [-7.53562, -13.08, 2.2],
						"1.1667": [-7.51562, -13.08, 2.52],
						"1.3333": [-7.34627, -13.31314, 2.47176],
						"1.4167": [-7.27, -13.08, 2.52],
						"1.5": [-7.52, -13.08, 2.52],
						"3.7917": [-7.52, -13.08, 2.52],
						"4.125": [-7, -13.08, 2.52]
					},
					"scale": [1, 1.5, 1]
				},
				"lefthand": {
					"rotation": {
						"0.0": [103.70198, -16.68321, 164.77774],
						"0.6667": [34.63797, -0.95955, 179.00201],
						"1.0": {
							"pre": [52.13797, -0.95955, 179.00201],
							"post": [52.13797, -0.95955, 179.00201],
							"lerp_mode": "catmullrom"
						},
						"1.2917": [68.93021, -50.11669, 277.11059],
						"3.625": [68.93021, -50.11669, 277.11059],
						"3.75": [68.93021, -50.11669, 277.11059],
						"4.0": [68.93021, -50.11669, 277.11059],
						"4.125": [68.93021, -50.11669, 277.11059],
						"4.25": [103.70198, -16.68321, 164.77774]
					},
					"position": {
						"0.0": [7.75, -14.26, 1.63],
						"0.6667": [15.66, -43.76, 10.9825],
						"1.0": {
							"pre": [8.66, -43.76, 1.92],
							"post": [8.66, -43.76, 1.92],
							"lerp_mode": "catmullrom"
						},
						"1.2917": [5.72401, -20.72969, 4.19577],
						"3.6667": [5.72401, -20.72969, 4.19577],
						"3.7083": [5.72, -16.73, 4.2],
						"3.9583": [5.72, -16.73, 4.2],
						"4.125": [8.72, -16.73, 4.2],
						"4.25": [7.75, -14.26, 1.63]
					},
					"scale": {
						"0.0": [1, 1.5, 1],
						"4.25": [1, 1.5, 1]
					}
				},
				"root": {
					"rotation": {
						"0.0": {
							"post": [0, 0, 0],
							"lerp_mode": "catmullrom"
						},
						"0.1667": {
							"post": [-3.75, -3.875, -0.75],
							"lerp_mode": "catmullrom"
						},
						"0.375": [-46.60495, 13.71942, 34.40987],
						"0.625": [-47.10495, 14.53192, 35.97237],
						"0.8333": [-46.1025, 12.2175, 30.6625],
						"1.0833": {
							"pre": [-10.11806, -25.95133, -40.95071],
							"post": [-10.11806, -25.95133, -40.95071],
							"lerp_mode": "catmullrom"
						},
						"1.2917": {
							"post": [-3.86806, -29.70133, -53.95071],
							"lerp_mode": "catmullrom"
						},
						"1.375": [-25.098, -29.03218, -39.93521],
						"1.4583": {
							"pre": [-11.22943, -29.09887, -45.92248],
							"post": [-11.22943, -29.09887, -45.92248],
							"lerp_mode": "catmullrom"
						},
						"1.5417": [-12.38986, -26.74573, -36.34314],
						"1.7083": {
							"pre": [-13.59196, -26.93593, -41.3936],
							"post": [-13.59196, -26.93593, -41.3936],
							"lerp_mode": "catmullrom"
						},
						"1.9167": {
							"post": [-13.29503, -26.48986, -39.71304],
							"lerp_mode": "catmullrom"
						},
						"2.2917": {
							"post": [-13.20934, -27.00865, -41.04313],
							"lerp_mode": "catmullrom"
						},
						"2.5417": [-14.51084, -26.32577, -39.5552],
						"2.7917": [-14.75545, -26.3205, -38.55197],
						"3.0833": {
							"pre": [-16.47228, -26.1428, -43.70545],
							"post": [-16.47228, -26.1428, -43.70545],
							"lerp_mode": "catmullrom"
						},
						"3.25": {
							"post": [1.47133, -24.56879, -61.5694],
							"lerp_mode": "catmullrom"
						},
						"3.375": [1.47123, -24.60989, -61.22023],
						"3.5": [3.43571, -24.96914, -62.55264],
						"3.5833": {
							"pre": [5.45246, -26.73366, -59.19712],
							"post": [5.45246, -26.73366, -59.19712],
							"lerp_mode": "catmullrom"
						},
						"3.7083": [3.90399, -24.99296, -58.9306],
						"3.7917": [-11.78639, -24.72348, -33.8989],
						"3.875": {
							"pre": [-4.22, -23.18, -44.565],
							"post": [-4.22, -23.18, -44.565],
							"lerp_mode": "catmullrom"
						},
						"3.9583": {
							"post": [-14.29, -17.91, -30.67],
							"lerp_mode": "catmullrom"
						},
						"4.2083": {
							"post": [-36.04, 5.03, 21.6],
							"lerp_mode": "catmullrom"
						},
						"4.3333": [-40.79245, 5.03192, 30.84737],
						"4.625": [-40.85495, 5.03192, 29.03487],
						"4.875": {
							"pre": [0.25, 2.125, 3.5],
							"post": [0.25, 2.125, 3.5],
							"lerp_mode": "catmullrom"
						},
						"5.0417": {
							"post": [0, -0.25, 0],
							"lerp_mode": "catmullrom"
						},
						"5.1667": {
							"post": [0, 0, 0],
							"lerp_mode": "catmullrom"
						}
					},
					"position": {
						"0.0": {
							"post": [0, 0, 0],
							"lerp_mode": "catmullrom"
						},
						"0.25": {
							"post": [0.0625, -1.0625, -0.25],
							"lerp_mode": "catmullrom"
						},
						"0.4167": {
							"post": [0.25, 4, 3.25],
							"lerp_mode": "catmullrom"
						},
						"0.625": [0.25, 4.91, 3.25],
						"0.9167": {
							"pre": [0.3125, 1.34375, 1.875],
							"post": [0.3125, 1.34375, 1.875],
							"lerp_mode": "catmullrom"
						},
						"1.1667": {
							"post": [0.3125, 5.53125, 1.625],
							"lerp_mode": "catmullrom"
						},
						"1.375": {
							"post": [0.3125, 5.03125, 1.625],
							"lerp_mode": "catmullrom"
						},
						"1.4583": {
							"post": [0.875, 3.96875, 1.625],
							"lerp_mode": "catmullrom"
						},
						"1.625": {
							"post": [0.8125, 3.96875, 1.125],
							"lerp_mode": "catmullrom"
						},
						"1.7917": {
							"post": [0.5625, 4.7175, 1.125],
							"lerp_mode": "catmullrom"
						},
						"2.2083": {
							"post": [0.8125, 4.655, 1.125],
							"lerp_mode": "catmullrom"
						},
						"2.3333": [0.8125, 4.655, 1.125],
						"2.4167": {
							"pre": [0.8125, 4.5925, 1.125],
							"post": [0.8125, 4.5925, 1.125],
							"lerp_mode": "catmullrom"
						},
						"2.625": {
							"post": [0.75, 4.28, 1.125],
							"lerp_mode": "catmullrom"
						},
						"2.9583": {
							"post": [0.3125, 4.405, 1.125],
							"lerp_mode": "catmullrom"
						},
						"3.2083": {
							"post": [0.5625, 2.7175, 2.375],
							"lerp_mode": "catmullrom"
						},
						"3.5": {
							"post": [0.8125, 4.0175, 1.375],
							"lerp_mode": "catmullrom"
						},
						"3.625": {
							"post": [0.93, 4.315, 1.79],
							"lerp_mode": "catmullrom"
						},
						"3.6667": [0.97, 4.33228, 1.785],
						"3.7083": [1.01, 4.15, 1.78],
						"3.75": [1.39, 3.5812, 1.815],
						"3.7917": [1.77, 2.96, 1.85],
						"3.8333": [1.78865, 2.96516, 1.85243],
						"3.875": [1.885, 3.0823, 1.865],
						"3.9167": [1.98135, 3.15729, 1.87757],
						"3.9583": {
							"pre": [2, 3.18, 1.88],
							"post": [2, 3.18, 1.88],
							"lerp_mode": "catmullrom"
						},
						"4.25": {
							"post": [0.8125, 1.34375, 1.125],
							"lerp_mode": "catmullrom"
						},
						"4.4583": [0.75, 2.91, 2.5],
						"4.6667": {
							"pre": [0.75, 2.125, 2.5],
							"post": [0.75, 2.125, 2.5],
							"lerp_mode": "catmullrom"
						},
						"4.8333": {
							"post": [0.0625, -0.8125, 0],
							"lerp_mode": "catmullrom"
						},
						"5.0417": {
							"post": [0.04, 0.0625, 0.03],
							"lerp_mode": "catmullrom"
						},
						"5.25": [0, 0, 0]
					}
				},
				"slide": {
					"position": [0, 0, 2.25]
				},
				"mag_and_lefthand": {
					"rotation": {
						"1.4167": [0, 0, 0],
						"1.625": {
							"pre": [-41.5, 0, 40],
							"post": [-41.5, 0, 40],
							"lerp_mode": "catmullrom"
						},
						"1.9167": {
							"post": [-38.75, 0, 53.5],
							"lerp_mode": "catmullrom"
						},
						"2.0833": {
							"post": [-38.75, 0, 53.5],
							"lerp_mode": "catmullrom"
						},
						"2.2917": {
							"post": [-40.83941, 1.53844, 46.4344],
							"lerp_mode": "catmullrom"
						},
						"2.5": {
							"post": [-33.3929, -6.72894, 76.68363],
							"lerp_mode": "catmullrom"
						},
						"2.7083": {
							"post": [-33.3929, -6.72894, 76.68363],
							"lerp_mode": "catmullrom"
						},
						"2.9167": {
							"post": [-33.39, -6.73, 76.68],
							"lerp_mode": "catmullrom"
						},
						"3.1667": {
							"post": [-41.5, 0, 40],
							"lerp_mode": "catmullrom"
						},
						"3.375": [0, 0, 0]
					},
					"position": {
						"1.4167": [0, 0, 0],
						"1.5833": {
							"pre": [0.78125, -0.6875, 0],
							"post": [0.78125, -0.6875, 0],
							"lerp_mode": "catmullrom"
						},
						"1.75": {
							"post": [4.29813, 0.60721, -1.5],
							"lerp_mode": "catmullrom"
						},
						"1.9583": [4.39272, 0.69664, -1.875],
						"2.1667": [4.33, 0.57, -1.75],
						"2.375": {
							"pre": [3.83, -0.18, -1.5],
							"post": [3.83, -0.18, -1.5],
							"lerp_mode": "catmullrom"
						},
						"2.5833": [5.42482, -0.23386, -2],
						"2.8333": [5.54982, -0.23386, -2.125],
						"3.0833": {
							"pre": [5.42, -0.23, -2],
							"post": [5.42, -0.23, -2],
							"lerp_mode": "catmullrom"
						},
						"3.2917": {
							"post": [1.09375, -1, 0.75],
							"lerp_mode": "catmullrom"
						},
						"3.4583": [0.25, 1.25, 1],
						"3.5": [0.25, 1, 1],
						"3.5417": [0.25, 1.25, 1],
						"3.625": [0.25, 1.25, 1],
						"3.7083": [0, 0, 0]
					}
				},
				"magazine": {
					"position": {
						"1.2917": [0, 0, 0],
						"1.4167": [0, -6.0625, 1.375],
						"3.625": [0, -5.8125, 1.375],
						"3.6667": [0, -5.8125, 1.375],
						"3.7083": [0, 0, 0]
					}
				},
				"bullet_in_mag2": {
					"scale": 0
				},
				"bullet_in_mag": {
					"scale": 0
				},
				"additional_magazine": {
					"scale": 0
				},
				"camera": {
					"rotation": {
						"0.0": {
							"post": [0, 0, 0],
							"lerp_mode": "catmullrom"
						},
						"0.1667": {
							"post": [-1, 0, 0],
							"lerp_mode": "catmullrom"
						},
						"0.375": {
							"post": [4.75, 1.5, -0.75],
							"lerp_mode": "catmullrom"
						},
						"0.625": {
							"post": [5.5, 1.5, -0.75],
							"lerp_mode": "catmullrom"
						},
						"0.8333": {
							"post": [4.75, -1.25, 0],
							"lerp_mode": "catmullrom"
						},
						"1.0833": {
							"post": [0, -1.25, 0.75],
							"lerp_mode": "catmullrom"
						},
						"1.2917": {
							"post": [0, 0, 0.75],
							"lerp_mode": "catmullrom"
						},
						"1.4583": {
							"post": [4, 0, -1.75],
							"lerp_mode": "catmullrom"
						},
						"1.7083": {
							"post": [4.5, -2, -1],
							"lerp_mode": "catmullrom"
						},
						"2.2083": {
							"post": [4.5, -2.25, -1],
							"lerp_mode": "catmullrom"
						},
						"2.4167": {
							"post": [6.25, -3, -2],
							"lerp_mode": "catmullrom"
						},
						"2.6667": {
							"post": [4.75, -2.25, -0.5],
							"lerp_mode": "catmullrom"
						},
						"3.0": {
							"post": [4.6975, -1.5, -0.75],
							"lerp_mode": "catmullrom"
						},
						"3.25": {
							"post": [0.75, -0.25, 0.75],
							"lerp_mode": "catmullrom"
						},
						"3.5": {
							"post": [6.25, 0, -1.5],
							"lerp_mode": "catmullrom"
						},
						"3.75": {
							"post": [5.75, 0, 0],
							"lerp_mode": "catmullrom"
						},
						"3.8333": {
							"post": [7.375, 0, -2.25],
							"lerp_mode": "catmullrom"
						},
						"4.0833": {
							"post": [4.75, 0, 0],
							"lerp_mode": "catmullrom"
						},
						"4.4167": {
							"post": [7.86, 0.75, -0.75],
							"lerp_mode": "catmullrom"
						},
						"4.7083": {
							"post": [5.75, -0.5, 0],
							"lerp_mode": "catmullrom"
						},
						"5.0": {
							"post": [0.6875, 0, 0],
							"lerp_mode": "catmullrom"
						},
						"5.25": {
							"post": [0, 0, 0],
							"lerp_mode": "catmullrom"
						}
					}
				}
			}
		},
		"inspect": {
			"loop": "hold_on_last_frame",
			"animation_length": 6.3333,
			"bones": {
				"righthand": {
					"rotation": {
						"0.0": [93.94813, 362.17452, -175.99563],
						"0.1667": {
							"pre": [93.94569, 359.18163, -176.20212],
							"post": [93.94569, 359.18163, -176.20212],
							"lerp_mode": "catmullrom"
						},
						"0.375": [93.63121, 358.252, -162.22934],
						"1.2917": [93.63121, 358.252, -162.22934],
						"1.375": [93.16745, 357.50787, -149.74284],
						"1.4583": [101.13121, 358.252, -162.22934],
						"1.5417": [93.16745, 357.50787, -149.74284],
						"3.8333": [93.17, 357.51, -149.74],
						"4.2083": [93.16745, 357.50787, -149.74284],
						"4.3333": [93.94813, 362.17452, -175.99563]
					},
					"position": {
						"0.0": [-7, -13.08, 2.52],
						"0.1667": [-7, -13.08, 2.52],
						"0.25": [-7.53562, -13.08, 2.2],
						"1.2083": [-7.51562, -13.08, 2.52],
						"1.375": [-7.34627, -13.31314, 2.47176],
						"1.4583": [-7.27, -13.08, 2.52],
						"1.5417": [-7.52, -13.08, 2.52],
						"4.2083": [-7.52, -13.08, 2.52],
						"4.3333": [-7, -13.08, 2.52]
					},
					"scale": [1, 1.5, 1]
				},
				"lefthand": {
					"rotation": {
						"0.0": [103.70198, -16.68321, 164.77774],
						"0.75": [34.63797, -0.95955, 179.00201],
						"1.0833": {
							"pre": [52.13797, -0.95955, 179.00201],
							"post": [52.13797, -0.95955, 179.00201],
							"lerp_mode": "catmullrom"
						},
						"1.4583": [68.93021, -50.11669, 277.11059],
						"3.7083": [68.93021, -50.11669, 277.11059],
						"4.0833": [68.93, -50.12, 277.11],
						"4.4167": [69.01954, -41.13084, 177.65878],
						"5.125": [69.02, -41.13, 177.66],
						"5.2083": {
							"pre": [100.15495, -44.39961, 133.0592],
							"post": [100.15495, -44.39961, 133.0592],
							"lerp_mode": "catmullrom"
						},
						"5.3333": [69.02, -41.13, 177.66],
						"5.5833": [103.70198, -16.68321, 164.77774]
					},
					"position": {
						"0.0": [7.75, -14.26, 1.63],
						"0.75": [15.66, -43.76, 10.9825],
						"1.0833": {
							"pre": [8.66, -43.76, 1.92],
							"post": [8.66, -43.76, 1.92],
							"lerp_mode": "catmullrom"
						},
						"1.4583": [5.72401, -20.72969, 4.19577],
						"3.75": [5.72401, -20.72969, 4.19577],
						"3.7917": [5.72, -16.73, 4.2],
						"4.0": [5.72, -16.73, 4.2],
						"4.1667": {
							"pre": [10.36866, -11.95824, 1.1365],
							"post": [10.36866, -11.95824, 1.1365],
							"lerp_mode": "catmullrom"
						},
						"4.2917": [8.05326, -9.93027, -2.40749],
						"4.625": [8.05326, -9.93027, -2.40749],
						"4.7083": [7.97, -9.54, -0.05],
						"5.125": [7.97, -9.54, -0.05],
						"5.2083": [9.22087, -8.31714, 1.32619],
						"5.2917": [9.22087, -8.31714, 1.32619],
						"5.4167": [8.55, -11.56, 0.71],
						"5.5833": [7.75, -14.26, 1.63]
					},
					"scale": {
						"0.0": [1, 1.5, 1],
						"5.5833": [1, 1.5, 1]
					}
				},
				"root": {
					"rotation": {
						"0.0": {
							"post": [0, 0, 0],
							"lerp_mode": "catmullrom"
						},
						"0.1667": {
							"post": [-3.75, -3.875, -0.75],
							"lerp_mode": "catmullrom"
						},
						"0.375": [-24.25, -34, -29.5],
						"0.875": {
							"pre": [-23.33745, -33.0346, -28.61459],
							"post": [-23.33745, -33.0346, -28.61459],
							"lerp_mode": "catmullrom"
						},
						"1.0833": {
							"post": [8.13194, -36.95133, -50.45071],
							"lerp_mode": "catmullrom"
						},
						"1.2083": {
							"post": [2.88194, -36.95133, -52.20071],
							"lerp_mode": "catmullrom"
						},
						"1.375": {
							"post": [-1.348, -30.28218, -47.93521],
							"lerp_mode": "catmullrom"
						},
						"1.4583": {
							"post": [-3.88042, -31.63479, -61.9639],
							"lerp_mode": "catmullrom"
						},
						"1.5833": {
							"post": [-1.38986, -36.99573, -44.34314],
							"lerp_mode": "catmullrom"
						},
						"1.7083": {
							"post": [-0.84196, -37.18593, -49.3936],
							"lerp_mode": "catmullrom"
						},
						"1.9167": {
							"post": [1.34123, -36.7359, -62.14895],
							"lerp_mode": "catmullrom"
						},
						"2.2917": {
							"post": [2.72964, -37.25237, -61.69167],
							"lerp_mode": "catmullrom"
						},
						"2.5417": {
							"post": [1.80306, -35.76991, -61.49301],
							"lerp_mode": "catmullrom"
						},
						"2.7917": {
							"post": [0.49455, -36.5705, -57.55197],
							"lerp_mode": "catmullrom"
						},
						"3.0833": {
							"post": [1.21, -36.41, -59.67],
							"lerp_mode": "catmullrom"
						},
						"3.25": {
							"post": [9.22133, -34.81879, -69.5694],
							"lerp_mode": "catmullrom"
						},
						"3.375": {
							"post": [9.22123, -34.85989, -69.22023],
							"lerp_mode": "catmullrom"
						},
						"3.5417": {
							"post": [9.68571, -35.21914, -70.55264],
							"lerp_mode": "catmullrom"
						},
						"3.625": {
							"post": [6.20246, -36.98366, -67.19712],
							"lerp_mode": "catmullrom"
						},
						"3.75": [8.40399, -35.24296, -66.9306],
						"3.8333": [-7.63044, -34.7501, -38.01719],
						"4.0": {
							"pre": [-1.79, -28.16, -47.92],
							"post": [-1.79, -28.16, -47.92],
							"lerp_mode": "catmullrom"
						},
						"4.3333": {
							"post": [-33.61586, 25.49196, 50.29417],
							"lerp_mode": "catmullrom"
						},
						"4.5417": {
							"post": [-41.71032, 26.75119, 62.38672],
							"lerp_mode": "catmullrom"
						},
						"4.6667": [-44.16034, 36.56478, 62.32418],
						"4.75": {
							"pre": [-52.29047, 22.36115, 61.94099],
							"post": [-52.29047, 22.36115, 61.94099],
							"lerp_mode": "catmullrom"
						},
						"4.875": [-52.36268, 23.58122, 61.08672],
						"5.0417": [-53.01586, 18.49196, 61.79417],
						"5.2083": [-52.23241, 25.32682, 50.64494],
						"5.25": {
							"pre": [-39.62206, 30.90754, 51.72356],
							"post": [-39.62206, 30.90754, 51.72356],
							"lerp_mode": "catmullrom"
						},
						"5.4167": {
							"post": [-42.9, 27.07, 50.16],
							"lerp_mode": "catmullrom"
						},
						"5.7083": {
							"post": [0.25, 0, 9.25],
							"lerp_mode": "catmullrom"
						},
						"5.9167": {
							"post": [0, 0, 0],
							"lerp_mode": "catmullrom"
						}
					},
					"position": {
						"0.0": {
							"post": [0, 0, 0],
							"lerp_mode": "catmullrom"
						},
						"0.25": {
							"post": [0.25, -1.0625, -0.25],
							"lerp_mode": "catmullrom"
						},
						"0.5": {
							"post": [1, 3.5, 1.75],
							"lerp_mode": "catmullrom"
						},
						"0.7083": [1, 4.16, 1.75],
						"0.8333": [1, 4.28125, 1.75],
						"1.0": {
							"pre": [1.0625, 3.09375, 1.625],
							"post": [1.0625, 3.09375, 1.625],
							"lerp_mode": "catmullrom"
						},
						"1.1667": {
							"post": [0.8125, 6.28125, 1.625],
							"lerp_mode": "catmullrom"
						},
						"1.375": {
							"post": [0.8125, 6.28125, 1.375],
							"lerp_mode": "catmullrom"
						},
						"1.4583": {
							"post": [1.375, 5.71875, 1.375],
							"lerp_mode": "catmullrom"
						},
						"1.625": {
							"post": [1.3125, 5.71875, 1.375],
							"lerp_mode": "catmullrom"
						},
						"1.875": {
							"post": [1.0625, 6.2175, 1.375],
							"lerp_mode": "catmullrom"
						},
						"2.2083": {
							"post": [1.3125, 6.405, 1.375],
							"lerp_mode": "catmullrom"
						},
						"2.3333": [1.3125, 6.03, 1.375],
						"2.4167": {
							"pre": [1.3125, 6.0925, 1.375],
							"post": [1.3125, 6.0925, 1.375],
							"lerp_mode": "catmullrom"
						},
						"2.625": {
							"post": [1.0625, 5.78, 1.375],
							"lerp_mode": "catmullrom"
						},
						"2.9583": {
							"post": [1.0625, 5.655, 1.375],
							"lerp_mode": "catmullrom"
						},
						"3.2083": {
							"post": [1.0625, 5.4675, 1.375],
							"lerp_mode": "catmullrom"
						},
						"3.5417": {
							"post": [1.0625, 5.7675, 1.375],
							"lerp_mode": "catmullrom"
						},
						"3.6667": {
							"post": [1.18, 6.065, 1.54],
							"lerp_mode": "catmullrom"
						},
						"3.75": [1.26, 5.9, 2.03],
						"3.8333": [2.77, 4.71, 3.6],
						"4.0": {
							"pre": [2.5, 4.68, 3.63],
							"post": [2.5, 4.68, 3.63],
							"lerp_mode": "catmullrom"
						},
						"4.25": {
							"post": [-0.0625, 3.9425, 2.1925],
							"lerp_mode": "catmullrom"
						},
						"4.2917": [-0.01623, 4.02084, 2.18576],
						"4.3333": [0.12169, 4.24805, 2.16568],
						"4.375": [0.32375, 4.59421, 2.13625],
						"4.4167": [0.52581, 4.99976, 2.10682],
						"4.4583": [0.66373, 5.37899, 2.08674],
						"4.5": [0.71, 5.64, 2.08],
						"4.5417": [0.71081, 5.77333, 2.08],
						"4.5833": [0.715, 5.68629, 2.08],
						"4.625": [0.71919, 5.41561, 2.08],
						"4.6667": [0.72, 5.18, 2.08],
						"4.7083": [0.75771, 5.00316, 2.16394],
						"4.75": [0.9525, 5.01141, 2.5975],
						"4.7917": [1.14729, 5.16183, 3.03106],
						"4.8333": {
							"pre": [1.185, 5.2, 3.115],
							"post": [1.185, 5.2, 3.115],
							"lerp_mode": "catmullrom"
						},
						"5.1667": {
							"post": [1.355, 5.16, 2.76],
							"lerp_mode": "catmullrom"
						},
						"5.25": [0.175, 5.03, 2.13],
						"5.4167": {
							"pre": [0.38, 3.66, 2.07],
							"post": [0.38, 3.66, 2.07],
							"lerp_mode": "catmullrom"
						},
						"5.625": {
							"post": [-0.63, -0.0325, 0.2225],
							"lerp_mode": "catmullrom"
						},
						"5.7917": {
							"post": [-0.325, -0.12, -0.15],
							"lerp_mode": "catmullrom"
						},
						"5.9583": {
							"post": [0.01, 0, -0.005],
							"lerp_mode": "catmullrom"
						},
						"6.0417": [0, 0, 0]
					}
				},
				"slide": {
					"position": {
						"4.625": [0, 0, 0],
						"4.7083": [0, 0, 1.125],
						"5.125": [0, 0, 1.125],
						"5.1667": [0, 0, 0]
					}
				},
				"mag_and_lefthand": {
					"rotation": {
						"1.5": [0, 0, 0],
						"1.7083": {
							"pre": [-41.5, 0, 40],
							"post": [-41.5, 0, 40],
							"lerp_mode": "catmullrom"
						},
						"2.0": [-38.75, 0, 53.5],
						"2.1667": [-39.75, 0, 55.0625],
						"2.375": {
							"pre": [-40.83941, 1.53844, 46.4344],
							"post": [-40.83941, 1.53844, 46.4344],
							"lerp_mode": "catmullrom"
						},
						"2.5833": [-33.3929, -6.72894, 76.68363],
						"2.7917": [-30.3304, -9.29144, 80.24613],
						"3.0833": [-33.39, -6.73, 79.2425],
						"3.2083": {
							"pre": [-41.5, 0, 40],
							"post": [-41.5, 0, 40],
							"lerp_mode": "catmullrom"
						},
						"3.4583": [0, 0, 0]
					},
					"position": {
						"1.5": [0, 0, 0],
						"1.6667": {
							"pre": [-0.65625, -2, 0],
							"post": [-0.65625, -2, 0],
							"lerp_mode": "catmullrom"
						},
						"1.8333": [2.54813, -0.39279, -0.25],
						"2.0417": [2.76772, -0.36586, -0.3125],
						"2.25": [2.58, -0.43, -0.5],
						"2.4583": {
							"pre": [2.08, -1.18, -0.25],
							"post": [2.08, -1.18, -0.25],
							"lerp_mode": "catmullrom"
						},
						"2.6667": [3.86642, -2.01952, -0.62252],
						"2.9167": [3.85864, -2.20876, -0.62442],
						"3.1667": [3.52255, -2.1533, -0.7587],
						"3.375": {
							"pre": [-0.65625, -2, 0],
							"post": [-0.65625, -2, 0],
							"lerp_mode": "catmullrom"
						},
						"3.5417": [0, 0.75, 1],
						"3.5833": [0, 0.5, 1],
						"3.625": [0, 0.75, 1],
						"3.7083": [0, 0.75, 1],
						"3.7917": [0, 0, 0]
					}
				},
				"magazine": {
					"position": {
						"1.4583": [0, 0, 0],
						"1.5833": [0, -6.0625, 1.375],
						"3.75": [0, -5.8125, 1.375],
						"3.7917": [0, 0, 0]
					}
				},
				"additional_magazine": {
					"scale": 0
				},
				"camera": {
					"rotation": {
						"0.0": {
							"post": [0, 0, 0],
							"lerp_mode": "catmullrom"
						},
						"0.1667": {
							"post": [1, 0, -1],
							"lerp_mode": "catmullrom"
						},
						"0.375": {
							"post": [-1, 0, 1.25],
							"lerp_mode": "catmullrom"
						},
						"0.625": {
							"post": [0.5, 0, 0.5],
							"lerp_mode": "catmullrom"
						},
						"0.8333": {
							"post": [0.5, 0, 1],
							"lerp_mode": "catmullrom"
						},
						"1.0833": {
							"post": [2, -1.25, 0.25],
							"lerp_mode": "catmullrom"
						},
						"1.2917": {
							"post": [0.75, 0, 0.25],
							"lerp_mode": "catmullrom"
						},
						"1.4583": {
							"post": [0.25, 0, -1.75],
							"lerp_mode": "catmullrom"
						},
						"1.7083": {
							"post": [7, -2.75, -0.5],
							"lerp_mode": "catmullrom"
						},
						"2.0417": {
							"post": [8.5, -3, 0.25],
							"lerp_mode": "catmullrom"
						},
						"2.4583": {
							"post": [5, -2.5, 0],
							"lerp_mode": "catmullrom"
						},
						"2.6667": {
							"post": [4.5, -7.8125, -1],
							"lerp_mode": "catmullrom"
						},
						"3.0": {
							"post": [4.51, -8, -1.25],
							"lerp_mode": "catmullrom"
						},
						"3.25": {
							"post": [1.25, 0, 0.75],
							"lerp_mode": "catmullrom"
						},
						"3.5": {
							"post": [0.25, 0, -1],
							"lerp_mode": "catmullrom"
						},
						"3.75": {
							"post": [0.5, 0, 0],
							"lerp_mode": "catmullrom"
						},
						"3.7917": {
							"post": [1.5, 0, -2.25],
							"lerp_mode": "catmullrom"
						},
						"3.9167": {
							"post": [-0.12, 0, -0.15],
							"lerp_mode": "catmullrom"
						},
						"4.0833": {
							"post": [0.5, 0, 0],
							"lerp_mode": "catmullrom"
						},
						"4.3333": {
							"post": [5.75, 0, -1.5],
							"lerp_mode": "catmullrom"
						},
						"4.625": {
							"post": [6.62, 0, -1.5],
							"lerp_mode": "catmullrom"
						},
						"4.7083": {
							"post": [7.67, 0, -0.75],
							"lerp_mode": "catmullrom"
						},
						"4.7917": {
							"post": [5.83, 0, -2.75],
							"lerp_mode": "catmullrom"
						},
						"4.9583": {
							"post": [5.63, 0, -1.44],
							"lerp_mode": "catmullrom"
						},
						"5.125": {
							"post": [5.81, 0, -1.5],
							"lerp_mode": "catmullrom"
						},
						"5.2083": {
							"post": [7, 0, -2.5],
							"lerp_mode": "catmullrom"
						},
						"5.3333": {
							"post": [3.86, 0, -0.14],
							"lerp_mode": "catmullrom"
						},
						"5.5": {
							"post": [1.36, 0, 0.25],
							"lerp_mode": "catmullrom"
						},
						"5.7917": {
							"post": [-0.5, 0, -0.75],
							"lerp_mode": "catmullrom"
						},
						"6.0833": {
							"post": [0.1875, 0, 0],
							"lerp_mode": "catmullrom"
						},
						"6.3333": {
							"post": [0, 0, 0],
							"lerp_mode": "catmullrom"
						}
					}
				},
				"bullet_in_barrel": {
					"position": {
						"4.625": [0, 0, 0],
						"4.7083": [0, 0, 1.25],
						"5.125": [0, 0, 1.25],
						"5.1667": [0, 0, 0]
					}
				}
			}
		},
		"static_bolt_caught": {
			"loop": true,
			"bones": {
				"slide": {
					"position": [0, 0, 2.25]
				}
			}
		},
		"shoot2": {
			"animation_length": 0.6667,
			"bones": {
				"root": {
					"rotation": {
						"0.0": {
							"post": [0, 0, 0],
							"lerp_mode": "catmullrom"
						},
						"0.0417": {
							"post": [-12, -1.30704, -2],
							"lerp_mode": "catmullrom"
						},
						"0.0833": {
							"post": [-7, 0, 0],
							"lerp_mode": "catmullrom"
						},
						"0.125": {
							"post": [1.71751, -0.98521, -1.02186],
							"lerp_mode": "catmullrom"
						},
						"0.2083": {
							"post": [-1.1, 0.2, 0],
							"lerp_mode": "catmullrom"
						},
						"0.2917": {
							"post": [1.23707, -0.09694, 0.24998],
							"lerp_mode": "catmullrom"
						},
						"0.4167": {
							"post": [0.05, 0.13, 0.1],
							"lerp_mode": "catmullrom"
						},
						"0.5833": {
							"post": [0, 0, 0],
							"lerp_mode": "catmullrom"
						}
					},
					"position": {
						"0.0": {
							"post": [0, 0, 0],
							"lerp_mode": "catmullrom"
						},
						"0.0417": {
							"post": [0, 0.375, 0.6625],
							"lerp_mode": "catmullrom"
						},
						"0.0833": {
							"post": [0, 0.41, 1.1875],
							"lerp_mode": "catmullrom"
						},
						"0.1667": {
							"post": [0, 0.2375, 0.45],
							"lerp_mode": "catmullrom"
						},
						"0.2083": {
							"post": [0, 0, 0.075],
							"lerp_mode": "catmullrom"
						},
						"0.2917": {
							"post": [0, -0.1, 0.075],
							"lerp_mode": "catmullrom"
						},
						"0.375": {
							"post": [0.0125, -0.025, 0.125],
							"lerp_mode": "catmullrom"
						},
						"0.5": {
							"post": [0, -0.005, -0.015],
							"lerp_mode": "catmullrom"
						},
						"0.6667": {
							"post": [0, 0, 0],
							"lerp_mode": "catmullrom"
						}
					}
				},
				"slide": {
					"position": {
						"0.0": {
							"post": [0, 0, 0],
							"lerp_mode": "catmullrom"
						},
						"0.0417": [0, 0, 2],
						"0.0833": [0, 0, 2.005],
						"0.125": {
							"pre": [0, 0, 0],
							"post": [0, 0, 0],
							"lerp_mode": "catmullrom"
						}
					}
				},
				"barrel": {
					"position": {
						"0.0": [0, 0, 0],
						"0.0417": [0, -0.125, 0.375],
						"0.0833": [0, -0.125, 0.375],
						"0.125": [0, 0, 0]
					}
				},
				"camera": {
					"rotation": {
						"0.0": {
							"post": [0, 0, 0],
							"lerp_mode": "catmullrom"
						},
						"0.0417": {
							"post": [0, 0, 1.025],
							"lerp_mode": "catmullrom"
						},
						"0.0833": {
							"post": [0, 0, -0.7],
							"lerp_mode": "catmullrom"
						},
						"0.125": {
							"post": [0, 0, 0.6],
							"lerp_mode": "catmullrom"
						},
						"0.1667": {
							"post": [0, 0, -0.3],
							"lerp_mode": "catmullrom"
						},
						"0.25": {
							"post": [0, 0, 0.35],
							"lerp_mode": "catmullrom"
						},
						"0.3333": {
							"post": [0, 0, -0.15],
							"lerp_mode": "catmullrom"
						},
						"0.4583": {
							"post": [0, 0, 0],
							"lerp_mode": "catmullrom"
						}
					}
				},
				"constraint": {
					"rotation": [0.25, 0.5, 0.5],
					"position": [0.25, 0.35, 0.35]
				}
			}
		},
		"shoot": {
			"animation_length": 0.6667,
			"bones": {
				"root": {
					"rotation": {
						"0.0": {
							"post": [0, 0, 0],
							"lerp_mode": "catmullrom"
						},
						"0.0417": {
							"post": [-12, -1.30704, -2],
							"lerp_mode": "catmullrom"
						},
						"0.0833": {
							"post": [-7, 0, 0],
							"lerp_mode": "catmullrom"
						},
						"0.125": {
							"post": [1.71751, -0.98521, -1.02186],
							"lerp_mode": "catmullrom"
						},
						"0.2083": {
							"post": [-1.1, 0.2, 0],
							"lerp_mode": "catmullrom"
						},
						"0.2917": {
							"post": [1.23707, -0.09694, 0.24998],
							"lerp_mode": "catmullrom"
						},
						"0.4167": {
							"post": [0.05, 0.13, 0.1],
							"lerp_mode": "catmullrom"
						},
						"0.5833": {
							"post": [0, 0, 0],
							"lerp_mode": "catmullrom"
						}
					},
					"position": {
						"0.0": {
							"post": [0, 0, 0],
							"lerp_mode": "catmullrom"
						},
						"0.0417": {
							"post": [0, 0.375, 0.6625],
							"lerp_mode": "catmullrom"
						},
						"0.0833": {
							"post": [0, 0.41, 1.1875],
							"lerp_mode": "catmullrom"
						},
						"0.1667": {
							"post": [0, 0.2375, 0.45],
							"lerp_mode": "catmullrom"
						},
						"0.2083": {
							"post": [0, 0, 0.075],
							"lerp_mode": "catmullrom"
						},
						"0.2917": {
							"post": [0, -0.1, 0.075],
							"lerp_mode": "catmullrom"
						},
						"0.375": {
							"post": [0.0125, -0.025, 0.125],
							"lerp_mode": "catmullrom"
						},
						"0.5": {
							"post": [0, -0.005, -0.015],
							"lerp_mode": "catmullrom"
						},
						"0.6667": {
							"post": [0, 0, 0],
							"lerp_mode": "catmullrom"
						}
					}
				},
				"slide": {
					"position": {
						"0.0": {
							"post": [0, 0, 0],
							"lerp_mode": "catmullrom"
						},
						"0.0417": [0, 0, 2],
						"0.0833": [0, 0, 2.005],
						"0.125": {
							"pre": [0, 0, 0],
							"post": [0, 0, 0],
							"lerp_mode": "catmullrom"
						}
					}
				},
				"barrel": {
					"position": {
						"0.0": [0, 0, 0],
						"0.0417": [0, -0.125, 0.375],
						"0.0833": [0, -0.125, 0.375],
						"0.125": [0, 0, 0]
					}
				},
				"camera": {
					"rotation": {
						"0.0": {
							"post": [0, 0, 0],
							"lerp_mode": "catmullrom"
						},
						"0.0417": {
							"post": [0, 0, 1.025],
							"lerp_mode": "catmullrom"
						},
						"0.0833": {
							"post": [0, 0, -0.7],
							"lerp_mode": "catmullrom"
						},
						"0.125": {
							"post": [0, 0, 0.6],
							"lerp_mode": "catmullrom"
						},
						"0.1667": {
							"post": [0, 0, -0.3],
							"lerp_mode": "catmullrom"
						},
						"0.25": {
							"post": [0, 0, 0.35],
							"lerp_mode": "catmullrom"
						},
						"0.3333": {
							"post": [0, 0, -0.15],
							"lerp_mode": "catmullrom"
						},
						"0.4583": {
							"post": [0, 0, 0],
							"lerp_mode": "catmullrom"
						}
					}
				},
				"constraint": {
					"rotation": [0.25, 0.5, 0.5],
					"position": [0.25, 0.35, 0.35]
				}
			}
		},
		"draw": {
			"animation_length": 0.625,
			"bones": {
				"righthand": {
					"rotation": [93.94813, 362.17452, -175.99563],
					"position": [-7, -13.08, 2.52],
					"scale": [1, 1.5, 1]
				},
				"lefthand": {
					"rotation": {
						"0.0": [83.11274, -19.45872, 224.79639],
						"0.3333": [103.70198, -16.68321, 164.77774]
					},
					"position": {
						"0.0": {
							"post": [15.915, -20.385, 1.895],
							"lerp_mode": "catmullrom"
						},
						"0.0833": {
							"post": [15.5525, -16.335, 1.895],
							"lerp_mode": "catmullrom"
						},
						"0.2083": {
							"post": [10.5875, -15.41, 1.65],
							"lerp_mode": "catmullrom"
						},
						"0.3333": [7.75, -14.26, 1.63],
						"0.4583": [7.75, -14.26, 1.63]
					},
					"scale": [1, 1.5, 1]
				},
				"root": {
					"rotation": {
						"0.0": {
							"post": [47.5, -15, 41],
							"lerp_mode": "catmullrom"
						},
						"0.1667": {
							"post": [-6.71308, -22.18904, 36.36928],
							"lerp_mode": "catmullrom"
						},
						"0.25": {
							"post": [-0.06544, -8.37357, 14.75086],
							"lerp_mode": "catmullrom"
						},
						"0.3333": {
							"post": [1.075, -2.1875, 3.75],
							"lerp_mode": "catmullrom"
						},
						"0.4167": {
							"post": [-0.55, 0, 0],
							"lerp_mode": "catmullrom"
						},
						"0.5417": {
							"post": [0, 0, 0],
							"lerp_mode": "catmullrom"
						}
					},
					"position": {
						"0.0": {
							"post": [-4.5, -7.575, 4.05],
							"lerp_mode": "catmullrom"
						},
						"0.0833": {
							"post": [-3.33, -5.685, 3.2375],
							"lerp_mode": "catmullrom"
						},
						"0.25": {
							"post": [-0.45, -0.4125, 0.45],
							"lerp_mode": "catmullrom"
						},
						"0.4583": {
							"post": [0, -0.1625, 0],
							"lerp_mode": "catmullrom"
						},
						"0.625": [0, 0, 0]
					}
				},
				"camera": {
					"rotation": {
						"0.0": {
							"post": [0, 0, 0],
							"lerp_mode": "catmullrom"
						},
						"0.0833": {
							"post": [0.175, 0.2, 0.35],
							"lerp_mode": "catmullrom"
						},
						"0.2083": {
							"post": [0.8, 0.3, 0.7],
							"lerp_mode": "catmullrom"
						},
						"0.2917": {
							"post": [0.245, 0.305, 0.44],
							"lerp_mode": "catmullrom"
						},
						"0.4167": {
							"post": [0.1, 0.2, 0],
							"lerp_mode": "catmullrom"
						},
						"0.5417": {
							"post": [0, 0, 0],
							"lerp_mode": "catmullrom"
						}
					}
				}
			}
		},
		"put_away": {
			"animation_length": 0.3132,
			"bones": {
				"righthand": {
					"rotation": {
						"0.0": [93.94813, 362.17452, -175.99563],
						"0.24": [93.82913, 362.37802, -178.99108]
					},
					"position": {
						"0.0": [-7, -13.08, 2.52],
						"0.24": [-6.78, -13.08, 2.2]
					},
					"scale": [1, 1.5, 1]
				},
				"lefthand": {
					"rotation": {
						"0.0": [103.70198, -16.68321, 164.77774],
						"0.12": {
							"pre": [134.48476, 6.94293, 84.85027],
							"post": [134.48476, 6.94293, 84.85027],
							"lerp_mode": "catmullrom"
						}
					},
					"position": {
						"0.0": [7.75, -14.26, 1.63],
						"0.08": {
							"pre": [11.6875, -14.26, 1.63],
							"post": [11.6875, -14.26, 1.63],
							"lerp_mode": "catmullrom"
						},
						"0.16": {
							"post": [12.75, -15.26, 1.63],
							"lerp_mode": "catmullrom"
						}
					},
					"scale": [1, 1.5, 1]
				},
				"root": {
					"rotation": {
						"0.0": {
							"post": [0, 0, 0],
							"lerp_mode": "catmullrom"
						},
						"0.12": {
							"post": [4.19646, -9.26734, 21.26489],
							"lerp_mode": "catmullrom"
						},
						"0.24": {
							"post": [9.69345, -29.05378, 31.43118],
							"lerp_mode": "catmullrom"
						},
						"0.32": {
							"post": [4.04875, -38.20952, 51.4205],
							"lerp_mode": "catmullrom"
						}
					},
					"position": {
						"0.0": {
							"post": [0, 0, 0],
							"lerp_mode": "catmullrom"
						},
						"0.12": {
							"post": [-0.97, -1.02, 0.04],
							"lerp_mode": "catmullrom"
						},
						"0.24": {
							"post": [-3.27, -4.28, 0.85],
							"lerp_mode": "catmullrom"
						},
						"0.32": {
							"post": [-5.08, -6.34, 2.92],
							"lerp_mode": "catmullrom"
						}
					}
				},
				"camera": {
					"rotation": {
						"0.0": [0, 0, 0],
						"0.12": {
							"pre": [0.5, 0, -0.53],
							"post": [0.5, 0, -0.53],
							"lerp_mode": "catmullrom"
						},
						"0.32": [0, 0, 0]
					}
				}
			}
		},
		"static_idle": {
			"loop": true,
			"bones": {
				"righthand": {
					"rotation": [93.94813, 362.17452, -175.99563],
					"position": [-7, -13.08, 2.52],
					"scale": [1, 1.5, 1]
				},
				"lefthand": {
					"rotation": [103.70198, -16.68321, 164.77774],
					"position": [7.75, -14.26, 1.63],
					"scale": [1, 1.5, 1]
				},
				"root": {
					"rotation": [0, 0, 0],
					"position": [0, 0, 0]
				},
				"constraint": {
					"rotation": [0.25, 0.5, 0.5],
					"position": [0.25, 0.35, 0.35]
				}
			}
		},
		"static_state": {
			"loop": true,
			"bones": {
				"righthand": {
					"rotation": [93.94813, 362.17452, -175.99563],
					"position": [-7, -13.08, 2.52],
					"scale": [1, 1.5, 1]
				},
				"lefthand": {
					"rotation": [103.70198, -16.68321, 164.77774],
					"position": [7.75, -14.26, 1.63],
					"scale": [1, 1.5, 1]
				}
			}
		}
	}
}