{
  "model": "ares:gun/alien_pistol_geo",
  "texture": "ares:gun/uv/alien_pistol",
  "lod": {
    "model": "ares:gun/lod/alien_pistol_lod",
    "texture": "ares:gun/lod/alien_pistol_lod"
  },
  "hud": "ares:gun/hud/alien_pistol",
  "slot": "ares:gun/slot/alien_pistol",
  "animation": "ares:alien_pistol",
  "use_default_animation": "pistol",
  "player_animator_3rd": "tacz:pistol_default.player_animation",
  "transform": {
    "scale": {
      "thirdperson": [0.6, 0.6, 0.6],
      "ground": [0.6, 0.6, 0.6],
      "fixed": [1.2, 1.2, 1.2]
    }
  },
  "shell": {
    "initial_velocity": [6.0, 5.0, 0.5],
    "random_velocity": [2, 1.5, 0.25],
    "acceleration": [0.0, -20, 0.0],
    "angular_velocity": [360, -720, 90],
    "living_time": 1.0
  },
  "muzzle_flash": {
    "texture": "tacz:flash/common_muzzle_flash",
    "scale": 0.55
  },
  "sounds": {
    "shoot": "ares:alien_pistol/shoot",
    "shoot_3p": "ares:alien_pistol/shoot_3p",
    "silence": "ares:alien_pistol/silence",
    "silence_3p": "ares:alien_pistol/silence_3p",
    "reload_tactical": "ares:alien_pistol/reload",
    "reload_empty": "ares:alien_pistol/reload_empty",
    "inspect": "ares:alien_pistol/inspect",
    "inspect_empty": "ares:alien_pistol/inspect_empty",
    "draw": "ares:alien_pistol/draw"
  },
  "offhand_show": {
    "pos": [4, 13, -1],
    "rotate": [-90, -35, 90],
    "scale": [0.5, 0.5, 0.5]
  },
  "hotbar_show": {
    "0": {
      "pos": [-5, 13, -1],
      "rotate": [-90, -35, 90],
      "scale": [0.5, 0.5, 0.5]
    }
  }
}