{
  "model": "ares:gun/m107a1_geo",
  "texture": "ares:gun/uv/m107a1",
  "lod": {
    "model": "ares:gun/lod/m107a1_lod",
    "texture": "ares:gun/lod/m107a1_lod"
  },
  "hud": "ares:gun/hud/m107a1",
  "slot": "ares:gun/slot/m107a1",
  "animation": "ares:m107a1",
  "use_default_animation": "rifle",
  "third_person_animation": "default",
  "transform": {
    "scale": {
      "thirdperson": [0.6, 0.6, 0.6],
      "ground": [0.6, 0.6, 0.6],
      "fixed": [1.2, 1.2, 1.2]
    }
  },
  "muzzle_flash": {
    "texture": "ares:flash/barrett_muzzle_flash",
    "scale": 4
  },
  "iron_zoom": 1.33,
  "zoom_model_fov": 55,
  "shell": {
    "initial_velocity": [5, 2, 1],
    "random_velocity": [1, 1, 0.25],
    "acceleration": [0.0, -10, 0.0],
    "angular_velocity": [360, -1200, 90],
    "living_time": 1.0
  },
  "sounds": {
    "shoot": "ares:m107a1/shoot",
    "shoot_3p": "ares:m107a1/shoot",
    "reload_empty": "ares:m107a1/reload_empty",
    "reload_tactical": "ares:m107a1/reload",
    "inspect": "ares:m107a1/inspect",
    "inspect_empty": "ares:m107a1/inspect_empty",
    "draw": "ares:m107a1/draw",
    "put_away": "ares:m107a1/put_away",
    "silence": "ares:m107a1/silence",
    "silence_3p": "ares:m107a1/silence"
  },
  "offhand_show": {
    "pos": [1, 19, 4],
    "rotate": [0, 0, 50],
    "scale": [0.5, 0.5, 0.5]
  },
  "hotbar_show": {
    "0": {
      "pos": [-1, 19, 3],
      "rotate": [-180, 0, 130],
      "scale": [0.5, 0.5, 0.5]
    }
  }
}