{
  "model": "ares:gun/mac10_geo",
  "texture": "ares:gun/uv/mac10",
  "lod": {
    "model": "tacz:gun/lod/mac10",
    "texture": "tacz:gun/lod/mac10"
  },
  "hud": "ares:gun/hud/mac10",
  "slot": "ares:gun/slot/mac10",
  "animation": "ares:mac10",
  "use_default_animation": "pistol",
  "transform": {
    "scale": {
      "thirdperson": [0.6, 0.6, 0.6],
      "ground": [0.6, 0.6, 0.6],
      "fixed": [1.2, 1.2, 1.2]
    }
  },
  "shell": {
    "initial_velocity": [8.0, 5.0, -0.5],
    "random_velocity": [2.5, 1.5, 0.25],
    "acceleration": [0.0, -20, 0.0],
    "angular_velocity": [-720, -720, 90],
    "living_time": 1.0
  },
  "muzzle_flash": {
    "texture": "tacz:flash/common_muzzle_flash",
    "scale": 1
  },
  "sounds": {
    "reload_empty": "ares:mac10/reload_empty",
    "reload_tactical": "ares:mac10/reload",
    "inspect": "ares:mac10/inspect",
    "inspect_empty": "ares:mac10/inspect_empty",
    "draw": "ares:mac10/draw",
    "shoot": "ares:mac10/shoot",
    "shoot_3p": "ares:mac10/shoot_3p",
    "silence": "tacz:hk_mp5a5/hk_mp5a5_silence",
    "silence_3p": "tacz:hk_mp5a5/hk_mp5a5_silence_3p"
  },
  "offhand_show": {
    "pos": [4, 13, -1],
    "rotate": [-90, -35, 90],
    "scale": [0.5, 0.5, 0.5]
  },
  "hotbar_show": {
    "0": {
      "pos": [-5, 13, -1],
      "rotate": [-90, -35, 90],
      "scale": [0.5, 0.5, 0.5]
    }
  }
}