{
	"format_version": "1.12.0",
	"minecraft:geometry": [
		{
			"description": {
				"identifier": "geometry.1",
				"texture_width": 32,
				"texture_height": 32,
				"visible_bounds_width": 3,
				"visible_bounds_height": 1.5,
				"visible_bounds_offset": [0, 0.25, 0]
			},
			"bones": [
				{
					"name": "scope_body",
					"pivot": [0, 0, 0]
				},
				{
					"name": "front",
					"parent": "scope_body",
					"pivot": [0, 0.08767, -16.375],
					"cubes": [
						{
							"origin": [-0.34375, -0.62265, -17.15625],
							"size": [0.6875, 0.71875, 1.5625],
							"uv": {
								"north": {"uv": [6, 0], "uv_size": [1.5, 1.5]},
								"east": {"uv": [0, 0], "uv_size": [3.25, 1.5]},
								"south": {"uv": [6, 2], "uv_size": [1.5, 1.5]},
								"west": {"uv": [0, 2], "uv_size": [3.25, 1.5]},
								"up": {"uv": [0, 4], "uv_size": [1.5, 3.25]},
								"down": {"uv": [4, 3.25], "uv_size": [1.5, -3.25]}
							}
						},
						{
							"origin": [-0.34375, 0.0961, -16.46875],
							"size": [0.6875, 0.09375, 0.1875],
							"uv": {
								"north": {"uv": [9, 14], "uv_size": [1.5, 0.25]},
								"east": {"uv": [19, 11], "uv_size": [0.5, 0.25]},
								"south": {"uv": [14, 9], "uv_size": [1.5, 0.25]},
								"west": {"uv": [12, 19], "uv_size": [0.5, 0.25]},
								"up": {"uv": [8, 7], "uv_size": [1.5, 0.5]},
								"down": {"uv": [0, 10.5], "uv_size": [1.5, -0.5]}
							}
						},
						{
							"origin": [-0.09375, 0.18985, -16.46875],
							"size": [0.1875, 0.35156, 0.1875],
							"uv": {
								"north": {"uv": [15, 5], "uv_size": [0.5, 0.75]},
								"east": {"uv": [6, 15], "uv_size": [0.5, 0.75]},
								"south": {"uv": [15, 6], "uv_size": [0.5, 0.75]},
								"west": {"uv": [7, 15], "uv_size": [0.5, 0.75]},
								"up": {"uv": [3, 16], "uv_size": [0.5, 0.5]},
								"down": {"uv": [16, 3.5], "uv_size": [0.5, -0.5]}
							}
						},
						{
							"origin": [-0.34375, 0.0961, -17.16262],
							"size": [0.6875, 0.09356, 0.69387],
							"pivot": [0.34375, 0.18985, -16.46875],
							"rotation": [7.75, 0, 0],
							"uv": {
								"north": {"uv": [14, 10], "uv_size": [1.5, 0.25]},
								"east": {"uv": [11, 14], "uv_size": [1.5, 0.25]},
								"south": {"uv": [14, 11], "uv_size": [1.5, 0.25]},
								"west": {"uv": [13, 14], "uv_size": [1.5, 0.25]},
								"up": {"uv": [6, 4], "uv_size": [1.5, 1.5]},
								"down": {"uv": [6, 7.5], "uv_size": [1.5, -1.5]}
							}
						},
						{
							"origin": [-0.34375, 0.0961, -16.28125],
							"size": [0.6875, 0.09356, 0.69386],
							"pivot": [0.34375, 0.18985, -16.28125],
							"rotation": [-7.75, 0, 0],
							"uv": {
								"north": {"uv": [0, 15], "uv_size": [1.5, 0.25]},
								"east": {"uv": [2, 15], "uv_size": [1.5, 0.25]},
								"south": {"uv": [4, 15], "uv_size": [1.5, 0.25]},
								"west": {"uv": [15, 4], "uv_size": [1.5, 0.25]},
								"up": {"uv": [0, 8], "uv_size": [1.5, 1.5]},
								"down": {"uv": [8, 1.5], "uv_size": [1.5, -1.5]}
							}
						}
					]
				},
				{
					"name": "1",
					"parent": "front",
					"pivot": [0.3, 1.38204, -13.99531],
					"cubes": [
						{
							"origin": [-0.23869, 0.48204, -16.47031],
							"size": [0.47739, 0.09375, 0.19532],
							"pivot": [0, 1.68204, -16.38281],
							"rotation": [0, 0, -45],
							"uv": {
								"north": {"uv": [4, 16], "uv_size": [1, 0.25]},
								"east": {"uv": [19, 12], "uv_size": [0.5, 0.25]},
								"south": {"uv": [5, 16], "uv_size": [1, 0.25]},
								"west": {"uv": [13, 19], "uv_size": [0.5, 0.25]},
								"up": {"uv": [10, 3], "uv_size": [1, 0.5]},
								"down": {"uv": [4, 10.5], "uv_size": [1, -0.5]}
							}
						},
						{
							"origin": [-0.23869, 0.48204, -16.47031],
							"size": [0.47739, 0.09375, 0.19532],
							"pivot": [0, 1.68204, -16.38281],
							"rotation": [0, 0, -22.5],
							"uv": {
								"north": {"uv": [16, 5], "uv_size": [1, 0.25]},
								"east": {"uv": [19, 13], "uv_size": [0.5, 0.25]},
								"south": {"uv": [6, 16], "uv_size": [1, 0.25]},
								"west": {"uv": [14, 19], "uv_size": [0.5, 0.25]},
								"up": {"uv": [10, 4], "uv_size": [1, 0.5]},
								"down": {"uv": [5, 10.5], "uv_size": [1, -0.5]}
							}
						},
						{
							"origin": [-0.23869, 0.48204, -16.47031],
							"size": [0.47739, 0.09375, 0.19532],
							"uv": {
								"north": {"uv": [16, 6], "uv_size": [1, 0.25]},
								"east": {"uv": [19, 14], "uv_size": [0.5, 0.25]},
								"south": {"uv": [7, 16], "uv_size": [1, 0.25]},
								"west": {"uv": [15, 19], "uv_size": [0.5, 0.25]},
								"up": {"uv": [10, 5], "uv_size": [1, 0.5]},
								"down": {"uv": [10, 7.5], "uv_size": [1, -0.5]}
							}
						},
						{
							"origin": [-0.23869, 0.48204, -16.47031],
							"size": [0.47739, 0.09375, 0.19532],
							"pivot": [0, 1.68204, -16.38281],
							"rotation": [0, 0, 22.5],
							"uv": {
								"north": {"uv": [8, 16], "uv_size": [1, 0.25]},
								"east": {"uv": [19, 15], "uv_size": [0.5, 0.25]},
								"south": {"uv": [9, 16], "uv_size": [1, 0.25]},
								"west": {"uv": [16, 19], "uv_size": [0.5, 0.25]},
								"up": {"uv": [10, 8], "uv_size": [1, 0.5]},
								"down": {"uv": [10, 9.5], "uv_size": [1, -0.5]}
							}
						},
						{
							"origin": [-0.23869, 0.48204, -16.47031],
							"size": [0.47739, 0.09375, 0.19532],
							"pivot": [0, 1.68204, -16.38281],
							"rotation": [0, 0, 45],
							"uv": {
								"north": {"uv": [16, 9], "uv_size": [1, 0.25]},
								"east": {"uv": [19, 16], "uv_size": [0.5, 0.25]},
								"south": {"uv": [10, 16], "uv_size": [1, 0.25]},
								"west": {"uv": [17, 19], "uv_size": [0.5, 0.25]},
								"up": {"uv": [10, 10], "uv_size": [1, 0.5]},
								"down": {"uv": [0, 11.5], "uv_size": [1, -0.5]}
							}
						},
						{
							"origin": [-0.23869, 2.78829, -16.47031],
							"size": [0.47739, 0.09375, 0.19532],
							"pivot": [0, 1.68204, -16.38281],
							"rotation": [0, 0, -45],
							"uv": {
								"north": {"uv": [16, 10], "uv_size": [1, 0.25]},
								"east": {"uv": [19, 17], "uv_size": [0.5, 0.25]},
								"south": {"uv": [11, 16], "uv_size": [1, 0.25]},
								"west": {"uv": [18, 19], "uv_size": [0.5, 0.25]},
								"up": {"uv": [1, 11], "uv_size": [1, 0.5]},
								"down": {"uv": [2, 11.5], "uv_size": [1, -0.5]}
							}
						},
						{
							"origin": [-0.23869, 2.78829, -16.47031],
							"size": [0.47739, 0.09375, 0.19532],
							"pivot": [0, 1.68204, -16.38281],
							"rotation": [0, 0, -22.5],
							"uv": {
								"north": {"uv": [16, 11], "uv_size": [1, 0.25]},
								"east": {"uv": [19, 18], "uv_size": [0.5, 0.25]},
								"south": {"uv": [12, 16], "uv_size": [1, 0.25]},
								"west": {"uv": [19, 19], "uv_size": [0.5, 0.25]},
								"up": {"uv": [3, 11], "uv_size": [1, 0.5]},
								"down": {"uv": [11, 3.5], "uv_size": [1, -0.5]}
							}
						},
						{
							"origin": [-0.23869, 2.78829, -16.47031],
							"size": [0.47739, 0.09375, 0.19532],
							"uv": {
								"north": {"uv": [13, 16], "uv_size": [1, 0.25]},
								"east": {"uv": [0, 20], "uv_size": [0.5, 0.25]},
								"south": {"uv": [14, 16], "uv_size": [1, 0.25]},
								"west": {"uv": [20, 0], "uv_size": [0.5, 0.25]},
								"up": {"uv": [4, 11], "uv_size": [1, 0.5]},
								"down": {"uv": [11, 4.5], "uv_size": [1, -0.5]}
							}
						},
						{
							"origin": [-0.23869, 2.78829, -16.47031],
							"size": [0.47739, 0.09375, 0.19532],
							"pivot": [0, 1.68204, -16.38281],
							"rotation": [0, 0, 22.5],
							"uv": {
								"north": {"uv": [15, 16], "uv_size": [1, 0.25]},
								"east": {"uv": [1, 20], "uv_size": [0.5, 0.25]},
								"south": {"uv": [16, 15], "uv_size": [1, 0.25]},
								"west": {"uv": [20, 1], "uv_size": [0.5, 0.25]},
								"up": {"uv": [5, 11], "uv_size": [1, 0.5]},
								"down": {"uv": [11, 5.5], "uv_size": [1, -0.5]}
							}
						},
						{
							"origin": [-0.23869, 2.78829, -16.47031],
							"size": [0.47739, 0.09375, 0.19532],
							"pivot": [0, 1.68204, -16.38281],
							"rotation": [0, 0, 45],
							"uv": {
								"north": {"uv": [16, 16], "uv_size": [1, 0.25]},
								"east": {"uv": [2, 20], "uv_size": [0.5, 0.25]},
								"south": {"uv": [0, 17], "uv_size": [1, 0.25]},
								"west": {"uv": [20, 2], "uv_size": [0.5, 0.25]},
								"up": {"uv": [6, 11], "uv_size": [1, 0.5]},
								"down": {"uv": [7, 11.5], "uv_size": [1, -0.5]}
							}
						},
						{
							"origin": [1.10625, 1.44334, -16.47031],
							"size": [0.09375, 0.47739, 0.19532],
							"pivot": [0, 1.68204, -16.38281],
							"rotation": [0, 0, -22.5],
							"uv": {
								"north": {"uv": [17, 0], "uv_size": [0.25, 1]},
								"east": {"uv": [11, 7], "uv_size": [0.5, 1]},
								"south": {"uv": [1, 17], "uv_size": [0.25, 1]},
								"west": {"uv": [8, 11], "uv_size": [0.5, 1]},
								"up": {"uv": [3, 20], "uv_size": [0.25, 0.5]},
								"down": {"uv": [20, 3.5], "uv_size": [0.25, -0.5]}
							}
						},
						{
							"origin": [1.10625, 1.44334, -16.47031],
							"size": [0.09375, 0.47739, 0.19532],
							"uv": {
								"north": {"uv": [17, 1], "uv_size": [0.25, 1]},
								"east": {"uv": [11, 8], "uv_size": [0.5, 1]},
								"south": {"uv": [2, 17], "uv_size": [0.25, 1]},
								"west": {"uv": [9, 11], "uv_size": [0.5, 1]},
								"up": {"uv": [4, 20], "uv_size": [0.25, 0.5]},
								"down": {"uv": [20, 4.5], "uv_size": [0.25, -0.5]}
							}
						},
						{
							"origin": [1.10625, 1.44334, -16.47031],
							"size": [0.09375, 0.47739, 0.19532],
							"pivot": [0, 1.68204, -16.38281],
							"rotation": [0, 0, 22.5],
							"uv": {
								"north": {"uv": [17, 2], "uv_size": [0.25, 1]},
								"east": {"uv": [11, 9], "uv_size": [0.5, 1]},
								"south": {"uv": [3, 17], "uv_size": [0.25, 1]},
								"west": {"uv": [10, 11], "uv_size": [0.5, 1]},
								"up": {"uv": [5, 20], "uv_size": [0.25, 0.5]},
								"down": {"uv": [20, 5.5], "uv_size": [0.25, -0.5]}
							}
						},
						{
							"origin": [-1.2, 1.44334, -16.47031],
							"size": [0.09375, 0.47739, 0.19532],
							"pivot": [0, 1.68204, -16.38281],
							"rotation": [0, 0, -22.5],
							"uv": {
								"north": {"uv": [17, 3], "uv_size": [0.25, 1]},
								"east": {"uv": [11, 10], "uv_size": [0.5, 1]},
								"south": {"uv": [4, 17], "uv_size": [0.25, 1]},
								"west": {"uv": [11, 11], "uv_size": [0.5, 1]},
								"up": {"uv": [6, 20], "uv_size": [0.25, 0.5]},
								"down": {"uv": [20, 6.5], "uv_size": [0.25, -0.5]}
							}
						},
						{
							"origin": [-1.2, 1.44334, -16.47031],
							"size": [0.09375, 0.47739, 0.19532],
							"uv": {
								"north": {"uv": [17, 4], "uv_size": [0.25, 1]},
								"east": {"uv": [0, 12], "uv_size": [0.5, 1]},
								"south": {"uv": [5, 17], "uv_size": [0.25, 1]},
								"west": {"uv": [12, 0], "uv_size": [0.5, 1]},
								"up": {"uv": [7, 20], "uv_size": [0.25, 0.5]},
								"down": {"uv": [20, 7.5], "uv_size": [0.25, -0.5]}
							}
						},
						{
							"origin": [-1.2, 1.44334, -16.47031],
							"size": [0.09375, 0.47739, 0.19532],
							"pivot": [0, 1.68204, -16.38281],
							"rotation": [0, 0, 22.5],
							"uv": {
								"north": {"uv": [17, 5], "uv_size": [0.25, 1]},
								"east": {"uv": [1, 12], "uv_size": [0.5, 1]},
								"south": {"uv": [6, 17], "uv_size": [0.25, 1]},
								"west": {"uv": [12, 1], "uv_size": [0.5, 1]},
								"up": {"uv": [8, 20], "uv_size": [0.25, 0.5]},
								"down": {"uv": [20, 8.5], "uv_size": [0.25, -0.5]}
							}
						}
					]
				},
				{
					"name": "2",
					"parent": "1",
					"pivot": [0, 1.68204, -13.69084],
					"cubes": [
						{
							"origin": [-0.13367, 1.01429, -16.47422],
							"size": [0.26734, 0.09375, 0.19532],
							"pivot": [0, 1.68204, -16.37834],
							"rotation": [0, 0, -45],
							"uv": {
								"north": {"uv": [9, 20], "uv_size": [0.5, 0.25]},
								"east": {"uv": [20, 9], "uv_size": [0.5, 0.25]},
								"south": {"uv": [10, 20], "uv_size": [0.5, 0.25]},
								"west": {"uv": [20, 10], "uv_size": [0.5, 0.25]},
								"up": {"uv": [17, 6], "uv_size": [0.5, 0.5]},
								"down": {"uv": [7, 17.5], "uv_size": [0.5, -0.5]}
							}
						},
						{
							"origin": [-0.13367, 1.01429, -16.47422],
							"size": [0.26734, 0.09375, 0.19532],
							"pivot": [0, 1.68204, -16.37834],
							"rotation": [0, 0, -22.5],
							"uv": {
								"north": {"uv": [11, 20], "uv_size": [0.5, 0.25]},
								"east": {"uv": [20, 11], "uv_size": [0.5, 0.25]},
								"south": {"uv": [12, 20], "uv_size": [0.5, 0.25]},
								"west": {"uv": [20, 12], "uv_size": [0.5, 0.25]},
								"up": {"uv": [17, 7], "uv_size": [0.5, 0.5]},
								"down": {"uv": [8, 17.5], "uv_size": [0.5, -0.5]}
							}
						},
						{
							"origin": [-0.13367, 1.01429, -16.47422],
							"size": [0.26734, 0.09375, 0.19532],
							"uv": {
								"north": {"uv": [13, 20], "uv_size": [0.5, 0.25]},
								"east": {"uv": [20, 13], "uv_size": [0.5, 0.25]},
								"south": {"uv": [14, 20], "uv_size": [0.5, 0.25]},
								"west": {"uv": [20, 14], "uv_size": [0.5, 0.25]},
								"up": {"uv": [17, 8], "uv_size": [0.5, 0.5]},
								"down": {"uv": [9, 17.5], "uv_size": [0.5, -0.5]}
							}
						},
						{
							"origin": [-0.13367, 1.01429, -16.47422],
							"size": [0.26734, 0.09375, 0.19532],
							"pivot": [0, 1.68204, -16.37834],
							"rotation": [0, 0, 22.5],
							"uv": {
								"north": {"uv": [15, 20], "uv_size": [0.5, 0.25]},
								"east": {"uv": [20, 15], "uv_size": [0.5, 0.25]},
								"south": {"uv": [16, 20], "uv_size": [0.5, 0.25]},
								"west": {"uv": [20, 16], "uv_size": [0.5, 0.25]},
								"up": {"uv": [17, 9], "uv_size": [0.5, 0.5]},
								"down": {"uv": [10, 17.5], "uv_size": [0.5, -0.5]}
							}
						},
						{
							"origin": [-0.13367, 1.01429, -16.47422],
							"size": [0.26734, 0.09375, 0.19532],
							"pivot": [0, 1.68204, -16.37834],
							"rotation": [0, 0, 45],
							"uv": {
								"north": {"uv": [17, 20], "uv_size": [0.5, 0.25]},
								"east": {"uv": [20, 17], "uv_size": [0.5, 0.25]},
								"south": {"uv": [18, 20], "uv_size": [0.5, 0.25]},
								"west": {"uv": [20, 18], "uv_size": [0.5, 0.25]},
								"up": {"uv": [17, 10], "uv_size": [0.5, 0.5]},
								"down": {"uv": [11, 17.5], "uv_size": [0.5, -0.5]}
							}
						},
						{
							"origin": [-0.13367, 2.25603, -16.47422],
							"size": [0.26734, 0.09375, 0.19532],
							"pivot": [0, 1.68204, -16.37834],
							"rotation": [0, 0, -45],
							"uv": {
								"north": {"uv": [19, 20], "uv_size": [0.5, 0.25]},
								"east": {"uv": [20, 19], "uv_size": [0.5, 0.25]},
								"south": {"uv": [20, 20], "uv_size": [0.5, 0.25]},
								"west": {"uv": [0, 21], "uv_size": [0.5, 0.25]},
								"up": {"uv": [17, 11], "uv_size": [0.5, 0.5]},
								"down": {"uv": [12, 17.5], "uv_size": [0.5, -0.5]}
							}
						},
						{
							"origin": [-0.13367, 2.25603, -16.47422],
							"size": [0.26734, 0.09375, 0.19532],
							"pivot": [0, 1.68204, -16.37834],
							"rotation": [0, 0, -22.5],
							"uv": {
								"north": {"uv": [21, 0], "uv_size": [0.5, 0.25]},
								"east": {"uv": [1, 21], "uv_size": [0.5, 0.25]},
								"south": {"uv": [21, 1], "uv_size": [0.5, 0.25]},
								"west": {"uv": [2, 21], "uv_size": [0.5, 0.25]},
								"up": {"uv": [17, 12], "uv_size": [0.5, 0.5]},
								"down": {"uv": [13, 17.5], "uv_size": [0.5, -0.5]}
							}
						},
						{
							"origin": [-0.13367, 2.25603, -16.47422],
							"size": [0.26734, 0.09375, 0.19532],
							"uv": {
								"north": {"uv": [21, 2], "uv_size": [0.5, 0.25]},
								"east": {"uv": [3, 21], "uv_size": [0.5, 0.25]},
								"south": {"uv": [21, 3], "uv_size": [0.5, 0.25]},
								"west": {"uv": [4, 21], "uv_size": [0.5, 0.25]},
								"up": {"uv": [17, 13], "uv_size": [0.5, 0.5]},
								"down": {"uv": [14, 17.5], "uv_size": [0.5, -0.5]}
							}
						},
						{
							"origin": [-0.13367, 2.25603, -16.47422],
							"size": [0.26734, 0.09375, 0.19532],
							"pivot": [0, 1.68204, -16.37834],
							"rotation": [0, 0, 22.5],
							"uv": {
								"north": {"uv": [21, 4], "uv_size": [0.5, 0.25]},
								"east": {"uv": [5, 21], "uv_size": [0.5, 0.25]},
								"south": {"uv": [21, 5], "uv_size": [0.5, 0.25]},
								"west": {"uv": [6, 21], "uv_size": [0.5, 0.25]},
								"up": {"uv": [17, 14], "uv_size": [0.5, 0.5]},
								"down": {"uv": [15, 17.5], "uv_size": [0.5, -0.5]}
							}
						},
						{
							"origin": [-0.13367, 2.25603, -16.47422],
							"size": [0.26734, 0.09375, 0.19532],
							"pivot": [0, 1.68204, -16.37834],
							"rotation": [0, 0, 45],
							"uv": {
								"north": {"uv": [21, 6], "uv_size": [0.5, 0.25]},
								"east": {"uv": [7, 21], "uv_size": [0.5, 0.25]},
								"south": {"uv": [21, 7], "uv_size": [0.5, 0.25]},
								"west": {"uv": [8, 21], "uv_size": [0.5, 0.25]},
								"up": {"uv": [17, 15], "uv_size": [0.5, 0.5]},
								"down": {"uv": [16, 17.5], "uv_size": [0.5, -0.5]}
							}
						},
						{
							"origin": [0.574, 1.54837, -16.47422],
							"size": [0.09375, 0.26734, 0.19532],
							"pivot": [0, 1.68204, -16.37834],
							"rotation": [0, 0, -22.5],
							"uv": {
								"north": {"uv": [21, 8], "uv_size": [0.25, 0.5]},
								"east": {"uv": [17, 16], "uv_size": [0.5, 0.5]},
								"south": {"uv": [9, 21], "uv_size": [0.25, 0.5]},
								"west": {"uv": [17, 17], "uv_size": [0.5, 0.5]},
								"up": {"uv": [21, 9], "uv_size": [0.25, 0.5]},
								"down": {"uv": [10, 21.5], "uv_size": [0.25, -0.5]}
							}
						},
						{
							"origin": [0.574, 1.54837, -16.47422],
							"size": [0.09375, 0.26734, 0.19532],
							"uv": {
								"north": {"uv": [21, 10], "uv_size": [0.25, 0.5]},
								"east": {"uv": [0, 18], "uv_size": [0.5, 0.5]},
								"south": {"uv": [11, 21], "uv_size": [0.25, 0.5]},
								"west": {"uv": [18, 0], "uv_size": [0.5, 0.5]},
								"up": {"uv": [21, 11], "uv_size": [0.25, 0.5]},
								"down": {"uv": [12, 21.5], "uv_size": [0.25, -0.5]}
							}
						},
						{
							"origin": [0.574, 1.54837, -16.47422],
							"size": [0.09375, 0.26734, 0.19532],
							"pivot": [0, 1.68204, -16.37834],
							"rotation": [0, 0, 22.5],
							"uv": {
								"north": {"uv": [21, 12], "uv_size": [0.25, 0.5]},
								"east": {"uv": [1, 18], "uv_size": [0.5, 0.5]},
								"south": {"uv": [13, 21], "uv_size": [0.25, 0.5]},
								"west": {"uv": [18, 1], "uv_size": [0.5, 0.5]},
								"up": {"uv": [21, 13], "uv_size": [0.25, 0.5]},
								"down": {"uv": [14, 21.5], "uv_size": [0.25, -0.5]}
							}
						},
						{
							"origin": [-0.66775, 1.54837, -16.47422],
							"size": [0.09375, 0.26734, 0.19532],
							"pivot": [0, 1.68204, -16.37834],
							"rotation": [0, 0, -22.5],
							"uv": {
								"north": {"uv": [21, 14], "uv_size": [0.25, 0.5]},
								"east": {"uv": [2, 18], "uv_size": [0.5, 0.5]},
								"south": {"uv": [15, 21], "uv_size": [0.25, 0.5]},
								"west": {"uv": [18, 2], "uv_size": [0.5, 0.5]},
								"up": {"uv": [21, 15], "uv_size": [0.25, 0.5]},
								"down": {"uv": [16, 21.5], "uv_size": [0.25, -0.5]}
							}
						},
						{
							"origin": [-0.66775, 1.54837, -16.47422],
							"size": [0.09375, 0.26734, 0.19532],
							"uv": {
								"north": {"uv": [21, 16], "uv_size": [0.25, 0.5]},
								"east": {"uv": [3, 18], "uv_size": [0.5, 0.5]},
								"south": {"uv": [17, 21], "uv_size": [0.25, 0.5]},
								"west": {"uv": [18, 3], "uv_size": [0.5, 0.5]},
								"up": {"uv": [21, 17], "uv_size": [0.25, 0.5]},
								"down": {"uv": [18, 21.5], "uv_size": [0.25, -0.5]}
							}
						},
						{
							"origin": [-0.66775, 1.54837, -16.47422],
							"size": [0.09375, 0.26734, 0.19532],
							"pivot": [0, 1.68204, -16.37834],
							"rotation": [0, 0, 22.5],
							"uv": {
								"north": {"uv": [21, 18], "uv_size": [0.25, 0.5]},
								"east": {"uv": [4, 18], "uv_size": [0.5, 0.5]},
								"south": {"uv": [19, 21], "uv_size": [0.25, 0.5]},
								"west": {"uv": [18, 4], "uv_size": [0.5, 0.5]},
								"up": {"uv": [21, 19], "uv_size": [0.25, 0.5]},
								"down": {"uv": [20, 21.5], "uv_size": [0.25, -0.5]}
							}
						}
					]
				},
				{
					"name": "3",
					"parent": "1",
					"pivot": [0, 1.68204, -13.68951],
					"cubes": [
						{
							"origin": [-0.03341, 0.5151, -16.40098],
							"size": [0.06684, 1.03125, 0.04883],
							"pivot": [0, 1.68204, -16.37701],
							"rotation": [0, 0, -45],
							"uv": {
								"north": {"uv": [2, 12], "uv_size": [0.25, 2]},
								"east": {"uv": [12, 2], "uv_size": [0.25, 2]},
								"south": {"uv": [3, 12], "uv_size": [0.25, 2]},
								"west": {"uv": [4, 12], "uv_size": [0.25, 2]},
								"up": {"uv": [0, 24], "uv_size": [0.25, 0.25]},
								"down": {"uv": [24, 0.25], "uv_size": [0.25, -0.25]}
							}
						},
						{
							"origin": [-0.03341, 1.5151, -16.40098],
							"size": [0.06684, 0.03125, 0.04883],
							"pivot": [0, 1.68204, -16.37701],
							"rotation": [0, 0, -22.5],
							"uv": {
								"north": {"uv": [1, 24], "uv_size": [0.25, 0.25]},
								"east": {"uv": [24, 1], "uv_size": [0.25, 0.25]},
								"south": {"uv": [2, 24], "uv_size": [0.25, 0.25]},
								"west": {"uv": [24, 2], "uv_size": [0.25, 0.25]},
								"up": {"uv": [3, 24], "uv_size": [0.25, 0.25]},
								"down": {"uv": [24, 3.25], "uv_size": [0.25, -0.25]}
							}
						},
						{
							"origin": [-0.03341, 0.5151, -16.40098],
							"size": [0.06684, 1.03125, 0.04883],
							"uv": {
								"north": {"uv": [12, 4], "uv_size": [0.25, 2]},
								"east": {"uv": [5, 12], "uv_size": [0.25, 2]},
								"south": {"uv": [6, 12], "uv_size": [0.25, 2]},
								"west": {"uv": [12, 6], "uv_size": [0.25, 2]},
								"up": {"uv": [4, 24], "uv_size": [0.25, 0.25]},
								"down": {"uv": [24, 4.25], "uv_size": [0.25, -0.25]}
							}
						},
						{
							"origin": [-0.03341, 1.5151, -16.40098],
							"size": [0.06684, 0.03125, 0.04883],
							"pivot": [0, 1.68204, -16.37701],
							"rotation": [0, 0, 22.5],
							"uv": {
								"north": {"uv": [5, 24], "uv_size": [0.25, 0.25]},
								"east": {"uv": [24, 5], "uv_size": [0.25, 0.25]},
								"south": {"uv": [6, 24], "uv_size": [0.25, 0.25]},
								"west": {"uv": [24, 6], "uv_size": [0.25, 0.25]},
								"up": {"uv": [7, 24], "uv_size": [0.25, 0.25]},
								"down": {"uv": [24, 7.25], "uv_size": [0.25, -0.25]}
							}
						},
						{
							"origin": [-0.03341, 0.54635, -16.40098],
							"size": [0.06684, 1, 0.04883],
							"pivot": [0, 1.68204, -16.37701],
							"rotation": [0, 0, 45],
							"uv": {
								"north": {"uv": [7, 12], "uv_size": [0.25, 2]},
								"east": {"uv": [8, 12], "uv_size": [0.25, 2]},
								"south": {"uv": [12, 8], "uv_size": [0.25, 2]},
								"west": {"uv": [9, 12], "uv_size": [0.25, 2]},
								"up": {"uv": [8, 24], "uv_size": [0.25, 0.25]},
								"down": {"uv": [24, 8.25], "uv_size": [0.25, -0.25]}
							}
						},
						{
							"origin": [-0.03341, 1.81772, -16.40098],
							"size": [0.06684, 1.03125, 0.04883],
							"pivot": [0, 1.68204, -16.37701],
							"rotation": [0, 0, -45],
							"uv": {
								"north": {"uv": [10, 12], "uv_size": [0.25, 2]},
								"east": {"uv": [12, 10], "uv_size": [0.25, 2]},
								"south": {"uv": [11, 12], "uv_size": [0.25, 2]},
								"west": {"uv": [12, 12], "uv_size": [0.25, 2]},
								"up": {"uv": [9, 24], "uv_size": [0.25, 0.25]},
								"down": {"uv": [24, 9.25], "uv_size": [0.25, -0.25]}
							}
						},
						{
							"origin": [-0.03341, 1.81772, -16.40098],
							"size": [0.06684, 0.03125, 0.04883],
							"pivot": [0, 1.68204, -16.37701],
							"rotation": [0, 0, -22.5],
							"uv": {
								"north": {"uv": [10, 24], "uv_size": [0.25, 0.25]},
								"east": {"uv": [24, 10], "uv_size": [0.25, 0.25]},
								"south": {"uv": [11, 24], "uv_size": [0.25, 0.25]},
								"west": {"uv": [24, 11], "uv_size": [0.25, 0.25]},
								"up": {"uv": [12, 24], "uv_size": [0.25, 0.25]},
								"down": {"uv": [24, 12.25], "uv_size": [0.25, -0.25]}
							}
						},
						{
							"origin": [-0.03341, 1.81772, -16.40098],
							"size": [0.06684, 1.03125, 0.04883],
							"uv": {
								"north": {"uv": [0, 13], "uv_size": [0.25, 2]},
								"east": {"uv": [13, 0], "uv_size": [0.25, 2]},
								"south": {"uv": [1, 13], "uv_size": [0.25, 2]},
								"west": {"uv": [13, 2], "uv_size": [0.25, 2]},
								"up": {"uv": [13, 24], "uv_size": [0.25, 0.25]},
								"down": {"uv": [24, 13.25], "uv_size": [0.25, -0.25]}
							}
						},
						{
							"origin": [-0.03341, 1.81772, -16.40098],
							"size": [0.06684, 0.03125, 0.04883],
							"pivot": [0, 1.68204, -16.37701],
							"rotation": [0, 0, 22.5],
							"uv": {
								"north": {"uv": [14, 24], "uv_size": [0.25, 0.25]},
								"east": {"uv": [24, 14], "uv_size": [0.25, 0.25]},
								"south": {"uv": [15, 24], "uv_size": [0.25, 0.25]},
								"west": {"uv": [24, 15], "uv_size": [0.25, 0.25]},
								"up": {"uv": [16, 24], "uv_size": [0.25, 0.25]},
								"down": {"uv": [24, 16.25], "uv_size": [0.25, -0.25]}
							}
						},
						{
							"origin": [-0.03341, 1.81772, -16.40098],
							"size": [0.06684, 1, 0.04883],
							"pivot": [0, 1.68204, -16.37701],
							"rotation": [0, 0, 45],
							"uv": {
								"north": {"uv": [13, 4], "uv_size": [0.25, 2]},
								"east": {"uv": [13, 6], "uv_size": [0.25, 2]},
								"south": {"uv": [13, 8], "uv_size": [0.25, 2]},
								"west": {"uv": [13, 10], "uv_size": [0.25, 2]},
								"up": {"uv": [17, 24], "uv_size": [0.25, 0.25]},
								"down": {"uv": [24, 17.25], "uv_size": [0.25, -0.25]}
							}
						},
						{
							"origin": [0.13569, 1.64862, -16.40098],
							"size": [0.03125, 0.06683, 0.04883],
							"pivot": [0, 1.68204, -16.37701],
							"rotation": [0, 0, -22.5],
							"uv": {
								"north": {"uv": [18, 24], "uv_size": [0.25, 0.25]},
								"east": {"uv": [24, 18], "uv_size": [0.25, 0.25]},
								"south": {"uv": [19, 24], "uv_size": [0.25, 0.25]},
								"west": {"uv": [24, 19], "uv_size": [0.25, 0.25]},
								"up": {"uv": [20, 24], "uv_size": [0.25, 0.25]},
								"down": {"uv": [24, 20.25], "uv_size": [0.25, -0.25]}
							}
						},
						{
							"origin": [0.13569, 1.64862, -16.40098],
							"size": [1, 0.06683, 0.04883],
							"uv": {
								"north": {"uv": [13, 12], "uv_size": [2, 0.25]},
								"east": {"uv": [21, 24], "uv_size": [0.25, 0.25]},
								"south": {"uv": [13, 13], "uv_size": [2, 0.25]},
								"west": {"uv": [24, 21], "uv_size": [0.25, 0.25]},
								"up": {"uv": [14, 0], "uv_size": [2, 0.25]},
								"down": {"uv": [14, 1.25], "uv_size": [2, -0.25]}
							}
						},
						{
							"origin": [0.13569, 1.64862, -16.40098],
							"size": [0.03125, 0.06683, 0.04883],
							"pivot": [0, 1.68204, -16.37701],
							"rotation": [0, 0, 22.5],
							"uv": {
								"north": {"uv": [22, 24], "uv_size": [0.25, 0.25]},
								"east": {"uv": [24, 22], "uv_size": [0.25, 0.25]},
								"south": {"uv": [23, 24], "uv_size": [0.25, 0.25]},
								"west": {"uv": [24, 23], "uv_size": [0.25, 0.25]},
								"up": {"uv": [24, 24], "uv_size": [0.25, 0.25]},
								"down": {"uv": [0, 25.25], "uv_size": [0.25, -0.25]}
							}
						},
						{
							"origin": [-0.16693, 1.64862, -16.40098],
							"size": [0.03125, 0.06683, 0.04883],
							"pivot": [0, 1.68204, -16.37701],
							"rotation": [0, 0, -22.5],
							"uv": {
								"north": {"uv": [25, 0], "uv_size": [0.25, 0.25]},
								"east": {"uv": [1, 25], "uv_size": [0.25, 0.25]},
								"south": {"uv": [25, 1], "uv_size": [0.25, 0.25]},
								"west": {"uv": [2, 25], "uv_size": [0.25, 0.25]},
								"up": {"uv": [25, 2], "uv_size": [0.25, 0.25]},
								"down": {"uv": [3, 25.25], "uv_size": [0.25, -0.25]}
							}
						},
						{
							"origin": [-1.16693, 1.64862, -16.40098],
							"size": [1.03125, 0.06683, 0.04883],
							"uv": {
								"north": {"uv": [2, 14], "uv_size": [2, 0.25]},
								"east": {"uv": [25, 3], "uv_size": [0.25, 0.25]},
								"south": {"uv": [14, 2], "uv_size": [2, 0.25]},
								"west": {"uv": [4, 25], "uv_size": [0.25, 0.25]},
								"up": {"uv": [14, 3], "uv_size": [2, 0.25]},
								"down": {"uv": [4, 14.25], "uv_size": [2, -0.25]}
							}
						},
						{
							"origin": [-0.16693, 1.64862, -16.40098],
							"size": [0.03125, 0.06683, 0.04883],
							"pivot": [0, 1.68204, -16.37701],
							"rotation": [0, 0, 22.5],
							"uv": {
								"north": {"uv": [25, 4], "uv_size": [0.25, 0.25]},
								"east": {"uv": [5, 25], "uv_size": [0.25, 0.25]},
								"south": {"uv": [25, 5], "uv_size": [0.25, 0.25]},
								"west": {"uv": [6, 25], "uv_size": [0.25, 0.25]},
								"up": {"uv": [25, 6], "uv_size": [0.25, 0.25]},
								"down": {"uv": [7, 25.25], "uv_size": [0.25, -0.25]}
							}
						}
					]
				},
				{
					"name": "behind",
					"parent": "scope_body",
					"pivot": [0, 1.49154, -1.5625],
					"cubes": [
						{
							"origin": [-0.34375, 0.09192, -1.56886],
							"size": [0.6875, 0.09357, 0.69386],
							"pivot": [0.34375, 0.18567, -0.875],
							"rotation": [7.75, 0, 0],
							"uv": {
								"north": {"uv": [15, 7], "uv_size": [1.5, 0.25]},
								"east": {"uv": [8, 15], "uv_size": [1.5, 0.25]},
								"south": {"uv": [15, 8], "uv_size": [1.5, 0.25]},
								"west": {"uv": [10, 15], "uv_size": [1.5, 0.25]},
								"up": {"uv": [2, 8], "uv_size": [1.5, 1.5]},
								"down": {"uv": [8, 3.5], "uv_size": [1.5, -1.5]}
							}
						},
						{
							"origin": [-0.34375, -0.12683, -1.5625],
							"size": [0.6875, 0.21875, 1.5625],
							"uv": {
								"north": {"uv": [10, 0], "uv_size": [1.5, 0.5]},
								"east": {"uv": [6, 8], "uv_size": [3.25, 0.5]},
								"south": {"uv": [10, 1], "uv_size": [1.5, 0.5]},
								"west": {"uv": [8, 6], "uv_size": [3.25, 0.5]},
								"up": {"uv": [2, 4], "uv_size": [1.5, 3.25]},
								"down": {"uv": [4, 7.25], "uv_size": [1.5, -3.25]}
							}
						},
						{
							"origin": [-0.34375, 0.09192, -0.875],
							"size": [0.6875, 0.09375, 0.1875],
							"uv": {
								"north": {"uv": [12, 15], "uv_size": [1.5, 0.25]},
								"east": {"uv": [21, 20], "uv_size": [0.5, 0.25]},
								"south": {"uv": [15, 12], "uv_size": [1.5, 0.25]},
								"west": {"uv": [21, 21], "uv_size": [0.5, 0.25]},
								"up": {"uv": [2, 10], "uv_size": [1.5, 0.5]},
								"down": {"uv": [10, 2.5], "uv_size": [1.5, -0.5]}
							}
						},
						{
							"origin": [-0.125, 0.18567, -0.875],
							"size": [0.25, 0.84375, 0.1875],
							"uv": {
								"north": {"uv": [6, 9], "uv_size": [0.5, 1.75]},
								"east": {"uv": [7, 9], "uv_size": [0.5, 1.75]},
								"south": {"uv": [8, 9], "uv_size": [0.5, 1.75]},
								"west": {"uv": [9, 9], "uv_size": [0.5, 1.75]},
								"up": {"uv": [19, 2], "uv_size": [0.5, 0.5]},
								"down": {"uv": [3, 19.5], "uv_size": [0.5, -0.5]}
							}
						},
						{
							"origin": [0.09452, 0.18567, -0.875],
							"size": [0.24924, 0.47521, 0.1875],
							"pivot": [0.34375, 0.18567, -0.6875],
							"rotation": [0, 0, -50],
							"uv": {
								"north": {"uv": [14, 4], "uv_size": [0.5, 1]},
								"east": {"uv": [14, 5], "uv_size": [0.5, 1]},
								"south": {"uv": [6, 14], "uv_size": [0.5, 1]},
								"west": {"uv": [14, 6], "uv_size": [0.5, 1]},
								"up": {"uv": [19, 5], "uv_size": [0.5, 0.5]},
								"down": {"uv": [6, 19.5], "uv_size": [0.5, -0.5]}
							}
						},
						{
							"origin": [0.09699, 0.32126, -0.875],
							"size": [0.08517, 0.25647, 0.1875],
							"pivot": [0.18217, 0.32126, -0.6875],
							"rotation": [0, 0, -27.5],
							"uv": {
								"north": {"uv": [23, 17], "uv_size": [0.25, 0.5]},
								"east": {"uv": [19, 7], "uv_size": [0.5, 0.5]},
								"south": {"uv": [18, 23], "uv_size": [0.25, 0.5]},
								"west": {"uv": [8, 19], "uv_size": [0.5, 0.5]},
								"up": {"uv": [23, 18], "uv_size": [0.25, 0.5]},
								"down": {"uv": [19, 23.5], "uv_size": [0.25, -0.5]}
							}
						},
						{
							"origin": [0.06092, 0.39055, -0.875],
							"size": [0.08517, 0.34241, 0.1875],
							"pivot": [0.14609, 0.39055, -0.6875],
							"rotation": [0, 0, -5],
							"uv": {
								"north": {"uv": [19, 9], "uv_size": [0.25, 0.75]},
								"east": {"uv": [16, 0], "uv_size": [0.5, 0.75]},
								"south": {"uv": [10, 19], "uv_size": [0.25, 0.75]},
								"west": {"uv": [16, 1], "uv_size": [0.5, 0.75]},
								"up": {"uv": [23, 19], "uv_size": [0.25, 0.5]},
								"down": {"uv": [20, 23.5], "uv_size": [0.25, -0.5]}
							}
						},
						{
							"origin": [-0.18216, 0.32126, -0.875],
							"size": [0.08517, 0.25647, 0.1875],
							"pivot": [-0.18216, 0.32126, -0.6875],
							"rotation": [0, 0, 27.5],
							"uv": {
								"north": {"uv": [23, 21], "uv_size": [0.25, 0.5]},
								"east": {"uv": [19, 8], "uv_size": [0.5, 0.5]},
								"south": {"uv": [22, 23], "uv_size": [0.25, 0.5]},
								"west": {"uv": [9, 19], "uv_size": [0.5, 0.5]},
								"up": {"uv": [23, 22], "uv_size": [0.25, 0.5]},
								"down": {"uv": [23, 23.5], "uv_size": [0.25, -0.5]}
							}
						},
						{
							"origin": [-0.14609, 0.39055, -0.875],
							"size": [0.08517, 0.34241, 0.1875],
							"pivot": [-0.14609, 0.39055, -0.6875],
							"rotation": [0, 0, 5],
							"uv": {
								"north": {"uv": [19, 10], "uv_size": [0.25, 0.75]},
								"east": {"uv": [2, 16], "uv_size": [0.5, 0.75]},
								"south": {"uv": [11, 19], "uv_size": [0.25, 0.75]},
								"west": {"uv": [16, 2], "uv_size": [0.5, 0.75]},
								"up": {"uv": [23, 20], "uv_size": [0.25, 0.5]},
								"down": {"uv": [21, 23.5], "uv_size": [0.25, -0.5]}
							}
						},
						{
							"origin": [-0.34375, 0.18567, -0.875],
							"size": [0.24924, 0.47521, 0.1875],
							"pivot": [-0.34375, 0.18567, -0.6875],
							"rotation": [0, 0, 50],
							"uv": {
								"north": {"uv": [7, 14], "uv_size": [0.5, 1]},
								"east": {"uv": [14, 7], "uv_size": [0.5, 1]},
								"south": {"uv": [8, 14], "uv_size": [0.5, 1]},
								"west": {"uv": [14, 8], "uv_size": [0.5, 1]},
								"up": {"uv": [19, 6], "uv_size": [0.5, 0.5]},
								"down": {"uv": [7, 19.5], "uv_size": [0.5, -0.5]}
							}
						},
						{
							"origin": [0.09375, 0.80286, -0.875],
							"size": [0.03125, 0.27344, 0.1875],
							"pivot": [0.125, 0.80286, -0.6875],
							"rotation": [0, 0, 22.5],
							"uv": {
								"north": {"uv": [23, 9], "uv_size": [0.25, 0.5]},
								"east": {"uv": [19, 3], "uv_size": [0.5, 0.5]},
								"south": {"uv": [10, 23], "uv_size": [0.25, 0.5]},
								"west": {"uv": [4, 19], "uv_size": [0.5, 0.5]},
								"up": {"uv": [23, 10], "uv_size": [0.25, 0.5]},
								"down": {"uv": [11, 23.5], "uv_size": [0.25, -0.5]}
							}
						},
						{
							"origin": [0.02344, 0.85754, -0.875],
							"size": [0.07032, 0.17969, 0.1875],
							"pivot": [0.125, 0.80286, -0.6875],
							"rotation": [0, 0, 22.5],
							"uv": {
								"north": {"uv": [25, 7], "uv_size": [0.25, 0.25]},
								"east": {"uv": [23, 11], "uv_size": [0.5, 0.25]},
								"south": {"uv": [8, 25], "uv_size": [0.25, 0.25]},
								"west": {"uv": [12, 23], "uv_size": [0.5, 0.25]},
								"up": {"uv": [23, 12], "uv_size": [0.25, 0.5]},
								"down": {"uv": [13, 23.5], "uv_size": [0.25, -0.5]}
							}
						},
						{
							"origin": [-0.125, 0.80286, -0.875],
							"size": [0.03125, 0.27344, 0.1875],
							"pivot": [-0.125, 0.80286, -0.6875],
							"rotation": [0, 0, -22.5],
							"uv": {
								"north": {"uv": [23, 15], "uv_size": [0.25, 0.5]},
								"east": {"uv": [19, 4], "uv_size": [0.5, 0.5]},
								"south": {"uv": [16, 23], "uv_size": [0.25, 0.5]},
								"west": {"uv": [5, 19], "uv_size": [0.5, 0.5]},
								"up": {"uv": [23, 16], "uv_size": [0.25, 0.5]},
								"down": {"uv": [17, 23.5], "uv_size": [0.25, -0.5]}
							}
						},
						{
							"origin": [-0.09375, 0.85754, -0.875],
							"size": [0.07032, 0.17969, 0.1875],
							"pivot": [-0.125, 0.80286, -0.6875],
							"rotation": [0, 0, -22.5],
							"uv": {
								"north": {"uv": [25, 8], "uv_size": [0.25, 0.25]},
								"east": {"uv": [23, 13], "uv_size": [0.5, 0.25]},
								"south": {"uv": [9, 25], "uv_size": [0.25, 0.25]},
								"west": {"uv": [14, 23], "uv_size": [0.5, 0.25]},
								"up": {"uv": [23, 14], "uv_size": [0.25, 0.5]},
								"down": {"uv": [15, 23.5], "uv_size": [0.25, -0.5]}
							}
						},
						{
							"origin": [-0.34375, 0.09192, -0.6875],
							"size": [0.6875, 0.09357, 0.69387],
							"pivot": [0.34375, 0.18567, -0.6875],
							"rotation": [-7.75, 0, 0],
							"uv": {
								"north": {"uv": [15, 13], "uv_size": [1.5, 0.25]},
								"east": {"uv": [14, 15], "uv_size": [1.5, 0.25]},
								"south": {"uv": [15, 14], "uv_size": [1.5, 0.25]},
								"west": {"uv": [0, 16], "uv_size": [1.5, 0.25]},
								"up": {"uv": [4, 8], "uv_size": [1.5, 1.5]},
								"down": {"uv": [8, 5.5], "uv_size": [1.5, -1.5]}
							}
						}
					]
				},
				{
					"name": "4",
					"parent": "behind",
					"pivot": [0, 1.43747, 7.28752],
					"cubes": [
						{
							"origin": [-0.13023, 1.00751, -0.87906],
							"size": [0.26047, 0.05115, 0.1925],
							"pivot": [0, 1.66223, -0.78444],
							"rotation": [0, 0, -45],
							"uv": {
								"north": {"uv": [0, 22], "uv_size": [0.5, 0.25]},
								"east": {"uv": [22, 0], "uv_size": [0.5, 0.25]},
								"south": {"uv": [1, 22], "uv_size": [0.5, 0.25]},
								"west": {"uv": [22, 1], "uv_size": [0.5, 0.25]},
								"up": {"uv": [5, 18], "uv_size": [0.5, 0.5]},
								"down": {"uv": [18, 5.5], "uv_size": [0.5, -0.5]}
							}
						},
						{
							"origin": [-0.13023, 1.00751, -0.87906],
							"size": [0.26047, 0.05115, 0.1925],
							"pivot": [0, 1.66223, -0.78444],
							"rotation": [0, 0, -22.5],
							"uv": {
								"north": {"uv": [2, 22], "uv_size": [0.5, 0.25]},
								"east": {"uv": [22, 2], "uv_size": [0.5, 0.25]},
								"south": {"uv": [3, 22], "uv_size": [0.5, 0.25]},
								"west": {"uv": [22, 3], "uv_size": [0.5, 0.25]},
								"up": {"uv": [6, 18], "uv_size": [0.5, 0.5]},
								"down": {"uv": [18, 6.5], "uv_size": [0.5, -0.5]}
							}
						},
						{
							"origin": [-0.13023, 1.00751, -0.87906],
							"size": [0.26047, 0.05115, 0.1925],
							"uv": {
								"north": {"uv": [4, 22], "uv_size": [0.5, 0.25]},
								"east": {"uv": [22, 4], "uv_size": [0.5, 0.25]},
								"south": {"uv": [5, 22], "uv_size": [0.5, 0.25]},
								"west": {"uv": [22, 5], "uv_size": [0.5, 0.25]},
								"up": {"uv": [7, 18], "uv_size": [0.5, 0.5]},
								"down": {"uv": [18, 7.5], "uv_size": [0.5, -0.5]}
							}
						},
						{
							"origin": [-0.13023, 1.00751, -0.87906],
							"size": [0.26047, 0.05115, 0.1925],
							"pivot": [0, 1.66223, -0.78444],
							"rotation": [0, 0, 22.5],
							"uv": {
								"north": {"uv": [6, 22], "uv_size": [0.5, 0.25]},
								"east": {"uv": [22, 6], "uv_size": [0.5, 0.25]},
								"south": {"uv": [7, 22], "uv_size": [0.5, 0.25]},
								"west": {"uv": [22, 7], "uv_size": [0.5, 0.25]},
								"up": {"uv": [8, 18], "uv_size": [0.5, 0.5]},
								"down": {"uv": [18, 8.5], "uv_size": [0.5, -0.5]}
							}
						},
						{
							"origin": [-0.13023, 1.00751, -0.87906],
							"size": [0.26047, 0.05115, 0.1925],
							"pivot": [0, 1.66223, -0.78444],
							"rotation": [0, 0, 45],
							"uv": {
								"north": {"uv": [8, 22], "uv_size": [0.5, 0.25]},
								"east": {"uv": [22, 8], "uv_size": [0.5, 0.25]},
								"south": {"uv": [9, 22], "uv_size": [0.5, 0.25]},
								"west": {"uv": [22, 9], "uv_size": [0.5, 0.25]},
								"up": {"uv": [9, 18], "uv_size": [0.5, 0.5]},
								"down": {"uv": [18, 9.5], "uv_size": [0.5, -0.5]}
							}
						},
						{
							"origin": [-0.13023, 2.2658, -0.87906],
							"size": [0.26047, 0.05115, 0.1925],
							"pivot": [0, 1.66223, -0.78444],
							"rotation": [0, 0, -45],
							"uv": {
								"north": {"uv": [10, 22], "uv_size": [0.5, 0.25]},
								"east": {"uv": [22, 10], "uv_size": [0.5, 0.25]},
								"south": {"uv": [11, 22], "uv_size": [0.5, 0.25]},
								"west": {"uv": [22, 11], "uv_size": [0.5, 0.25]},
								"up": {"uv": [10, 18], "uv_size": [0.5, 0.5]},
								"down": {"uv": [18, 10.5], "uv_size": [0.5, -0.5]}
							}
						},
						{
							"origin": [-0.13023, 2.2658, -0.87906],
							"size": [0.26047, 0.05115, 0.1925],
							"pivot": [0, 1.66223, -0.78444],
							"rotation": [0, 0, -22.5],
							"uv": {
								"north": {"uv": [12, 22], "uv_size": [0.5, 0.25]},
								"east": {"uv": [22, 12], "uv_size": [0.5, 0.25]},
								"south": {"uv": [13, 22], "uv_size": [0.5, 0.25]},
								"west": {"uv": [22, 13], "uv_size": [0.5, 0.25]},
								"up": {"uv": [11, 18], "uv_size": [0.5, 0.5]},
								"down": {"uv": [18, 11.5], "uv_size": [0.5, -0.5]}
							}
						},
						{
							"origin": [-0.13023, 2.2658, -0.87906],
							"size": [0.26047, 0.05115, 0.1925],
							"uv": {
								"north": {"uv": [14, 22], "uv_size": [0.5, 0.25]},
								"east": {"uv": [22, 14], "uv_size": [0.5, 0.25]},
								"south": {"uv": [15, 22], "uv_size": [0.5, 0.25]},
								"west": {"uv": [22, 15], "uv_size": [0.5, 0.25]},
								"up": {"uv": [12, 18], "uv_size": [0.5, 0.5]},
								"down": {"uv": [18, 12.5], "uv_size": [0.5, -0.5]}
							}
						},
						{
							"origin": [-0.13023, 2.2658, -0.87906],
							"size": [0.26047, 0.05115, 0.1925],
							"pivot": [0, 1.66223, -0.78444],
							"rotation": [0, 0, 22.5],
							"uv": {
								"north": {"uv": [16, 22], "uv_size": [0.5, 0.25]},
								"east": {"uv": [22, 16], "uv_size": [0.5, 0.25]},
								"south": {"uv": [17, 22], "uv_size": [0.5, 0.25]},
								"west": {"uv": [22, 17], "uv_size": [0.5, 0.25]},
								"up": {"uv": [13, 18], "uv_size": [0.5, 0.5]},
								"down": {"uv": [18, 13.5], "uv_size": [0.5, -0.5]}
							}
						},
						{
							"origin": [-0.13023, 2.2658, -0.87906],
							"size": [0.26047, 0.05115, 0.1925],
							"pivot": [0, 1.66223, -0.78444],
							"rotation": [0, 0, 45],
							"uv": {
								"north": {"uv": [18, 22], "uv_size": [0.5, 0.25]},
								"east": {"uv": [22, 18], "uv_size": [0.5, 0.25]},
								"south": {"uv": [19, 22], "uv_size": [0.5, 0.25]},
								"west": {"uv": [22, 19], "uv_size": [0.5, 0.25]},
								"up": {"uv": [14, 18], "uv_size": [0.5, 0.5]},
								"down": {"uv": [18, 14.5], "uv_size": [0.5, -0.5]}
							}
						},
						{
							"origin": [0.60357, 1.532, -0.87906],
							"size": [0.05115, 0.26046, 0.1925],
							"pivot": [0, 1.66223, -0.78444],
							"rotation": [0, 0, -22.5],
							"uv": {
								"north": {"uv": [20, 22], "uv_size": [0.25, 0.5]},
								"east": {"uv": [15, 18], "uv_size": [0.5, 0.5]},
								"south": {"uv": [22, 20], "uv_size": [0.25, 0.5]},
								"west": {"uv": [18, 15], "uv_size": [0.5, 0.5]},
								"up": {"uv": [21, 22], "uv_size": [0.25, 0.5]},
								"down": {"uv": [22, 21.5], "uv_size": [0.25, -0.5]}
							}
						},
						{
							"origin": [0.60357, 1.532, -0.87906],
							"size": [0.05115, 0.26046, 0.1925],
							"uv": {
								"north": {"uv": [22, 22], "uv_size": [0.25, 0.5]},
								"east": {"uv": [16, 18], "uv_size": [0.5, 0.5]},
								"south": {"uv": [0, 23], "uv_size": [0.25, 0.5]},
								"west": {"uv": [18, 16], "uv_size": [0.5, 0.5]},
								"up": {"uv": [23, 0], "uv_size": [0.25, 0.5]},
								"down": {"uv": [1, 23.5], "uv_size": [0.25, -0.5]}
							}
						},
						{
							"origin": [0.60357, 1.532, -0.87906],
							"size": [0.05115, 0.26046, 0.1925],
							"pivot": [0, 1.66223, -0.78444],
							"rotation": [0, 0, 22.5],
							"uv": {
								"north": {"uv": [23, 1], "uv_size": [0.25, 0.5]},
								"east": {"uv": [17, 18], "uv_size": [0.5, 0.5]},
								"south": {"uv": [2, 23], "uv_size": [0.25, 0.5]},
								"west": {"uv": [18, 17], "uv_size": [0.5, 0.5]},
								"up": {"uv": [23, 2], "uv_size": [0.25, 0.5]},
								"down": {"uv": [3, 23.5], "uv_size": [0.25, -0.5]}
							}
						},
						{
							"origin": [-0.65472, 1.532, -0.87906],
							"size": [0.05115, 0.26046, 0.1925],
							"pivot": [0, 1.66223, -0.78444],
							"rotation": [0, 0, -22.5],
							"uv": {
								"north": {"uv": [23, 3], "uv_size": [0.25, 0.5]},
								"east": {"uv": [18, 18], "uv_size": [0.5, 0.5]},
								"south": {"uv": [4, 23], "uv_size": [0.25, 0.5]},
								"west": {"uv": [0, 19], "uv_size": [0.5, 0.5]},
								"up": {"uv": [23, 4], "uv_size": [0.25, 0.5]},
								"down": {"uv": [5, 23.5], "uv_size": [0.25, -0.5]}
							}
						},
						{
							"origin": [-0.65472, 1.532, -0.87906],
							"size": [0.05115, 0.26046, 0.1925],
							"uv": {
								"north": {"uv": [23, 5], "uv_size": [0.25, 0.5]},
								"east": {"uv": [19, 0], "uv_size": [0.5, 0.5]},
								"south": {"uv": [6, 23], "uv_size": [0.25, 0.5]},
								"west": {"uv": [1, 19], "uv_size": [0.5, 0.5]},
								"up": {"uv": [23, 6], "uv_size": [0.25, 0.5]},
								"down": {"uv": [7, 23.5], "uv_size": [0.25, -0.5]}
							}
						},
						{
							"origin": [-0.65472, 1.532, -0.87906],
							"size": [0.05115, 0.26046, 0.1925],
							"pivot": [0, 1.66223, -0.78444],
							"rotation": [0, 0, 22.5],
							"uv": {
								"north": {"uv": [23, 7], "uv_size": [0.25, 0.5]},
								"east": {"uv": [19, 1], "uv_size": [0.5, 0.5]},
								"south": {"uv": [8, 23], "uv_size": [0.25, 0.5]},
								"west": {"uv": [2, 19], "uv_size": [0.5, 0.5]},
								"up": {"uv": [23, 8], "uv_size": [0.25, 0.5]},
								"down": {"uv": [9, 23.5], "uv_size": [0.25, -0.5]}
							}
						}
					]
				},
				{
					"name": "scope_view",
					"pivot": [0, 1.65625, 9.0625]
				},
				{
					"name": "division",
					"pivot": [0, -0.34375, -15.8125],
					"cubes": [
						{
							"origin": [-0.01562, 1.65625, -16.375],
							"size": [0.03125, 0.03125, 0.0313],
							"pivot": [0, 1.67188, -16.35935],
							"rotation": [0, 0, 45],
							"uv": {
								"north": {"uv": [30, 30], "uv_size": [2, 2]},
								"east": {"uv": [30, 30], "uv_size": [2, 2]},
								"south": {"uv": [30, 30], "uv_size": [2, 2]},
								"west": {"uv": [30, 30], "uv_size": [2, 2]},
								"up": {"uv": [32, 32], "uv_size": [-2, -2]},
								"down": {"uv": [32, 32], "uv_size": [-2, -2]}
							}
						}
					]
				}
			]
		}
	]
}