{
	"format_version": "1.12.0",
	"minecraft:geometry": [
		{
			"description": {
				"identifier": "geometry.1",
				"texture_width": 16,
				"texture_height": 16,
				"visible_bounds_width": 2,
				"visible_bounds_height": 1.5,
				"visible_bounds_offset": [0, 0.25, 0]
			},
			"bones": [
				{
					"name": "25",
					"pivot": [0, 0.0013, -0.03219],
					"cubes": [
						{
							"origin": [-0.24375, -0.24246, -0.32461],
							"size": [0.4875, 0.48751, 1.14532],
							"uv": {
								"north": {"uv": [0, 0], "uv_size": [1, 1]},
								"east": {"uv": [0, 1], "uv_size": [1, 1]},
								"south": {"uv": [1, 0], "uv_size": [1, 1]},
								"west": {"uv": [1, 1], "uv_size": [1, 1]},
								"up": {"uv": [0, 2], "uv_size": [1, 1]},
								"down": {"uv": [2, 1], "uv_size": [1, -1]}
							}
						},
						{
							"origin": [-0.18282, -0.18151, 0.82071],
							"size": [0.36563, 0.36563, 0.12188],
							"uv": {
								"east": {"uv": [1, 2], "uv_size": [1, 1]},
								"west": {"uv": [2, 1], "uv_size": [1, 1]},
								"up": {"uv": [2, 2], "uv_size": [1, 1]},
								"down": {"uv": [0, 4], "uv_size": [1, -1]}
							}
						},
						{
							"origin": [-0.24375, -0.24246, 0.91212],
							"size": [0.4875, 0.48751, 0.0914],
							"uv": {
								"north": {"uv": [3, 0], "uv_size": [1, 1]},
								"east": {"uv": [1, 3], "uv_size": [1, 1]},
								"south": {"uv": [3, 1], "uv_size": [1, 1]},
								"west": {"uv": [2, 3], "uv_size": [1, 1]},
								"up": {"uv": [3, 2], "uv_size": [1, 1]},
								"down": {"uv": [3, 4], "uv_size": [1, -1]}
							}
						},
						{
							"origin": [-0.18282, 0.09729, -0.47654],
							"size": [0.36563, 0.12187, 0.24375],
							"pivot": [0, 0.0013, -0.34375],
							"rotation": [22.5, 0, 0],
							"uv": {
								"east": {"uv": [0, 4], "uv_size": [1, 1]},
								"west": {"uv": [4, 0], "uv_size": [1, 1]},
								"up": {"uv": [1, 4], "uv_size": [1, 1]}
							}
						},
						{
							"origin": [-0.21786, -0.18151, -0.47654],
							"size": [0.12187, 0.36563, 0.24375],
							"pivot": [0, 0.0013, -0.34375],
							"rotation": [0, -22.5, 0],
							"uv": {
								"east": {"uv": [4, 1], "uv_size": [1, 1]},
								"up": {"uv": [2, 4], "uv_size": [1, 1]},
								"down": {"uv": [4, 3], "uv_size": [1, -1]}
							}
						},
						{
							"origin": [-0.18282, -0.18151, -1.05742],
							"size": [0.36563, 0.36563, 0.73594],
							"inflate": 0.001,
							"uv": {
								"north": {"uv": [3, 4], "uv_size": [1, 1]},
								"east": {"uv": [4, 3], "uv_size": [1, 1]},
								"west": {"uv": [4, 4], "uv_size": [1, 1]},
								"up": {"uv": [0, 5], "uv_size": [1, 1]},
								"down": {"uv": [5, 1], "uv_size": [1, -1]}
							}
						},
						{
							"origin": [-0.18282, -0.21657, -0.47654],
							"size": [0.36563, 0.12187, 0.24375],
							"pivot": [0, 0.0013, -0.34375],
							"rotation": [-22.5, 0, 0],
							"uv": {
								"east": {"uv": [1, 5], "uv_size": [1, 1]},
								"west": {"uv": [5, 1], "uv_size": [1, 1]},
								"down": {"uv": [2, 6], "uv_size": [1, -1]}
							}
						},
						{
							"origin": [0.09599, -0.18151, -0.47654],
							"size": [0.12187, 0.36563, 0.24375],
							"pivot": [0, 0.0013, -0.34375],
							"rotation": [0, 22.5, 0],
							"uv": {
								"west": {"uv": [5, 2], "uv_size": [1, 1]},
								"up": {"uv": [3, 5], "uv_size": [1, 1]},
								"down": {"uv": [5, 4], "uv_size": [1, -1]}
							}
						}
					]
				}
			]
		}
	]
}