{
	"format_version": "1.12.0",
	"minecraft:geometry": [
		{
			"description": {
				"identifier": "geometry.1",
				"texture_width": 8,
				"texture_height": 8,
				"visible_bounds_width": 2,
				"visible_bounds_height": 1.5,
				"visible_bounds_offset": [0, 0.25, 0]
			},
			"bones": [
				{
					"name": "765",
					"pivot": [-0.0315, -0.00196, -0.22279],
					"cubes": [
						{
							"origin": [-0.2465, -0.21663, -0.93912],
							"size": [0.43, 0.43, 0.801],
							"uv": {
								"north": {"uv": [0, 2], "uv_size": [0.5, 0.5]},
								"east": {"uv": [0, 0], "uv_size": [0.75, 0.5]},
								"south": {"uv": [2, 0], "uv_size": [0.5, 0.5]},
								"west": {"uv": [0, 1], "uv_size": [0.75, 0.5]},
								"up": {"uv": [1, 0], "uv_size": [0.5, 0.75]},
								"down": {"uv": [1, 1.75], "uv_size": [0.5, -0.75]}
							}
						},
						{
							"origin": [-0.2465, -0.21663, -0.06013],
							"size": [0.43, 0.43, 0.059],
							"uv": {
								"north": {"uv": [1, 2], "uv_size": [0.5, 0.5]},
								"east": {"uv": [2, 2], "uv_size": [0.25, 0.5]},
								"south": {"uv": [2, 1], "uv_size": [0.5, 0.5]},
								"west": {"uv": [0, 3], "uv_size": [0.25, 0.5]},
								"up": {"uv": [3, 0], "uv_size": [0.5, 0.25]},
								"down": {"uv": [1, 3.25], "uv_size": [0.5, -0.25]}
							}
						},
						{
							"origin": [-0.1875, -0.15863, -0.13813],
							"size": [0.312, 0.312, 0.078],
							"uv": {
								"north": {"uv": [3, 1], "uv_size": [0.25, 0.25]},
								"east": {"uv": [2, 3], "uv_size": [0.25, 0.25]},
								"south": {"uv": [3, 2], "uv_size": [0.25, 0.25]},
								"west": {"uv": [3, 3], "uv_size": [0.25, 0.25]},
								"up": {"uv": [0, 4], "uv_size": [0.25, 0.25]},
								"down": {"uv": [4, 0.25], "uv_size": [0.25, -0.25]}
							}
						}
					]
				}
			]
		}
	]
}