{
	"format_version": "1.8.0",
	"animations": {
		"static_idle": {
			"animation_length": 0.0667,
			"bones": {
				"righthand": {
					"rotation": [96.07424, 8.95029, -179.05152],
					"position": [-6.5, -14.125, -3.075],
					"scale": [1, 1.5, 1]
				},
				"lefthand": {
					"rotation": [90.58079, -29.88575, -133.95071],
					"position": [8.06875, -15.62, -3.495],
					"scale": [1, 1.5, 1]
				},
				"additional_magazine": {
					"scale": 0
				},
				"constraint": {
					"rotation": [0.2, 0.2, 0.2]
				}
			}
		},
		"draw": {
			"loop": "hold_on_last_frame",
			"animation_length": 0.8,
			"bones": {
				"righthand": {
					"rotation": [96.07424, 8.95029, -179.05152],
					"position": [-6.5, -14.125, -3.075],
					"scale": [1, 1.5, 1]
				},
				"lefthand": {
					"rotation": {
						"0.0": [213.75676, -46.73417, -249.81997],
						"0.2": [90.58079, -29.88575, -133.95071],
						"0.2333": [92.87401, -29.7651, -138.55963],
						"0.3": [90.58079, -29.88575, -133.95071]
					},
					"position": {
						"0.0": [12.345, -15.62, 0.76],
						"0.2": [8.06875, -15.62, -3.495],
						"0.3": [8.06875, -15.62, -3.495]
					},
					"scale": [1, 1.5, 1]
				},
				"additional_magazine": {
					"scale": 0
				},
				"constraint": {
					"rotation": [0.2, 0.2, 0.2]
				},
				"root": {
					"rotation": {
						"0.0": {
							"post": [0, -58.5, 61.25],
							"lerp_mode": "catmullrom"
						},
						"0.0667": {
							"post": [-32.48, -31.94, 50.19],
							"lerp_mode": "catmullrom"
						},
						"0.1": {
							"post": [-42.53697, -18.97649, 11.97184],
							"lerp_mode": "catmullrom"
						},
						"0.2": {
							"post": [-8.10111, -2.11264, 0.27094],
							"lerp_mode": "catmullrom"
						},
						"0.2667": {
							"post": [0, 0, -2.475],
							"lerp_mode": "catmullrom"
						},
						"0.3333": {
							"post": [0.99655, 0.15522, 1.65955],
							"lerp_mode": "catmullrom"
						},
						"0.4": {
							"post": [-0.11, 0.09, -0.35],
							"lerp_mode": "catmullrom"
						},
						"0.5": {
							"post": [0, 0, 0],
							"lerp_mode": "catmullrom"
						},
						"0.6333": {
							"post": [0, 0, 0],
							"lerp_mode": "catmullrom"
						}
					},
					"position": {
						"0.0": {
							"post": [-2.325, -2.125, 8.2],
							"lerp_mode": "catmullrom"
						},
						"0.1": {
							"post": [-0.93, -3.645, 2.82],
							"lerp_mode": "catmullrom"
						},
						"0.2": {
							"post": [-0.31, -0.115, -0.25],
							"lerp_mode": "catmullrom"
						},
						"0.2667": {
							"post": [0, 0, 0],
							"lerp_mode": "catmullrom"
						},
						"0.3333": {
							"post": [0, 0, 0.25],
							"lerp_mode": "catmullrom"
						},
						"0.4": {
							"post": [0, 0, -0.06],
							"lerp_mode": "catmullrom"
						},
						"0.5333": {
							"post": [0, 0, -0.015],
							"lerp_mode": "catmullrom"
						},
						"0.6333": {
							"post": [0, 0, 0],
							"lerp_mode": "catmullrom"
						}
					}
				},
				"camera": {
					"rotation": {
						"0.0": {
							"post": [0, 0, 0],
							"lerp_mode": "catmullrom"
						},
						"0.1": {
							"post": [0.025, 0.075, 0.325],
							"lerp_mode": "catmullrom"
						},
						"0.2": {
							"post": [-0.15, -0.075, -0.345],
							"lerp_mode": "catmullrom"
						},
						"0.2667": {
							"post": [0, 0, -0.02],
							"lerp_mode": "catmullrom"
						},
						"0.3333": {
							"post": [0, 0, 0.125],
							"lerp_mode": "catmullrom"
						},
						"0.4667": {
							"post": [0, 0, 0],
							"lerp_mode": "catmullrom"
						}
					}
				}
			},
			"sound_effects": {
				"0.0333": {
					"effect": "p24_pi_golf17_raise"
				}
			}
		},
		"reload_empty": {
			"animation_length": 2.3333,
			"bones": {
				"constraint": {
					"rotation": [0.2, 0.2, 0.2]
				},
				"root": {
					"rotation": {
						"0.0": [0, 0, 0],
						"0.0333": [-3.88, 0.25, 7.31],
						"0.0667": [-8.93, -2.07, 9.71],
						"0.1": [-12.24, -8.43, -1.37],
						"0.1333": [-15.58, -16.84, -17.89],
						"0.1667": [-18.29, -22.69, -29.6],
						"0.2": [-20.1, -23.54, -31.22],
						"0.2333": [-21.26, -21.82, -28.02],
						"0.2667": [-21.9, -20.22, -25.56],
						"0.3": [-20.75, -18.76, -28.15],
						"0.3333": [-16.65, -21.78, -38.44],
						"0.3667": [-14.04, -23.68, -44.5],
						"0.4": [-24.8, -13.32, -13.26],
						"0.4333": [-19.27, -20.18, -21.58],
						"0.4667": [-20.1, -16.04, -17.18],
						"0.5": [-18.21, -14.8, -22.47],
						"0.5333": [-17.06, -13.82, -28.16],
						"0.5667": [-18.22, -13.26, -28.72],
						"0.6": [-20.24, -12.69, -28.33],
						"0.6333": [-22.35, -12.18, -27.55],
						"0.6667": [-23.75, -11.82, -26.93],
						"0.7": [-23.32, -11.67, -25.33],
						"0.7333": [-15.76, -11.14, -32.07],
						"0.7667": [-5.58, -10.52, -41.62],
						"0.8": [0.63, -10.84, -49.02],
						"0.8333": [-1, -13.11, -52.35],
						"0.8667": [-6.58, -16.31, -53.54],
						"0.9": [-11.07, -18.3, -53.33],
						"0.9333": [-12.87, -16.74, -48.74],
						"0.9667": [-12.97, -14.9, -45.21],
						"1.0": [-11.49, -17.69, -51.56],
						"1.0333": [-11.06, -20.13, -58.07],
						"1.0667": [-13.19, -19.22, -57.58],
						"1.1": [-16.56, -17.29, -55.45],
						"1.1333": [-19.74, -15.25, -52.92],
						"1.1667": [-21.32, -14.01, -51.23],
						"1.2": [-13.5, -15.81, -51.29],
						"1.2333": [-15.99, -11.45, -35.83],
						"1.2667": [-15.96, -13.32, -41.55],
						"1.3": [-19.43, -15.37, -40.48],
						"1.3333": [-24.13, -17.93, -38.21],
						"1.3667": [-26.83, -19.92, -36.51],
						"1.4": [-23.96, -20.86, -36.48],
						"1.4333": [-19.78, -21.32, -36.62],
						"1.4667": [-19.49, -22.99, -34.5],
						"1.5": [-20.11, -24.07, -32.98],
						"1.5333": [-20.39, -20.86, -37.82],
						"1.5667": [-16.59, -24.26, -52],
						"1.6": [-18.54, -18.29, -45.28],
						"1.6333": [-18.73, -18.85, -46.9],
						"1.6667": [-18.54, -18.29, -45.28],
						"1.7": [-17.42, -3.29, -12.63],
						"1.7333": [-23.05, 1.41, -0.83],
						"1.7667": [-22.19, -0.58, -4.39],
						"1.8": [-20.2, -3.93, -10.78],
						"1.8333": [-18.44, -6.23, -14.58],
						"1.8667": [-18.1, -6.32, -12.94],
						"1.9": [-18, -5.36, -8.69],
						"1.9333": {
							"pre": [-15.94, -4.46, -4.96],
							"post": [-15.94, -4.46, -4.96],
							"lerp_mode": "catmullrom"
						},
						"1.9667": {
							"post": [-5.7, -4.09, -1.87],
							"lerp_mode": "catmullrom"
						},
						"2.0333": {
							"post": [-0.80364, -3.54003, 10.43529],
							"lerp_mode": "catmullrom"
						},
						"2.1": {
							"post": [3.00262, 2.49712, 0.87002],
							"lerp_mode": "catmullrom"
						},
						"2.2": {
							"post": [0, -0.25, -1],
							"lerp_mode": "catmullrom"
						},
						"2.3333": {
							"post": [0, 0, 0],
							"lerp_mode": "catmullrom"
						}
					},
					"position": {
						"0.0": [0, 0, 0],
						"0.0333": [-0.2, -0.2, 0.13],
						"0.0667": [-0.78, -0.06, 0.31],
						"0.1": [-1.73, 0.72, 0.47],
						"0.1333": [-2.94, 1.81, 0.65],
						"0.1667": [-3.82, 2.6, 0.78],
						"0.2": [-4.09, 2.79, 0.82],
						"0.2333": [-4.03, 2.68, 0.81],
						"0.2667": [-3.97, 2.58, 0.81],
						"0.3": [-4.07, 2.56, 0.81],
						"0.3333": [-4.87, 2.86, 0.79],
						"0.3667": [-5.69, 3.19, 0.81],
						"0.4": [-6.01, 3.29, 1.13],
						"0.4333": [-6.26, 3.09, 1.28],
						"0.4667": [-6.19, 3.02, 1.29],
						"0.5": [-6.06, 2.94, 1.28],
						"0.5333": [-5.98, 2.89, 1.28],
						"0.5667": [-6.02, 2.87, 1.3],
						"0.6": [-6.1, 2.86, 1.33],
						"0.6333": [-6.19, 2.86, 1.36],
						"0.6667": [-6.23, 2.87, 1.38],
						"0.7": [-6, 2.95, 1.4],
						"0.7333": [-5.65, 2.84, 1.41],
						"0.7667": [-5.15, 2.67, 1.41],
						"0.8": [-4.57, 2.48, 1.4],
						"0.8333": [-3.99, 2.28, 1.4],
						"0.8667": [-3.49, 2.11, 1.4],
						"0.9": [-3.13, 2, 1.4],
						"0.9333": [-2.85, 1.93, 1.4],
						"0.9667": [-2.77, 1.94, 1.4],
						"1.0": [-2.79, 1.97, 1.4],
						"1.0333": [-2.81, 2, 1.4],
						"1.0667": [-2.96, 2.03, 1.4],
						"1.1": [-3.03, 2.07, 1.4],
						"1.1333": [-2.53, 2.08, 1.4],
						"1.1667": [-2.05, 2.12, 1.4],
						"1.2": [-2.51, 2.45, 1.45],
						"1.2333": [-2.51, 2.52, 1.45],
						"1.2667": [-2.51, 2.45, 1.45],
						"1.3": [-2.63, 2.2, 1.46],
						"1.3333": [-2.81, 1.85, 1.49],
						"1.3667": [-2.98, 1.69, 1.5],
						"1.4": [-3.23, 2.07, 1.5],
						"1.4333": [-3.42, 2.55, 1.5],
						"1.4667": [-3.48, 2.67, 1.5],
						"1.5": [-3.47, 2.65, 1.53],
						"1.5333": [-3.47, 2.48, 1.66],
						"1.5667": [-3.47, 2.08, 2.21],
						"1.6": [-3.47, 2.08, 1.94],
						"1.6333": [-3.47, 2.13, 2.04],
						"1.6667": [-3.47, 2.08, 1.94],
						"1.7": [-3.47, 1.23, -2.86],
						"1.7333": [-3.54, 1.79, 0.15],
						"1.7667": [-3.47, 1.71, 0.86],
						"1.8": [-3.21, 1.67, 0.98],
						"1.8333": [-2.85, 1.62, 1.01],
						"1.8667": [-2.4, 1.49, 0.86],
						"1.9": [-1.97, 1.29, 0.49],
						"1.9333": {
							"pre": [-1.47, 1.04, -0.06],
							"post": [-1.47, 1.04, -0.06],
							"lerp_mode": "catmullrom"
						},
						"1.9667": {
							"post": [-0.98, 0.77, -0.58],
							"lerp_mode": "catmullrom"
						},
						"2.0667": {
							"post": [0, 0, 0],
							"lerp_mode": "catmullrom"
						},
						"2.1": {
							"post": [0.075, 0, 1.1],
							"lerp_mode": "catmullrom"
						},
						"2.1667": {
							"post": [0.04, 0.025, 0.55],
							"lerp_mode": "catmullrom"
						},
						"2.2333": {
							"post": [0, 0, 0],
							"lerp_mode": "catmullrom"
						}
					}
				},
				"mag_and_lefthand": {
					"rotation": {
						"0.7": [0, 0, 0],
						"0.7333": [0, 0, 0],
						"0.8333": [0, 0, 0],
						"0.9667": [-17.67586, 3.45624, 10.71244],
						"1.0333": [-17.98397, -0.77232, -2.37779],
						"1.0667": [-11.23397, -0.77232, -2.37779],
						"1.1": [-2.73397, -0.77232, -2.37779],
						"1.2": [0, 0, 0],
						"1.2333": [0, 0, 0]
					},
					"position": {
						"0.7": [0, 0, 0],
						"0.7333": [7, -12, 11],
						"0.8333": [7, -12, 11],
						"0.9667": [0.425, -7.625, 0.7],
						"1.0333": [-0.095, -5.705, 0.7],
						"1.0667": [-0.1, -5.575, 0.775],
						"1.1": [-0.1, -4.695, 1.08],
						"1.1333": [-0.1, -4.115, 1.08],
						"1.1667": [-0.1, -4.115, 1.08],
						"1.2": [0, 0, 0],
						"1.2333": [0, 0, 0]
					}
				},
				"lefthand": {
					"rotation": {
						"0.0": [90.58079, -29.88575, -133.95071],
						"0.1667": [151.80797, -19.86837, -183.84176],
						"0.3": [154.67473, -22.05432, -188.35828],
						"0.3667": [161.7934, -28.12683, -205.0251],
						"0.4": [27.99336, 54.05154, -370.55571],
						"0.4667": [125.29175, 19.07563, -359.76873],
						"0.5": [152.04175, 19.07563, -359.76873],
						"0.6667": [152.04175, 19.07563, -359.76873],
						"0.7": [90.58079, -29.88575, -133.95071],
						"0.7667": [90.58079, -29.88575, -133.95071],
						"0.8": [86.32729, -13.93321, -116.77551],
						"1.2667": [86.33, -13.93, -116.78],
						"1.3667": [76.28344, -4.41327, -59.19743],
						"1.4333": [36.5057, 6.75168, -14.23336],
						"1.4667": [17.78322, -0.72689, 9.67252],
						"1.5": [17.7686, -1.03219, 10.62489],
						"1.5667": [17.19855, -4.64946, 22.08276],
						"1.6": [-7.80145, -4.64946, 22.08276],
						"1.6333": [-13.10615, -5.80286, 17.19721],
						"1.6667": [-13.49102, -4.82482, 21.35105],
						"1.7": [29.58451, -1.50606, 15.46344],
						"1.7333": [29.22867, 5.02185, 3.92138],
						"1.8667": [82.5775, -61.25468, -111.14843],
						"1.9667": [90.58079, -29.88575, -133.95071]
					},
					"position": {
						"0.0": [8.06875, -15.62, -3.495],
						"0.1667": [5.395, -18.395, -1.3],
						"0.3": [5.4, -18.565, -1.3],
						"0.3667": [7.05, -23.22, -1.3],
						"0.4": [15.6, -23.595, -4.475],
						"0.4667": [22.85, -34.165, -10.53],
						"0.5": [22.85, -38.21, 2.72],
						"0.6667": [22.85, -38.21, 2.72],
						"0.7": [8.06875, -15.62, -3.495],
						"0.7667": [8.06875, -15.62, -3.495],
						"0.8": [7.295, -17.77, -0.125],
						"1.2667": [7.3, -17.77, -0.12],
						"1.3667": [4.375, -16.995, -0.12],
						"1.4333": [3.205, -12.54, -0.12],
						"1.4667": [3.76, -11.015, -0.62],
						"1.5": [3.685, -11.01, -0.62],
						"1.5667": [3.69, -11.01, -0.02],
						"1.6": [3.69, -11.01, 1.555],
						"1.6333": [3.69, -11.01, 1.135],
						"1.6667": [3.69, -11.01, 1.305],
						"1.7": [3.69, -11.01, 5.6],
						"1.7333": [2.115, -12.91, 7.475],
						"1.8667": [9.025, -17.77, -0.12],
						"1.9667": [8.06875, -15.62, -3.495]
					},
					"scale": {
						"0.0": [1, 1.5, 1],
						"0.5333": [1, 1.5, 1],
						"0.5667": [0, 0, 0],
						"0.7667": [0, 0, 0],
						"0.8": [1, 1.5, 1]
					}
				},
				"magazine_and_bullet": {
					"rotation": {
						"0.3": {
							"pre": [0, 0, 0],
							"post": [0, 0, 0],
							"lerp_mode": "catmullrom"
						},
						"0.3333": {
							"post": [0, 0, -12.25],
							"lerp_mode": "catmullrom"
						},
						"0.6": {
							"post": [0, 0, -263],
							"lerp_mode": "catmullrom"
						},
						"0.6333": [0, 0, 0],
						"0.7667": [0, 0, 0],
						"0.8": [0, 0, 0]
					},
					"position": {
						"0.3": {
							"pre": [0, 0, 0],
							"post": [0, 0, 0],
							"lerp_mode": "catmullrom"
						},
						"0.3333": {
							"post": [0, -2.05, 0],
							"lerp_mode": "catmullrom"
						},
						"0.3667": {
							"post": [0, -4.55, 0],
							"lerp_mode": "catmullrom"
						},
						"0.4": {
							"post": [5.595, -8.48, -1.01],
							"lerp_mode": "catmullrom"
						},
						"0.4667": {
							"post": [16.095, -6.42, -4.03],
							"lerp_mode": "catmullrom"
						},
						"0.5": {
							"post": [24.25, -11.645, -4.03],
							"lerp_mode": "catmullrom"
						},
						"0.5333": {
							"post": [24.95, -24.175, -4.03],
							"lerp_mode": "catmullrom"
						},
						"0.6": [24.95, -24.175, -4.03],
						"0.6333": [0, 0, 0],
						"0.7667": [0, 0, 0],
						"0.8": [0, 0, 0]
					},
					"scale": {
						"0.5": [1, 1, 1],
						"0.5333": [0, 0, 0],
						"0.7667": [0, 0, 0],
						"0.8": [1, 1, 1]
					}
				},
				"righthand": {
					"rotation": [96.07424, 8.95029, -179.05152],
					"position": {
						"0.0": [-6.5, -14.125, -3.075],
						"0.2": [-8.1, -14.12, -3.07],
						"0.7667": [-8.1, -14.12, -3.07],
						"0.8667": [-6.5, -14.125, -3.075]
					},
					"scale": [1, 1.5, 1]
				},
				"release_botton": {
					"rotation": {
						"0.0": [0, 0, -3],
						"1.5333": [0, 0, -3],
						"1.5667": [0, 0, 0]
					},
					"position": {
						"0.0": [0, 0.125, 0],
						"1.5333": [0, 0.125, 0],
						"1.5667": [0, 0, 0]
					}
				},
				"slide": {
					"position": {
						"0.0": [0, 0, 2],
						"1.5667": [0, 0, 2],
						"1.6": [0, 0, 2.075],
						"1.6667": [0, 0, 3.395],
						"1.7": [0, 0, 3.14],
						"1.7333": [0, 0, 3.04],
						"1.7667": [0, 0, -0.285],
						"1.8333": [0, 0, 0]
					}
				},
				"additional_magazine": {
					"scale": 0
				},
				"bullet_in_mag": {
					"scale": 0
				},
				"bullet": {
					"scale": {
						"0.4": [0, 0, 0],
						"0.8": [0, 0, 0],
						"0.8333": [1, 1, 1]
					}
				},
				"camera": {
					"rotation": {
						"0.0": {
							"post": [0, 0, 0],
							"lerp_mode": "catmullrom"
						},
						"0.0667": {
							"post": [0.375, -0.35, -0.1],
							"lerp_mode": "catmullrom"
						},
						"0.1667": {
							"post": [0.625, -0.15, 0.2],
							"lerp_mode": "catmullrom"
						},
						"0.2333": {
							"post": [0.525, 0.275, -0.025],
							"lerp_mode": "catmullrom"
						},
						"0.3333": {
							"post": [0.175, 0, 0.13],
							"lerp_mode": "catmullrom"
						},
						"0.4": {
							"post": [-0.155, 0.26, 0.525],
							"lerp_mode": "catmullrom"
						},
						"0.4333": {
							"post": [-0.7, -0.725, 1.905],
							"lerp_mode": "catmullrom"
						},
						"0.4667": {
							"post": [-0.66, -2.5, 1.245],
							"lerp_mode": "catmullrom"
						},
						"0.5": {
							"post": [-0.54, -1.265, 1.54],
							"lerp_mode": "catmullrom"
						},
						"0.5333": {
							"post": [-0.375, -1.775, 1.035],
							"lerp_mode": "catmullrom"
						},
						"0.6": {
							"post": [-0.13, -1.305, 0.68],
							"lerp_mode": "catmullrom"
						},
						"0.6667": {
							"post": [0.1, -1.25, 0.405],
							"lerp_mode": "catmullrom"
						},
						"0.8": {
							"post": [0.1, -0.625, 0.535],
							"lerp_mode": "catmullrom"
						},
						"0.9667": {
							"post": [0.225, 0.2, 0.565],
							"lerp_mode": "catmullrom"
						},
						"1.1333": {
							"post": [0.025, 0.35, -0.285],
							"lerp_mode": "catmullrom"
						},
						"1.2": {
							"post": [-0.05, -0.25, -1.535],
							"lerp_mode": "catmullrom"
						},
						"1.2333": {
							"post": [0.1, 0.425, -0.565],
							"lerp_mode": "catmullrom"
						},
						"1.2667": {
							"post": [-0.25, -0.025, 0.265],
							"lerp_mode": "catmullrom"
						},
						"1.3333": {
							"post": [0.15, 1.125, -0.255],
							"lerp_mode": "catmullrom"
						},
						"1.4333": {
							"post": [0, 0.225, -0.555],
							"lerp_mode": "catmullrom"
						},
						"1.5": {
							"post": [-0.15, 0.05, -0.185],
							"lerp_mode": "catmullrom"
						},
						"1.5667": {
							"post": [0, 0.75, -1.015],
							"lerp_mode": "catmullrom"
						},
						"1.6": {
							"post": [-0.025, 1.075, -0.735],
							"lerp_mode": "catmullrom"
						},
						"1.6667": {
							"post": [-0.3, 0.5, -0.805],
							"lerp_mode": "catmullrom"
						},
						"1.7333": {
							"post": [0.3, -0.625, 0.65],
							"lerp_mode": "catmullrom"
						},
						"1.8667": {
							"post": [-0.075, 0.175, -0.325],
							"lerp_mode": "catmullrom"
						},
						"2.0333": {
							"post": [0.1, -0.175, 0.25],
							"lerp_mode": "catmullrom"
						},
						"2.2": {
							"post": [0, 0, 0],
							"lerp_mode": "catmullrom"
						}
					}
				}
			},
			"sound_effects": {
				"0.0333": {
					"effect": "p24_pi_golf17_reload_empty_raise"
				},
				"0.2667": {
					"effect": "p24_pi_golf17_reload_empty_mag_out"
				},
				"0.7": {
					"effect": "p24_pi_golf17_reload_empty_turn_grab"
				},
				"0.9333": {
					"effect": "p24_pi_golf17_reload_empty_mag_hit"
				},
				"1.0333": {
					"effect": "p24_pi_golf17_reload_empty_mag_in"
				},
				"1.2667": {
					"effect": "p24_pi_golf17_idle_active_move2"
				},
				"1.5333": {
					"effect": "p24_pi_golf17_reload_empty_fast_drum_slide_charge"
				},
				"1.8333": {
					"effect": "p24_pi_golf17_reload_empty_end"
				}
			}
		},
		"inspect_empty": {
			"animation_length": 6.2667,
			"bones": {
				"constraint": {
					"rotation": [0.2, 0.2, 0.2]
				},
				"root": {
					"rotation": {
						"0.0": [0, 0, 0],
						"0.0333": [-8.78, -2.58, 8.9],
						"0.0667": [-18.34, -6.7, 14.45],
						"0.1": [-22.12, -10.46, 9.46],
						"0.1333": [-24.55, -14.84, -0.11],
						"0.1667": [-24.55, -19, -12.34],
						"0.2": [-16.63, -24.87, -40.06],
						"0.2333": [-8.93, -29.26, -63.12],
						"0.2667": [-9.16, -30.06, -64.84],
						"0.3": [-10.85, -30.41, -63.03],
						"0.3333": [-13.22, -30.39, -59.31],
						"0.3667": [-15.52, -30.1, -55.3],
						"0.4": [-16.97, -29.61, -52.62],
						"0.4333": [-17.46, -28.73, -51.25],
						"0.4667": [-17.5, -27.4, -50.12],
						"0.5": [-17.25, -25.91, -49.24],
						"0.5333": [-16.9, -24.6, -48.64],
						"0.5667": [-16.61, -23.77, -48.34],
						"0.6": [-16.45, -23.57, -48.38],
						"0.6333": [-16.24, -23.55, -48.62],
						"0.6667": [-16, -23.67, -49.01],
						"0.7": [-15.75, -23.88, -49.5],
						"0.7333": [-15.49, -24.13, -50.02],
						"0.7667": [-15.26, -24.39, -50.51],
						"0.8": [-15.06, -24.6, -50.92],
						"0.8333": [-14.93, -24.71, -51.19],
						"0.8667": [-14.85, -24.77, -51.36],
						"0.9": [-14.79, -24.84, -51.59],
						"0.9333": [-14.74, -24.91, -51.83],
						"0.9667": [-14.71, -24.98, -52.05],
						"1.0": [-14.7, -25.03, -52.22],
						"1.0333": [-14.71, -25.06, -52.31],
						"1.0667": [-14.73, -25.05, -52.28],
						"1.1": [-14.78, -24.99, -52.11],
						"1.1333": [-14.84, -24.88, -51.76],
						"1.1667": [-14.93, -24.71, -51.19],
						"1.2": [-14.99, -23.62, -47.4],
						"1.2333": [-15.27, -22.07, -42.1],
						"1.2667": [-16.86, -20.57, -37.54],
						"1.3": [-19.84, -19.45, -35.21],
						"1.3333": [-24, -18.25, -33.3],
						"1.3667": [-28.03, -17.29, -31.8],
						"1.4": [-30.68, -16.85, -30.67],
						"1.4333": [-30.72, -17.82, -29.1],
						"1.4667": [-29, -19.97, -29.94],
						"1.5": [-29.49, -23.04, -36.07],
						"1.5333": [-28.68, -25.71, -42.31],
						"1.5667": [-16.68, -25.71, -42.31],
						"1.6": [-21.04, -24.14, -41.38],
						"1.6333": [-26.13, -22.09, -39.42],
						"1.6667": [-24.91, -20.78, -36.93],
						"1.7": [-21.96, -19.44, -33.85],
						"1.7333": [-20.05, -18.29, -31.11],
						"1.7667": [-21.65, -17.01, -28.16],
						"1.8": [-23.34, -16.13, -25.98],
						"1.8333": [-22.44, -15.86, -25.22],
						"1.8667": [-20.74, -15.71, -24.68],
						"1.9": [-19.02, -15.61, -24.27],
						"1.9333": [-18.03, -15.49, -23.9],
						"1.9667": [-18.12, -15.36, -23.46],
						"2.0": [-18.84, -15.26, -23.05],
						"2.0333": [-19.75, -15.12, -22.79],
						"2.0667": [-20.42, -14.89, -22.86],
						"2.1": [-20.58, -14.76, -23.02],
						"2.1333": [-20.75, -14.61, -23.27],
						"2.1667": [-20.92, -14.45, -23.59],
						"2.2": [-21.08, -14.26, -23.97],
						"2.2333": [-21.23, -14.07, -24.37],
						"2.2667": [-21.35, -13.88, -24.78],
						"2.3": [-21.45, -13.69, -25.17],
						"2.3333": [-21.5, -13.52, -25.52],
						"2.3667": [-21.51, -13.35, -25.8],
						"2.4": [-21.45, -13.21, -26],
						"2.4333": [-21.34, -13.1, -26.09],
						"2.4667": [-21.14, -13.01, -26.06],
						"2.5": [-20.84, -12.92, -25.93],
						"2.5333": [-20.45, -12.84, -25.73],
						"2.5667": [-20.01, -12.76, -25.47],
						"2.6": [-19.53, -12.7, -25.16],
						"2.6333": [-19.04, -12.64, -24.84],
						"2.6667": [-18.56, -12.6, -24.51],
						"2.7": [-18.11, -12.59, -24.19],
						"2.7333": [-17.72, -12.59, -23.91],
						"2.7667": [-17.4, -12.62, -23.68],
						"2.8": [-17.18, -12.67, -23.52],
						"2.8333": [-17.09, -12.76, -23.45],
						"2.8667": [-17.29, -12.97, -23.35],
						"2.9": [-17.86, -13.25, -23.18],
						"2.9333": [-18.65, -13.58, -23.06],
						"2.9667": [-19.49, -13.99, -23.13],
						"3.0": [-20.23, -14.46, -23.5],
						"3.0333": [-20.7, -15.01, -24.3],
						"3.0667": [-20.73, -15.63, -25.65],
						"3.1": [-19.95, -16.75, -28.91],
						"3.1333": [-18.51, -18.15, -33.48],
						"3.1667": [-16.77, -19.61, -38.54],
						"3.2": [-15.09, -20.95, -43.26],
						"3.2333": [-13.83, -21.94, -46.83],
						"3.2667": [-12.82, -22.83, -50.12],
						"3.3": [-12.31, -23.16, -51.73],
						"3.3333": [-11.5, -23.2, -52.91],
						"3.3667": [-8.6, -22.59, -54.65],
						"3.4": [-6.37, -21.82, -55.13],
						"3.4333": [-9.38, -21.85, -51.04],
						"3.4667": [-19.38, -18.37, -43.1],
						"3.5": [-28.13, -14.56, -35.15],
						"3.5333": [-26.91, -13.51, -33.59],
						"3.5667": [-22.82, -12.98, -33.33],
						"3.6": [-21.13, -11.95, -30.94],
						"3.6333": [-23.07, -11.17, -26.67],
						"3.6667": [-26.57, -10.5, -21.04],
						"3.7": [-31, -8.74, -14.54],
						"3.7333": [-35.71, -4.71, -7.63],
						"3.7667": [-40.05, 1.43, -1.28],
						"3.8": [-45.16, 9.87, 6.05],
						"3.8333": [-50.36, 18.96, 13.42],
						"3.8667": [-54.97, 27.06, 19.91],
						"3.9": [-58.3, 32.54, 24.58],
						"3.9333": [-60.67, 34.94, 27.74],
						"3.9667": [-60.75, 33.07, 27.58],
						"4.0": [-60.32, 31.45, 26.9],
						"4.0333": [-59.67, 31.75, 26.37],
						"4.0667": [-58.52, 32.29, 25.33],
						"4.1": [-57.8, 32.54, 24.58],
						"4.1333": [-57.85, 32.37, 24.49],
						"4.1667": [-58.14, 32.03, 24.58],
						"4.2": [-58.54, 31.61, 24.74],
						"4.2333": [-58.93, 31.22, 24.86],
						"4.2667": [-59.18, 30.96, 24.84],
						"4.3": [-59.26, 30.83, 24.61],
						"4.3333": [-59.27, 30.78, 24.24],
						"4.3667": [-59.24, 30.79, 23.84],
						"4.4": [-59.19, 30.81, 23.52],
						"4.4333": [-59.17, 30.82, 23.39],
						"4.4667": [-59.17, 30.83, 23.43],
						"4.5": [-59.18, 30.85, 23.55],
						"4.5333": [-59.2, 30.88, 23.71],
						"4.5667": [-59.21, 30.92, 23.91],
						"4.6": [-59.22, 30.95, 24.13],
						"4.6333": [-59.23, 30.98, 24.35],
						"4.6667": [-59.23, 30.99, 24.56],
						"4.7": [-59.21, 30.98, 24.72],
						"4.7333": [-59.18, 30.96, 24.84],
						"4.7667": [-59.12, 30.89, 24.92],
						"4.8": [-59.04, 30.81, 24.97],
						"4.8333": [-58.95, 30.7, 24.99],
						"4.8667": [-58.85, 30.58, 25],
						"4.9": [-58.74, 30.45, 24.99],
						"4.9333": [-58.62, 30.31, 24.96],
						"4.9667": [-58.51, 30.18, 24.93],
						"5.0": [-58.41, 30.05, 24.89],
						"5.0333": [-58.39, 30.02, 24.9],
						"5.0667": [-58.44, 30.06, 24.96],
						"5.1": [-58.55, 30.14, 25.06],
						"5.1333": [-58.68, 30.26, 25.2],
						"5.1667": [-58.84, 30.39, 25.34],
						"5.2": [-59, 30.53, 25.49],
						"5.2333": [-59.15, 30.65, 25.63],
						"5.2667": [-59.28, 30.76, 25.74],
						"5.3": [-59.36, 30.82, 25.81],
						"5.3333": [-59.39, 30.83, 25.83],
						"5.3667": [-59.35, 30.78, 25.79],
						"5.4": [-59.22, 30.64, 25.67],
						"5.4333": [-58.99, 30.4, 25.45],
						"5.4667": [-58.64, 30.06, 25.14],
						"5.5": [-58.15, 29.59, 24.7],
						"5.5333": [-57.52, 28.98, 24.14],
						"5.5667": [-55.66, 26.93, 22.2],
						"5.6": [-53.34, 24.07, 19.48],
						"5.8": [-0.80364, -3.54003, 10.43529],
						"5.9": [4.50262, 2.49712, 0.87002],
						"6.0667": [0, -0.25, -1],
						"6.2667": [0, 0, 0]
					},
					"position": {
						"0.0": [0, 0, 0],
						"0.0333": [0.04, -0.48, -0.15],
						"0.0667": [-0.26, -0.64, -0.32],
						"0.1": [-0.67, -0.3, -0.36],
						"0.1333": [-1.26, 0.26, -0.4],
						"0.1667": [-1.91, 0.9, -0.43],
						"0.2": [-2.51, 1.49, -0.45],
						"0.2333": [-2.93, 1.9, -0.47],
						"0.2667": [-3.13, 2.06, -0.47],
						"0.3": [-3.23, 2.11, -0.46],
						"0.3333": [-3.26, 2.11, -0.44],
						"0.3667": [-3.27, 2.06, -0.42],
						"0.4": [-3.26, 2.02, -0.4],
						"0.4333": [-3.28, 2, -0.39],
						"0.4667": [-3.32, 2.02, -0.38],
						"0.5": [-3.34, 2.04, -0.37],
						"0.5333": [-3.35, 2.05, -0.36],
						"0.5667": [-3.36, 2.06, -0.36],
						"0.6": [-3.37, 2.05, -0.37],
						"0.6333": [-3.37, 2.04, -0.37],
						"0.6667": [-3.38, 2.04, -0.37],
						"0.7": [-3.38, 2.02, -0.38],
						"0.7333": [-3.38, 2.01, -0.39],
						"0.7667": [-3.39, 2, -0.39],
						"0.8": [-3.39, 1.99, -0.4],
						"0.8333": [-3.39, 1.98, -0.4],
						"0.8667": [-3.4, 1.98, -0.41],
						"0.9": [-3.4, 1.98, -0.41],
						"0.9333": [-3.42, 1.98, -0.41],
						"0.9667": [-3.44, 1.99, -0.41],
						"1.0": [-3.45, 2, -0.41],
						"1.0333": [-3.47, 2.01, -0.41],
						"1.0667": [-3.47, 2.02, -0.41],
						"1.1": [-3.46, 2.01, -0.41],
						"1.1333": [-3.44, 2, -0.41],
						"1.1667": [-3.4, 1.98, -0.41],
						"1.2": [-3.13, 1.81, -0.41],
						"1.2333": [-2.75, 1.58, -0.41],
						"1.2667": [-2.46, 1.43, -0.41],
						"1.3": [-2.34, 1.43, -0.41],
						"1.3333": [-2.28, 1.48, -0.41],
						"1.3667": [-2.25, 1.56, -0.41],
						"1.4": [-2.25, 1.6, -0.41],
						"1.4333": [-2.37, 1.62, -0.41],
						"1.4667": [-2.5, 1.6, -0.41],
						"1.5": [-2.45, 1.55, -0.44],
						"1.5333": [-2.39, 1.52, -0.47],
						"1.5667": [-2.52, 1.57, -0.4],
						"1.6": [-2.43, 1.43, -0.5],
						"1.6333": [-2.32, 1.27, -0.61],
						"1.6667": [-2.26, 1.18, -0.64],
						"1.7": [-2.26, 1.16, -0.59],
						"1.7333": [-2.37, 1.24, -0.49],
						"1.7667": [-2.52, 1.37, -0.35],
						"1.8": [-2.65, 1.48, -0.24],
						"1.8333": [-2.7, 1.54, -0.21],
						"1.8667": [-2.74, 1.59, -0.18],
						"1.9": [-2.78, 1.64, -0.16],
						"1.9333": [-2.81, 1.69, -0.14],
						"1.9667": [-2.84, 1.72, -0.13],
						"2.0": [-2.86, 1.74, -0.12],
						"2.0333": [-2.86, 1.75, -0.12],
						"2.0667": [-2.87, 1.74, -0.13],
						"2.1": [-2.87, 1.73, -0.13],
						"2.1333": [-2.87, 1.72, -0.14],
						"2.1667": [-2.86, 1.7, -0.16],
						"2.2": [-2.86, 1.68, -0.17],
						"2.2333": [-2.85, 1.66, -0.18],
						"2.2667": [-2.84, 1.65, -0.19],
						"2.3": [-2.84, 1.63, -0.2],
						"2.3333": [-2.83, 1.62, -0.2],
						"2.3667": [-2.82, 1.61, -0.21],
						"2.4": [-2.8, 1.61, -0.21],
						"2.4333": [-2.79, 1.6, -0.21],
						"2.4667": [-2.77, 1.6, -0.21],
						"2.5": [-2.75, 1.6, -0.21],
						"2.5333": [-2.73, 1.6, -0.21],
						"2.5667": [-2.72, 1.59, -0.21],
						"2.6": [-2.7, 1.59, -0.21],
						"2.6333": [-2.69, 1.59, -0.21],
						"2.6667": [-2.69, 1.59, -0.21],
						"2.7": [-2.69, 1.58, -0.22],
						"2.7333": [-2.69, 1.58, -0.22],
						"2.7667": [-2.7, 1.57, -0.22],
						"2.8": [-2.71, 1.57, -0.22],
						"2.8333": [-2.73, 1.56, -0.22],
						"2.8667": [-2.74, 1.56, -0.23],
						"2.9": [-2.75, 1.55, -0.23],
						"2.9333": [-2.76, 1.54, -0.23],
						"2.9667": [-2.77, 1.53, -0.24],
						"3.0": [-2.79, 1.43, -0.3],
						"3.0333": [-2.8, 1.31, -0.36],
						"3.0667": [-2.78, 1.37, -0.32],
						"3.1": [-2.75, 1.56, -0.2],
						"3.1333": [-2.7, 1.87, -0.01],
						"3.1667": [-2.65, 2.21, 0.2],
						"3.2": [-2.61, 2.52, 0.39],
						"3.2333": [-2.59, 2.75, 0.52],
						"3.2667": [-2.62, 2.89, 0.56],
						"3.3": [-2.69, 2.9, 0.51],
						"3.3333": [-2.75, 2.9, 0.47],
						"3.3667": [-2.88, 2.98, 0.49],
						"3.4": [-2.87, 2.99, 0.52],
						"3.4333": [-2.78, 2.91, 0.48],
						"3.4667": [-2.45, 2.55, 0.22],
						"3.5": [-2.15, 2.22, 0],
						"3.5333": [-2.14, 2.31, 0.08],
						"3.5667": [-2.22, 2.51, 0.23],
						"3.6": [-2.25, 2.51, 0.21],
						"3.6333": [-2.21, 2.17, -0.07],
						"3.6667": [-2.14, 1.65, -0.51],
						"3.7": [-2.04, 1.16, -0.93],
						"3.7333": [-1.9, 0.95, -1.14],
						"3.7667": [-1.75, 1.1, -1.09],
						"3.8": [-1.55, 1.46, -0.89],
						"3.8333": [-1.34, 1.9, -0.63],
						"3.8667": [-1.15, 2.31, -0.38],
						"3.9": [-1.01, 2.56, -0.2],
						"3.9333": [-0.93, 2.59, -0.09],
						"3.9667": [-0.93, 2.41, -0.07],
						"4.0": [-0.94, 2.24, -0.07],
						"4.0333": [-0.9, 2.13, -0.08],
						"4.0667": [-0.87, 2.08, -0.1],
						"4.1": [-0.85, 2.08, -0.1],
						"4.1333": [-0.84, 2.1, -0.09],
						"4.1667": [-0.82, 2.12, -0.08],
						"4.2": [-0.81, 2.15, -0.07],
						"4.2333": [-0.79, 2.17, -0.05],
						"4.2667": [-0.78, 2.18, -0.04],
						"4.3": [-0.78, 2.18, -0.04],
						"4.3333": [-0.78, 2.18, -0.03],
						"4.3667": [-0.77, 2.18, -0.02],
						"4.4": [-0.77, 2.18, -0.02],
						"4.4333": [-0.77, 2.18, -0.01],
						"4.4667": [-0.77, 2.17, -0.01],
						"4.5": [-0.77, 2.17, 0],
						"4.5333": [-0.76, 2.16, 0.01],
						"4.5667": [-0.76, 2.16, 0.01],
						"4.6": [-0.76, 2.15, 0.02],
						"4.6333": [-0.76, 2.15, 0.02],
						"4.6667": [-0.76, 2.14, 0.03],
						"4.7": [-0.76, 2.14, 0.03],
						"4.7333": [-0.76, 2.13, 0.03],
						"4.7667": [-0.76, 2.12, 0.04],
						"4.8": [-0.76, 2.12, 0.04],
						"4.8333": [-0.76, 2.11, 0.04],
						"4.8667": [-0.76, 2.1, 0.04],
						"4.9": [-0.76, 2.09, 0.03],
						"4.9333": [-0.76, 2.09, 0.03],
						"4.9667": [-0.76, 2.08, 0.03],
						"5.0": [-0.76, 2.08, 0.03],
						"5.0333": [-0.76, 2.08, 0.03],
						"5.0667": [-0.76, 2.09, 0.03],
						"5.1": [-0.76, 2.09, 0.03],
						"5.1333": [-0.76, 2.1, 0.03],
						"5.1667": [-0.76, 2.11, 0.03],
						"5.2": [-0.76, 2.12, 0.03],
						"5.2333": [-0.76, 2.13, 0.03],
						"5.2667": [-0.76, 2.14, 0.03],
						"5.3": [-0.76, 2.15, 0.03],
						"5.3333": [-0.76, 2.15, 0.03],
						"5.3667": [-0.76, 2.16, 0.03],
						"5.4": [-0.76, 2.16, 0.03],
						"5.4333": [-0.76, 2.16, 0.03],
						"5.4667": [-0.76, 2.15, 0.03],
						"5.5": [-0.76, 2.14, 0.03],
						"5.5333": [-0.76, 2.13, 0.03],
						"5.5667": [-0.77, 2.09, 0.03],
						"5.6": [-0.79, 2.05, 0.03],
						"5.8667": [0, 0, 0],
						"5.9": [0.075, 0, 1.1],
						"6.1": [0, 0, 0]
					}
				},
				"mag_and_lefthand": {
					"rotation": {
						"1.4667": [0, 0, 0],
						"1.5": [-1.33, -0.05, -0.44],
						"1.5333": [-3.27, -0.13, -1.16],
						"1.5667": [-5.2, -0.15, -1.31],
						"1.6": [-6.5, 0, 0],
						"1.6333": [-6.79, 0.93, 8.21],
						"1.6667": [-6.16, 2.09, 18.64],
						"1.7": [-5.88, 2.74, 24.97],
						"1.7333": [-5.54, 3.36, 31.2],
						"1.7667": [-5.23, 3.86, 36.32],
						"1.8": [-5.11, 4.05, 38.33],
						"1.8333": [-4.98, 4.2, 40.08],
						"1.8667": [-4.87, 4.33, 41.57],
						"1.9": [-4.78, 4.42, 42.74],
						"1.9333": [-4.7, 4.49, 43.58],
						"1.9667": [-4.67, 4.53, 44.07],
						"2.0": [-4.61, 4.54, 44.18],
						"2.0333": [-4.51, 4.53, 44.04],
						"2.0667": [-4.41, 4.51, 43.65],
						"2.1": [-4.36, 4.46, 43.02],
						"2.1333": [-4.41, 4.38, 42.16],
						"2.1667": [-4.6, 4.29, 41.09],
						"2.2": [-4.99, 4.17, 39.82],
						"2.2333": [-8.68, 3.49, 32.56],
						"2.2667": [-11.65, 2.74, 24.86],
						"2.3": [-9.49, 2.53, 23.35],
						"2.3333": [-6.21, 1.92, 17.15],
						"2.3667": [-4.53, -0.07, -8.35],
						"2.4": [-3.82, -2.62, -35.39],
						"2.4333": [-4.4, -4.68, -45.39],
						"2.4667": [-5.51, -6.82, -51.79],
						"2.5": [-6.09, -7.95, -55.45],
						"2.5333": [-5.93, -7.8, -56.04],
						"2.5667": [-5.54, -7.2, -55.51],
						"2.6": [-5.02, -6.36, -54.3],
						"2.6333": [-4.47, -5.44, -52.83],
						"2.6667": [-3.98, -4.63, -51.55],
						"2.7": [-3.65, -4.12, -50.89],
						"2.7333": [-3.49, -3.95, -51.16],
						"2.7667": [-3.39, -3.95, -52.1],
						"2.8": [-3.33, -4.05, -53.3],
						"2.8333": [-3.31, -4.19, -54.37],
						"2.8667": [-3.34, -4.31, -54.93],
						"2.9": [-3.4, -4.35, -54.56],
						"2.9333": [-3.51, -4.24, -52.89],
						"2.9667": [-4.03, -3.43, -42.75],
						"3.0": [-4.78, -2.29, -28.34],
						"3.0333": [-5.34, -1.33, -16.46],
						"3.0667": [-5.48, -0.92, -11.77],
						"3.1": [-5.54, -0.55, -7.86],
						"3.1333": [-5.55, -0.25, -4.93],
						"3.1667": [-5.52, -0.07, -3.17],
						"3.2": [-5.5, -0.02, -2.77],
						"3.2333": [-5.48, -0.15, -4.15],
						"3.2667": [-5.43, -0.44, -7.2],
						"3.3": [-5.37, -0.81, -11.11],
						"3.3333": [-5.32, -1.18, -15.07],
						"3.3667": [-5.27, -1.49, -18.28],
						"3.4": [-5.25, -1.65, -19.94],
						"3.4333": [-5.45, -0.73, -10.23],
						"3.4667": [0, 0, 0]
					},
					"position": {
						"1.4667": [0, 0, 0],
						"1.5": [0, -0.12, -0.04],
						"1.5333": [0, -0.72, 0],
						"1.5667": [0, -2.52, 0.34],
						"1.6": [0, -4.59, 0.65],
						"1.6333": [-0.32, -6.36, 0.51],
						"1.6667": [0, -7.5, 0.32],
						"1.7": [1.49, -7.41, 0.33],
						"1.7333": [3.55, -6.88, 0.39],
						"1.7667": [5.14, -6.37, 0.45],
						"1.8": [5.54, -6.2, 0.47],
						"1.8333": [5.77, -6.04, 0.49],
						"1.8667": [5.89, -5.88, 0.51],
						"1.9": [5.93, -5.73, 0.52],
						"1.9333": [5.95, -5.6, 0.54],
						"1.9667": [5.99, -5.5, 0.55],
						"2.0": [6.05, -5.44, 0.56],
						"2.0333": [6.08, -5.41, 0.56],
						"2.0667": [6.09, -5.39, 0.56],
						"2.1": [6.09, -5.38, 0.56],
						"2.1333": [6.07, -5.38, 0.56],
						"2.1667": [6.04, -5.37, 0.57],
						"2.2": [5.99, -5.34, 0.57],
						"2.2333": [5.63, -5.2, 0.59],
						"2.2667": [5.26, -5, 0.61],
						"2.3": [5.19, -4.78, 0.64],
						"2.3333": [5.19, -4.46, 0.67],
						"2.3667": [5.09, -3.89, 0.73],
						"2.4": [5.02, -3.28, 0.79],
						"2.4333": [5.02, -3.17, 0.8],
						"2.4667": [5.02, -3.06, 0.82],
						"2.5": [5.03, -2.95, 0.83],
						"2.5333": [5.05, -2.85, 0.84],
						"2.5667": [5.06, -2.75, 0.86],
						"2.6": [5.08, -2.66, 0.87],
						"2.6333": [5.1, -2.58, 0.88],
						"2.6667": [5.12, -2.51, 0.89],
						"2.7": [5.14, -2.45, 0.9],
						"2.7333": [5.16, -2.38, 0.91],
						"2.7667": [5.17, -2.35, 0.91],
						"2.8": [5.2, -2.35, 0.91],
						"2.8333": [5.25, -2.35, 0.91],
						"2.8667": [5.34, -2.35, 0.91],
						"2.9": [5.6, -2.29, 0.92],
						"2.9333": [6.03, -2.17, 0.93],
						"2.9667": [6.42, -2.08, 0.93],
						"3.0": [6.59, -2.11, 0.93],
						"3.0333": [6.34, -2.35, 0.91],
						"3.0667": [5.46, -2.93, 0.86],
						"3.1": [4.08, -3.78, 0.78],
						"3.1333": [2.52, -4.72, 0.7],
						"3.1667": [1.09, -5.56, 0.62],
						"3.2": [0.12, -6.1, 0.58],
						"3.2333": [-0.25, -6.27, 0.56],
						"3.2667": [-0.38, -6.27, 0.56],
						"3.3": [-0.34, -6.14, 0.58],
						"3.3333": [-0.21, -5.97, 0.59],
						"3.3667": [-0.08, -5.8, 0.61],
						"3.4": [-0.03, -5.7, 0.62],
						"3.4333": [-0.06, -5.55, 0.63],
						"3.4667": [0, 0, 0]
					}
				},
				"lefthand": {
					"rotation": {
						"0.0": [90.58079, -29.88575, -133.95071],
						"0.2333": [90.51335, 11.60828, -133.55766],
						"1.1667": [90.51, 11.61, -133.56],
						"1.4": [75.61989, -26.48931, -102.89417],
						"3.6667": [75.61989, -26.48931, -102.89417],
						"4.0333": [90.51335, 11.60828, -133.55766],
						"5.5667": [90.51, 11.61, -133.56],
						"5.9333": [90.58079, -29.88575, -133.95071]
					},
					"position": {
						"0.0": [8.06875, -15.62, -3.495],
						"0.2333": [10.946, -26.67971, 14.12623],
						"1.1667": [10.95, -26.68, 14.13],
						"1.4": [7.09375, -17.67, 0.105],
						"3.6667": [7.09375, -17.67, 0.105],
						"4.0333": [10.946, -26.67971, 14.12623],
						"5.5667": [10.95, -26.68, 14.13],
						"5.9": [8.73639, -17.41546, -4.17857],
						"5.9333": [8.06875, -15.62, -3.495]
					},
					"scale": {
						"0.0": [1, 1.5, 1],
						"5.9333": [1, 1.5, 1]
					}
				},
				"righthand": {
					"rotation": [96.07424, 8.95029, -179.05152],
					"position": {
						"0.0": [-6.5, -14.12, -3.07],
						"0.2": [-8.3, -14.12, -3.07],
						"1.2667": [-8.3, -14.12, -3.07],
						"1.4": [-6.5, -14.125, -3.075]
					},
					"scale": [1, 1.5, 1]
				},
				"righthand_pos": {
					"rotation": [0, 0, 0],
					"position": [0, 0, 0]
				},
				"slide": {
					"position": [0, 0, 2]
				},
				"additional_magazine": {
					"scale": 0
				},
				"bullet_in_barrel": {
					"scale": 0
				},
				"camera": {
					"rotation": {
						"0.0": {
							"post": [0, 0, 0],
							"lerp_mode": "catmullrom"
						},
						"0.1": {
							"post": [-0.325, -0.4, -0.445],
							"lerp_mode": "catmullrom"
						},
						"0.1667": {
							"post": [-0.4, -0.525, -0.3],
							"lerp_mode": "catmullrom"
						},
						"0.2333": {
							"post": [-0.4, -0.4, 0.075],
							"lerp_mode": "catmullrom"
						},
						"0.4": {
							"post": [-0.325, 0, 0.655],
							"lerp_mode": "catmullrom"
						},
						"0.7": {
							"post": [0, 0.725, 0.305],
							"lerp_mode": "catmullrom"
						},
						"1.0": {
							"post": [0, 0.725, 0.46],
							"lerp_mode": "catmullrom"
						},
						"1.2667": {
							"post": [0, 0, 0.335],
							"lerp_mode": "catmullrom"
						},
						"1.3667": {
							"post": [0.025, -0.175, 0.215],
							"lerp_mode": "catmullrom"
						},
						"1.4": {
							"post": [0.225, -0.225, 0.02],
							"lerp_mode": "catmullrom"
						},
						"1.4333": {
							"post": [-0.375, 0.175, 0.345],
							"lerp_mode": "catmullrom"
						},
						"1.4667": {
							"post": [0, 0, 0.3],
							"lerp_mode": "catmullrom"
						},
						"1.5333": {
							"post": [0.175, -0.2, 0.15],
							"lerp_mode": "catmullrom"
						},
						"1.6": {
							"post": [0.625, -0.15, -0.6],
							"lerp_mode": "catmullrom"
						},
						"1.7333": {
							"post": [1.325, -0.9, -0.075],
							"lerp_mode": "catmullrom"
						},
						"1.8333": {
							"post": [1.9, -1.2, 0.18],
							"lerp_mode": "catmullrom"
						},
						"2.0": {
							"post": [2.55, -1.2, 0.455],
							"lerp_mode": "catmullrom"
						},
						"2.1333": {
							"post": [2.9, -1.2, 0.435],
							"lerp_mode": "catmullrom"
						},
						"2.3667": {
							"post": [2.9, -0.275, 0.44],
							"lerp_mode": "catmullrom"
						},
						"2.5667": {
							"post": [2.55, 0.6, 0.165],
							"lerp_mode": "catmullrom"
						},
						"2.7": {
							"post": [3.075, 0.775, -0.14],
							"lerp_mode": "catmullrom"
						},
						"2.9333": {
							"post": [2.9, 0.6, -0.24],
							"lerp_mode": "catmullrom"
						},
						"3.1": {
							"post": [2.305, 0.39, 0.28],
							"lerp_mode": "catmullrom"
						},
						"3.2333": {
							"post": [0.375, 0.175, 0.66],
							"lerp_mode": "catmullrom"
						},
						"3.3667": {
							"post": [-0.575, -0.475, 0.46],
							"lerp_mode": "catmullrom"
						},
						"3.4": {
							"post": [0.45, 0, 0.61],
							"lerp_mode": "catmullrom"
						},
						"3.4667": {
							"post": [-0.125, 0.4, -0.39],
							"lerp_mode": "catmullrom"
						},
						"3.5333": {
							"post": [0, -0.125, 0.51],
							"lerp_mode": "catmullrom"
						},
						"3.6333": {
							"post": [0, 0, 0.085],
							"lerp_mode": "catmullrom"
						},
						"3.8333": {
							"post": [0.375, 0.8, 0.355],
							"lerp_mode": "catmullrom"
						},
						"3.9": {
							"post": [0.2, 1, 0.285],
							"lerp_mode": "catmullrom"
						},
						"4.0": {
							"post": [-0.05, 1, 0.03],
							"lerp_mode": "catmullrom"
						},
						"4.1": {
							"post": [0.15, 1, -0.045],
							"lerp_mode": "catmullrom"
						},
						"4.2": {
							"post": [0.075, 1, 0],
							"lerp_mode": "catmullrom"
						},
						"4.3667": {
							"post": [-0.05, 1, 0.075],
							"lerp_mode": "catmullrom"
						},
						"4.6667": {
							"post": [0.125, 0.8, 0.155],
							"lerp_mode": "catmullrom"
						},
						"5.0667": {
							"post": [-0.125, 0, 0.08],
							"lerp_mode": "catmullrom"
						},
						"5.3667": {
							"post": [0, -0.3, 0.055],
							"lerp_mode": "catmullrom"
						},
						"5.6667": {
							"post": [0, -0.45, -0.365],
							"lerp_mode": "catmullrom"
						},
						"5.8": {
							"post": [-0.15, -0.2, 0.505],
							"lerp_mode": "catmullrom"
						},
						"5.9667": {
							"post": [0, 0.15, -0.115],
							"lerp_mode": "catmullrom"
						},
						"6.1333": {
							"post": [0, 0, 0],
							"lerp_mode": "catmullrom"
						}
					}
				},
				"bullet_in_mag": {
					"scale": 0
				},
				"bullet": {
					"scale": 0
				}
			},
			"sound_effects": {
				"0.0333": {
					"effect": "p24_pi_golf17_inspect_empty_raise"
				},
				"0.7": {
					"effect": "renetti_ads_down"
				},
				"1.4667": {
					"effect": "renetti_reload_fast_magout"
				},
				"2.2667": {
					"effect": "renetti_ads_down"
				},
				"3.1667": {
					"effect": "renetti_reload_fast_magin"
				},
				"3.3333": {
					"effect": "renetti_reload_empty_xmags_mvmnt"
				},
				"3.7333": {
					"effect": "p24_pi_golf17_inspect_empty_turn"
				},
				"5.5667": {
					"effect": "renetti_reload_empty_xmagslrg_end"
				}
			}
		},
		"static_bolt_caught": {
			"loop": true,
			"bones": {
				"constraint": {
					"rotation": [0.2, 0.2, 0.2]
				},
				"lefthand": {
					"rotation": [90.58079, -29.88575, -133.95071],
					"position": [8.06875, -15.62, -3.495],
					"scale": [1, 1.5, 1]
				},
				"righthand": {
					"rotation": [96.07424, 8.95029, -179.05152],
					"position": [-6.5, -14.125, -3.075],
					"scale": [1, 1.5, 1]
				},
				"slide": {
					"position": [0, 0, 2]
				},
				"additional_magazine": {
					"scale": 0
				},
				"bullet_in_barrel": {
					"scale": 0
				}
			}
		},
		"shoot": {
			"loop": true,
			"animation_length": 1.0333,
			"bones": {
				"root": {
					"rotation": {
						"0.0": [0, 0, 0],
						"0.0333": [-18.97, 2.2, 3.73],
						"0.0667": [-12.41, 0.14, -0.1],
						"0.1": [-3.05, -1.89, -3.49],
						"0.1333": [-0.37, -0.89, -0.06],
						"0.1667": [0.45, 0.6, 3.88],
						"0.2": [0.93, 0.75, 3.72],
						"0.2333": [1.25, 0.71, 2.68],
						"0.2667": [1.41, 0.56, 1.43],
						"0.3": [1.4, 0.42, 0.65],
						"0.3333": [0.95, 0.21, 0.63],
						"0.3667": [0.19, -0.06, 1.05],
						"0.4": [-0.33, -0.28, 1.27],
						"0.4333": [-0.39, -0.36, 1.19],
						"0.4667": [-0.36, -0.42, 1.03],
						"0.5": [-0.27, -0.48, 0.82],
						"0.5333": [-0.16, -0.52, 0.6],
						"0.5667": [-0.06, -0.53, 0.4],
						"0.6": [0, -0.52, 0.25],
						"0.6333": [0, -0.39, 0.19],
						"0.6667": [0, -0.26, 0.13],
						"0.7": [0, -0.13, 0.06],
						"0.7333": [0, 0, 0]
					},
					"position": {
						"0.0": [0, 0, 0],
						"0.0333": [0.02, -0.2, 1.16],
						"0.0667": [0.08, -0.14, 0.33],
						"0.1": [0.13, -0.04, -0.56],
						"0.1333": [0.11, 0.06, -0.35],
						"0.1667": [0.07, 0.1, 0.06],
						"0.2": [0.04, -0.04, 0],
						"0.2333": [0.02, -0.18, -0.11],
						"0.2667": [0.01, -0.14, -0.05],
						"0.3": [0, -0.06, 0.04],
						"0.3333": [0, 0, 0.1],
						"0.3667": [0, 0.01, 0.1],
						"0.4": [0, 0.01, 0.09],
						"0.4333": [0, 0.01, 0.08],
						"0.4667": [0, 0.01, 0.06],
						"0.5": [0, 0.01, 0.04],
						"0.5333": [0, 0, 0.03],
						"0.5667": [0, 0, 0.01],
						"0.6": [0, 0, 0],
						"0.6333": [0, 0, 0],
						"0.6667": [0, 0, 0],
						"0.7": [0, 0, 0],
						"0.7333": [0, 0, 0]
					}
				},
				"slide": {
					"position": {
						"0.0": [0, 0, 0],
						"0.0333": [0, 0, 2],
						"0.1": [0, 0, 0]
					}
				},
				"additional_magazine": {
					"scale": 0
				},
				"camera": {
					"rotation": {
						"0.0": {
							"post": [0, 0, 0],
							"lerp_mode": "catmullrom"
						},
						"0.0333": {
							"post": [-0.725, 0.375, 0.925],
							"lerp_mode": "catmullrom"
						},
						"0.0667": {
							"post": [-0.225, -0.275, -1.35],
							"lerp_mode": "catmullrom"
						},
						"0.1": {
							"post": [0.125, 0.075, 0.4],
							"lerp_mode": "catmullrom"
						},
						"0.1667": {
							"post": [-0.1, -0.1, -0.375],
							"lerp_mode": "catmullrom"
						},
						"0.2667": [0, 0.075, 0.125],
						"0.4333": [0, 0, 0]
					}
				},
				"constraint": {
					"rotation": {
						"0.0": [0.5, 0.5, 0.5],
						"0.4": [0, 0, 0]
					}
				}
			},
			"sound_effects": {
				"0.0": {
					"effect": "p226_core_01"
				}
			}
		},
		"put_away": {
			"loop": "hold_on_last_frame",
			"animation_length": 0.1667,
			"bones": {
				"alien": {
					"rotation": [0, 0, 0],
					"position": [0, 0, 0]
				},
				"constraint": {
					"rotation": [0.2, 0.2, 0.2]
				},
				"root": {
					"rotation": {
						"0.0": {
							"post": [0, 0, 0],
							"lerp_mode": "catmullrom"
						},
						"0.1": {
							"post": [13.26, 0, 0],
							"lerp_mode": "catmullrom"
						},
						"0.1667": {
							"post": [32.25, 0, 0],
							"lerp_mode": "catmullrom"
						}
					},
					"position": {
						"0.0": {
							"post": [0, 0, 0],
							"lerp_mode": "catmullrom"
						},
						"0.1": {
							"post": [-1.51, -1.61, 2.77],
							"lerp_mode": "catmullrom"
						},
						"0.1667": {
							"post": [-3.675, -3.90863, 6.73902],
							"lerp_mode": "catmullrom"
						}
					}
				},
				"lefthand": {
					"rotation": {
						"0.0": [90.58079, -29.88575, -133.95071],
						"0.1333": [90.51335, 11.60828, -133.55766]
					},
					"position": {
						"0.0": [8.06875, -15.62, -3.495],
						"0.1333": [10.946, -26.67971, 14.12623]
					},
					"scale": {
						"0.0": [1, 1.5, 1],
						"0.1333": [1, 1.5, 1],
						"0.1667": [0, 0, 0]
					}
				},
				"righthand": {
					"rotation": [96.07424, 8.95029, -179.05152],
					"position": [-6.5, -14.125, -3.075],
					"scale": [1, 1.5, 1]
				},
				"additional_magazine": {
					"scale": 0
				}
			}
		},
		"inspect": {
			"loop": "hold_on_last_frame",
			"animation_length": 8.4667,
			"bones": {
				"righthand": {
					"rotation": {
						"0.0": [96.07424, 8.95029, -179.05152],
						"2.8333": [96.07424, 8.95029, -179.05152],
						"2.9333": [96.57581, 24.10869, -177.30413],
						"3.0": [96.07, 8.95, -179.05],
						"3.1333": [96.07, 8.95, -179.05],
						"3.2333": [96.07424, 8.95029, -179.05152]
					},
					"position": {
						"0.0": [-6.5, -14.125, -3.075],
						"0.1": [-8.14552, -14.00504, -3.03062],
						"2.9333": [-8.14552, -14.00504, -3.03062],
						"3.0": [-7.075, -14.01, -3.03],
						"3.1333": [-7.075, -14.01, -3.03],
						"3.2333": [-6.5, -14.125, -3.075]
					},
					"scale": [1, 1.5, 1]
				},
				"lefthand": {
					"rotation": {
						"0.0": {
							"post": [90.58079, -29.88575, -133.95071],
							"lerp_mode": "catmullrom"
						},
						"0.0667": {
							"post": [90.58, -29.89, -133.95],
							"lerp_mode": "catmullrom"
						},
						"2.7333": {
							"post": [90.58, -29.89, -133.95],
							"lerp_mode": "catmullrom"
						},
						"3.0": {
							"post": [97.84929, -26.74068, -118.71602],
							"lerp_mode": "catmullrom"
						},
						"5.1": {
							"post": [97.85, -26.74, -118.72],
							"lerp_mode": "catmullrom"
						},
						"5.2333": {
							"post": [97.85, -26.74, -118.72],
							"lerp_mode": "catmullrom"
						},
						"5.8333": {
							"post": [97.85, -26.74, -118.72],
							"lerp_mode": "catmullrom"
						},
						"6.0667": {
							"post": [52.85, -26.74, -118.72],
							"lerp_mode": "catmullrom"
						},
						"6.3667": {
							"post": [52.85, -26.74, -118.72],
							"lerp_mode": "catmullrom"
						},
						"6.4": {
							"post": [61.20967, -27.73376, -117.86718],
							"lerp_mode": "catmullrom"
						},
						"6.5": {
							"post": [55.95967, -27.73376, -117.86718],
							"lerp_mode": "catmullrom"
						},
						"7.0": {
							"post": [55.96, -27.73, -117.87],
							"lerp_mode": "catmullrom"
						},
						"7.0333": {
							"post": [26.71, -27.73, -117.87],
							"lerp_mode": "catmullrom"
						},
						"7.0667": {
							"post": [23.47224, -2.72987, -105.8777],
							"lerp_mode": "catmullrom"
						},
						"7.3333": {
							"post": [23.47, -2.73, -105.88],
							"lerp_mode": "catmullrom"
						},
						"7.3667": {
							"post": [-14.03, -2.73, -105.88],
							"lerp_mode": "catmullrom"
						},
						"7.4": {
							"post": [-2.54035, -1.8278, -80.87593],
							"lerp_mode": "catmullrom"
						},
						"7.4667": {
							"post": [4.47, -2.73, -105.88],
							"lerp_mode": "catmullrom"
						},
						"7.5667": {
							"post": [44.57299, 4.40878, -98.87201],
							"lerp_mode": "catmullrom"
						},
						"7.7333": {
							"post": [90.58079, -29.88575, -133.95071],
							"lerp_mode": "catmullrom"
						}
					},
					"position": {
						"0.0": {
							"post": [8.06875, -15.62, -3.495],
							"lerp_mode": "catmullrom"
						},
						"0.0667": {
							"post": [13.67805, -20.7029, 9.76571],
							"lerp_mode": "catmullrom"
						},
						"2.7333": {
							"post": [13.68, -20.7, 9.77],
							"lerp_mode": "catmullrom"
						},
						"3.0": {
							"post": [6.72796, -19.87783, 0.27577],
							"lerp_mode": "catmullrom"
						},
						"5.1": {
							"post": [6.73, -19.88, 0.28],
							"lerp_mode": "catmullrom"
						},
						"5.2333": {
							"post": [6.73, -19.88, 0.28],
							"lerp_mode": "catmullrom"
						},
						"5.8333": {
							"post": [6.73, -19.88, 0.28],
							"lerp_mode": "catmullrom"
						},
						"5.9667": {
							"post": [8.98, -14.68, 0.28],
							"lerp_mode": "catmullrom"
						},
						"6.0667": {
							"post": [7.83, -9.48, 0.28],
							"lerp_mode": "catmullrom"
						},
						"6.2": {
							"post": [7.83, -9.48, 0.28],
							"lerp_mode": "catmullrom"
						},
						"6.3667": {
							"post": [7.83, -9.48, 0.405],
							"lerp_mode": "catmullrom"
						},
						"6.5": {
							"post": [7.83, -9.48, 1.035],
							"lerp_mode": "catmullrom"
						},
						"6.6": {
							"post": [7.83, -9.48, 1.055],
							"lerp_mode": "catmullrom"
						},
						"6.6667": {
							"post": [7.83, -9.48, 1.06],
							"lerp_mode": "catmullrom"
						},
						"7.0": {
							"post": [7.83, -9.48, 1.06],
							"lerp_mode": "catmullrom"
						},
						"7.0333": {
							"post": [7.83, -9.48, 1.635],
							"lerp_mode": "catmullrom"
						},
						"7.0667": {
							"post": [7.83, -9.48, 7.99],
							"lerp_mode": "catmullrom"
						},
						"7.3333": {
							"post": [7.83, -9.48, 7.99],
							"lerp_mode": "catmullrom"
						},
						"7.3667": {
							"post": [5.93, -10.53, 4.29],
							"lerp_mode": "catmullrom"
						},
						"7.4": {
							"post": [5.93, -10.53, 4.29],
							"lerp_mode": "catmullrom"
						},
						"7.5667": {
							"post": [9.155, -12.455, 6.34],
							"lerp_mode": "catmullrom"
						},
						"7.7333": {
							"post": [8.06875, -15.62, -3.495],
							"lerp_mode": "catmullrom"
						}
					},
					"scale": {
						"0.0": {
							"post": [1, 1.5, 1],
							"lerp_mode": "catmullrom"
						}
					}
				},
				"additional_magazine": {
					"scale": 0
				},
				"root": {
					"rotation": {
						"0.0": {
							"post": [0, 0, 0],
							"lerp_mode": "catmullrom"
						},
						"0.1": {
							"post": [-11.67901, -0.49128, 3.69646],
							"lerp_mode": "catmullrom"
						},
						"0.2333": {
							"post": [-28.16443, -7.845, -23.23551],
							"lerp_mode": "catmullrom"
						},
						"0.2667": {
							"post": [-27.57894, -13.23687, -39.68536],
							"lerp_mode": "catmullrom"
						},
						"0.4333": {
							"post": [-28.29076, -11.33485, -32.30526],
							"lerp_mode": "catmullrom"
						},
						"0.7": {
							"post": [-28.19, -11.6, -34.03],
							"lerp_mode": "catmullrom"
						},
						"0.8333": {
							"post": [-28.11012, -11.012, -32.67828],
							"lerp_mode": "catmullrom"
						},
						"0.9667": {
							"post": [-27.64059, -11.34619, -33.01059],
							"lerp_mode": "catmullrom"
						},
						"1.1333": {
							"post": [-27.2618, -11.88889, -34.30076],
							"lerp_mode": "catmullrom"
						},
						"1.3": {
							"post": [-27.23144, -11.47158, -33.80689],
							"lerp_mode": "catmullrom"
						},
						"1.4": {
							"post": [-26.61688, -11.47753, -34.37727],
							"lerp_mode": "catmullrom"
						},
						"1.6": {
							"post": [-25.21501, -16.38098, -37.62567],
							"lerp_mode": "catmullrom"
						},
						"1.7333": {
							"post": [-24.68117, -14.38362, -36.88493],
							"lerp_mode": "catmullrom"
						},
						"1.8333": {
							"post": [-24.01714, -14.50614, -36.54246],
							"lerp_mode": "catmullrom"
						},
						"2.0667": {
							"post": [-24.88367, -14.29621, -36.07394],
							"lerp_mode": "catmullrom"
						},
						"2.4333": {
							"post": [-24.97204, -13.85876, -35.71511],
							"lerp_mode": "catmullrom"
						},
						"2.8667": {
							"post": [-25.13767, -13.54114, -35.01579],
							"lerp_mode": "catmullrom"
						},
						"3.0": {
							"post": [-23.59297, -15.5303, -40.33221],
							"lerp_mode": "catmullrom"
						},
						"3.0667": {
							"post": [-26.357, -8.5156, -27.95171],
							"lerp_mode": "catmullrom"
						},
						"3.1667": {
							"post": [-25.31597, -11.33444, -33.99891],
							"lerp_mode": "catmullrom"
						},
						"3.2": {
							"post": [-31.60224, -0.96546, -22.9014],
							"lerp_mode": "catmullrom"
						},
						"3.2667": {
							"post": [-25.47404, 1.75706, -17.66481],
							"lerp_mode": "catmullrom"
						},
						"3.3333": {
							"post": [-25.11988, -1.07804, -22.2159],
							"lerp_mode": "catmullrom"
						},
						"3.5333": {
							"post": [-30.20905, -1.09153, -17.90813],
							"lerp_mode": "catmullrom"
						},
						"3.6667": {
							"post": [-29.90746, -4.60097, -23.97329],
							"lerp_mode": "catmullrom"
						},
						"3.7667": {
							"post": [-29.9734, -4.10186, -23.10425],
							"lerp_mode": "catmullrom"
						},
						"3.8333": {
							"post": [-30.0317, -3.60181, -22.23629],
							"lerp_mode": "catmullrom"
						},
						"4.0": {
							"post": [-30.11541, -2.72482, -20.71957],
							"lerp_mode": "catmullrom"
						},
						"4.1333": {
							"post": [-30.08239, -3.10094, -21.36928],
							"lerp_mode": "catmullrom"
						},
						"4.3": {
							"post": [-30.1686, -1.97157, -19.42131],
							"lerp_mode": "catmullrom"
						},
						"4.3667": {
							"post": [-30.18879, -1.59454, -18.77265],
							"lerp_mode": "catmullrom"
						},
						"4.5": {
							"post": [-30.93253, -1.72024, -18.98884],
							"lerp_mode": "catmullrom"
						},
						"4.7667": {
							"post": [-30.44636, -2.28689, -18.94068],
							"lerp_mode": "catmullrom"
						},
						"5.1": {
							"post": [-30.17131, -3.22563, -19.55221],
							"lerp_mode": "catmullrom"
						},
						"5.3": {
							"post": [-29.33195, -8.07293, -28.05587],
							"lerp_mode": "catmullrom"
						},
						"5.3333": {
							"post": [-28.57549, -10.61589, -32.71111],
							"lerp_mode": "catmullrom"
						},
						"5.4": {
							"post": [-30.63902, -9.65437, -30.92957],
							"lerp_mode": "catmullrom"
						},
						"5.4667": {
							"post": [-30.36496, -8.55673, -29.52617],
							"lerp_mode": "catmullrom"
						},
						"5.5": {
							"post": [-25.1868, -6.55577, -25.1802],
							"lerp_mode": "catmullrom"
						},
						"5.5333": {
							"post": [-30.53511, -1.76367, -16.95327],
							"lerp_mode": "catmullrom"
						},
						"5.6333": {
							"post": [-29.63359, -7.92204, -27.58603],
							"lerp_mode": "catmullrom"
						},
						"5.7333": {
							"post": [-29.91167, -6.68049, -25.39833],
							"lerp_mode": "catmullrom"
						},
						"5.9": {
							"post": [-30.26894, 4.58087, -6.1743],
							"lerp_mode": "catmullrom"
						},
						"6.0": {
							"post": [-17.80764, 16.29486, 46.94894],
							"lerp_mode": "catmullrom"
						},
						"6.0667": {
							"post": [-13.15797, 14.67247, 63.83159],
							"lerp_mode": "catmullrom"
						},
						"6.1333": {
							"post": [-15.55673, 14.46607, 65.20615],
							"lerp_mode": "catmullrom"
						},
						"6.2": {
							"post": [-15.45878, 14.55369, 63.57545],
							"lerp_mode": "catmullrom"
						},
						"6.4": {
							"post": [-13.18559, 12.78919, 65.93377],
							"lerp_mode": "catmullrom"
						},
						"6.4333": {
							"post": [-13.09048, 10.84153, 66.39818],
							"lerp_mode": "catmullrom"
						},
						"6.5": {
							"post": [-13.45523, 10.3823, 64.41774],
							"lerp_mode": "catmullrom"
						},
						"6.6": {
							"post": [-13.3424, 11.04249, 65.04234],
							"lerp_mode": "catmullrom"
						},
						"6.8": {
							"post": [-13.44574, 11.16739, 64.48531],
							"lerp_mode": "catmullrom"
						},
						"7.0": {
							"post": [-13.37732, 10.73901, 64.85112],
							"lerp_mode": "catmullrom"
						},
						"7.0333": {
							"post": [-14.08125, 9.78929, 60.90224],
							"lerp_mode": "catmullrom"
						},
						"7.0667": {
							"post": [-9.24466, 7.8246, 53.31543],
							"lerp_mode": "catmullrom"
						},
						"7.1": {
							"post": [-7.92708, 3.30572, 48.21197],
							"lerp_mode": "catmullrom"
						},
						"7.1667": {
							"post": [-3.1617, 10.30876, 52.13604],
							"lerp_mode": "catmullrom"
						},
						"7.2333": {
							"post": [0.25253, 5.17369, 45.45272],
							"lerp_mode": "catmullrom"
						},
						"7.3333": {
							"post": [-0.24551, 4.17402, 39.93451],
							"lerp_mode": "catmullrom"
						},
						"7.3667": {
							"post": [-0.78915, 4.10621, 32.41516],
							"lerp_mode": "catmullrom"
						},
						"7.4": {
							"post": [4.043, -1.96438, 43.4247],
							"lerp_mode": "catmullrom"
						},
						"7.4333": {
							"post": [5.38538, 4.40793, 35.68943],
							"lerp_mode": "catmullrom"
						},
						"7.5333": {
							"post": [1.67327, 3.46863, 32.69219],
							"lerp_mode": "catmullrom"
						},
						"7.7": {
							"post": [2.77611, 1.37067, -0.07055],
							"lerp_mode": "catmullrom"
						},
						"7.8333": {
							"post": [0.99655, 0.15522, 1.65955],
							"lerp_mode": "catmullrom"
						},
						"8.0": {
							"post": [-0.11, 0.09, -0.35],
							"lerp_mode": "catmullrom"
						},
						"8.2": {
							"post": [0, 0, 0],
							"lerp_mode": "catmullrom"
						},
						"8.4667": {
							"post": [0, 0, 0],
							"lerp_mode": "catmullrom"
						}
					},
					"position": {
						"0.0": {
							"post": [0, 0, 0],
							"lerp_mode": "catmullrom"
						},
						"0.2333": {
							"post": [-2.25, 2.425, 1.5],
							"lerp_mode": "catmullrom"
						},
						"0.3": {
							"post": [-2.25, 1.905, 1.875],
							"lerp_mode": "catmullrom"
						},
						"0.4333": {
							"post": [-2.25, 2.305, 1.88],
							"lerp_mode": "catmullrom"
						},
						"0.5333": {
							"post": [-2.25, 2.275, 1.92],
							"lerp_mode": "catmullrom"
						},
						"0.7667": {
							"post": [-2.25, 2.33, 1.93],
							"lerp_mode": "catmullrom"
						},
						"0.9667": {
							"post": [-2.225, 2.355, 1.905],
							"lerp_mode": "catmullrom"
						},
						"1.3": {
							"post": [-2.22, 2.385, 1.91],
							"lerp_mode": "catmullrom"
						},
						"1.4": {
							"post": [-2.22, 2.405, 1.91],
							"lerp_mode": "catmullrom"
						},
						"1.5": {
							"post": [-2.22, 2.32, 1.97],
							"lerp_mode": "catmullrom"
						},
						"1.6": {
							"post": [-2.22, 2.425, 2.035],
							"lerp_mode": "catmullrom"
						},
						"1.8": {
							"post": [-2.195, 2.42, 2.105],
							"lerp_mode": "catmullrom"
						},
						"2.4333": {
							"post": [-2.2, 2.445, 2.1],
							"lerp_mode": "catmullrom"
						},
						"2.8667": {
							"post": [-2.2, 2.47, 2.1],
							"lerp_mode": "catmullrom"
						},
						"3.0": {
							"post": [-2.23, 2.32, 2.165],
							"lerp_mode": "catmullrom"
						},
						"3.0667": {
							"post": [-2.26532, 2.35995, 2.08865],
							"lerp_mode": "catmullrom"
						},
						"3.1667": {
							"post": [-2.27, 2.51, 2.09],
							"lerp_mode": "catmullrom"
						},
						"3.2": {
							"post": [-2.27, 2.01, 2.09],
							"lerp_mode": "catmullrom"
						},
						"3.3": {
							"post": [-2.3, 1.94, 2.09],
							"lerp_mode": "catmullrom"
						},
						"3.4": {
							"post": [-2.47, 2.385, 2.09],
							"lerp_mode": "catmullrom"
						},
						"3.5333": {
							"post": [-2.52, 2.385, 2.09],
							"lerp_mode": "catmullrom"
						},
						"3.6667": {
							"post": [-2.52, 2.23, 2.09],
							"lerp_mode": "catmullrom"
						},
						"3.8333": {
							"post": [-2.52, 2.355, 2.09],
							"lerp_mode": "catmullrom"
						},
						"4.0": {
							"post": [-2.52, 2.325, 2.09],
							"lerp_mode": "catmullrom"
						},
						"4.1333": {
							"post": [-2.52, 2.375, 2.09],
							"lerp_mode": "catmullrom"
						},
						"4.3": {
							"post": [-2.57, 2.33, 2.09],
							"lerp_mode": "catmullrom"
						},
						"4.3667": {
							"post": [-2.645, 2.33, 2.09],
							"lerp_mode": "catmullrom"
						},
						"4.5": {
							"post": [-2.69, 2.33, 2.09],
							"lerp_mode": "catmullrom"
						},
						"4.7667": {
							"post": [-2.665, 2.33, 2.09],
							"lerp_mode": "catmullrom"
						},
						"5.1": {
							"post": [-2.66, 2.355, 2.09],
							"lerp_mode": "catmullrom"
						},
						"5.3": {
							"post": [-2.66, 3.035, 2.09],
							"lerp_mode": "catmullrom"
						},
						"5.3333": {
							"post": [-2.66, 3.315, 2.09],
							"lerp_mode": "catmullrom"
						},
						"5.4": {
							"post": [-2.66, 3.07, 2.09],
							"lerp_mode": "catmullrom"
						},
						"5.5": {
							"post": [-2.71, 3.18, 2.265],
							"lerp_mode": "catmullrom"
						},
						"5.5333": {
							"post": [-2.71, 3.48, 2.26],
							"lerp_mode": "catmullrom"
						},
						"5.6333": {
							"post": [-2.71, 3.13, 2.36],
							"lerp_mode": "catmullrom"
						},
						"5.7333": {
							"post": [-2.71, 3.085, 2.36],
							"lerp_mode": "catmullrom"
						},
						"5.9": {
							"post": [-1.31, 1.03, 2.36],
							"lerp_mode": "catmullrom"
						},
						"6.0": {
							"post": [-0.62, 1.66, 2.57],
							"lerp_mode": "catmullrom"
						},
						"6.0667": {
							"post": [-0.11, 2.155, 3.11],
							"lerp_mode": "catmullrom"
						},
						"6.1333": {
							"post": [-0.06, 2.21, 2.78],
							"lerp_mode": "catmullrom"
						},
						"6.2": {
							"post": [-0.06, 2.185, 2.78],
							"lerp_mode": "catmullrom"
						},
						"6.4": {
							"post": [-0.06, 2.19, 3.055],
							"lerp_mode": "catmullrom"
						},
						"6.4333": {
							"post": [-0.06, 2.14, 3.175],
							"lerp_mode": "catmullrom"
						},
						"6.5": {
							"post": [-0.06, 2.165, 3.18],
							"lerp_mode": "catmullrom"
						},
						"6.6": {
							"post": [-0.06, 2.145, 3.155],
							"lerp_mode": "catmullrom"
						},
						"6.8": {
							"post": [-0.06, 2.2, 3.16],
							"lerp_mode": "catmullrom"
						},
						"7.0": {
							"post": [-0.06, 2.175, 3.16],
							"lerp_mode": "catmullrom"
						},
						"7.0333": {
							"post": [-0.06, 2.18, 2.61],
							"lerp_mode": "catmullrom"
						},
						"7.0667": {
							"post": [-0.06, 2.13, 2.61],
							"lerp_mode": "catmullrom"
						},
						"7.2333": {
							"post": [-0.06, 0.93, 2.46],
							"lerp_mode": "catmullrom"
						},
						"7.3333": {
							"post": [-0.01, 0.855, 2.185],
							"lerp_mode": "catmullrom"
						},
						"7.3667": {
							"post": [-0.01, 0.01, -1.285],
							"lerp_mode": "catmullrom"
						},
						"7.4667": {
							"post": [-0.25, 0.1, 2.595],
							"lerp_mode": "catmullrom"
						},
						"7.6": {
							"post": [-0.56, 0.31, 0.76],
							"lerp_mode": "catmullrom"
						},
						"7.7": {
							"post": [-0.31, -0.115, -0.25],
							"lerp_mode": "catmullrom"
						},
						"7.7667": {
							"post": [0, 0, 0],
							"lerp_mode": "catmullrom"
						},
						"7.8333": {
							"post": [0, 0, 0.25],
							"lerp_mode": "catmullrom"
						},
						"8.0": {
							"post": [0, 0, -0.06],
							"lerp_mode": "catmullrom"
						},
						"8.2667": {
							"post": [0, 0, -0.015],
							"lerp_mode": "catmullrom"
						},
						"8.4667": {
							"post": [0, 0, 0],
							"lerp_mode": "catmullrom"
						}
					}
				},
				"mag_and_lefthand": {
					"rotation": {
						"3.1667": {
							"pre": [0, 0, 0],
							"post": [0, 0, 0],
							"lerp_mode": "catmullrom"
						},
						"3.2": {
							"post": [-6.75, 0, 0],
							"lerp_mode": "catmullrom"
						},
						"3.2667": {
							"post": [-16.5, 0, 0],
							"lerp_mode": "catmullrom"
						},
						"3.3": {
							"post": [-16.36642, -2.12452, -7.19445],
							"lerp_mode": "catmullrom"
						},
						"3.4": {
							"post": [-11.91381, 4.7738, 21.87919],
							"lerp_mode": "catmullrom"
						},
						"3.5333": {
							"post": [-6.41194, 2.97784, 7.02239],
							"lerp_mode": "catmullrom"
						},
						"3.7": {
							"post": [-5.86593, 2.75913, 7.37784],
							"lerp_mode": "catmullrom"
						},
						"3.8667": {
							"post": [-8.07951, 1.55393, 6.32682],
							"lerp_mode": "catmullrom"
						},
						"4.0333": {
							"post": [-6.36068, 1.75055, 2.88143],
							"lerp_mode": "catmullrom"
						},
						"4.2": {
							"post": [-6.31296, 1.91612, 4.37303],
							"lerp_mode": "catmullrom"
						},
						"4.3": {
							"post": [-9.88826, 2.23622, 29.75809],
							"lerp_mode": "catmullrom"
						},
						"4.4": {
							"post": [-2.32743, 6.17366, 56.85318],
							"lerp_mode": "catmullrom"
						},
						"4.4667": {
							"post": [-1.83053, 4.08484, 61.44624],
							"lerp_mode": "catmullrom"
						},
						"4.6": {
							"post": [-0.82557, 3.46582, 57.95777],
							"lerp_mode": "catmullrom"
						},
						"4.8": {
							"post": [-0.90107, 3.44698, 56.70564],
							"lerp_mode": "catmullrom"
						},
						"5.0667": {
							"post": [-0.886, 3.45088, 56.95606],
							"lerp_mode": "catmullrom"
						},
						"5.3": {
							"post": [-2.654, -2.3776, -60.46217],
							"lerp_mode": "catmullrom"
						},
						"5.4333": {
							"post": [-3.53889, -0.41121, -25.25455],
							"lerp_mode": "catmullrom"
						},
						"5.5": {
							"post": [-3.53889, -0.41121, -25.25455],
							"lerp_mode": "catmullrom"
						},
						"5.5333": {
							"post": [0, 0, 0],
							"lerp_mode": "catmullrom"
						}
					},
					"position": {
						"3.1667": {
							"pre": [0, 0, 0],
							"post": [0, 0, 0],
							"lerp_mode": "catmullrom"
						},
						"3.2": {
							"post": [0, -1.42169, 0.46673],
							"lerp_mode": "catmullrom"
						},
						"3.2667": {
							"post": [0, -7.55071, 0.97233],
							"lerp_mode": "catmullrom"
						},
						"3.3": {
							"post": [1.04102, -7.41859, 1.00893],
							"lerp_mode": "catmullrom"
						},
						"3.4": {
							"post": [5.07134, -6.2577, -0.10101],
							"lerp_mode": "catmullrom"
						},
						"3.5333": {
							"post": [6.55448, -2.61888, -1.77867],
							"lerp_mode": "catmullrom"
						},
						"3.7": {
							"post": [6.56892, -2.19627, -1.66779],
							"lerp_mode": "catmullrom"
						},
						"3.8667": {
							"post": [6.55682, -1.83804, -1.63728],
							"lerp_mode": "catmullrom"
						},
						"4.0333": {
							"post": [6.57817, -1.60611, -1.66033],
							"lerp_mode": "catmullrom"
						},
						"4.2": {
							"post": [6.58049, -1.64599, -1.56341],
							"lerp_mode": "catmullrom"
						},
						"4.3": {
							"post": [7.51163, -2.15413, -1.34867],
							"lerp_mode": "catmullrom"
						},
						"4.4": {
							"post": [8.45825, -2.67786, -1.36458],
							"lerp_mode": "catmullrom"
						},
						"4.4667": {
							"post": [8.61342, -2.83875, -1.19414],
							"lerp_mode": "catmullrom"
						},
						"4.6": {
							"post": [8.56498, -2.86608, -1.16955],
							"lerp_mode": "catmullrom"
						},
						"4.8": {
							"post": [8.5925, -2.78913, -1.21903],
							"lerp_mode": "catmullrom"
						},
						"5.0667": {
							"post": [8.56495, -2.8504, -1.18326],
							"lerp_mode": "catmullrom"
						},
						"5.3": {
							"post": [3.46881, -3.03559, 1.41838],
							"lerp_mode": "catmullrom"
						},
						"5.4333": {
							"post": [1.04034, -2.24709, 1.10585],
							"lerp_mode": "catmullrom"
						},
						"5.5": {
							"post": [1.04034, -2.24709, 1.10585],
							"lerp_mode": "catmullrom"
						},
						"5.5333": {
							"post": [0, 0, 0],
							"lerp_mode": "catmullrom"
						}
					}
				},
				"slide": {
					"position": {
						"6.3667": [0, 0, 0],
						"6.5": [0, 0, 1],
						"6.5333": [0, 0, 1.025],
						"6.6667": [0, 0, 0.97],
						"7.0": [0, 0, 0.97],
						"7.0333": [0, 0, -0.105],
						"7.0667": [0, 0, 0],
						"7.1": [0, 0, 0.075],
						"7.3333": [0, 0, 0.075],
						"7.3667": [0, 0, 0]
					}
				},
				"constraint": {
					"rotation": [0.2, 0.2, 0.2]
				},
				"gun_and_righthand": {
					"rotation": {
						"3.0667": [0, 0, 0],
						"3.3667": [0, 0, 11.5],
						"3.6667": [0, 0, 18],
						"4.2667": [0, 0, 18],
						"4.4": [0, 0, 14],
						"5.0333": [-1, 0, 12.25],
						"5.1333": [-8.25, 0, 9.1875],
						"5.2667": [-1.0769, -0.11793, -1.14473],
						"5.4333": [0, 0, 0]
					},
					"position": {
						"3.0667": [0, 0, 0],
						"5.4333": [0, 0, 0]
					}
				},
				"camera": {
					"rotation": {
						"0.0": {
							"post": [0, 0, 0],
							"lerp_mode": "catmullrom"
						},
						"0.0667": {
							"post": [-0.275, -0.575, -0.1],
							"lerp_mode": "catmullrom"
						},
						"0.2": {
							"post": [0, 0.275, -0.2],
							"lerp_mode": "catmullrom"
						},
						"0.3333": {
							"post": [0.25, 0, 0.175],
							"lerp_mode": "catmullrom"
						},
						"0.4": {
							"post": [0.325, -0.225, -0.17],
							"lerp_mode": "catmullrom"
						},
						"0.5333": {
							"post": [0.2, 0, 0.03],
							"lerp_mode": "catmullrom"
						},
						"0.6667": {
							"post": [0, 0.125, 0.13],
							"lerp_mode": "catmullrom"
						},
						"0.8": {
							"post": [-0.175, 0, 0.03],
							"lerp_mode": "catmullrom"
						},
						"0.9667": {
							"post": [0, 0, -0.07],
							"lerp_mode": "catmullrom"
						},
						"1.2667": {
							"post": [0.15, 0, 0.005],
							"lerp_mode": "catmullrom"
						},
						"1.4667": {
							"post": [0, 0, 0.06],
							"lerp_mode": "catmullrom"
						},
						"1.5667": {
							"post": [0.125, 0, 0.285],
							"lerp_mode": "catmullrom"
						},
						"1.6333": {
							"post": [-0.075, 0, 0.165],
							"lerp_mode": "catmullrom"
						},
						"1.7": {
							"post": [-0.15, 0, 0.195],
							"lerp_mode": "catmullrom"
						},
						"1.8333": {
							"post": [-0.1, 0, 0.325],
							"lerp_mode": "catmullrom"
						},
						"2.0": {
							"post": [-0.1, 0, 0.175],
							"lerp_mode": "catmullrom"
						},
						"2.1333": {
							"post": [-0.05, 0, 0.08],
							"lerp_mode": "catmullrom"
						},
						"2.3333": {
							"post": [0, 0, -0.17],
							"lerp_mode": "catmullrom"
						},
						"2.5": {
							"post": [0, 0, -0.32],
							"lerp_mode": "catmullrom"
						},
						"2.8667": {
							"post": [0, 0, -0.32],
							"lerp_mode": "catmullrom"
						},
						"3.0333": {
							"post": [0, -0.2, -0.145],
							"lerp_mode": "catmullrom"
						},
						"3.1": {
							"post": [-0.15, 0.325, 0.205],
							"lerp_mode": "catmullrom"
						},
						"3.1667": {
							"post": [-0.525, -0.025, -0.52],
							"lerp_mode": "catmullrom"
						},
						"3.3": {
							"post": [0.6, -0.1, 0.755],
							"lerp_mode": "catmullrom"
						},
						"3.4333": {
							"post": [0.65, -0.3, -0.09],
							"lerp_mode": "catmullrom"
						},
						"3.6": {
							"post": [0.45, -1.2, 0.265],
							"lerp_mode": "catmullrom"
						},
						"3.8333": {
							"post": [0.2, -1.45, 0.495],
							"lerp_mode": "catmullrom"
						},
						"4.0667": {
							"post": [0, -1.2, 0.55],
							"lerp_mode": "catmullrom"
						},
						"4.2667": {
							"post": [-0.425, -1.125, 0.5],
							"lerp_mode": "catmullrom"
						},
						"4.4": {
							"post": [-0.3, -1.2, 0.75],
							"lerp_mode": "catmullrom"
						},
						"4.5": {
							"post": [0, -1.3, 0.925],
							"lerp_mode": "catmullrom"
						},
						"4.6333": {
							"post": [0.25, -1.275, 0.805],
							"lerp_mode": "catmullrom"
						},
						"4.8": {
							"post": [0.075, -1.2, 0.76],
							"lerp_mode": "catmullrom"
						},
						"5.1": {
							"post": [0, -1.2, 0.76],
							"lerp_mode": "catmullrom"
						},
						"5.2333": {
							"post": [0, -0.65, 0.535],
							"lerp_mode": "catmullrom"
						},
						"5.3333": {
							"post": [0, -0.2, 0.065],
							"lerp_mode": "catmullrom"
						},
						"5.5": {
							"post": [0, 0, -0.615],
							"lerp_mode": "catmullrom"
						},
						"5.5667": {
							"post": [0.525, 0, 0.66],
							"lerp_mode": "catmullrom"
						},
						"5.6667": {
							"post": [-0.175, 0, -0.215],
							"lerp_mode": "catmullrom"
						},
						"5.8": {
							"post": [0.175, 0, 0.495],
							"lerp_mode": "catmullrom"
						},
						"5.8333": {
							"post": [0, 0, 0.26],
							"lerp_mode": "catmullrom"
						},
						"6.0333": {
							"post": [-0.2, 0, 0.46],
							"lerp_mode": "catmullrom"
						},
						"6.2": {
							"post": [0, 0, 0.385],
							"lerp_mode": "catmullrom"
						},
						"6.3": {
							"post": [0.1, 0, 0.365],
							"lerp_mode": "catmullrom"
						},
						"6.4667": {
							"post": [-0.15, 0, 0.045],
							"lerp_mode": "catmullrom"
						},
						"6.5333": {
							"post": [-0.225, -0.45, 0.81],
							"lerp_mode": "catmullrom"
						},
						"6.5667": {
							"post": [0.1, 0.275, 0.37],
							"lerp_mode": "catmullrom"
						},
						"6.6333": {
							"post": [0, 0, 0.215],
							"lerp_mode": "catmullrom"
						},
						"6.7333": {
							"post": [-0.05, 0, 0.37],
							"lerp_mode": "catmullrom"
						},
						"7.0": {
							"post": [0.075, 0, 0.52],
							"lerp_mode": "catmullrom"
						},
						"7.0667": {
							"post": [0.075, 0.6, 0.045],
							"lerp_mode": "catmullrom"
						},
						"7.1333": {
							"post": [0, -0.725, 0.35],
							"lerp_mode": "catmullrom"
						},
						"7.2333": {
							"post": [0, 0.2, 0.275],
							"lerp_mode": "catmullrom"
						},
						"7.3333": {
							"post": [0.15, 0, 0.14],
							"lerp_mode": "catmullrom"
						},
						"7.4": {
							"post": [0.275, -0.1, -0.03],
							"lerp_mode": "catmullrom"
						},
						"7.4333": {
							"post": [-0.475, 0.275, -0.725],
							"lerp_mode": "catmullrom"
						},
						"7.5333": {
							"post": [0, -0.2, 0.525],
							"lerp_mode": "catmullrom"
						},
						"7.6667": {
							"post": [0.25, 0.025, -0.28],
							"lerp_mode": "catmullrom"
						},
						"7.8333": {
							"post": [-0.15, -0.1, 0.1],
							"lerp_mode": "catmullrom"
						},
						"8.0": {
							"post": [0, 0, 0],
							"lerp_mode": "catmullrom"
						}
					}
				}
			},
			"sound_effects": {
				"0.0333": {
					"effect": "p24_pi_golf17_inspect_raise"
				},
				"1.4": {
					"effect": "p24_pi_golf17_inspect_empty_mag_mvmnt"
				},
				"2.9333": {
					"effect": "p24_pi_golf17_inspect_mag_release"
				},
				"3.1": {
					"effect": "p24_pi_golf17_inspect_mag_out"
				},
				"4.2667": {
					"effect": "p24_pi_golf17_idle_active_move4"
				},
				"5.0333": {
					"effect": "p24_pi_golf17_inspect_mag_hit"
				},
				"5.3333": {
					"effect": "p24_pi_golf17_inspect_mag_in"
				},
				"5.8333": {
					"effect": "p24_pi_golf17_inspect_smack_butt"
				},
				"6.3667": {
					"effect": "p24_pi_golf17_inspect_slide_pull"
				},
				"7.0": {
					"effect": "p24_pi_golf17_inspect_slide_release"
				},
				"7.2667": {
					"effect": "p24_pi_golf17_inspect_smack_butt"
				},
				"7.5333": {
					"effect": "p24_pi_golf17_inspect_end"
				}
			}
		},
		"reload_tactical": {
			"animation_length": 2.0667,
			"bones": {
				"righthand": {
					"rotation": {
						"0.0": [96.07424, 8.95029, -179.05152],
						"0.1667": [96.09716, 10.44155, -178.88873],
						"0.4333": [96.09716, 10.44155, -178.88873],
						"0.5": [96.07424, 8.95029, -179.05152]
					},
					"position": {
						"0.0": [-6.5, -14.125, -3.075],
						"0.1667": [-7.375, -14.12, -3.07],
						"0.4333": [-7.375, -14.12, -3.07],
						"0.5": [-6.5, -14.125, -3.075]
					},
					"scale": [1, 1.5, 1]
				},
				"lefthand": {
					"rotation": {
						"0.0": [90.58079, -29.88575, -133.95071],
						"0.1667": [89.14293, -29.88395, -131.06646],
						"0.3": [177.27662, -63.51773, -165.34409],
						"0.4": [265.45731, -64.62209, -275.40218],
						"0.5333": [68.23303, -21.01319, -84.71079],
						"1.1667": [68.23303, -21.01319, -84.71079],
						"1.3333": [96.34658, -28.36264, -154.33259],
						"1.5667": [84.08, -29.89, -133.95],
						"1.7333": [90.58079, -29.88575, -133.95071]
					},
					"position": {
						"0.0": [8.06875, -15.62, -3.495],
						"0.1667": [7.445, -20.02, 0.585],
						"0.4": [6.825, -20.02, 0.59],
						"0.5333": [6.52, -20.02, 0.585],
						"1.1667": [6.52, -20.02, 0.585],
						"1.3333": [9.335, -23.07, 10.31],
						"1.5667": [8.06875, -15.62, -3.495]
					},
					"scale": [1, 1.5, 1]
				},
				"additional_magazine": {
					"rotation": {
						"0.0": [0, 0, 0],
						"0.5": [-14.5, 0, 0],
						"0.6": [-16.81818, -4.43751, -17.46202],
						"0.6667": [-16.7215, -4.79818, -18.66276],
						"0.7667": [-16.85471, -4.29268, -16.98206],
						"0.9": [-8.35471, -4.29268, -16.98206],
						"0.9667": [-4.88526, -6.39436, -32.66067],
						"1.0": [-5.80059, -5.57799, -23.9009],
						"1.0667": [-5.97465, -7.911, -22.14056],
						"1.1667": [-2.47465, -7.911, -22.14056],
						"1.3333": [-22.35389, -11.79245, -92.88607]
					},
					"position": {
						"0.0": [0, 0, 0],
						"0.4333": [0, -1.025, 0],
						"0.5": [0, -4.045, 1.05],
						"0.6": [0, -5.865, 1.05],
						"0.6667": [0.15, -5.86, 1.05],
						"0.7667": [-0.15, -5.86, 1.55],
						"0.9": [-0.15, -5.86, 1.775],
						"0.9667": [-1.2, -3.635, 2.255],
						"1.0": [-2.15, -0.79, 0.81],
						"1.0667": [-2.15, -0.665, 0.81],
						"1.1667": [-2.15, -0.735, 0.81],
						"1.2": [-1.66, -1.695, 0.81],
						"1.3333": [-0.2, -7.49, 11.31]
					},
					"scale": {
						"0.0": [1, 1, 1],
						"1.3333": [1, 1, 1],
						"1.3667": [0, 0, 0]
					}
				},
				"root": {
					"rotation": {
						"0.0": {
							"post": [0, 0, 0],
							"lerp_mode": "catmullrom"
						},
						"0.0667": {
							"post": [-3.08773, -2.68775, 15.34025],
							"lerp_mode": "catmullrom"
						},
						"0.2": {
							"post": [-4.74907, -13.45861, -40.92993],
							"lerp_mode": "catmullrom"
						},
						"0.3667": {
							"post": [-9.68104, -17.43439, -65.09591],
							"lerp_mode": "catmullrom"
						},
						"0.5": {
							"post": [-9.01789, -12.19171, -32.83832],
							"lerp_mode": "catmullrom"
						},
						"0.5333": {
							"post": [-12.755, -9.68, -26.47],
							"lerp_mode": "catmullrom"
						},
						"0.6": {
							"post": [-28.0416, -8.32312, -23.46487],
							"lerp_mode": "catmullrom"
						},
						"0.6667": {
							"post": [-20.69966, -13.67702, -34.12489],
							"lerp_mode": "catmullrom"
						},
						"0.7": {
							"post": [-22.34, -14.3, -35.55],
							"lerp_mode": "catmullrom"
						},
						"0.7667": {
							"post": [-14.68344, -14.52005, -36.55159],
							"lerp_mode": "catmullrom"
						},
						"0.9": {
							"post": [-11.81044, -17.6102, -46.72443],
							"lerp_mode": "catmullrom"
						},
						"0.9667": {
							"post": [-16.8303, -16.9018, -44.21385],
							"lerp_mode": "catmullrom"
						},
						"1.0": {
							"post": [-24.57318, -15.1791, -49.60287],
							"lerp_mode": "catmullrom"
						},
						"1.0667": {
							"post": [-17.32835, -12.11947, -31.53682],
							"lerp_mode": "catmullrom"
						},
						"1.1": {
							"post": [-18.16891, -16.49954, -42.11214],
							"lerp_mode": "catmullrom"
						},
						"1.1667": {
							"post": [-13.08, -16.37, -48.36],
							"lerp_mode": "catmullrom"
						},
						"1.2333": {
							"post": [-13.65938, -12.61472, -40.32997],
							"lerp_mode": "catmullrom"
						},
						"1.3": {
							"post": [-6.04875, -2.48578, -3.11426],
							"lerp_mode": "catmullrom"
						},
						"1.3667": {
							"post": [-2.66, -0.62, 11.625],
							"lerp_mode": "catmullrom"
						},
						"1.4667": {
							"post": [0, 0, 13.225],
							"lerp_mode": "catmullrom"
						},
						"1.6": {
							"post": [-0.11, 0.09, -1.775],
							"lerp_mode": "catmullrom"
						},
						"1.7": {
							"post": [-0.5, 0, 1.925],
							"lerp_mode": "catmullrom"
						},
						"1.8": {
							"post": [-0.21, 0, -0.525],
							"lerp_mode": "catmullrom"
						},
						"1.9": {
							"post": [0, 0, 0],
							"lerp_mode": "catmullrom"
						}
					},
					"position": {
						"0.0": {
							"post": [0, 0, 0],
							"lerp_mode": "catmullrom"
						},
						"0.0667": {
							"post": [-0.8, -0.185, 0.37],
							"lerp_mode": "catmullrom"
						},
						"0.2333": {
							"post": [-2.8, 1.9, 1.3],
							"lerp_mode": "catmullrom"
						},
						"0.3333": {
							"post": [-2.925, 2, 1.3],
							"lerp_mode": "catmullrom"
						},
						"0.4": {
							"post": [-2.92, 2.1, 1.3],
							"lerp_mode": "catmullrom"
						},
						"0.5": {
							"post": [-2.22, 1.3, 1.3],
							"lerp_mode": "catmullrom"
						},
						"0.6": {
							"post": [-2.22, 1.05, 2.2],
							"lerp_mode": "catmullrom"
						},
						"0.6667": {
							"post": [-2.22, 1.9, 1.7],
							"lerp_mode": "catmullrom"
						},
						"0.7": {
							"post": [-2.24, 2.2, 1.505],
							"lerp_mode": "catmullrom"
						},
						"0.7667": {
							"post": [-2.295, 2.65, 1.3],
							"lerp_mode": "catmullrom"
						},
						"0.9": {
							"post": [-2.465, 2.275, 1.125],
							"lerp_mode": "catmullrom"
						},
						"0.9667": {
							"post": [-2.46, 2.155, 1.3],
							"lerp_mode": "catmullrom"
						},
						"1.0": {
							"post": [-2.71, 2.625, 1.9],
							"lerp_mode": "catmullrom"
						},
						"1.1": {
							"post": [-2.71, 2.6, 1.675],
							"lerp_mode": "catmullrom"
						},
						"1.1667": {
							"post": [-2.985, 2.35, 1.3],
							"lerp_mode": "catmullrom"
						},
						"1.2667": {
							"post": [-2.43, 1.53, 0.83],
							"lerp_mode": "catmullrom"
						},
						"1.3333": {
							"post": [-1.56, 0.9, 0.365],
							"lerp_mode": "catmullrom"
						},
						"1.4667": {
							"post": [-0.175, 0, -0.675],
							"lerp_mode": "catmullrom"
						},
						"1.5333": {
							"post": [0.175, 0, 0.525],
							"lerp_mode": "catmullrom"
						},
						"1.6": {
							"post": [0, 0, -0.285],
							"lerp_mode": "catmullrom"
						},
						"1.7667": {
							"post": [0, 0, -0.015],
							"lerp_mode": "catmullrom"
						},
						"2.0": {
							"post": [0, 0, 0],
							"lerp_mode": "catmullrom"
						}
					}
				},
				"mag_and_lefthand": {
					"rotation": {
						"0.0": {
							"post": [0, 0, 0],
							"lerp_mode": "catmullrom"
						},
						"0.1667": {
							"post": [0, 0, -55.75],
							"lerp_mode": "catmullrom"
						},
						"0.3667": {
							"post": [50.25, 0, -2.5],
							"lerp_mode": "catmullrom"
						},
						"0.4333": {
							"post": [57.75, 0, -2.5],
							"lerp_mode": "catmullrom"
						},
						"0.4667": {
							"post": [47, 0, -2.5],
							"lerp_mode": "catmullrom"
						},
						"0.5333": {
							"post": [-5.23744, 3.5549, -18.11016],
							"lerp_mode": "catmullrom"
						},
						"0.6": {
							"post": [-7.90442, -1.18089, -20.48328],
							"lerp_mode": "catmullrom"
						},
						"0.7": {
							"post": [-3.65442, -1.18089, -20.48328],
							"lerp_mode": "catmullrom"
						},
						"0.7333": {
							"post": [-4.03965, -1.4512, -25.47729],
							"lerp_mode": "catmullrom"
						},
						"0.8333": {
							"post": [2.90296, -1.31604, -22.98029],
							"lerp_mode": "catmullrom"
						},
						"0.9": {
							"post": [-1.15442, -1.18089, -20.48328],
							"lerp_mode": "catmullrom"
						},
						"0.9667": {
							"post": [-3.98842, -2.51651, -25.15249],
							"lerp_mode": "catmullrom"
						},
						"1.0": {
							"post": [0, 0, 0],
							"lerp_mode": "catmullrom"
						},
						"1.0667": {
							"post": [2.75, 0, 0],
							"lerp_mode": "catmullrom"
						},
						"1.1333": {
							"post": [0, 0, 0],
							"lerp_mode": "catmullrom"
						}
					},
					"position": {
						"0.0": {
							"post": [0, 0, 0],
							"lerp_mode": "catmullrom"
						},
						"0.1667": {
							"post": [3.825, -5.425, 8.625],
							"lerp_mode": "catmullrom"
						},
						"0.3667": {
							"post": [1.68, -3.23, -0.595],
							"lerp_mode": "catmullrom"
						},
						"0.4333": {
							"post": [1.68, -3.23, -0.595],
							"lerp_mode": "catmullrom"
						},
						"0.5333": {
							"post": [1.68, -5.725, -0.39],
							"lerp_mode": "catmullrom"
						},
						"0.6": {
							"post": [1.68, -5.095, 0.335],
							"lerp_mode": "catmullrom"
						},
						"0.7": {
							"post": [1.68, -4.34, 1.29],
							"lerp_mode": "catmullrom"
						},
						"0.7333": {
							"post": [1.48, -3.765, 1.35],
							"lerp_mode": "catmullrom"
						},
						"0.7667": {
							"post": [1.28, -3.74, 1.41],
							"lerp_mode": "catmullrom"
						},
						"0.9": {
							"post": [1.68, -4.34, 1.64],
							"lerp_mode": "catmullrom"
						},
						"0.9667": {
							"post": [0.88, -2.315, 1.415],
							"lerp_mode": "catmullrom"
						},
						"1.0": {
							"post": [0, 0, 0],
							"lerp_mode": "catmullrom"
						},
						"1.1": {
							"post": [0, 0.15, 0],
							"lerp_mode": "catmullrom"
						},
						"1.1667": {
							"post": [0, 0.35, 0],
							"lerp_mode": "catmullrom"
						},
						"1.3": {
							"post": [0, 0.15, 0],
							"lerp_mode": "catmullrom"
						},
						"1.4": {
							"post": [0, 0, 0],
							"lerp_mode": "catmullrom"
						}
					}
				},
				"mag_release": {
					"position": {
						"0.0": [0, 0, 0],
						"0.2": [-0.125, 0, 0],
						"0.4667": [0, 0, 0]
					}
				},
				"constraint": {
					"rotation": [0.2, 0.2, 0.2]
				},
				"camera": {
					"rotation": {
						"0.0": {
							"post": [0, 0, 0],
							"lerp_mode": "catmullrom"
						},
						"0.0667": {
							"post": [-0.15, -0.475, -0.475],
							"lerp_mode": "catmullrom"
						},
						"0.1333": {
							"post": [0.225, 0, 0.2],
							"lerp_mode": "catmullrom"
						},
						"0.2": {
							"post": [0.275, 0.435, 0.68],
							"lerp_mode": "catmullrom"
						},
						"0.2333": {
							"post": [0.375, 0.65, 0.8],
							"lerp_mode": "catmullrom"
						},
						"0.3": {
							"post": [0.675, 0.95, 0.3],
							"lerp_mode": "catmullrom"
						},
						"0.3333": {
							"post": [0.725, 1.025, 0.3],
							"lerp_mode": "catmullrom"
						},
						"0.4": {
							"post": [0.725, 1.025, 0.45],
							"lerp_mode": "catmullrom"
						},
						"0.4667": {
							"post": [0.525, 0.85, 0.325],
							"lerp_mode": "catmullrom"
						},
						"0.5333": {
							"post": [0.125, 0.6, -0.57],
							"lerp_mode": "catmullrom"
						},
						"0.5667": {
							"post": [0.55, 1.65, 0.205],
							"lerp_mode": "catmullrom"
						},
						"0.6333": {
							"post": [0.875, 1.275, -0.14],
							"lerp_mode": "catmullrom"
						},
						"0.7": {
							"post": [0.95, 0.925, 0.06],
							"lerp_mode": "catmullrom"
						},
						"0.7667": {
							"post": [0.85, 0.95, 0.11],
							"lerp_mode": "catmullrom"
						},
						"0.8333": {
							"post": [0.6, 0.81, 0.19],
							"lerp_mode": "catmullrom"
						},
						"0.9": {
							"post": [0.3, 0.25, 0.235],
							"lerp_mode": "catmullrom"
						},
						"0.9333": {
							"post": [-0.325, 0, -0.025],
							"lerp_mode": "catmullrom"
						},
						"0.9667": {
							"post": [0.175, 0.45, -0.365],
							"lerp_mode": "catmullrom"
						},
						"1.0": {
							"post": [-0.175, -0.1, -0.165],
							"lerp_mode": "catmullrom"
						},
						"1.0333": {
							"post": [0.025, -0.25, 1.11],
							"lerp_mode": "catmullrom"
						},
						"1.1": {
							"post": [0.125, -0.4, 0.06],
							"lerp_mode": "catmullrom"
						},
						"1.1333": {
							"post": [0.125, -0.36, 0.08],
							"lerp_mode": "catmullrom"
						},
						"1.2": {
							"post": [0.075, 0.25, 0.31],
							"lerp_mode": "catmullrom"
						},
						"1.3333": {
							"post": [0.825, 0.475, -0.265],
							"lerp_mode": "catmullrom"
						},
						"1.4667": {
							"post": [-0.275, 0.225, -0.145],
							"lerp_mode": "catmullrom"
						},
						"1.6": {
							"post": [0.125, -0.1, 0.135],
							"lerp_mode": "catmullrom"
						},
						"1.6333": {
							"post": [0.005, -0.1, 0.13],
							"lerp_mode": "catmullrom"
						},
						"1.7333": {
							"post": [0, 0, 0],
							"lerp_mode": "catmullrom"
						}
					}
				}
			},
			"sound_effects": {
				"0.0333": {
					"effect": "p24_pi_golf17_reload_rasie"
				},
				"0.4": {
					"effect": "p24_pi_golf17_reload_mag_out"
				},
				"0.6": {
					"effect": "p24_pi_golf17_reload_turn"
				},
				"0.8333": {
					"effect": "p24_pi_golf17_reload_mag_hit"
				},
				"0.9667": {
					"effect": "p24_pi_golf17_reload_mag_in"
				},
				"1.3333": {
					"effect": "p24_pi_golf17_reload_end"
				}
			}
		}
	}
}