{
	"format_version": "1.8.0",
	"animations": {
		"static_idle": {
			"animation_length": 0.6667,
			"bones": {
				"righthand": {
					"rotation": [102.27469, 5.53708, -177.85197],
					"position": [-4.875, -16.975, 11.125],
					"scale": [1, 1.5, 1]
				},
				"lefthand": {
					"rotation": [77.43001, -25.05965, -105.7492],
					"position": [6.875, -17.95, 10.6],
					"scale": [1, 1.5, 1]
				},
				"root": {
					"rotation": [0, 0, 6.5]
				},
				"constraint": {
					"rotation": [0.2, 0.2, 0.2]
				}
			}
		},
		"draw": {
			"animation_length": 1,
			"bones": {
				"righthand": {
					"rotation": [102.27469, 5.53708, -177.85197],
					"position": [-4.875, -16.975, 11.125],
					"scale": [1, 1.5, 1]
				},
				"lefthand": {
					"rotation": {
						"0.2": [45.1256, -73.77448, -67.43491],
						"0.2667": [84.46464, -35.71296, -148.72989],
						"0.3": [24.45824, -76.54911, -75.10782],
						"0.5": [24.45824, -76.54911, -75.10782],
						"0.6667": [77.43001, -25.05965, -105.7492]
					},
					"position": {
						"0.2": [6.87, -12.225, 13.6],
						"0.2667": [6.245, -13.445, 20.175],
						"0.3667": [6.25, -14.315, 20.58],
						"0.4667": [6.25, -14.495, 21.405],
						"0.5": [7.3, -16.415, 22.41],
						"0.6667": [6.875, -17.95, 10.6]
					},
					"scale": [1, 1.5, 1]
				},
				"root": {
					"rotation": {
						"0.0": [52, 0, 0],
						"0.3": {
							"pre": [14.64458, -23.38765, -7.82326],
							"post": [14.64458, -23.38765, -7.82326],
							"lerp_mode": "catmullrom"
						},
						"0.3667": {
							"post": [2.2479, -15.7999, -6.52837],
							"lerp_mode": "catmullrom"
						},
						"0.4": {
							"post": [-6.10883, -16.2152, -3.72084],
							"lerp_mode": "catmullrom"
						},
						"0.4667": {
							"post": [1.20886, -11.28862, -1.81927],
							"lerp_mode": "catmullrom"
						},
						"0.5667": {
							"post": [2.63852, 0.60009, 9.3191],
							"lerp_mode": "catmullrom"
						},
						"0.6333": {
							"post": [2.60493, 3.49583, 6.19722],
							"lerp_mode": "catmullrom"
						},
						"0.6667": {
							"post": [3.07631, 1.27413, 7.31136],
							"lerp_mode": "catmullrom"
						},
						"0.7667": {
							"post": [0.00654, -0.24991, 5.07499],
							"lerp_mode": "catmullrom"
						},
						"0.8333": {
							"post": [-0.00657, 0.21115, 6.5667],
							"lerp_mode": "catmullrom"
						},
						"0.9": [0, 0, 6.5]
					},
					"position": {
						"0.0": [0, -7.575, 2.875],
						"0.3": {
							"pre": [0, -0.2, -1.915],
							"post": [0, -0.2, -1.915],
							"lerp_mode": "catmullrom"
						},
						"0.3667": {
							"post": [0, -0.395, -1.68],
							"lerp_mode": "catmullrom"
						},
						"0.5": {
							"post": [0, -0.32, -0.26],
							"lerp_mode": "catmullrom"
						},
						"0.5667": {
							"post": [0, -0.29, 0.025],
							"lerp_mode": "catmullrom"
						},
						"0.6": {
							"post": [-0.1, -0.365, 0.15],
							"lerp_mode": "catmullrom"
						},
						"0.7": {
							"post": [0, 0.02, 0.4],
							"lerp_mode": "catmullrom"
						},
						"0.8": {
							"post": [0, 0, 0],
							"lerp_mode": "catmullrom"
						}
					}
				},
				"stock": {
					"rotation": {
						"0.1667": [90, 0, 0],
						"0.2": [90, 0, 0],
						"0.2667": [0, 0, 0],
						"0.3": [-10.75, 0, 0],
						"0.3667": [0, 0, 0],
						"0.4": [3.5, 0, 0],
						"0.4667": [0, 0, 0]
					}
				},
				"camera": {
					"rotation": {
						"0.0": {
							"post": [0, 0, 0],
							"lerp_mode": "catmullrom"
						},
						"0.1667": {
							"post": [0.02, 0.075, 1.1],
							"lerp_mode": "catmullrom"
						},
						"0.3": {
							"post": [0.03, 0.05, 0.62],
							"lerp_mode": "catmullrom"
						},
						"0.3333": {
							"post": [0.025, -0.275, -0.375],
							"lerp_mode": "catmullrom"
						},
						"0.4": {
							"post": [0.02, 0.1, 0.25],
							"lerp_mode": "catmullrom"
						},
						"0.5": {
							"post": [0.01, -0.075, -0.105],
							"lerp_mode": "catmullrom"
						},
						"0.6667": {
							"post": [0, 0, 0],
							"lerp_mode": "catmullrom"
						}
					}
				},
				"constraint": {
					"rotation": [0.2, 0.2, 0.2]
				}
			},
			"sound_effects": {
				"0.0333": {
					"effect": "wfoly_plr_sm_uzulu_raise_first_stock"
				},
				"0.2": {
					"effect": "wfoly_plr_sm_uzulu_raise_first_end"
				}
			}
		},
		"reload_tactical": {
			"animation_length": 1.9,
			"bones": {
				"righthand": {
					"rotation": {
						"0.0": [102.27469, 5.53708, -177.85197],
						"0.1": [102.27, 5.54, -177.85],
						"0.2": [106.31307, 12.68862, -161.18123],
						"0.25": [107.37522, 11.16629, -156.04568],
						"0.35": [106.31307, 12.68862, -161.18123],
						"0.7": [106.31307, 12.68862, -161.18123],
						"0.85": [102.27, 5.54, -177.85],
						"0.95": [101.00943, 7.76602, -188.69637],
						"1.05": [95.65667, 6.66594, -175.63893],
						"1.15": [102.27, 5.54, -177.85]
					},
					"position": {
						"0.0": [-4.875, -16.975, 11.125],
						"0.1": [-4.87, -16.97, 11.13],
						"0.2": [-5.195, -16.97, 11.13],
						"0.7": [-5.195, -16.97, 11.13],
						"0.85": [-4.87, -16.97, 11.13],
						"1.0": [-4.87, -16.97, 11.13],
						"1.05": [-5.22, -16.97, 11.13],
						"1.15": [-4.87, -16.97, 11.13]
					},
					"scale": [1, 1.5, 1]
				},
				"lefthand": {
					"rotation": {
						"0.0": [77.43001, -25.05965, -105.7492],
						"0.2": [71.71366, -21.38112, -91.32365],
						"0.5": [101.80929, -63.57884, -119.83426],
						"0.85": [65.0707, -46.11832, -79.67131],
						"0.9": [69.56805, -33.18154, -86.66942],
						"1.05": [74.32291, -31.78582, -95.93506],
						"1.15": [74.32, -31.79, -95.94],
						"1.2": [58.09735, -42.86621, -105.37607],
						"1.3": [136.34994, -73.12242, -186.89579],
						"1.5": [68.48349, -25.52837, -86.79191],
						"1.55": [78.94047, -25.72531, -109.27062],
						"1.65": [77.43001, -25.05965, -105.7492]
					},
					"position": {
						"0.0": [6.875, -17.95, 10.6],
						"0.2": [6.79713, -18.34599, 11.9033],
						"0.5": [6.60256, -18.85004, 11.0273],
						"0.8": [6.5689, -19.18973, 10.80967],
						"1.05": [6.80573, -20.12972, 10.75258],
						"1.15": [6.81, -20.13, 10.75],
						"1.2": [6.81, -21.63, 12.5],
						"1.3": [11.56, -26.88, 24],
						"1.4": [7.47, -22.42, 11.55],
						"1.45": [7.17, -20.19, 9.495],
						"1.5": [6.875, -17.95, 10.6],
						"1.55": [6.87, -17.95, 11.1],
						"1.65": [6.875, -17.95, 10.6]
					},
					"scale": [1, 1.5, 1]
				},
				"root": {
					"rotation": {
						"0.0": [0, 0, 6.5],
						"0.05": {
							"pre": [-9.59972, 6.70362, 16.43478],
							"post": [-9.59972, 6.70362, 16.43478],
							"lerp_mode": "catmullrom"
						},
						"0.15": {
							"post": [-16.94133, -2.13082, -13.75342],
							"lerp_mode": "catmullrom"
						},
						"0.2": {
							"post": [-18.06842, -8.17487, -31.46851],
							"lerp_mode": "catmullrom"
						},
						"0.25": {
							"post": [-19.71465, -9.98006, -38.30817],
							"lerp_mode": "catmullrom"
						},
						"0.3": {
							"post": [-22.3135, -7.93861, -34.83739],
							"lerp_mode": "catmullrom"
						},
						"0.4": {
							"post": [-21.23343, -5.15624, -31.06137],
							"lerp_mode": "catmullrom"
						},
						"0.45": {
							"post": [-21.15, -5.59, -31],
							"lerp_mode": "catmullrom"
						},
						"0.5": {
							"post": [-21.01543, -6.99352, -33.04456],
							"lerp_mode": "catmullrom"
						},
						"0.6": {
							"post": [-20.96241, -7.15399, -31.3654],
							"lerp_mode": "catmullrom"
						},
						"0.65": {
							"post": [-26.14904, -6.38526, -29.78223],
							"lerp_mode": "catmullrom"
						},
						"0.8": {
							"post": [-20.66536, -5.42058, -27.19323],
							"lerp_mode": "catmullrom"
						},
						"0.85": {
							"post": [-19.83506, -8.01982, -34.27779],
							"lerp_mode": "catmullrom"
						},
						"1.0": {
							"post": [-19.57018, -10.27478, -36.14935],
							"lerp_mode": "catmullrom"
						},
						"1.05": {
							"post": [-15.73486, -3.84057, -32.20961],
							"lerp_mode": "catmullrom"
						},
						"1.1": {
							"post": [-26.67564, -6.98011, -27.13543],
							"lerp_mode": "catmullrom"
						},
						"1.15": {
							"post": [-22.00363, -8.17625, -30.32348],
							"lerp_mode": "catmullrom"
						},
						"1.2": {
							"post": [-20.45472, -8.30547, -30.67495],
							"lerp_mode": "catmullrom"
						},
						"1.3": {
							"post": [-20.89687, -7.06934, -27.37073],
							"lerp_mode": "catmullrom"
						},
						"1.45": {
							"post": [2.72536, 3.40282, 7.19869],
							"lerp_mode": "catmullrom"
						},
						"1.55": {
							"post": [0.07631, 1.27413, 6.31136],
							"lerp_mode": "catmullrom"
						},
						"1.6": {
							"post": [0.01199, -0.24971, 2.82497],
							"lerp_mode": "catmullrom"
						},
						"1.7": {
							"post": [0, 0, 6.575],
							"lerp_mode": "catmullrom"
						},
						"1.75": {
							"post": [-0.00565, 0.21118, 5.8167],
							"lerp_mode": "catmullrom"
						},
						"1.8": [0, 0, 6.5]
					},
					"position": {
						"0.0": {
							"post": [0, 0, 0],
							"lerp_mode": "catmullrom"
						},
						"0.05": {
							"post": [-0.84, 0.2, -0.14],
							"lerp_mode": "catmullrom"
						},
						"0.1": {
							"post": [-0.82, -0.01, -0.28],
							"lerp_mode": "catmullrom"
						},
						"0.15": {
							"post": [-0.78, 0.78, -0.575],
							"lerp_mode": "catmullrom"
						},
						"0.2": {
							"post": [-0.78, 1.33, -0.57],
							"lerp_mode": "catmullrom"
						},
						"0.3": {
							"post": [-0.78, 1.33, -0.42],
							"lerp_mode": "catmullrom"
						},
						"0.45": {
							"post": [-0.86, 1.33, -0.66],
							"lerp_mode": "catmullrom"
						},
						"0.5": {
							"post": [-0.805, 1.33, -0.72],
							"lerp_mode": "catmullrom"
						},
						"0.6": {
							"post": [-0.8, 1.37, -0.72],
							"lerp_mode": "catmullrom"
						},
						"0.65": {
							"post": [-0.8, 0.805, -0.72],
							"lerp_mode": "catmullrom"
						},
						"0.7": {
							"post": [-0.55, 0.73, -0.72],
							"lerp_mode": "catmullrom"
						},
						"0.8": {
							"post": [-0.825, 1.155, -0.72],
							"lerp_mode": "catmullrom"
						},
						"0.9": {
							"post": [-0.95, 1.205, -0.72],
							"lerp_mode": "catmullrom"
						},
						"1.0": {
							"post": [-0.845, 1.04, -0.72],
							"lerp_mode": "catmullrom"
						},
						"1.05": {
							"post": [-1.045, 1.045, -0.22],
							"lerp_mode": "catmullrom"
						},
						"1.1": {
							"post": [-0.755, 0.98, -0.41],
							"lerp_mode": "catmullrom"
						},
						"1.15": {
							"post": [-0.995, 0.92, -0.72],
							"lerp_mode": "catmullrom"
						},
						"1.3": {
							"post": [-1, 1.02, -1.17],
							"lerp_mode": "catmullrom"
						},
						"1.45": {
							"post": [-0.1, -0.365, 0.15],
							"lerp_mode": "catmullrom"
						},
						"1.55": {
							"post": [0, 0.12, 0.4],
							"lerp_mode": "catmullrom"
						},
						"1.7": {
							"post": [0, 0, -0.055],
							"lerp_mode": "catmullrom"
						},
						"1.8": {
							"post": [0, 0, 0],
							"lerp_mode": "catmullrom"
						}
					}
				},
				"mag_and_lefthand": {
					"rotation": {
						"0.0": [0, 0, 0],
						"0.2": [0, 0, -47.5],
						"0.3": {
							"pre": [0, 0, -47.5],
							"post": [0, 0, -47.5],
							"lerp_mode": "catmullrom"
						},
						"0.5": {
							"post": [28.75, 0, 9],
							"lerp_mode": "catmullrom"
						},
						"0.65": {
							"post": [28.81284, -3.32793, 4.21544],
							"lerp_mode": "catmullrom"
						},
						"0.7": {
							"post": [28.66291, 4.52561, -10.0227],
							"lerp_mode": "catmullrom"
						},
						"0.75": {
							"post": [28.84939, 2.96176, -7.1675],
							"lerp_mode": "catmullrom"
						},
						"0.8": {
							"post": [18.14895, 2.3809, -6.11267],
							"lerp_mode": "catmullrom"
						},
						"0.85": {
							"post": [23.4252, 1.99551, -5.41473],
							"lerp_mode": "catmullrom"
						},
						"0.9": {
							"post": [7.6752, 1.99551, -5.41473],
							"lerp_mode": "catmullrom"
						},
						"1.05": [0, 0, 0]
					},
					"position": {
						"0.0": [0, 0, 0],
						"0.15": [8.61, -3.95, 5.38],
						"0.2": [6.725, -7.9, 10.75],
						"0.3": {
							"pre": [6.73, -7.9, 10.75],
							"post": [6.73, -7.9, 10.75],
							"lerp_mode": "catmullrom"
						},
						"0.4": {
							"post": [4.34905, -6.8918, 5.8524],
							"lerp_mode": "catmullrom"
						},
						"0.5": {
							"post": [1.00478, -3.13918, 0.2],
							"lerp_mode": "catmullrom"
						},
						"0.65": {
							"post": [1.14863, -3.16015, 0.2019],
							"lerp_mode": "catmullrom"
						},
						"0.7": {
							"post": [0.65651, -6.11264, 1.8292],
							"lerp_mode": "catmullrom"
						},
						"0.75": {
							"post": [0.6466, -6.02341, 1.78181],
							"lerp_mode": "catmullrom"
						},
						"0.85": {
							"post": [0.4818, -4.63878, 0.71484],
							"lerp_mode": "catmullrom"
						},
						"0.9": {
							"post": [0.37645, -3.92775, -0.31961],
							"lerp_mode": "catmullrom"
						},
						"1.0": {
							"post": [0.37405, -3.87787, -0.3221],
							"lerp_mode": "catmullrom"
						},
						"1.05": [0, 0, 0],
						"1.1": [0, -0.425, 0],
						"1.15": [0, 0, 0]
					}
				},
				"magazine": {
					"rotation": {
						"0.8": [0, 0, 0],
						"0.85": [-5.75, 0, 0],
						"0.9": [-12.99769, -0.27562, -0.96127],
						"0.95": [-9.49769, -0.27562, -0.96127],
						"1.0": [-6.23435, -0.49307, -2.94946],
						"1.05": [0, 0, 0]
					},
					"position": {
						"0.8": [0, 0, 0],
						"0.85": [0, 0, 0],
						"1.05": [0, 0, 0]
					},
					"scale": {
						"0.0": [0, 0, 0],
						"0.2": [0, 0, 0],
						"0.25": [1, 1, 1]
					}
				},
				"additional_magazine": {
					"rotation": {
						"0.55": [0, 0, 0],
						"0.6": [7.19284, 0.28687, 0.1642],
						"0.65": [14.2055, 2.38912, -14.05239],
						"0.75": [46.9555, 2.38912, -14.05239],
						"0.9": [42.4555, 2.38912, -14.05239],
						"1.1": [33.9555, 2.38912, -14.05239],
						"1.15": [38.4555, 2.38912, -14.05239],
						"1.2": [16.39195, 18.51132, -41.04929],
						"1.25": [-2.67417, 24.39644, -90.31662]
					},
					"position": {
						"0.55": [0, 0, 0],
						"0.6": [0, -1.53, 0],
						"0.65": [-0.1, -7.955, 1.95],
						"0.75": [-0.1, -6.325, 1.95],
						"0.8": [-0.1, -6.28, 1.875],
						"0.9": [-0.275, -4.655, -0.17],
						"1.0": [-0.28, -4.525, -0.17],
						"1.05": [-1.53, -0.83, -0.17],
						"1.15": [-1.455, -0.83, -0.17],
						"1.2": [-1.46, -2.33, 0.905],
						"1.25": [1.34, -5.63, 6.36],
						"1.3": [3.59, -9.005, 13.66]
					},
					"scale": {
						"1.3": [1, 1, 1],
						"1.35": [0, 0, 0]
					}
				},
				"camera": {
					"rotation": {
						"0.0": {
							"post": [0, 0, 0],
							"lerp_mode": "catmullrom"
						},
						"0.15": {
							"post": [-0.225, 0.125, 0.245],
							"lerp_mode": "catmullrom"
						},
						"0.35": {
							"post": [0, 0, -1.4],
							"lerp_mode": "catmullrom"
						},
						"0.5": {
							"post": [0.125, -0.175, -0.12],
							"lerp_mode": "catmullrom"
						},
						"0.6": {
							"post": [0, -0.35, 0.235],
							"lerp_mode": "catmullrom"
						},
						"0.65": {
							"post": [0.125, 0.075, -1.04],
							"lerp_mode": "catmullrom"
						},
						"0.7": {
							"post": [0, -0.25, -0.465],
							"lerp_mode": "catmullrom"
						},
						"0.8": {
							"post": [0, 0.1, -0.22],
							"lerp_mode": "catmullrom"
						},
						"0.9": {
							"post": [0, 0, -0.12],
							"lerp_mode": "catmullrom"
						},
						"0.95": {
							"post": [-0.075, -0.575, -0.27],
							"lerp_mode": "catmullrom"
						},
						"1.05": {
							"post": [0.225, 0.35, 0.955],
							"lerp_mode": "catmullrom"
						},
						"1.1": {
							"post": [0, 0, -0.19],
							"lerp_mode": "catmullrom"
						},
						"1.2": {
							"post": [-0.125, -0.275, 0.61],
							"lerp_mode": "catmullrom"
						},
						"1.4": {
							"post": [0.075, 0.05, -0.18],
							"lerp_mode": "catmullrom"
						},
						"1.65": {
							"post": [0, 0, 0],
							"lerp_mode": "catmullrom"
						}
					}
				},
				"constraint": {
					"rotation": [0.2, 0.2, 0.2]
				}
			},
			"sound_effects": {
				"0.05": {
					"effect": "wfoly_plr_sm_uzulu_reload_arm"
				},
				"0.4": {
					"effect": "wfoly_plr_sm_uzulu_reload_magout_01"
				},
				"0.7": {
					"effect": "wfoly_plr_sm_uzulu_reload_magin_01"
				},
				"1.1": {
					"effect": "wfoly_plr_sm_uzulu_reload_end"
				}
			}
		},
		"reload_empty": {
			"animation_length": 2.3,
			"bones": {
				"righthand": {
					"rotation": {
						"0.0": [102.27469, 5.53708, -177.85197],
						"0.75": [102.27, 5.54, -177.85],
						"0.85": [106.31307, 12.68862, -161.18123],
						"0.9": [107.37522, 11.16629, -156.04568],
						"1.0": [106.31307, 12.68862, -161.18123],
						"1.2": [106.31307, 12.68862, -161.18123],
						"1.35": [102.27, 5.54, -177.85],
						"1.45": [101.00943, 7.76602, -188.69637],
						"1.55": [102.27469, 5.53708, -177.85197]
					},
					"position": {
						"0.0": [-4.875, -16.975, 11.125],
						"0.75": [-4.87, -16.97, 11.13],
						"0.85": [-5.195, -16.97, 11.13],
						"1.2": [-5.195, -16.97, 11.13],
						"1.35": [-4.87, -16.97, 11.13],
						"1.5": [-4.87, -16.97, 11.13],
						"1.55": [-4.875, -16.975, 11.125]
					},
					"scale": [1, 1.5, 1]
				},
				"lefthand": {
					"rotation": {
						"0.0": [77.43001, -25.05965, -105.7492],
						"0.2": [146.92715, -32.6638, -247.93812],
						"0.25": [154.57376, -18.10488, -263.46509],
						"0.3": [177.0673, 4.86441, -274.43487],
						"0.4": [171.04448, -8.61794, -273.74272],
						"0.45": [126.04448, -8.61794, -273.74272],
						"0.5": [99.81852, -15.79588, -263.26387],
						"0.6": [99.81852, -15.79588, -263.26387],
						"0.85": [71.71366, -21.38112, -91.32365],
						"1.15": [56.14043, -58.3654, -68.45337],
						"1.35": [65.0707, -46.11832, -79.67131],
						"1.4": [69.56805, -33.18154, -86.66942],
						"1.55": [74.32291, -31.78582, -95.93506],
						"1.65": [74.32, -31.79, -95.94],
						"1.75": [74.32, -31.79, -95.94],
						"1.8": [66.50425, -31.12737, -107.41018],
						"1.9": [77.43001, -25.05965, -105.7492]
					},
					"position": {
						"0.0": [6.875, -17.95, 10.6],
						"0.15": [7.52319, -10.99274, 8.72084],
						"0.3": [6.86092, -10.31379, 8.11157],
						"0.4": [6.78575, -9.84811, 13.2295],
						"0.45": [8.04987, -9.5035, 14.96876],
						"0.5": [10.39938, -7.66726, 22.37795],
						"0.6": [10.39938, -7.66726, 22.37795],
						"0.65": [18.41105, -19.91886, 18.50823],
						"0.85": [6.79713, -18.34599, 11.9033],
						"1.15": [6.60256, -18.85004, 11.0273],
						"1.3": [6.5689, -19.18973, 10.80967],
						"1.55": [6.80573, -20.12972, 10.75258],
						"1.65": [6.81, -20.13, 10.75],
						"1.75": [6.81, -20.13, 10.75],
						"1.8": [8.555, -19.4, 12.575],
						"1.9": [6.875, -17.95, 10.6]
					},
					"scale": [1, 1.5, 1]
				},
				"root": {
					"rotation": {
						"0.0": [0, 0, 6.5],
						"0.05": {
							"pre": [-3.10489, 8.2507, 31.6868],
							"post": [-3.10489, 8.2507, 31.6868],
							"lerp_mode": "catmullrom"
						},
						"0.15": {
							"post": [-6.24613, 16.37806, 63.68016],
							"lerp_mode": "catmullrom"
						},
						"0.25": {
							"post": [-2.7613, 12.55203, 68.22748],
							"lerp_mode": "catmullrom"
						},
						"0.3": {
							"post": [-2.92783, 12.51481, 67.46012],
							"lerp_mode": "catmullrom"
						},
						"0.35": {
							"post": [-6.8927, 12.32851, 64.13766],
							"lerp_mode": "catmullrom"
						},
						"0.4": {
							"post": [-6.6427, 12.32851, 64.13766],
							"lerp_mode": "catmullrom"
						},
						"0.45": {
							"post": [-13.3927, 12.32851, 64.13766],
							"lerp_mode": "catmullrom"
						},
						"0.5": {
							"post": [-6.04163, 7.68626, 55.75771],
							"lerp_mode": "catmullrom"
						},
						"0.6": {
							"post": [-6.86893, 11.23969, 51.52652],
							"lerp_mode": "catmullrom"
						},
						"0.7": {
							"post": [-9.59972, 6.70362, 16.43478],
							"lerp_mode": "catmullrom"
						},
						"0.8": {
							"post": [-16.94133, -2.13082, -13.75342],
							"lerp_mode": "catmullrom"
						},
						"0.85": {
							"post": [-18.06842, -8.17487, -31.46851],
							"lerp_mode": "catmullrom"
						},
						"0.9": {
							"post": [-19.71465, -9.98006, -38.30817],
							"lerp_mode": "catmullrom"
						},
						"0.95": {
							"post": [-23.92969, -10.41648, -40.37321],
							"lerp_mode": "catmullrom"
						},
						"1.0": {
							"post": [-23.76659, -3.82199, -26.82971],
							"lerp_mode": "catmullrom"
						},
						"1.05": {
							"post": [-21.23343, -5.15624, -31.06137],
							"lerp_mode": "catmullrom"
						},
						"1.1": {
							"post": [-20.96241, -7.15399, -31.3654],
							"lerp_mode": "catmullrom"
						},
						"1.15": {
							"post": [-26.14904, -6.38526, -29.78223],
							"lerp_mode": "catmullrom"
						},
						"1.3": {
							"post": [-20.66536, -5.42058, -27.19323],
							"lerp_mode": "catmullrom"
						},
						"1.35": {
							"post": [-19.83506, -8.01982, -34.27779],
							"lerp_mode": "catmullrom"
						},
						"1.5": {
							"post": [-19.57018, -10.27478, -36.14935],
							"lerp_mode": "catmullrom"
						},
						"1.55": {
							"post": [-15.73486, -3.84057, -32.20961],
							"lerp_mode": "catmullrom"
						},
						"1.6": {
							"post": [-26.67564, -6.98011, -27.13543],
							"lerp_mode": "catmullrom"
						},
						"1.65": {
							"post": [-22.00363, -8.17625, -30.32348],
							"lerp_mode": "catmullrom"
						},
						"1.7": {
							"post": [-20.45472, -8.30547, -30.67495],
							"lerp_mode": "catmullrom"
						},
						"1.75": {
							"post": [-20.89687, -7.06934, -27.37073],
							"lerp_mode": "catmullrom"
						},
						"1.95": {
							"post": [2.72536, 3.40282, 7.19869],
							"lerp_mode": "catmullrom"
						},
						"2.05": {
							"post": [0.07631, 1.27413, 6.31136],
							"lerp_mode": "catmullrom"
						},
						"2.1": {
							"post": [0.01199, -0.24971, 2.82497],
							"lerp_mode": "catmullrom"
						},
						"2.2": {
							"post": [0, 0, 6.575],
							"lerp_mode": "catmullrom"
						},
						"2.25": {
							"post": [-0.00565, 0.21118, 5.8167],
							"lerp_mode": "catmullrom"
						},
						"2.3": [0, 0, 6.5]
					},
					"position": {
						"0.0": {
							"post": [0, 0, 0],
							"lerp_mode": "catmullrom"
						},
						"0.15": {
							"post": [-1, 1.02, -1.17],
							"lerp_mode": "catmullrom"
						},
						"0.25": {
							"post": [-1.00268, 1.03646, -1.24312],
							"lerp_mode": "catmullrom"
						},
						"0.3": {
							"post": [-0.99642, 1.01805, -1.1425],
							"lerp_mode": "catmullrom"
						},
						"0.35": {
							"post": [-0.97227, 0.84992, -0.3844],
							"lerp_mode": "catmullrom"
						},
						"0.4": {
							"post": [-0.97058, 0.83793, -0.33148],
							"lerp_mode": "catmullrom"
						},
						"0.45": {
							"post": [-0.96971, 0.84603, -0.35426],
							"lerp_mode": "catmullrom"
						},
						"0.5": {
							"post": [-0.73731, 1.41869, -2.22698],
							"lerp_mode": "catmullrom"
						},
						"0.6": {
							"post": [-0.70073, 0.98223, -1.53677],
							"lerp_mode": "catmullrom"
						},
						"0.7": {
							"post": [-0.84, 0.2, -0.14],
							"lerp_mode": "catmullrom"
						},
						"0.75": {
							"post": [-0.82, -0.01, -0.28],
							"lerp_mode": "catmullrom"
						},
						"0.8": {
							"post": [-0.78, 0.78, -0.575],
							"lerp_mode": "catmullrom"
						},
						"0.85": {
							"post": [-0.78, 1.33, -0.57],
							"lerp_mode": "catmullrom"
						},
						"0.95": {
							"post": [-0.605, 1.105, -0.42],
							"lerp_mode": "catmullrom"
						},
						"1.1": {
							"post": [-0.8, 1.37, -0.72],
							"lerp_mode": "catmullrom"
						},
						"1.15": {
							"post": [-0.8, 0.805, -0.72],
							"lerp_mode": "catmullrom"
						},
						"1.2": {
							"post": [-0.55, 0.73, -0.72],
							"lerp_mode": "catmullrom"
						},
						"1.3": {
							"post": [-0.825, 1.155, -0.72],
							"lerp_mode": "catmullrom"
						},
						"1.4": {
							"post": [-0.95, 1.205, -0.72],
							"lerp_mode": "catmullrom"
						},
						"1.5": {
							"post": [-0.845, 1.04, -0.72],
							"lerp_mode": "catmullrom"
						},
						"1.55": {
							"post": [-1.045, 1.045, -0.22],
							"lerp_mode": "catmullrom"
						},
						"1.6": {
							"post": [-0.755, 0.98, -0.41],
							"lerp_mode": "catmullrom"
						},
						"1.65": {
							"post": [-0.995, 0.92, -0.72],
							"lerp_mode": "catmullrom"
						},
						"1.75": {
							"post": [-1, 1.02, -1.17],
							"lerp_mode": "catmullrom"
						},
						"1.95": {
							"post": [-0.1, -0.365, 0.15],
							"lerp_mode": "catmullrom"
						},
						"2.05": {
							"post": [0, 0.12, 0.4],
							"lerp_mode": "catmullrom"
						},
						"2.2": {
							"post": [0, 0, -0.055],
							"lerp_mode": "catmullrom"
						},
						"2.3": {
							"post": [0, 0, 0],
							"lerp_mode": "catmullrom"
						}
					}
				},
				"mag_and_lefthand": {
					"rotation": {
						"0.0": [0, 0, 0],
						"0.55": [0, 0, 0],
						"0.85": [0, 0, -47.5],
						"0.95": {
							"pre": [0, 0, -47.5],
							"post": [0, 0, -47.5],
							"lerp_mode": "catmullrom"
						},
						"1.2": {
							"post": [16.66291, 4.52561, -10.0227],
							"lerp_mode": "catmullrom"
						},
						"1.25": {
							"post": [28.84939, 2.96176, -7.1675],
							"lerp_mode": "catmullrom"
						},
						"1.3": {
							"post": [18.14895, 2.3809, -6.11267],
							"lerp_mode": "catmullrom"
						},
						"1.35": {
							"post": [23.4252, 1.99551, -5.41473],
							"lerp_mode": "catmullrom"
						},
						"1.4": {
							"post": [7.6752, 1.99551, -5.41473],
							"lerp_mode": "catmullrom"
						},
						"1.45": {
							"post": [6.65471, 2.47933, -9.09394],
							"lerp_mode": "catmullrom"
						},
						"1.5": {
							"post": [7.69476, 1.99356, -4.84715],
							"lerp_mode": "catmullrom"
						},
						"1.55": {
							"post": [7.6752, 1.99551, -5.41473],
							"lerp_mode": "catmullrom"
						},
						"1.65": [0, 0, 0]
					},
					"position": {
						"0.0": [0, 0, 0],
						"0.55": [0, 0, 0],
						"0.8": [8.61, -3.95, 5.38],
						"0.85": [6.725, -7.9, 10.75],
						"0.95": {
							"pre": [6.73, -7.9, 10.75],
							"post": [6.73, -7.9, 10.75],
							"lerp_mode": "catmullrom"
						},
						"1.05": {
							"post": [4.34905, -6.8918, 5.8524],
							"lerp_mode": "catmullrom"
						},
						"1.2": {
							"post": [0.65651, -4.43764, 1.1792],
							"lerp_mode": "catmullrom"
						},
						"1.35": {
							"post": [0.4818, -4.63878, 0.71484],
							"lerp_mode": "catmullrom"
						},
						"1.4": {
							"post": [0.37645, -3.92775, -0.31961],
							"lerp_mode": "catmullrom"
						},
						"1.55": {
							"post": [0.37645, -3.92775, -0.31961],
							"lerp_mode": "catmullrom"
						},
						"1.6": {
							"post": [0.37405, -3.87787, -0.3221],
							"lerp_mode": "catmullrom"
						},
						"1.65": [0, 0, 0],
						"1.7": [0, -0.425, 0],
						"1.75": [0, 0, 0]
					}
				},
				"magazine": {
					"rotation": {
						"1.15": [0, 0, 0],
						"1.25": [-17.25, 0, 0],
						"1.3": [-5, 0, 0],
						"1.35": [-8.56999, 0.32883, 1.54889],
						"1.4": [-10.28508, 0.12243, 0.14583],
						"1.45": [-11.95997, 0.9865, 4.64666],
						"1.5": [-11.49031, -0.05442, -0.37161],
						"1.55": [-11, 0, 0],
						"1.6": [-10.99173, -0.42921, -2.2087],
						"1.65": [0, 0, 0]
					},
					"position": {
						"1.3": [0, 0, 0],
						"1.45": [0, 0, 0],
						"1.55": [0, 0, 0],
						"1.65": [0, 0, 0]
					},
					"scale": {
						"0.0": [0, 0, 0],
						"0.85": [0, 0, 0],
						"0.9": [1, 1, 1]
					}
				},
				"additional_magazine": {
					"rotation": {
						"0.85": [0, 0, 0],
						"0.9": [2.90865, 0.79102, -3.80085],
						"0.95": [14.2055, 2.38912, -14.05239],
						"1.3": [14.2055, 2.38912, -14.05239]
					},
					"position": {
						"0.85": [0, 0, 0],
						"0.9": [0.19886, -1.46443, 0.24263],
						"0.95": [-0.1, -7.955, 1.95],
						"1.0": [-0.1, -21.85, 1.95],
						"1.05": [-0.1, -34.875, 1.95],
						"1.3": [-0.1, -34.875, 1.95]
					},
					"scale": {
						"1.0": [1, 1, 1],
						"1.05": [0, 0, 0]
					}
				},
				"bolt": {
					"position": {
						"0.0": [0, 0, -2],
						"0.25": [0, 0, -2],
						"0.35": [0, 0, -0.35],
						"0.4": [0, 0, -0.35],
						"0.45": [0, 0, 0]
					}
				},
				"bar": {
					"position": {
						"0.0": [0, 0, 2],
						"0.35": [0, 0, 2],
						"0.4": [0, 0, 2.1],
						"0.45": [0, 0, 3.4],
						"0.5": [0, 0, 4.705],
						"0.55": [0, 0, -1.2],
						"0.6": [0, 0, 0]
					}
				},
				"camera": {
					"rotation": {
						"0.0": {
							"post": [0, 0, 0],
							"lerp_mode": "catmullrom"
						},
						"0.2": {
							"post": [0.35, -0.575, -0.375],
							"lerp_mode": "catmullrom"
						},
						"0.3": {
							"post": [0.8, -0.575, -0.995],
							"lerp_mode": "catmullrom"
						},
						"0.4": {
							"post": [0.975, -0.875, -0.865],
							"lerp_mode": "catmullrom"
						},
						"0.45": {
							"post": [0.625, -0.325, 0.24],
							"lerp_mode": "catmullrom"
						},
						"0.55": {
							"post": [0.8, -0.575, -0.385],
							"lerp_mode": "catmullrom"
						},
						"0.7": {
							"post": [-0.175, 0.1, 0.12],
							"lerp_mode": "catmullrom"
						},
						"0.8": {
							"post": [-0.225, 0.125, 0.245],
							"lerp_mode": "catmullrom"
						},
						"1.0": {
							"post": [0, 0, -1.4],
							"lerp_mode": "catmullrom"
						},
						"1.15": {
							"post": [0.125, -0.175, -0.12],
							"lerp_mode": "catmullrom"
						},
						"1.25": {
							"post": [0, -0.35, 0.235],
							"lerp_mode": "catmullrom"
						},
						"1.3": {
							"post": [0.125, 0.075, -1.04],
							"lerp_mode": "catmullrom"
						},
						"1.35": {
							"post": [0, -0.25, -0.465],
							"lerp_mode": "catmullrom"
						},
						"1.55": {
							"post": [0, -0.25, 0.08],
							"lerp_mode": "catmullrom"
						},
						"1.6": {
							"post": [-0.175, -0.375, -0.07],
							"lerp_mode": "catmullrom"
						},
						"1.65": {
							"post": [0.15, 0.15, 0.705],
							"lerp_mode": "catmullrom"
						},
						"1.7": {
							"post": [0, -0.25, 0.135],
							"lerp_mode": "catmullrom"
						},
						"1.85": {
							"post": [0, -0.25, -0.295],
							"lerp_mode": "catmullrom"
						},
						"2.05": {
							"post": [0.2, 0.09, 0.09],
							"lerp_mode": "catmullrom"
						},
						"2.2": {
							"post": [0, 0, 0],
							"lerp_mode": "catmullrom"
						}
					}
				},
				"bullet_in_bolt": {
					"scale": 0
				},
				"constraint": {
					"rotation": [0.2, 0.2, 0.2]
				}
			},
			"sound_effects": {
				"0.15": {
					"effect": "wfoly_plr_sm_uzulu_reload_empty_charge_01"
				},
				"0.7": {
					"effect": "wfoly_plr_sm_uzulu_reload_arm"
				},
				"0.8": {
					"effect": "wfoly_plr_sm_uzulu_reload_magout_01"
				},
				"1.05": {
					"effect": "iw8_phys_mag_drop_smg_poly_concrete_06"
				},
				"1.3": {
					"effect": "wfoly_plr_sm_uzulu_reload_magin_01"
				},
				"1.55": {
					"effect": "wfoly_plr_sm_uzulu_reload_end"
				}
			}
		},
		"shoot": {
			"loop": true,
			"animation_length": 0.7,
			"bones": {
				"root": {
					"rotation": {
						"0.0": {
							"post": [0, 0, 0],
							"lerp_mode": "catmullrom"
						},
						"0.05": {
							"post": [-4.90971, 0.10102, 3.74863],
							"lerp_mode": "catmullrom"
						},
						"0.1": {
							"post": [2.49982, 0.28248, -0.73838],
							"lerp_mode": "catmullrom"
						},
						"0.2": {
							"post": [0.12486, 0.21186, -0.55379],
							"lerp_mode": "catmullrom"
						},
						"0.3": {
							"post": [-0.5, 0, 0.1],
							"lerp_mode": "catmullrom"
						},
						"0.4": {
							"post": [0, 0, -0.1],
							"lerp_mode": "catmullrom"
						},
						"0.6": {
							"post": [0, 0, 0],
							"lerp_mode": "catmullrom"
						},
						"0.7": {
							"post": [0, 0, 0],
							"lerp_mode": "catmullrom"
						}
					},
					"position": {
						"0.0": {
							"post": [0, 0, 0],
							"lerp_mode": "catmullrom"
						},
						"0.05": {
							"post": [0, 0.225, 0.7],
							"lerp_mode": "catmullrom"
						},
						"0.1": {
							"post": [0, -0.1, -0.05],
							"lerp_mode": "catmullrom"
						},
						"0.2": {
							"post": [0, -0.08, 0.14],
							"lerp_mode": "catmullrom"
						},
						"0.3": {
							"post": [0, 0, 0],
							"lerp_mode": "catmullrom"
						},
						"0.4": {
							"post": [0, 0.025, 0],
							"lerp_mode": "catmullrom"
						},
						"0.6": {
							"post": [0, 0, 0],
							"lerp_mode": "catmullrom"
						},
						"0.7": {
							"post": [0, 0, 0],
							"lerp_mode": "catmullrom"
						}
					}
				},
				"bolt": {
					"position": {
						"0.0": {
							"post": [0, 0, 0],
							"lerp_mode": "catmullrom"
						},
						"0.05": {
							"post": [0, 0, -2],
							"lerp_mode": "catmullrom"
						},
						"0.1": {
							"post": [0, 0, 0],
							"lerp_mode": "catmullrom"
						}
					}
				},
				"bar": {
					"position": {
						"0.0": {
							"post": [0, 0, 0],
							"lerp_mode": "catmullrom"
						},
						"0.05": {
							"post": [0, 0, 2.075],
							"lerp_mode": "catmullrom"
						},
						"0.1": {
							"post": [0, 0, 0],
							"lerp_mode": "catmullrom"
						},
						"0.15": {
							"post": [0, 0, -0.075],
							"lerp_mode": "catmullrom"
						},
						"0.2": {
							"post": [0, 0, 0],
							"lerp_mode": "catmullrom"
						}
					}
				},
				"stock": {
					"rotation": {
						"0.0": {
							"post": [0, 0, 0],
							"lerp_mode": "catmullrom"
						},
						"0.05": {
							"post": [-3.25, 0, 0],
							"lerp_mode": "catmullrom"
						},
						"0.1": {
							"post": [-2, 0, 0],
							"lerp_mode": "catmullrom"
						},
						"0.2": {
							"post": [-4.75, 0, 0],
							"lerp_mode": "catmullrom"
						},
						"0.25": {
							"post": [0, 0, 0],
							"lerp_mode": "catmullrom"
						}
					}
				},
				"camera": {
					"rotation": {
						"0.0": [0, 0, 0],
						"0.05": [0.4, 0.6, 1.075],
						"0.1": [-0.15, -0.625, -0.85],
						"0.2": [0.125, 0.275, 0.2],
						"0.35": [0, 0, 0]
					}
				},
				"constraint": {
					"rotation": {
						"0.0": [0.2, 0.2, 0.2],
						"0.2": [0, 0, 0]
					}
				}
			}
		},
		"inspect": {
			"animation_length": 6.35,
			"bones": {
				"righthand": {
					"rotation": [102.27469, 5.53708, -177.85197],
					"position": [-4.875, -16.975, 11.125],
					"scale": [1, 1.5, 1]
				},
				"lefthand": {
					"rotation": {
						"0.0": {
							"post": [77.43001, -25.05965, -105.7492],
							"lerp_mode": "catmullrom"
						},
						"0.2": {
							"post": [61.09477, -54.07842, -129.36951],
							"lerp_mode": "catmullrom"
						},
						"2.3": {
							"post": [61.09, -54.08, -129.37],
							"lerp_mode": "catmullrom"
						},
						"2.55": [78.42858, -10.63175, -108.9811],
						"5.0": [78.42858, -10.63175, -108.9811],
						"5.15": {
							"pre": [78.43, -10.63, -108.98],
							"post": [78.43, -10.63, -108.98],
							"lerp_mode": "catmullrom"
						},
						"5.25": {
							"post": [77.00406, -8.8184, -100.55364],
							"lerp_mode": "catmullrom"
						},
						"5.6": {
							"post": [77.00406, -8.8184, -100.55364],
							"lerp_mode": "catmullrom"
						},
						"5.8": {
							"post": [77, -8.82, -100.55],
							"lerp_mode": "catmullrom"
						},
						"6.0": {
							"post": [77.43001, -25.05965, -105.7492],
							"lerp_mode": "catmullrom"
						}
					},
					"position": {
						"0.0": {
							"post": [6.875, -17.95, 10.6],
							"lerp_mode": "catmullrom"
						},
						"0.2": {
							"post": [22.38322, -31.98692, 29.34956],
							"lerp_mode": "catmullrom"
						},
						"2.3": {
							"post": [22.38322, -31.98692, 29.34956],
							"lerp_mode": "catmullrom"
						},
						"2.55": [5.92385, -22.73188, 11.68665],
						"5.0": [5.92385, -22.73188, 11.68665],
						"5.1": {
							"pre": [7.04854, -18.71296, 11.83516],
							"post": [7.04854, -18.71296, 11.83516],
							"lerp_mode": "catmullrom"
						},
						"5.15": {
							"post": [9.40471, -18.85512, 11.2161],
							"lerp_mode": "catmullrom"
						},
						"5.25": {
							"post": [5.87112, -21.86386, 11.54112],
							"lerp_mode": "catmullrom"
						},
						"5.6": {
							"post": [5.87112, -21.86386, 11.54112],
							"lerp_mode": "catmullrom"
						},
						"5.8": {
							"post": [5.87, -21.86, 11.54],
							"lerp_mode": "catmullrom"
						},
						"5.9": {
							"post": [5.34751, -19.07382, 7.66494],
							"lerp_mode": "catmullrom"
						},
						"6.0": {
							"post": [6.875, -17.95, 10.6],
							"lerp_mode": "catmullrom"
						}
					},
					"scale": {
						"0.0": {
							"post": [1, 1.5, 1],
							"lerp_mode": "catmullrom"
						},
						"6.0": {
							"post": [1, 1.5, 1],
							"lerp_mode": "catmullrom"
						}
					}
				},
				"root": {
					"rotation": {
						"0.0": [0, 0, 6.5],
						"0.1": {
							"pre": [7.19124, -2.57604, 13.48241],
							"post": [7.19124, -2.57604, 13.48241],
							"lerp_mode": "catmullrom"
						},
						"0.3": {
							"post": [-50.44539, 22.21138, 35.90403],
							"lerp_mode": "catmullrom"
						},
						"0.45": {
							"post": [-55.55747, 25.78074, 42.09017],
							"lerp_mode": "catmullrom"
						},
						"0.95": {
							"post": [-53.64218, 24.02499, 40.78511],
							"lerp_mode": "catmullrom"
						},
						"1.4": {
							"post": [-55.69198, 24.59051, 40.9583],
							"lerp_mode": "catmullrom"
						},
						"1.5": {
							"post": [-45.47027, 35.41132, 52.88956],
							"lerp_mode": "catmullrom"
						},
						"1.7": {
							"post": [-47.11312, 32.51603, 49.33754],
							"lerp_mode": "catmullrom"
						},
						"2.0": {
							"post": [-45.47027, 35.41132, 52.88956],
							"lerp_mode": "catmullrom"
						},
						"2.15": [-58.54587, 20.45147, 37.36398],
						"2.3": [-49.43129, 13.14657, 11.82513],
						"2.55": {
							"pre": [-2.25479, -47.70739, -63.29755],
							"post": [-2.25479, -47.70739, -63.29755],
							"lerp_mode": "catmullrom"
						},
						"2.65": {
							"post": [-6.97988, -47.20379, -55.19378],
							"lerp_mode": "catmullrom"
						},
						"2.7": {
							"post": [-9.19168, -39.30877, -48.16482],
							"lerp_mode": "catmullrom"
						},
						"2.75": {
							"post": [-21.98544, -34.54219, -27.04156],
							"lerp_mode": "catmullrom"
						},
						"2.8": {
							"post": [-17.31239, -33.42205, -35.13076],
							"lerp_mode": "catmullrom"
						},
						"2.85": {
							"post": [-13.14235, -38.33925, -41.8673],
							"lerp_mode": "catmullrom"
						},
						"3.0": {
							"post": [-18.00425, -28.51546, -30.7115],
							"lerp_mode": "catmullrom"
						},
						"3.15": {
							"post": [-17.43808, -26.69163, -29.50524],
							"lerp_mode": "catmullrom"
						},
						"3.35": {
							"post": [-19.75014, -26.51912, -25.81774],
							"lerp_mode": "catmullrom"
						},
						"4.0": {
							"post": [-17.6735, -24.27029, -29.32263],
							"lerp_mode": "catmullrom"
						},
						"4.25": {
							"post": [-16.14495, -27.15382, -31.48801],
							"lerp_mode": "catmullrom"
						},
						"4.9": {
							"post": [-17.24449, -28.02641, -27.94465],
							"lerp_mode": "catmullrom"
						},
						"5.05": {
							"post": [-17.99826, -27.57229, -26.3285],
							"lerp_mode": "catmullrom"
						},
						"5.15": {
							"post": [-18.36849, -27.33824, -25.52551],
							"lerp_mode": "catmullrom"
						},
						"5.2": {
							"post": [-19.80392, -26.35699, -22.34788],
							"lerp_mode": "catmullrom"
						},
						"5.25": {
							"post": [-16.73226, -28.3186, -29.02954],
							"lerp_mode": "catmullrom"
						},
						"5.35": {
							"post": [-16.5766, -27.91146, -36.03685],
							"lerp_mode": "catmullrom"
						},
						"5.4": {
							"post": [-17.42972, -23.66942, -34.62158],
							"lerp_mode": "catmullrom"
						},
						"5.45": {
							"post": [-18.95007, -18.87716, -31.19497],
							"lerp_mode": "catmullrom"
						},
						"5.5": {
							"post": [-19.21252, -25.98196, -30.25133],
							"lerp_mode": "catmullrom"
						},
						"5.55": {
							"post": [-18.36513, -26.22662, -31.04084],
							"lerp_mode": "catmullrom"
						},
						"5.7": {
							"post": [-19.62125, -25.33141, -28.15315],
							"lerp_mode": "catmullrom"
						},
						"5.75": {
							"post": [-10.79208, -15.85621, -23.96684],
							"lerp_mode": "catmullrom"
						},
						"5.8": {
							"post": [-20.7285, -16.33656, -17.0732],
							"lerp_mode": "catmullrom"
						},
						"6.0": [2.60493, 3.49583, 5.24722],
						"6.15": {
							"pre": [0.07631, 1.27413, 6.36136],
							"post": [0.07631, 1.27413, 6.36136],
							"lerp_mode": "catmullrom"
						},
						"6.2": {
							"post": [0, -0.25, 5.625],
							"lerp_mode": "catmullrom"
						},
						"6.3": {
							"post": [-0.00565, 0.21118, 5.8667],
							"lerp_mode": "catmullrom"
						},
						"6.35": [0, 0, 6.5]
					},
					"position": {
						"0.0": {
							"post": [0, 0, 0],
							"lerp_mode": "catmullrom"
						},
						"0.1": {
							"post": [-0.65588, 0.00088, 0.88068],
							"lerp_mode": "catmullrom"
						},
						"0.3": {
							"post": [0.525, 2.975, -2.15],
							"lerp_mode": "catmullrom"
						},
						"0.45": {
							"post": [0.63212, 3.33362, -2.34959],
							"lerp_mode": "catmullrom"
						},
						"1.4": {
							"post": [0.57404, 3.30664, -2.43545],
							"lerp_mode": "catmullrom"
						},
						"1.5": {
							"post": [0.72127, 3.36406, -2.35285],
							"lerp_mode": "catmullrom"
						},
						"1.8": {
							"post": [0.69058, 3.51784, -2.42954],
							"lerp_mode": "catmullrom"
						},
						"2.0": {
							"post": [0.69058, 3.51784, -2.42954],
							"lerp_mode": "catmullrom"
						},
						"2.15": [0.64811, 3.37031, -2.37338],
						"2.3": [-0.545, 0.555, -2.15],
						"2.55": {
							"pre": [-0.55, 1.155, -2.15],
							"post": [-0.55, 1.155, -2.15],
							"lerp_mode": "catmullrom"
						},
						"2.65": {
							"post": [-0.42012, 1.076, -2.16238],
							"lerp_mode": "catmullrom"
						},
						"2.7": {
							"post": [-0.05952, 0.85577, -2.18004],
							"lerp_mode": "catmullrom"
						},
						"2.75": {
							"post": [-0.30803, 0.28094, -2.37353],
							"lerp_mode": "catmullrom"
						},
						"2.85": {
							"post": [-0.78332, 1.21452, -2.19158],
							"lerp_mode": "catmullrom"
						},
						"2.95": {
							"post": [-1.11, 1.13, -2.24],
							"lerp_mode": "catmullrom"
						},
						"3.0": {
							"post": [-1.21804, 1.15611, -2.27042],
							"lerp_mode": "catmullrom"
						},
						"3.15": {
							"post": [-1.20308, 1.10053, -2.29473],
							"lerp_mode": "catmullrom"
						},
						"3.3": {
							"post": [-1.18978, 1.1225, -2.28343],
							"lerp_mode": "catmullrom"
						},
						"4.0": {
							"post": [-1.17903, 1.1008, -2.22561],
							"lerp_mode": "catmullrom"
						},
						"4.25": {
							"post": [-1.20505, 0.99369, -2.23591],
							"lerp_mode": "catmullrom"
						},
						"4.9": {
							"post": [-1.26706, 1.06784, -2.21383],
							"lerp_mode": "catmullrom"
						},
						"5.05": {
							"post": [-1.22875, 1.01083, -2.23054],
							"lerp_mode": "catmullrom"
						},
						"5.15": {
							"post": [-1.27047, 1.06955, -2.20901],
							"lerp_mode": "catmullrom"
						},
						"5.2": {
							"post": [-1.14579, 0.86675, -2.2859],
							"lerp_mode": "catmullrom"
						},
						"5.25": {
							"post": [-1.22593, 0.89354, -2.2407],
							"lerp_mode": "catmullrom"
						},
						"5.35": {
							"post": [-1.5401, 0.48661, -2.54698],
							"lerp_mode": "catmullrom"
						},
						"5.45": {
							"post": [-1.64146, 0.62206, -2.49623],
							"lerp_mode": "catmullrom"
						},
						"5.5": {
							"post": [-1.60999, 0.58285, -2.51479],
							"lerp_mode": "catmullrom"
						},
						"5.6": {
							"post": [-1.54913, 0.50586, -2.53826],
							"lerp_mode": "catmullrom"
						},
						"5.7": {
							"post": [-1.56428, 0.52907, -2.53241],
							"lerp_mode": "catmullrom"
						},
						"5.75": {
							"post": [-1.75989, 0.79695, -2.42377],
							"lerp_mode": "catmullrom"
						},
						"6.0": [-0.1, -0.365, 0.15],
						"6.15": {
							"pre": [0, 0.02, 0],
							"post": [0, 0.02, 0],
							"lerp_mode": "catmullrom"
						},
						"6.3": {
							"post": [0, 0, 0],
							"lerp_mode": "catmullrom"
						}
					}
				},
				"mag_and_lefthand": {
					"rotation": {
						"2.5": {
							"pre": [0, 0, 0],
							"post": [0, 0, 0],
							"lerp_mode": "catmullrom"
						},
						"2.6": {
							"post": [0, 0, 0],
							"lerp_mode": "catmullrom"
						},
						"2.75": {
							"post": [-8.25, 0, 11.5],
							"lerp_mode": "catmullrom"
						},
						"2.8": {
							"post": [-7.99949, 2.02418, 25.60845],
							"lerp_mode": "catmullrom"
						},
						"2.85": {
							"post": [-27.98798, 1.09731, 19.17416],
							"lerp_mode": "catmullrom"
						},
						"2.95": {
							"post": [15.28504, -0.75641, 6.30559],
							"lerp_mode": "catmullrom"
						},
						"3.05": {
							"post": [18.63794, -15.30858, 19.53719],
							"lerp_mode": "catmullrom"
						},
						"3.25": {
							"post": [19.26729, -14.49649, 17.09043],
							"lerp_mode": "catmullrom"
						},
						"3.95": {
							"post": [21.33004, -11.09176, 9.08827],
							"lerp_mode": "catmullrom"
						},
						"4.0": {
							"post": [17.80386, -1.18725, 26.11448],
							"lerp_mode": "catmullrom"
						},
						"4.1": {
							"post": [14.24006, 8.18785, 63.24115],
							"lerp_mode": "catmullrom"
						},
						"4.3": {
							"post": [12.7236, 5.52213, 70.65459],
							"lerp_mode": "catmullrom"
						},
						"4.85": {
							"post": [12.31605, 6.38958, 66.72854],
							"lerp_mode": "catmullrom"
						},
						"4.9": {
							"post": [10.81375, 8.70206, 55.36478],
							"lerp_mode": "catmullrom"
						},
						"5.05": {
							"post": [2.48504, 10.51099, 16.38823],
							"lerp_mode": "catmullrom"
						},
						"5.15": {
							"post": [1.20431, 11.84157, 8.8802],
							"lerp_mode": "catmullrom"
						},
						"5.25": {
							"post": [-10.97817, 4.58896, -64.56047],
							"lerp_mode": "catmullrom"
						},
						"5.3": {
							"post": [-8.87093, 7.96666, -45.36366],
							"lerp_mode": "catmullrom"
						},
						"5.45": {
							"post": [0, 0, 0],
							"lerp_mode": "catmullrom"
						},
						"5.6": {
							"post": [3.75, 0, 0],
							"lerp_mode": "catmullrom"
						},
						"5.65": {
							"post": [-5.25, 0, 0],
							"lerp_mode": "catmullrom"
						},
						"5.7": {
							"post": [0, 0, 0],
							"lerp_mode": "catmullrom"
						},
						"5.75": {
							"post": [0, 0, 0],
							"lerp_mode": "catmullrom"
						}
					},
					"position": {
						"2.5": {
							"pre": [0, 0, 0],
							"post": [0, 0, 0],
							"lerp_mode": "catmullrom"
						},
						"2.6": {
							"post": [0, -0.425, 0],
							"lerp_mode": "catmullrom"
						},
						"2.7": {
							"post": [0, -9.205, 0],
							"lerp_mode": "catmullrom"
						},
						"2.75": {
							"post": [0, -9.75, 0],
							"lerp_mode": "catmullrom"
						},
						"2.8": {
							"post": [0, -10.9, 0],
							"lerp_mode": "catmullrom"
						},
						"2.95": {
							"post": [3.175, -7, -2.575],
							"lerp_mode": "catmullrom"
						},
						"3.05": {
							"post": [4.08449, -6.68628, -2.88799],
							"lerp_mode": "catmullrom"
						},
						"3.25": {
							"post": [3.605, -6.395, -3.02],
							"lerp_mode": "catmullrom"
						},
						"3.95": {
							"post": [3.61, -6.49, -3.02],
							"lerp_mode": "catmullrom"
						},
						"4.3": {
							"post": [4.80599, -7.96048, -3.46306],
							"lerp_mode": "catmullrom"
						},
						"4.85": {
							"post": [4.80599, -7.96048, -3.46306],
							"lerp_mode": "catmullrom"
						},
						"4.9": {
							"post": [4.14072, -7.20199, -3.25401],
							"lerp_mode": "catmullrom"
						},
						"5.05": {
							"post": [3.51521, -5.62389, -2.98718],
							"lerp_mode": "catmullrom"
						},
						"5.15": {
							"post": [3.60997, -5.13791, -3.01643],
							"lerp_mode": "catmullrom"
						},
						"5.3": {
							"post": [-0.35382, -8.8527, -1.97261],
							"lerp_mode": "catmullrom"
						},
						"5.45": {
							"post": [0, -4.5, 0],
							"lerp_mode": "catmullrom"
						},
						"5.6": {
							"post": [0, -4.5, 0],
							"lerp_mode": "catmullrom"
						},
						"5.65": {
							"post": [0, -4.5, 0],
							"lerp_mode": "catmullrom"
						},
						"5.7": {
							"post": [0, -4.5, 0],
							"lerp_mode": "catmullrom"
						},
						"5.75": {
							"post": [0, 0, 0],
							"lerp_mode": "catmullrom"
						}
					}
				},
				"additional_magazine": {
					"scale": 0
				},
				"camera": {
					"rotation": {
						"0.0": {
							"post": [0, 0, 0],
							"lerp_mode": "catmullrom"
						},
						"0.35": {
							"post": [6.15, -1.325, -1.375],
							"lerp_mode": "catmullrom"
						},
						"0.75": {
							"post": [7.925, -1.33, -1.375],
							"lerp_mode": "catmullrom"
						},
						"1.25": {
							"post": [-3.625, -1.33, 0],
							"lerp_mode": "catmullrom"
						},
						"1.5": {
							"post": [-9.6, -0.48, 0.375],
							"lerp_mode": "catmullrom"
						},
						"1.7": {
							"post": [-9.4, -0.13, 0],
							"lerp_mode": "catmullrom"
						},
						"1.9": {
							"post": [-6.975, -0.03, 0],
							"lerp_mode": "catmullrom"
						},
						"2.15": {
							"post": [0, -0.03, 0],
							"lerp_mode": "catmullrom"
						},
						"2.35": {
							"post": [0, 0.27, 0],
							"lerp_mode": "catmullrom"
						},
						"2.5": {
							"post": [0, 0.92, 0],
							"lerp_mode": "catmullrom"
						},
						"2.6": {
							"post": [0.775, 1.25, -0.425],
							"lerp_mode": "catmullrom"
						},
						"2.65": {
							"post": [0, 1.38, 0.8],
							"lerp_mode": "catmullrom"
						},
						"2.75": {
							"post": [0, 1.62, -0.35],
							"lerp_mode": "catmullrom"
						},
						"3.0": {
							"post": [0, 1.745, 0.45],
							"lerp_mode": "catmullrom"
						},
						"3.5": {
							"post": [0, 1.825, -0.2],
							"lerp_mode": "catmullrom"
						},
						"3.95": {
							"post": [0, 1.75, 0],
							"lerp_mode": "catmullrom"
						},
						"4.25": {
							"post": [0, 1.125, -0.5],
							"lerp_mode": "catmullrom"
						},
						"4.5": {
							"post": [0, 0.305, -0.5],
							"lerp_mode": "catmullrom"
						},
						"4.75": {
							"post": [0, -0.125, 0],
							"lerp_mode": "catmullrom"
						},
						"5.15": {
							"post": [0, -0.705, 0.375],
							"lerp_mode": "catmullrom"
						},
						"5.45": {
							"post": [0, -0.025, 0],
							"lerp_mode": "catmullrom"
						},
						"5.5": {
							"post": [-0.075, 0.455, -0.325],
							"lerp_mode": "catmullrom"
						},
						"5.55": {
							"post": [0, 0.11, 0.325],
							"lerp_mode": "catmullrom"
						},
						"5.7": {
							"post": [0, 0.11, 0],
							"lerp_mode": "catmullrom"
						},
						"5.75": {
							"post": [0.05, -0.84, -0.55],
							"lerp_mode": "catmullrom"
						},
						"5.8": {
							"post": [0, 0.685, 0.35],
							"lerp_mode": "catmullrom"
						},
						"5.95": {
							"post": [0, -0.31, 0],
							"lerp_mode": "catmullrom"
						},
						"6.15": {
							"post": [0, 0, 0],
							"lerp_mode": "catmullrom"
						}
					}
				},
				"constraint": {
					"rotation": [0.2, 0.2, 0.2]
				}
			},
			"sound_effects": {
				"0.25": {
					"effect": "wfoly_plr_sm_uzulu_reload_rattle"
				},
				"1.45": {
					"effect": "wfoly_plr_sm_uzulu_reload_arm"
				},
				"2.0": {
					"effect": "wfoly_plr_sm_uzulu_reload_xmag_start"
				},
				"2.6": {
					"effect": "wfoly_plr_sm_uzulu_reload_xmag_magout_01"
				},
				"3.95": {
					"effect": "wfoly_plr_sm_uzulu_reload_shake"
				},
				"5.0": {
					"effect": "weap_sm_uzulu_ads_up"
				},
				"5.5": {
					"effect": "wfoly_plr_sm_uzulu_reload_empty_fast_magin_01"
				},
				"5.85": {
					"effect": "wfoly_plr_sm_uzulu_reload_xmag_fast_end"
				}
			}
		},
		"inspect_empty": {
			"animation_length": 4.95,
			"bones": {
				"righthand": {
					"rotation": [102.27469, 5.53708, -177.85197],
					"position": [-4.875, -16.975, 11.125],
					"scale": [1, 1.5, 1]
				},
				"lefthand": {
					"rotation": {
						"0.0": [77.43001, -25.05965, -105.7492],
						"1.0": [77.43, -25.06, -105.75],
						"1.2": [71.11717, -68.99522, -140.95654],
						"1.25": [66.36717, -68.99522, -140.95654],
						"1.35": [73.92854, -70.02114, -149.02706],
						"1.4": [87.85155, -70.81916, -163.79506],
						"1.5": [75.81389, -70.70681, -159.25409],
						"1.75": [74.32, -70.38, -154.92],
						"2.75": {
							"pre": [74.32, -70.38, -154.92],
							"post": [74.32, -70.38, -154.92],
							"lerp_mode": "catmullrom"
						},
						"2.8": {
							"post": [83.3302, -38.61731, -165.55655],
							"lerp_mode": "catmullrom"
						},
						"2.9": {
							"post": [66.11171, -31.92396, -136.22074],
							"lerp_mode": "catmullrom"
						},
						"3.1": [106.64773, -57.65382, -134.88839],
						"4.45": [106.64773, -57.65382, -134.88839],
						"4.65": [77.43001, -25.05965, -105.7492]
					},
					"position": {
						"0.0": [6.875, -17.95, 10.6],
						"1.0": [6.87, -17.95, 10.6],
						"1.1": [8.5485, -15.15775, 10.54182],
						"1.2": [8.02792, -11.08948, 8.24928],
						"1.25": [8.05148, -11.01895, 8.23922],
						"1.35": [7.79949, -10.81685, 9.08022],
						"1.4": [7.24788, -10.65954, 10.73285],
						"1.5": [7.46637, -10.69371, 10.06704],
						"1.75": [7.43, -10.71, 10.17],
						"2.75": {
							"pre": [7.43, -10.71, 10.17],
							"post": [7.43, -10.71, 10.17],
							"lerp_mode": "catmullrom"
						},
						"2.8": {
							"post": [9.85269, -10.87224, 13.15777],
							"lerp_mode": "catmullrom"
						},
						"2.85": {
							"post": [9.42966, -11.3565, 11.45192],
							"lerp_mode": "catmullrom"
						},
						"2.9": {
							"post": [9.73072, -11.88792, 10.59893],
							"lerp_mode": "catmullrom"
						},
						"3.1": [6.75314, -16.53552, 7.93352],
						"4.45": [6.75314, -16.53552, 7.93352],
						"4.65": [6.875, -17.95, 10.6]
					},
					"scale": [1, 1.5, 1]
				},
				"root": {
					"rotation": {
						"0.0": [0, 0, 6.5],
						"0.1": {
							"pre": [-6.16618, 5.43341, -5.40935],
							"post": [-6.16618, 5.43341, -5.40935],
							"lerp_mode": "catmullrom"
						},
						"0.3": {
							"post": [-12.74248, 21.10242, 36.36705],
							"lerp_mode": "catmullrom"
						},
						"0.5": {
							"post": [-15.32938, 19.97699, 34.7271],
							"lerp_mode": "catmullrom"
						},
						"0.7": {
							"post": [-14.1377, 20.56201, 38.14553],
							"lerp_mode": "catmullrom"
						},
						"1.0": {
							"post": [-15.20312, 19.83057, 37.24457],
							"lerp_mode": "catmullrom"
						},
						"1.1": {
							"post": [-14.58256, 20.27976, 39.0404],
							"lerp_mode": "catmullrom"
						},
						"1.2": {
							"post": [-12.43986, 21.62447, 45.02732],
							"lerp_mode": "catmullrom"
						},
						"1.3": {
							"post": [-11.65614, 22.04198, 47.13442],
							"lerp_mode": "catmullrom"
						},
						"1.35": {
							"post": [-9.85746, 22.1916, 47.92771],
							"lerp_mode": "catmullrom"
						},
						"1.4": {
							"post": [-14.95224, 21.88855, 46.34281],
							"lerp_mode": "catmullrom"
						},
						"1.6": {
							"post": [-13.99348, 21.70904, 45.55853],
							"lerp_mode": "catmullrom"
						},
						"1.95": {
							"post": [-14.22213, 21.4017, 44.25579],
							"lerp_mode": "catmullrom"
						},
						"2.05": {
							"post": [-18.31217, 23.58919, 42.56413],
							"lerp_mode": "catmullrom"
						},
						"2.15": {
							"post": [-25.84228, 25.64691, 39.99064],
							"lerp_mode": "catmullrom"
						},
						"2.25": {
							"post": [-32.40982, 27.64114, 35.04011],
							"lerp_mode": "catmullrom"
						},
						"2.5": {
							"post": [-30.08834, 27.67212, 37.31534],
							"lerp_mode": "catmullrom"
						},
						"2.75": {
							"post": [-31.58834, 27.67212, 37.31534],
							"lerp_mode": "catmullrom"
						},
						"2.8": {
							"post": [-19.39875, 27.90926, 32.76695],
							"lerp_mode": "catmullrom"
						},
						"2.85": {
							"post": [-21.35713, 21.32891, 33.85796],
							"lerp_mode": "catmullrom"
						},
						"2.95": {
							"post": [-24.74442, 17.2061, 23.62374],
							"lerp_mode": "catmullrom"
						},
						"3.05": {
							"post": [2.60493, 3.49583, -1.37778],
							"lerp_mode": "catmullrom"
						},
						"3.2": {
							"post": [-23.63106, 4.31459, -29.93397],
							"lerp_mode": "catmullrom"
						},
						"3.6": {
							"post": [-23.54868, 4.72575, -38.48557],
							"lerp_mode": "catmullrom"
						},
						"4.4": {
							"post": [-23.63106, 4.31459, -29.93397],
							"lerp_mode": "catmullrom"
						},
						"4.55": {
							"post": [-13.32372, 7.08281, 3.44813],
							"lerp_mode": "catmullrom"
						},
						"4.7": {
							"post": [0.07631, 1.27413, 6.58636],
							"lerp_mode": "catmullrom"
						},
						"4.8": {
							"post": [0, -0.25, 5.85],
							"lerp_mode": "catmullrom"
						},
						"4.9": {
							"post": [-0.00565, 0.21118, 6.0917],
							"lerp_mode": "catmullrom"
						},
						"4.95": [0, 0, 6.5]
					},
					"position": {
						"0.0": {
							"post": [0, 0, 0],
							"lerp_mode": "catmullrom"
						},
						"0.1": {
							"post": [0.27803, -0.81363, -0.02211],
							"lerp_mode": "catmullrom"
						},
						"0.3": {
							"post": [0.87678, 0.8537, 0.51775],
							"lerp_mode": "catmullrom"
						},
						"0.5": {
							"post": [0.8998, 0.97029, 0.26534],
							"lerp_mode": "catmullrom"
						},
						"0.7": {
							"post": [0.83543, 0.92577, 0.2588],
							"lerp_mode": "catmullrom"
						},
						"1.0": {
							"post": [0.82363, 0.91214, 0.25383],
							"lerp_mode": "catmullrom"
						},
						"1.1": {
							"post": [0.82, 0.785, 0.25],
							"lerp_mode": "catmullrom"
						},
						"1.2": {
							"post": [0.92, 0.905, 0.25],
							"lerp_mode": "catmullrom"
						},
						"1.3": {
							"post": [0.92, 0.96, 0.25],
							"lerp_mode": "catmullrom"
						},
						"1.35": {
							"post": [0.92, 0.96, 0.35],
							"lerp_mode": "catmullrom"
						},
						"1.4": {
							"post": [0.92, 0.96, 0.75],
							"lerp_mode": "catmullrom"
						},
						"1.5": {
							"post": [0.995, 0.96, 0.71],
							"lerp_mode": "catmullrom"
						},
						"1.6": {
							"post": [0.92, 0.96, 0.625],
							"lerp_mode": "catmullrom"
						},
						"1.95": {
							"post": [0.92, 0.985, 0.62],
							"lerp_mode": "catmullrom"
						},
						"2.05": {
							"post": [0.92, 0.885, 0.62],
							"lerp_mode": "catmullrom"
						},
						"2.25": {
							"post": [0.92, 1.39, 0.72],
							"lerp_mode": "catmullrom"
						},
						"2.5": {
							"post": [0.92, 1.415, 0.72],
							"lerp_mode": "catmullrom"
						},
						"2.75": {
							"post": [0.97324, 1.44975, 0.75479],
							"lerp_mode": "catmullrom"
						},
						"2.8": {
							"post": [0.95884, 1.53922, 0.62994],
							"lerp_mode": "catmullrom"
						},
						"2.85": {
							"post": [0.84054, 1.39955, 0.54858],
							"lerp_mode": "catmullrom"
						},
						"2.95": {
							"post": [-0.50013, 0.76285, -2.16788],
							"lerp_mode": "catmullrom"
						},
						"3.05": {
							"post": [-0.1, -0.365, 0.15],
							"lerp_mode": "catmullrom"
						},
						"3.2": {
							"post": [-0.75731, 0.8737, 0.75956],
							"lerp_mode": "catmullrom"
						},
						"3.6": {
							"post": [-0.91533, 1.14916, 0.89968],
							"lerp_mode": "catmullrom"
						},
						"4.4": {
							"post": [-0.75731, 0.8737, 0.75956],
							"lerp_mode": "catmullrom"
						},
						"4.55": {
							"post": [-0.44503, -0.2871, 0.27561],
							"lerp_mode": "catmullrom"
						},
						"4.7": {
							"post": [0.00012, -0.005, 0.00003],
							"lerp_mode": "catmullrom"
						},
						"4.8": {
							"post": [0, 0, 0],
							"lerp_mode": "catmullrom"
						},
						"4.9": {
							"post": [0, 0, 0],
							"lerp_mode": "catmullrom"
						}
					}
				},
				"bolt": {
					"position": {
						"0.0": [0, 0, -2],
						"1.3": [0, 0, -2],
						"1.35": [0, 0, -1.725],
						"1.4": [0, 0, -0.46],
						"1.45": [0, 0, -0.67],
						"1.5": [0, 0, -0.795],
						"1.55": [0, 0, -0.825],
						"1.75": [0, 0, -0.82],
						"2.75": [0, 0, -0.545],
						"2.8": [0, 0, -2.39],
						"2.85": [0, 0, -2]
					}
				},
				"bar": {
					"position": [0, 0, 2]
				},
				"camera": {
					"relative_to": {
						"rotation": "entity"
					},
					"rotation": {
						"0.0": {
							"post": [0, 0, 0],
							"lerp_mode": "catmullrom"
						},
						"0.25": {
							"post": [0, -0.65, -0.45],
							"lerp_mode": "catmullrom"
						},
						"0.4": {
							"post": [0, -0.725, 0.225],
							"lerp_mode": "catmullrom"
						},
						"1.3": {
							"post": [0, -0.73, 0],
							"lerp_mode": "catmullrom"
						},
						"1.4": {
							"post": [0, -0.555, -0.25],
							"lerp_mode": "catmullrom"
						},
						"1.45": {
							"post": [0, -0.875, 0.15],
							"lerp_mode": "catmullrom"
						},
						"1.5": {
							"post": [0, -0.805, -0.2],
							"lerp_mode": "catmullrom"
						},
						"1.75": {
							"post": [0, -0.675, 0.425],
							"lerp_mode": "catmullrom"
						},
						"2.0": {
							"post": [1.325, -0.445, 0],
							"lerp_mode": "catmullrom"
						},
						"2.4": {
							"post": [1.325, -0.445, -0.2],
							"lerp_mode": "catmullrom"
						},
						"2.75": {
							"post": [0, -0.45, 0],
							"lerp_mode": "catmullrom"
						},
						"2.8": {
							"post": [0, -0.825, 0.075],
							"lerp_mode": "catmullrom"
						},
						"2.9": {
							"post": [0, -0.255, -0.275],
							"lerp_mode": "catmullrom"
						},
						"3.05": {
							"post": [0, 0.45, 0],
							"lerp_mode": "catmullrom"
						},
						"3.35": {
							"post": [0, 1.6, 0.175],
							"lerp_mode": "catmullrom"
						},
						"3.8": {
							"post": [0, 1.6, 0],
							"lerp_mode": "catmullrom"
						},
						"4.1": {
							"post": [0, 1.475, 0],
							"lerp_mode": "catmullrom"
						},
						"4.35": {
							"post": [0, 0.705, 0],
							"lerp_mode": "catmullrom"
						},
						"4.5": {
							"post": [0, -0.27, 0.125],
							"lerp_mode": "catmullrom"
						},
						"4.7": {
							"post": [0, 0, 0],
							"lerp_mode": "catmullrom"
						}
					}
				},
				"bullet_in_bolt": {
					"scale": 0
				},
				"constraint": {
					"rotation": [0.2, 0.2, 0.2]
				}
			},
			"sound_effects": {
				"0.15": {
					"effect": "wfoly_plr_sm_uzulu_reload_rattle"
				},
				"1.35": {
					"effect": "725"
				},
				"2.0": {
					"effect": "weap_sm_uzulu_ads_up"
				},
				"2.65": {
					"effect": "7251"
				},
				"2.85": {
					"effect": "weap_sm_uzulu_ads_up"
				},
				"4.3": {
					"effect": "wfoly_plr_sm_uzulu_reload_fast_end"
				}
			}
		},
		"put_away": {
			"loop": "hold_on_last_frame",
			"animation_length": 0.2,
			"bones": {
				"righthand": {
					"rotation": [102.27469, 5.53708, -177.85197],
					"position": [-4.875, -16.975, 11.125],
					"scale": [1, 1.5, 1]
				},
				"lefthand": {
					"rotation": {
						"0.0": [77.43001, -25.05965, -105.7492],
						"0.15": [-35.82705, -75.9273, 15.51416]
					},
					"position": {
						"0.0": [6.875, -17.95, 10.6],
						"0.15": [5.61535, -13.45327, 20.32929]
					},
					"scale": [1, 1.5, 1]
				},
				"root": {
					"rotation": {
						"0.0": [0, 0, 6.5],
						"0.2": [0, -30, 48.75]
					},
					"position": {
						"0.0": [0, 0, 0],
						"0.2": [0.71041, -10.07088, 2.0375]
					}
				},
				"constraint": {
					"rotation": [0.2, 0.2, 0.2]
				}
			}
		},
		"run_start": {
			"loop": "hold_on_last_frame",
			"animation_length": 0.25,
			"bones": {
				"lefthand": {
					"rotation": {
						"0.0": [0, 0, 0],
						"0.15": [0, 0, -52.5]
					},
					"position": {
						"0.0": [0, 0, 0],
						"0.15": [15.90515, -3.15621, 6.88973]
					}
				},
				"root": {
					"rotation": {
						"0.0": [0, 0, 0],
						"0.05": [-3.46348, 0.65841, 2.64281],
						"0.1": [-13.48988, 2.56444, 5.64765],
						"0.15": [-26.54722, 5.04666, 8.75235],
						"0.2": [-36.57362, 6.9527, 11.75719],
						"0.25": [-40.0371, 7.61111, 14.39999]
					},
					"position": {
						"0.0": [0, 0, 0],
						"0.1": [-1.72669, -0.52333, 0.05366],
						"0.25": [-4.775, 1.6, -0.425]
					}
				}
			}
		},
		"run_hold": {
			"loop": "hold_on_last_frame",
			"animation_length": 0.15,
			"bones": {
				"lefthand": {
					"rotation": [0, 0, -52.5],
					"position": [15.90515, -3.15621, 6.88973]
				},
				"root": {
					"rotation": [-40.0371, 7.61111, 14.39999],
					"position": [-4.775, 1.6, -0.425]
				}
			}
		},
		"run": {
			"loop": true,
			"animation_length": 0.5333,
			"bones": {
				"lefthand": {
					"rotation": {
						"0.0": [0, 0, -52.5],
						"0.0667": [14.5, 0, -52.5],
						"0.2": [0, 0, -52.5]
					},
					"position": {
						"0.0": [15.90515, -3.15621, 6.88973],
						"0.1": [16.36905, -3.49962, 0.17488],
						"0.2": [15.90515, -3.15621, 6.88973]
					}
				},
				"root": {
					"rotation": {
						"0.0": {
							"post": [-40.0371, 7.61111, 14.39999],
							"lerp_mode": "catmullrom"
						},
						"0.0333": {
							"post": [-38.9, 7.79, 15.85],
							"lerp_mode": "catmullrom"
						},
						"0.0667": {
							"post": [-36.77622, 8.94939, 14.01048],
							"lerp_mode": "catmullrom"
						},
						"0.1667": {
							"post": [-38.18529, 12.20709, 8.37917],
							"lerp_mode": "catmullrom"
						},
						"0.2333": {
							"post": [-42.945, 11.13, 5.88],
							"lerp_mode": "catmullrom"
						},
						"0.2667": {
							"post": [-46.03826, 8.11459, 8.01091],
							"lerp_mode": "catmullrom"
						},
						"0.3333": {
							"post": [-47.615, 6.64, 10.48],
							"lerp_mode": "catmullrom"
						},
						"0.3667": {
							"post": [-45.92195, 5.42604, 13.02166],
							"lerp_mode": "catmullrom"
						},
						"0.4333": {
							"post": [-43.21, 4.51, 15.66],
							"lerp_mode": "catmullrom"
						},
						"0.5": {
							"post": [-40.3, 6.65, 14.76],
							"lerp_mode": "catmullrom"
						},
						"0.5333": {
							"post": [-40.0371, 7.61111, 14.39999],
							"lerp_mode": "catmullrom"
						}
					},
					"position": {
						"0.0": {
							"post": [-4.775, 1.6, -0.425],
							"lerp_mode": "catmullrom"
						},
						"0.0667": {
							"post": [-5.47781, 0.63311, 0.39286],
							"lerp_mode": "catmullrom"
						},
						"0.1667": {
							"post": [-5.78605, 1.26573, -0.31228],
							"lerp_mode": "catmullrom"
						},
						"0.2667": {
							"post": [-4.90699, 1.15392, -0.23989],
							"lerp_mode": "catmullrom"
						},
						"0.3667": {
							"post": [-4.54608, 0.60732, 0.74018],
							"lerp_mode": "catmullrom"
						},
						"0.4667": {
							"post": [-4.61, 1.325, -0.29],
							"lerp_mode": "catmullrom"
						},
						"0.5333": {
							"post": [-4.775, 1.6, -0.425],
							"lerp_mode": "catmullrom"
						}
					}
				}
			}
		},
		"run_end": {
			"loop": "hold_on_last_frame",
			"animation_length": 0.45,
			"bones": {
				"lefthand": {
					"rotation": {
						"0.0": [0, 0, -52.5],
						"0.15": [0, 0, 0]
					},
					"position": {
						"0.0": [15.90515, -3.15621, 6.88973],
						"0.15": [0, 0, 0]
					}
				},
				"root": {
					"rotation": {
						"0.0": [-40.0371, 7.61111, 14.39999],
						"0.05": [-18.99075, 7.49305, 17.61771],
						"0.2": [0, 0, 0],
						"0.25": [0.66019, -0.90553, 1.56593],
						"0.4": [0.37135, -0.39626, -1.23732],
						"0.45": [0, 0, 0]
					},
					"position": {
						"0.0": [-4.775, 1.6, -0.425],
						"0.2": [0, 0, -0.45],
						"0.35": [-0.0012, -0.03273, 0.42499],
						"0.45": [0, 0, 0]
					}
				}
			}
		}
	}
}