{
	"format_version": "1.8.0",
	"animations": {
		"static_idle": {
			"animation_length": 0.0667,
			"bones": {
				"additional_magazine": {
					"scale": 0
				},
				"lefthand": {
					"rotation": [90.58079, -29.88575, -133.95071],
					"position": [8.06875, -11.62, -13.095],
					"scale": [1, 1.5, 1]
				},
				"constraint": {
					"rotation": [0.2, 0.2, 0.2]
				},
				"righthand": {
					"rotation": [96.07424, 8.95029, -179.05152],
					"position": [-6.2, -13.725, -1.075],
					"scale": [1, 1.5, 1]
				}
			}
		},
		"reload_tactical": {
			"animation_length": 2.4,
			"bones": {
				"additional_magazine": {
					"rotation": {
						"0.5667": [0, 0, 0],
						"0.6667": [1.5, 0, 0],
						"0.7333": [-2.75, 0, 0],
						"0.7667": [2.25, 0, 0],
						"0.8333": [23.97082, 1.21974, -2.74105],
						"0.9333": [58.47082, 1.21974, -2.74105],
						"1.1": [69.47082, 1.21974, -2.74105],
						"1.1667": [77.41318, -2.539, -19.3244],
						"1.2": [77.38883, -10.61913, -21.11009],
						"1.2667": [82.13883, -10.61913, -21.11009],
						"1.4": [82.14, -10.62, -21.11],
						"1.4667": [28.08719, -5.88927, -38.96023],
						"1.6": [17.82511, -27.36437, -138.12058]
					},
					"position": {
						"0.5667": [0, 0, 0],
						"0.6667": [0, -0.125, 0.075],
						"0.7": [0, -0.22, 0.08],
						"0.7333": [0, -2.095, 0.08],
						"0.7667": [0, -3.425, 0.08],
						"0.8333": [-0.05682, -4.92387, -1.45493],
						"0.9333": [-0.5448, -4.21027, -2.63401],
						"1.1": [-0.57038, -3.33677, -2.09412],
						"1.1667": [-0.50921, -3.65481, -2.16297],
						"1.2": [-1.37712, -0.59281, -1.44249],
						"1.3": [-1.30394, -0.77301, -1.46689],
						"1.4": [-1.3, -0.77, -1.47],
						"1.4333": [-0.32058, -2.25902, -1.429],
						"1.5333": [4.18403, -6.50944, 4.81855],
						"1.6": [5.24554, -9.66412, 4.87871]
					},
					"scale": {
						"1.6": [1, 1, 1],
						"1.6333": [0, 0, 0]
					}
				},
				"lefthand": {
					"rotation": {
						"0.0": [90.58079, -29.88575, -133.95071],
						"0.0667": [190.42673, -64.9246, -226.31918],
						"0.1667": [97.74207, -22.3104, -108.56857],
						"1.4": [97.74, -22.31, -108.57],
						"1.5333": [127.53321, -33.56687, -153.52698],
						"1.6": [127.53321, -33.56687, -153.52698],
						"1.6667": [96.67074, -55.81331, -158.63151],
						"1.7333": [86.76, -29.89, -133.95],
						"1.8": [90.58, -29.89, -133.95]
					},
					"position": {
						"0.0": [8.06875, -11.62, -13.095],
						"0.1667": [6.995, -16.495, -7.24],
						"1.4": [7, -16.49, -7.24],
						"1.5333": [12.06899, -21.93716, -1.47339],
						"1.6": [12.06899, -21.93716, -1.47339],
						"1.6667": [9.40879, -13.36091, -13.02264],
						"1.7": [8.06875, -11.62, -13.095]
					},
					"scale": [1, 1.5, 1]
				},
				"constraint": {
					"rotation": [0.2, 0.2, 0.2]
				},
				"righthand": {
					"rotation": [96.07424, 8.95029, -179.05152],
					"position": [-6.2, -13.725, -1.075],
					"scale": [1, 1.5, 1]
				},
				"root": {
					"rotation": {
						"0.0": {
							"post": [0, 0, 0],
							"lerp_mode": "catmullrom"
						},
						"0.0667": {
							"post": [-5.5594, 1.11107, 7.20707],
							"lerp_mode": "catmullrom"
						},
						"0.1333": {
							"post": [-13.07, -4.2, 0.945],
							"lerp_mode": "catmullrom"
						},
						"0.1667": {
							"post": [-15.05857, -7.00348, -6.74224],
							"lerp_mode": "catmullrom"
						},
						"0.2333": {
							"post": [-14.17452, -11.79637, -18.1328],
							"lerp_mode": "catmullrom"
						},
						"0.3": {
							"post": [-12.07569, -14.13354, -24.78241],
							"lerp_mode": "catmullrom"
						},
						"0.3667": {
							"post": [-13.12, -10.775, -20.31],
							"lerp_mode": "catmullrom"
						},
						"0.4667": {
							"post": [-13.18, -9.63, -21.53],
							"lerp_mode": "catmullrom"
						},
						"0.5333": {
							"post": [-12.88532, -10.14389, -24.89056],
							"lerp_mode": "catmullrom"
						},
						"0.6333": {
							"post": [-11.86616, -11.32357, -30.35841],
							"lerp_mode": "catmullrom"
						},
						"0.7333": {
							"post": [-11.12608, -12.56117, -34.01258],
							"lerp_mode": "catmullrom"
						},
						"0.7667": {
							"post": [-10.83743, -8.14651, -21.70203],
							"lerp_mode": "catmullrom"
						},
						"0.8": {
							"post": [-9.28858, -9.20215, -29.63011],
							"lerp_mode": "catmullrom"
						},
						"0.8667": {
							"post": [-10.82979, -11.1381, -30.90883],
							"lerp_mode": "catmullrom"
						},
						"0.9333": {
							"post": [-12.02783, -10.37873, -27.17076],
							"lerp_mode": "catmullrom"
						},
						"1.1": {
							"post": [-12.08567, -11.38107, -32.15905],
							"lerp_mode": "catmullrom"
						},
						"1.1667": {
							"post": [-13.29411, -14.30343, -40.51595],
							"lerp_mode": "catmullrom"
						},
						"1.2": {
							"post": [-15.52164, -9.50315, -36.12323],
							"lerp_mode": "catmullrom"
						},
						"1.2333": {
							"post": [-13.62024, -12.45818, -39.94388],
							"lerp_mode": "catmullrom"
						},
						"1.2667": {
							"post": [-14.565, -10.175, -37.66],
							"lerp_mode": "catmullrom"
						},
						"1.3333": {
							"post": [-13.14143, -13.51306, -37.4741],
							"lerp_mode": "catmullrom"
						},
						"1.4": {
							"post": [-9.55825, -12.87477, -30.7679],
							"lerp_mode": "catmullrom"
						},
						"1.5": {
							"post": [-5.84956, -5.36164, -7.74823],
							"lerp_mode": "catmullrom"
						},
						"1.6": {
							"post": [0.85092, -2.74419, 3.73252],
							"lerp_mode": "catmullrom"
						},
						"1.7333": {
							"post": [0.76, -0.095, 3.52],
							"lerp_mode": "catmullrom"
						},
						"1.8": {
							"post": [-0.10501, -0.46229, -1.68243],
							"lerp_mode": "catmullrom"
						},
						"1.8667": {
							"post": [-0.2, -0.5165, -0.6749],
							"lerp_mode": "catmullrom"
						},
						"1.9333": {
							"post": [0, 0, 0.25],
							"lerp_mode": "catmullrom"
						},
						"2.0333": {
							"post": [0.00983, 0.04004, 0.01],
							"lerp_mode": "catmullrom"
						},
						"2.2333": {
							"post": [0, 0, 0],
							"lerp_mode": "catmullrom"
						}
					},
					"position": {
						"0.0": {
							"post": [0, 0, 0],
							"lerp_mode": "catmullrom"
						},
						"0.0667": {
							"post": [-0.195, -0.75, -0.015],
							"lerp_mode": "catmullrom"
						},
						"0.1667": {
							"post": [-0.67, -1.13, -0.26],
							"lerp_mode": "catmullrom"
						},
						"0.2333": {
							"post": [-0.825, -0.925, -0.425],
							"lerp_mode": "catmullrom"
						},
						"0.3": {
							"post": [-0.92, -1.225, -0.32],
							"lerp_mode": "catmullrom"
						},
						"0.3333": {
							"post": [-0.795, -1, -0.345],
							"lerp_mode": "catmullrom"
						},
						"0.4": {
							"post": [-0.87, -0.915, -0.32],
							"lerp_mode": "catmullrom"
						},
						"0.5": {
							"post": [-0.87, -1, -0.32],
							"lerp_mode": "catmullrom"
						},
						"0.6333": {
							"post": [-0.87, -0.9, -0.445],
							"lerp_mode": "catmullrom"
						},
						"0.7333": {
							"post": [-0.87, -0.925, -0.44],
							"lerp_mode": "catmullrom"
						},
						"0.7667": {
							"post": [-0.82, -1.37, -0.44],
							"lerp_mode": "catmullrom"
						},
						"0.9667": {
							"post": [-0.72, -0.84, -0.53],
							"lerp_mode": "catmullrom"
						},
						"1.1": {
							"post": [-0.665, -0.91, -0.565],
							"lerp_mode": "catmullrom"
						},
						"1.1667": {
							"post": [-0.66, -1.13, -0.44],
							"lerp_mode": "catmullrom"
						},
						"1.2": {
							"post": [-0.81, -1.055, -0.215],
							"lerp_mode": "catmullrom"
						},
						"1.2333": {
							"post": [-0.8, -0.73, -0.39],
							"lerp_mode": "catmullrom"
						},
						"1.3333": {
							"post": [-0.8, -0.98, -0.19],
							"lerp_mode": "catmullrom"
						},
						"1.4": {
							"post": [-0.8, -0.855, -0.265],
							"lerp_mode": "catmullrom"
						},
						"1.5333": {
							"post": [-0.8, -0.48, -0.44],
							"lerp_mode": "catmullrom"
						},
						"1.6": {
							"post": [-0.73, -0.335, -0.58],
							"lerp_mode": "catmullrom"
						},
						"1.6667": {
							"post": [-0.3, -0.125, -0.25],
							"lerp_mode": "catmullrom"
						},
						"1.7333": {
							"post": [-0.075, 0, 0],
							"lerp_mode": "catmullrom"
						},
						"1.8": {
							"post": [0, 0.025, 0.725],
							"lerp_mode": "catmullrom"
						},
						"1.8667": {
							"post": [0, 0.01, 0.26],
							"lerp_mode": "catmullrom"
						},
						"1.9333": {
							"post": [0, 0, 0],
							"lerp_mode": "catmullrom"
						},
						"2.1": {
							"post": [0, 0, 0],
							"lerp_mode": "catmullrom"
						},
						"2.3667": {
							"post": [0, 0, 0],
							"lerp_mode": "catmullrom"
						}
					}
				},
				"mag_and_lefthand": {
					"rotation": {
						"0.0": [0, 0, 0],
						"0.1667": [0, 0, -60],
						"0.3": [-66.25, 0, -25.71],
						"0.4": [-83.8125, 0, -16.06875],
						"0.5667": [-62.84, 4.48493, -8.66612],
						"0.6667": [-59.75, 0, 0],
						"0.7": [-59.5, 0, 0],
						"0.7667": [-52.99593, -1.38363, 6.79127],
						"0.8667": [-30.70949, 1.66104, 2.79385],
						"0.9667": [-12.3, 0, 0],
						"1.1333": [-8.29618, 0.25258, 1.73168],
						"1.2": [0, 0, 0],
						"1.2667": [0, 0, 0]
					},
					"position": {
						"0.0": [0, 0, 0],
						"0.1667": [4.875, -7.55, 8.475],
						"0.3": [4.875, -7.55, 8.475],
						"0.5667": [1.27, -1.52, 0.9],
						"0.6667": [1.27, -1.62, 0.9],
						"0.7": [1.27, -1.77, 0.9],
						"0.7667": [1.27, -6.32, 0.9],
						"0.8667": [0.72, -5.67, -0.3],
						"0.9667": [0.065, -2.70283, -1.43238],
						"1.0667": [0.01009, -2.71751, -1.24196],
						"1.1333": [-0.08, -2.84887, -0.31709],
						"1.1667": [-0.08, -3.145, -0.51],
						"1.2": [0, 0, 0],
						"1.2333": [0, -0.275, 0],
						"1.2667": [0, 0, 0]
					}
				},
				"mag_and_bullet": {
					"scale": {
						"0.0": [0, 0, 0],
						"0.1667": [0, 0, 0],
						"0.2": [1, 1, 1]
					}
				},
				"mag_release": {
					"position": {
						"0.3667": [0, 0, 0],
						"0.5": [0.175, 0, 0],
						"0.5333": [0.155, 0, 0],
						"0.6667": [0.26, 0, 0],
						"0.7667": [0.16, 0, 0],
						"0.8667": [0, 0, 0],
						"1.1333": [0, 0, 0],
						"1.1667": [0.05, 0, 0],
						"1.2": [0.2, 0, 0],
						"1.2667": [0.125, 0, 0],
						"1.3": [0, 0, 0],
						"1.3333": [0.05, 0, 0],
						"1.3667": [0, 0, 0]
					}
				},
				"camera": {
					"rotation": {
						"0.0": {
							"post": [0, 0, 0],
							"lerp_mode": "catmullrom"
						},
						"0.1333": {
							"post": [0.075, 0.3, -0.225],
							"lerp_mode": "catmullrom"
						},
						"0.3333": {
							"post": [-0.15, 0, 0.13],
							"lerp_mode": "catmullrom"
						},
						"0.5": {
							"post": [-0.15, -0.225, -0.07],
							"lerp_mode": "catmullrom"
						},
						"0.6333": {
							"post": [0, 0, -0.12],
							"lerp_mode": "catmullrom"
						},
						"0.7667": {
							"post": [0.25, 0.25, 0.555],
							"lerp_mode": "catmullrom"
						},
						"0.8667": {
							"post": [0, 0, -0.34],
							"lerp_mode": "catmullrom"
						},
						"1.0": {
							"post": [0, -0.15, -0.44],
							"lerp_mode": "catmullrom"
						},
						"1.0333": {
							"post": [0.3, 0, -0.24],
							"lerp_mode": "catmullrom"
						},
						"1.1333": {
							"post": [-0.275, 0.375, 0.06],
							"lerp_mode": "catmullrom"
						},
						"1.1667": {
							"post": [0.125, 0.225, -0.54],
							"lerp_mode": "catmullrom"
						},
						"1.2667": {
							"post": [0, 0.225, 0.06],
							"lerp_mode": "catmullrom"
						},
						"1.3667": {
							"post": [-0.225, 0.35, 0.16],
							"lerp_mode": "catmullrom"
						},
						"1.5": {
							"post": [-0.125, 0.2, -0.015],
							"lerp_mode": "catmullrom"
						},
						"1.6333": {
							"post": [0.05, -0.125, -0.095],
							"lerp_mode": "catmullrom"
						},
						"1.7333": {
							"post": [0.1, 0.05, -0.01],
							"lerp_mode": "catmullrom"
						},
						"1.9": {
							"post": [-0.05, -0.075, 0.075],
							"lerp_mode": "catmullrom"
						},
						"2.1": {
							"post": [0, 0, -0.01],
							"lerp_mode": "catmullrom"
						}
					}
				}
			},
			"sound_effects": {
				"0.0333": {
					"effect": "p01_ar_mike16_reload_rattle"
				},
				"0.6": {
					"effect": "p01_ar_mike16_reload_magout"
				},
				"0.9": {
					"effect": "p01_ar_mike16_reload_magin"
				},
				"1.2333": {
					"effect": "p01_ar_mike16_reload_end"
				}
			}
		},
		"reload_empty": {
			"animation_length": 2.6667,
			"bones": {
				"additional_magazine": {
					"rotation": {
						"0.5667": [0, 0, 0],
						"0.9": [0, 0, 6]
					},
					"position": {
						"0.5667": [0, 0, 0],
						"0.6333": [0, -0.3, 0],
						"0.7667": [0, -8.25, 0]
					},
					"scale": {
						"0.7667": [1, 1, 1],
						"0.9": [0, 0, 0]
					}
				},
				"lefthand": {
					"rotation": {
						"0.0": [90.58079, -29.88575, -133.95071],
						"0.0667": [190.42673, -64.9246, -226.31918],
						"0.1667": [97.74207, -22.3104, -108.56857],
						"1.4333": [97.74, -22.31, -108.57],
						"1.6": [145.02797, -68.96938, -155.43957],
						"1.7": [127.27865, -68.96959, -155.43972],
						"1.7333": [170.53, -68.97, -155.44],
						"1.8667": [149.03, -68.97, -155.44],
						"2.0333": [90.58079, -29.88575, -133.95071]
					},
					"position": {
						"0.0": [8.06875, -11.62, -13.095],
						"0.1667": [6.995, -16.495, -7.24],
						"1.4333": [7, -16.49, -7.24],
						"1.5667": [11.36, -13.45, -6.02],
						"1.6": [11.45, -12.69, -5.715],
						"1.7": [12.485, -12.69, -5.71],
						"1.7333": [8.925, -12.015, -5.16],
						"1.7667": [9.11, -11.655, -5.3],
						"1.8667": [9.655, -12.69, -5.71],
						"2.0333": [8.06875, -11.62, -13.095]
					},
					"scale": [1, 1.5, 1]
				},
				"constraint": {
					"rotation": [0.2, 0.2, 0.2]
				},
				"righthand": {
					"rotation": [96.07424, 8.95029, -179.05152],
					"position": [-6.2, -13.725, -1.075],
					"scale": [1, 1.5, 1]
				},
				"root": {
					"rotation": {
						"0.0": {
							"post": [0, 0, 0],
							"lerp_mode": "catmullrom"
						},
						"0.0667": {
							"post": [-5.5594, 1.11107, 7.20707],
							"lerp_mode": "catmullrom"
						},
						"0.1333": {
							"post": [-13.07, -4.2, 0.945],
							"lerp_mode": "catmullrom"
						},
						"0.1667": {
							"post": [-15.05857, -7.00348, -6.74224],
							"lerp_mode": "catmullrom"
						},
						"0.2333": {
							"post": [-14.17452, -11.79637, -18.1328],
							"lerp_mode": "catmullrom"
						},
						"0.3": {
							"post": [-12.07569, -14.13354, -24.78241],
							"lerp_mode": "catmullrom"
						},
						"0.3667": {
							"post": [-13.12, -10.775, -20.31],
							"lerp_mode": "catmullrom"
						},
						"0.4667": {
							"post": [-13.18, -9.63, -21.53],
							"lerp_mode": "catmullrom"
						},
						"0.5333": {
							"post": [-12.88532, -10.14389, -24.89056],
							"lerp_mode": "catmullrom"
						},
						"0.6333": {
							"post": [-11.86616, -11.32357, -30.35841],
							"lerp_mode": "catmullrom"
						},
						"0.7333": {
							"post": [-11.12608, -12.56117, -34.01258],
							"lerp_mode": "catmullrom"
						},
						"0.7667": {
							"post": [-13.58743, -8.14651, -21.70203],
							"lerp_mode": "catmullrom"
						},
						"0.9667": {
							"post": [-10.82979, -11.1381, -30.90883],
							"lerp_mode": "catmullrom"
						},
						"1.0333": {
							"post": [-12.02783, -10.37873, -27.17076],
							"lerp_mode": "catmullrom"
						},
						"1.2": {
							"post": [-12.08567, -11.38107, -32.15905],
							"lerp_mode": "catmullrom"
						},
						"1.2667": {
							"post": [-13.29411, -14.30343, -40.51595],
							"lerp_mode": "catmullrom"
						},
						"1.3": {
							"post": [-15.52164, -9.50315, -36.12323],
							"lerp_mode": "catmullrom"
						},
						"1.3333": {
							"post": [-13.62024, -12.45818, -39.94388],
							"lerp_mode": "catmullrom"
						},
						"1.3667": {
							"post": [-14.565, -10.175, -37.66],
							"lerp_mode": "catmullrom"
						},
						"1.4333": {
							"post": [-13.14143, -13.51306, -37.4741],
							"lerp_mode": "catmullrom"
						},
						"1.6333": {
							"post": [-5.85644, -5.05851, -26.83633],
							"lerp_mode": "catmullrom"
						},
						"1.7": {
							"post": [-7.05318, -3.57342, -19.87031],
							"lerp_mode": "catmullrom"
						},
						"1.7333": {
							"post": [-8.40857, -3.18285, -2.23336],
							"lerp_mode": "catmullrom"
						},
						"1.7667": {
							"post": [-8.8016, -2.33832, 1.38251],
							"lerp_mode": "catmullrom"
						},
						"1.8333": {
							"post": [-7.67103, -4.89473, -16.67283],
							"lerp_mode": "catmullrom"
						},
						"1.9": {
							"post": [-3.47984, -5.97048, -15.03672],
							"lerp_mode": "catmullrom"
						},
						"2.0": {
							"post": [2.40977, -3.69703, -10.2814],
							"lerp_mode": "catmullrom"
						},
						"2.1": {
							"post": [1.84004, -0.38974, -3.60605],
							"lerp_mode": "catmullrom"
						},
						"2.1667": {
							"post": [0, 0, 0],
							"lerp_mode": "catmullrom"
						},
						"2.2": {
							"post": [-0.43628, 0.00899, 2.23808],
							"lerp_mode": "catmullrom"
						},
						"2.2667": {
							"post": [-0.28786, -0.01174, -0.77876],
							"lerp_mode": "catmullrom"
						},
						"2.4333": {
							"post": [0.07706, 0.00891, 0.59049],
							"lerp_mode": "catmullrom"
						},
						"2.6": {
							"post": [0, 0, 0.25],
							"lerp_mode": "catmullrom"
						},
						"2.6667": {
							"post": [0, 0, 0],
							"lerp_mode": "catmullrom"
						}
					},
					"position": {
						"0.0": {
							"post": [0, 0, 0],
							"lerp_mode": "catmullrom"
						},
						"0.0667": {
							"post": [-0.195, -0.75, -0.015],
							"lerp_mode": "catmullrom"
						},
						"0.1667": {
							"post": [-0.67, -1.13, -0.26],
							"lerp_mode": "catmullrom"
						},
						"0.2333": {
							"post": [-0.825, -0.925, -0.425],
							"lerp_mode": "catmullrom"
						},
						"0.3": {
							"post": [-0.92, -1.225, -0.32],
							"lerp_mode": "catmullrom"
						},
						"0.3333": {
							"post": [-0.795, -1, -0.345],
							"lerp_mode": "catmullrom"
						},
						"0.4": {
							"post": [-0.87, -0.915, -0.32],
							"lerp_mode": "catmullrom"
						},
						"0.5": {
							"post": [-0.87, -1, -0.32],
							"lerp_mode": "catmullrom"
						},
						"0.6333": {
							"post": [-0.87, -0.9, -0.445],
							"lerp_mode": "catmullrom"
						},
						"0.7333": {
							"post": [-0.87, -0.925, -0.44],
							"lerp_mode": "catmullrom"
						},
						"0.7667": {
							"post": [-0.82, -1.745, -0.44],
							"lerp_mode": "catmullrom"
						},
						"0.9667": {
							"post": [-0.77, -0.965, -0.48],
							"lerp_mode": "catmullrom"
						},
						"1.0667": {
							"post": [-0.72, -0.84, -0.53],
							"lerp_mode": "catmullrom"
						},
						"1.2": {
							"post": [-0.665, -0.91, -0.565],
							"lerp_mode": "catmullrom"
						},
						"1.2667": {
							"post": [-0.66, -1.13, -0.44],
							"lerp_mode": "catmullrom"
						},
						"1.3": {
							"post": [-0.81, -1.055, -0.215],
							"lerp_mode": "catmullrom"
						},
						"1.3333": {
							"post": [-0.8, -0.73, -0.39],
							"lerp_mode": "catmullrom"
						},
						"1.4333": {
							"post": [-0.8, -0.98, -0.19],
							"lerp_mode": "catmullrom"
						},
						"1.6": {
							"post": [-0.75, -0.905, -0.19],
							"lerp_mode": "catmullrom"
						},
						"1.7": {
							"post": [-0.75, -0.85, -0.19],
							"lerp_mode": "catmullrom"
						},
						"1.7333": {
							"post": [-1.725, -0.85, -0.19],
							"lerp_mode": "catmullrom"
						},
						"1.9": {
							"post": [-0.72, -0.8, -0.19],
							"lerp_mode": "catmullrom"
						},
						"2.1667": {
							"post": [0, -0.075, 0.225],
							"lerp_mode": "catmullrom"
						},
						"2.2667": {
							"post": [0, 0, -0.175],
							"lerp_mode": "catmullrom"
						},
						"2.3333": {
							"post": [0, 0.01, -0.07],
							"lerp_mode": "catmullrom"
						},
						"2.4333": {
							"post": [0, 0, 0],
							"lerp_mode": "catmullrom"
						},
						"2.6": {
							"post": [0, 0, 0],
							"lerp_mode": "catmullrom"
						}
					}
				},
				"mag_and_lefthand": {
					"rotation": {
						"0.0": [0, 0, 0],
						"0.1667": [0, 0, -60],
						"0.3": [-66.25, 0, -25.71],
						"0.4": [-83.8125, 0, -16.06875],
						"0.5667": {
							"pre": [-6.84, 4.48493, -8.66612],
							"post": [-6.84, 4.48493, -8.66612],
							"lerp_mode": "catmullrom"
						},
						"0.7667": {
							"post": [-44.73029, -32.11858, -20.38872],
							"lerp_mode": "catmullrom"
						},
						"0.9": {
							"post": [-39.80281, -21.82162, -17.69006],
							"lerp_mode": "catmullrom"
						},
						"0.9667": {
							"post": [-30.26381, -5.72468, -9.70075],
							"lerp_mode": "catmullrom"
						},
						"1.0667": {
							"post": [-12.3, 0, 0],
							"lerp_mode": "catmullrom"
						},
						"1.2333": [-8.29618, 0.25258, 1.73168],
						"1.3": [0, 0, 0],
						"1.3667": [0, 0, 0]
					},
					"position": {
						"0.0": [0, 0, 0],
						"0.1667": [4.875, -7.55, 8.475],
						"0.3": [4.875, -7.55, 8.475],
						"0.5667": {
							"pre": [1.27, -1.52, 0.9],
							"post": [1.27, -1.52, 0.9],
							"lerp_mode": "catmullrom"
						},
						"0.6333": {
							"post": [1.27, -1.62, 0.9],
							"lerp_mode": "catmullrom"
						},
						"0.6667": {
							"post": [1.27, -1.77, 0.9],
							"lerp_mode": "catmullrom"
						},
						"0.7667": {
							"post": [5.045, -2.97, 0.9],
							"lerp_mode": "catmullrom"
						},
						"1.0": {
							"post": [1.19, -3.915, -0.62],
							"lerp_mode": "catmullrom"
						},
						"1.1": {
							"post": [-0.28, -2.68, -1.105],
							"lerp_mode": "catmullrom"
						},
						"1.1667": {
							"post": [0.01009, -2.71751, -0.64196],
							"lerp_mode": "catmullrom"
						},
						"1.2333": [-0.08, -2.84887, -0.31709],
						"1.2667": [-0.08, -3.145, -0.51],
						"1.3": [0, 0, 0],
						"1.3333": [0, -0.275, 0],
						"1.3667": [0, 0, 0]
					}
				},
				"mag_and_bullet": {
					"scale": {
						"0.0": [0, 0, 0],
						"0.1667": [0, 0, 0],
						"0.2": [1, 1, 1]
					}
				},
				"mag_release": {
					"position": {
						"0.3667": [0, 0, 0],
						"0.5": [0.175, 0, 0],
						"0.5333": [0.155, 0, 0],
						"0.6667": [0.26, 0, 0],
						"0.7667": [0.16, 0, 0],
						"0.9667": [0, 0, 0],
						"1.2333": [0, 0, 0],
						"1.2667": [0.05, 0, 0],
						"1.3": [0.2, 0, 0],
						"1.3667": [0.125, 0, 0],
						"1.4": [0, 0, 0],
						"1.4333": [0.05, 0, 0],
						"1.4667": [0, 0, 0]
					}
				},
				"bolt_release": {
					"rotation": {
						"1.4333": [0, 0, 7.5],
						"1.7": [0, 0, 7.5],
						"1.7667": [0, 0, 0]
					}
				},
				"camera": {
					"rotation": {
						"0.0": {
							"post": [0, 0, 0],
							"lerp_mode": "catmullrom"
						},
						"0.1333": {
							"post": [0.075, 0.3, -0.225],
							"lerp_mode": "catmullrom"
						},
						"0.3333": {
							"post": [-0.15, 0, 0.13],
							"lerp_mode": "catmullrom"
						},
						"0.5": {
							"post": [-0.15, -0.225, -0.07],
							"lerp_mode": "catmullrom"
						},
						"0.6333": {
							"post": [0, 0, -0.12],
							"lerp_mode": "catmullrom"
						},
						"0.7667": {
							"post": [0.25, 0.25, 0.555],
							"lerp_mode": "catmullrom"
						},
						"0.8667": {
							"post": [0, 0, -0.34],
							"lerp_mode": "catmullrom"
						},
						"1.0": {
							"post": [0, -0.15, -0.44],
							"lerp_mode": "catmullrom"
						},
						"1.0333": {
							"post": [0.3, 0, -0.24],
							"lerp_mode": "catmullrom"
						},
						"1.1333": {
							"post": [-0.275, 0.375, 0.06],
							"lerp_mode": "catmullrom"
						},
						"1.1667": {
							"post": [0.125, 0.225, -0.54],
							"lerp_mode": "catmullrom"
						},
						"1.2667": {
							"post": [0, 0.225, 0.06],
							"lerp_mode": "catmullrom"
						},
						"1.3667": {
							"post": [-0.225, 0.35, 0.16],
							"lerp_mode": "catmullrom"
						},
						"1.5": {
							"post": [-0.125, 0.2, -0.015],
							"lerp_mode": "catmullrom"
						},
						"1.6333": {
							"post": [0.05, -0.125, -0.095],
							"lerp_mode": "catmullrom"
						},
						"1.7": {
							"post": [0.1, 0, -0.095],
							"lerp_mode": "catmullrom"
						},
						"1.7333": {
							"post": [0.1, 0.05, 0.665],
							"lerp_mode": "catmullrom"
						},
						"1.9": {
							"post": [-0.05, -0.075, -0.2],
							"lerp_mode": "catmullrom"
						},
						"2.1": {
							"post": [0, 0, 0.065],
							"lerp_mode": "catmullrom"
						},
						"2.3": {
							"post": [0, 0, -0.01],
							"lerp_mode": "catmullrom"
						}
					}
				}
			},
			"sound_effects": {
				"0.0333": {
					"effect": "p01_ar_mike16_reload_rattle"
				},
				"0.6": {
					"effect": "p01_ar_mike16_reload_magout"
				},
				"1.0": {
					"effect": "p01_ar_mike16_reload_magin"
				},
				"1.5667": {
					"effect": "p01_ar_mike16_reload_end"
				},
				"1.6667": {
					"effect": "p01_ar_mike4_reload_empty_charge"
				}
			}
		},
		"inspect": {
			"loop": "hold_on_last_frame",
			"animation_length": 5.7667,
			"bones": {
				"additional_magazine": {
					"scale": 0
				},
				"lefthand": {
					"rotation": {
						"0.0": {
							"post": [90.58079, -29.88575, -133.95071],
							"lerp_mode": "catmullrom"
						},
						"0.2333": {
							"post": [121.99972, 17.44852, -186.5305],
							"lerp_mode": "catmullrom"
						},
						"2.1333": {
							"post": [122, 17.45, -186.53],
							"lerp_mode": "catmullrom"
						},
						"2.2667": {
							"post": [132.2777, 29.04029, -210.73098],
							"lerp_mode": "catmullrom"
						},
						"2.4": {
							"post": [90.58079, -29.88575, -133.95071],
							"lerp_mode": "catmullrom"
						},
						"4.5667": {
							"post": [90.58, -29.89, -133.95],
							"lerp_mode": "catmullrom"
						},
						"4.6333": {
							"post": [98.45066, -42.00421, -148.75655],
							"lerp_mode": "catmullrom"
						},
						"4.7": {
							"post": [98.48036, -35.02548, -149.03739],
							"lerp_mode": "catmullrom"
						},
						"4.8": {
							"post": [90.58079, -29.88575, -133.95071],
							"lerp_mode": "catmullrom"
						}
					},
					"position": {
						"0.0": {
							"post": [8.06875, -11.62, -13.095],
							"lerp_mode": "catmullrom"
						},
						"0.1333": {
							"post": [7.62, -13.745, -9.815],
							"lerp_mode": "catmullrom"
						},
						"0.2333": {
							"post": [7.645, -16.44, -7.87],
							"lerp_mode": "catmullrom"
						},
						"2.1333": {
							"post": [7.65, -16.44, -7.87],
							"lerp_mode": "catmullrom"
						},
						"2.2667": {
							"post": [10.55, -16.44, -7.87],
							"lerp_mode": "catmullrom"
						},
						"2.4": {
							"post": [8.245, -11.27, -9.78],
							"lerp_mode": "catmullrom"
						},
						"4.5667": {
							"post": [8.245, -11.27, -9.78],
							"lerp_mode": "catmullrom"
						},
						"4.7": {
							"post": [9.12, -11.62, -11.565],
							"lerp_mode": "catmullrom"
						},
						"4.8": {
							"post": [8.06875, -11.62, -13.095],
							"lerp_mode": "catmullrom"
						}
					},
					"scale": {
						"0.0": {
							"post": [1, 1.5, 1],
							"lerp_mode": "catmullrom"
						}
					}
				},
				"constraint": {
					"rotation": [0.2, 0.2, 0.2]
				},
				"righthand": {
					"rotation": {
						"0.0": {
							"post": [96.07424, 8.95029, -179.05152],
							"lerp_mode": "catmullrom"
						},
						"2.3333": [96.07, 8.95, -179.05],
						"2.4333": [98.42687, -28.03892, -163.75169],
						"2.5333": [103.39288, 2.00229, -100.3999],
						"2.6333": [108.12259, 0.83423, -103.65399],
						"2.8": [100.11256, -7.74118, -123.23486],
						"4.0333": [100.11, -7.74, -123.23],
						"4.1333": [105.03384, -3.30928, -122.43955],
						"4.3": [110.02859, -11.11807, -86.23651],
						"4.4": [71.57618, -12.00983, -94.27185],
						"4.5667": [103.66497, 2.14413, -156.23427],
						"4.7": [96.07424, 8.95029, -179.05152]
					},
					"position": {
						"0.0": {
							"post": [-6.2, -13.725, -1.075],
							"lerp_mode": "catmullrom"
						},
						"2.3333": [-6.2, -13.73, -1.08],
						"2.4333": [-8.165, -12.14, 0.07],
						"2.5333": [-5.15, -9.13, 2.25],
						"2.6333": [-5.15, -9.13, 2.25],
						"2.8": [-5.15, -9.13, 5.35],
						"4.0333": [-5.15, -9.13, 5.35],
						"4.1333": [-5.15, -9.13, 8.5],
						"4.2667": [-6.58904, -8.77817, 2.92915],
						"4.3": [-6.65684, -8.67028, 2.39522],
						"4.3667": [-6.32827, -9.2059, 5.04167],
						"4.5667": [-6.28, -12.43, 2.84],
						"4.7": [-6.2, -13.725, -1.075]
					},
					"scale": {
						"0.0": {
							"post": [1, 1.5, 1],
							"lerp_mode": "catmullrom"
						}
					}
				},
				"root": {
					"rotation": {
						"0.0": {
							"post": [0, 0, 0],
							"lerp_mode": "catmullrom"
						},
						"0.1": {
							"post": [-3.48878, -0.37494, 8.36288],
							"lerp_mode": "catmullrom"
						},
						"0.2667": {
							"post": [-19.53421, -25.11501, -31.37299],
							"lerp_mode": "catmullrom"
						},
						"0.3333": {
							"post": [-24.15098, -28.3381, -35.62973],
							"lerp_mode": "catmullrom"
						},
						"0.4333": {
							"post": [-26.99373, -25.07727, -33.47552],
							"lerp_mode": "catmullrom"
						},
						"0.5": {
							"post": [-23.63, -29.055, -41.94],
							"lerp_mode": "catmullrom"
						},
						"0.5667": {
							"post": [-22.31559, -21.35678, -25.17335],
							"lerp_mode": "catmullrom"
						},
						"0.6333": {
							"post": [-23.92, -22.795, -29.82],
							"lerp_mode": "catmullrom"
						},
						"0.7667": {
							"post": [-25.69077, -29.28456, -33.35252],
							"lerp_mode": "catmullrom"
						},
						"0.9333": {
							"post": [-25.69, -26.41, -33.3],
							"lerp_mode": "catmullrom"
						},
						"1.1333": {
							"post": [-26.24146, -25.86268, -32.04818],
							"lerp_mode": "catmullrom"
						},
						"1.4333": {
							"post": [-26.66627, -24.29871, -30.43928],
							"lerp_mode": "catmullrom"
						},
						"1.6": {
							"post": [-30.00423, -24.85473, -31.67035],
							"lerp_mode": "catmullrom"
						},
						"1.6333": {
							"post": [-30.65041, -24.06554, -32.39882],
							"lerp_mode": "catmullrom"
						},
						"1.7667": {
							"post": [-29.47432, -25.43542, -32.9041],
							"lerp_mode": "catmullrom"
						},
						"1.8": {
							"post": [-31.495, -28.23, -30.4],
							"lerp_mode": "catmullrom"
						},
						"1.8333": {
							"post": [-30.17, -26.065, -27.63],
							"lerp_mode": "catmullrom"
						},
						"1.9667": {
							"post": [-30.07716, -29.57649, -33.87892],
							"lerp_mode": "catmullrom"
						},
						"2.0333": {
							"post": [-33.16843, -27.43812, -31.20816],
							"lerp_mode": "catmullrom"
						},
						"2.1667": {
							"post": [-30.39, -28.865, -34.555],
							"lerp_mode": "catmullrom"
						},
						"2.3": {
							"post": [-39.09929, -27.68814, -8.83273],
							"lerp_mode": "catmullrom"
						},
						"2.4": {
							"post": [-37.45131, 1.45555, 24.11792],
							"lerp_mode": "catmullrom"
						},
						"2.5": {
							"post": [-33.07524, 16.16152, 53.42931],
							"lerp_mode": "catmullrom"
						},
						"2.5667": {
							"post": [-29.1336, 22.8696, 63.24249],
							"lerp_mode": "catmullrom"
						},
						"2.7333": {
							"post": [-29.13, 19.665, 59.84],
							"lerp_mode": "catmullrom"
						},
						"2.8333": {
							"post": [-31.205, 15.52, 52.59],
							"lerp_mode": "catmullrom"
						},
						"2.9": {
							"post": [-30.155, 19.67, 57.695],
							"lerp_mode": "catmullrom"
						},
						"3.0333": {
							"post": [-29.69, 17.925, 59.76],
							"lerp_mode": "catmullrom"
						},
						"3.1333": {
							"post": [-29.79, 18.02, 59.36],
							"lerp_mode": "catmullrom"
						},
						"3.3667": {
							"post": [-30.18, 18.625, 57.725],
							"lerp_mode": "catmullrom"
						},
						"3.8": {
							"post": [-29.93615, 17.3317, 58.51988],
							"lerp_mode": "catmullrom"
						},
						"3.9333": {
							"post": [-30.04, 17.13, 60.11],
							"lerp_mode": "catmullrom"
						},
						"4.0": {
							"post": [-30, 19.94, 61.35],
							"lerp_mode": "catmullrom"
						},
						"4.0333": {
							"post": [-29.04573, 9.22162, 48.68039],
							"lerp_mode": "catmullrom"
						},
						"4.1333": {
							"post": [-28.12675, 18.80712, 45.9104],
							"lerp_mode": "catmullrom"
						},
						"4.2667": {
							"post": [-26.64434, 14.15958, 54.53178],
							"lerp_mode": "catmullrom"
						},
						"4.3": {
							"post": [-24.23027, 5.25992, 47.01256],
							"lerp_mode": "catmullrom"
						},
						"4.3333": {
							"post": [-24.53, 11.52, 52.79],
							"lerp_mode": "catmullrom"
						},
						"4.4": {
							"post": [-22.14076, 15.4466, 63.70354],
							"lerp_mode": "catmullrom"
						},
						"4.5": {
							"post": [-15.45336, 1.05492, 51.54121],
							"lerp_mode": "catmullrom"
						},
						"4.6333": {
							"post": [-1.47662, -4.64086, 12.10007],
							"lerp_mode": "catmullrom"
						},
						"4.7667": {
							"post": [1.84004, -0.38974, -3.60605],
							"lerp_mode": "catmullrom"
						},
						"4.8333": {
							"post": [0, 0, 0],
							"lerp_mode": "catmullrom"
						},
						"4.8667": {
							"post": [-0.43628, 0.00899, 2.23808],
							"lerp_mode": "catmullrom"
						},
						"4.9333": {
							"post": [-0.89992, -0.01178, -0.74991],
							"lerp_mode": "catmullrom"
						},
						"5.1": {
							"post": [0.07706, 0.00891, 0.59049],
							"lerp_mode": "catmullrom"
						},
						"5.2667": {
							"post": [0, 0, 0.25],
							"lerp_mode": "catmullrom"
						},
						"5.5333": {
							"post": [0, 0, 0],
							"lerp_mode": "catmullrom"
						}
					},
					"position": {
						"0.0": {
							"post": [0, 0, 0],
							"lerp_mode": "catmullrom"
						},
						"0.1": {
							"post": [-0.42, -1.33, -0.11],
							"lerp_mode": "catmullrom"
						},
						"0.2667": {
							"post": [-1.625, -2.475, -3.25],
							"lerp_mode": "catmullrom"
						},
						"0.3333": {
							"post": [-1.77, -2.645, -3.73],
							"lerp_mode": "catmullrom"
						},
						"0.4333": {
							"post": [-1.87, -2.615, -3.73],
							"lerp_mode": "catmullrom"
						},
						"0.4667": {
							"post": [-1.595, -2.61, -3.83],
							"lerp_mode": "catmullrom"
						},
						"0.5333": {
							"post": [-2.04, -2.66, -3.73],
							"lerp_mode": "catmullrom"
						},
						"0.5667": {
							"post": [-2.05, -2.86, -3.355],
							"lerp_mode": "catmullrom"
						},
						"0.7": {
							"post": [-1.975, -2.46, -4.005],
							"lerp_mode": "catmullrom"
						},
						"0.9": {
							"post": [-1.83, -2.56, -3.73],
							"lerp_mode": "catmullrom"
						},
						"1.1333": {
							"post": [-1.83, -2.435, -3.73],
							"lerp_mode": "catmullrom"
						},
						"1.4": {
							"post": [-1.83, -2.39, -3.73],
							"lerp_mode": "catmullrom"
						},
						"1.6": {
							"post": [-1.83, -1.945, -3.13],
							"lerp_mode": "catmullrom"
						},
						"1.7": {
							"post": [-1.83, -1.9, -3.13],
							"lerp_mode": "catmullrom"
						},
						"1.7667": {
							"post": [-1.83, -2.025, -3.33],
							"lerp_mode": "catmullrom"
						},
						"1.8": {
							"post": [-1.955, -2.12, -3.13],
							"lerp_mode": "catmullrom"
						},
						"1.8667": {
							"post": [-1.9, -2.295, -2.78],
							"lerp_mode": "catmullrom"
						},
						"1.9667": {
							"post": [-1.975, -1.97, -3.155],
							"lerp_mode": "catmullrom"
						},
						"2.1333": {
							"post": [-2.045, -2.145, -3.075],
							"lerp_mode": "catmullrom"
						},
						"2.2": {
							"post": [-2.04, -2.14, -3.07],
							"lerp_mode": "catmullrom"
						},
						"2.3": {
							"post": [-2.04, -2.915, -3.07],
							"lerp_mode": "catmullrom"
						},
						"2.4": {
							"post": [-1.3, -2.53, -2.36],
							"lerp_mode": "catmullrom"
						},
						"2.5": {
							"post": [-0.29, -0.07, -3.07],
							"lerp_mode": "catmullrom"
						},
						"2.5667": {
							"post": [0.01, 0.53, -2.775],
							"lerp_mode": "catmullrom"
						},
						"2.6333": {
							"post": [0.19, 0.755, -2.76],
							"lerp_mode": "catmullrom"
						},
						"2.7667": {
							"post": [0.16, 0.84, -2.23],
							"lerp_mode": "catmullrom"
						},
						"2.8333": {
							"post": [0.14, 0.86, -1.935],
							"lerp_mode": "catmullrom"
						},
						"2.9333": {
							"post": [0.14, 0.85, -2.1],
							"lerp_mode": "catmullrom"
						},
						"3.0333": {
							"post": [0.14, 0.84, -2.17],
							"lerp_mode": "catmullrom"
						},
						"3.2": {
							"post": [0.14, 0.81, -2.115],
							"lerp_mode": "catmullrom"
						},
						"3.7333": {
							"post": [0.14, 0.835, -2.16],
							"lerp_mode": "catmullrom"
						},
						"4.0": {
							"post": [0.14, 0.83, -2.12],
							"lerp_mode": "catmullrom"
						},
						"4.0333": {
							"post": [0.14, 0.83, -2.17],
							"lerp_mode": "catmullrom"
						},
						"4.1": {
							"post": [0.14, 0.83, -2.56],
							"lerp_mode": "catmullrom"
						},
						"4.1333": {
							"post": [0.14, 0.705, -2.56],
							"lerp_mode": "catmullrom"
						},
						"4.2": {
							"post": [0.14, 0.51, -2.61],
							"lerp_mode": "catmullrom"
						},
						"4.2667": {
							"post": [0.14, 1.15, -2.155],
							"lerp_mode": "catmullrom"
						},
						"4.3": {
							"post": [0.14, 0.66, -3.62],
							"lerp_mode": "catmullrom"
						},
						"4.3667": {
							"post": [0.14, 0.75, -3.84],
							"lerp_mode": "catmullrom"
						},
						"4.4667": {
							"post": [-0.14, 0.22, -3.25],
							"lerp_mode": "catmullrom"
						},
						"4.6": {
							"post": [-0.48, -0.53, -2.145],
							"lerp_mode": "catmullrom"
						},
						"4.7333": {
							"post": [-0.095, -0.32, -1.39],
							"lerp_mode": "catmullrom"
						},
						"4.8333": {
							"post": [0, -0.075, 0.225],
							"lerp_mode": "catmullrom"
						},
						"4.9333": {
							"post": [0, 0, -0.175],
							"lerp_mode": "catmullrom"
						},
						"5.0": {
							"post": [0, 0.01, -0.07],
							"lerp_mode": "catmullrom"
						},
						"5.1": {
							"post": [0, 0, 0],
							"lerp_mode": "catmullrom"
						},
						"5.2667": {
							"post": [0, 0, 0],
							"lerp_mode": "catmullrom"
						}
					}
				},
				"mag_and_lefthand": {
					"rotation": {
						"0.3": {
							"pre": [0, 0, 0],
							"post": [0, 0, 0],
							"lerp_mode": "catmullrom"
						},
						"0.4333": {
							"post": [-1, 0, -0.75],
							"lerp_mode": "catmullrom"
						},
						"0.4667": {
							"post": [-0.99966, 0.02618, 0.74977],
							"lerp_mode": "catmullrom"
						},
						"0.5333": {
							"post": [-0.96924, 0.24614, 13.49792],
							"lerp_mode": "catmullrom"
						},
						"0.6": {
							"post": [-0.80735, 0.58977, 35.39585],
							"lerp_mode": "catmullrom"
						},
						"0.7667": {
							"post": [-0.95883, 0.284, 15.74762],
							"lerp_mode": "catmullrom"
						},
						"0.9333": {
							"post": [-0.97338, 0.22919, 12.49805],
							"lerp_mode": "catmullrom"
						},
						"1.1333": {
							"post": [-1.97135, 0.23767, 12.99799],
							"lerp_mode": "catmullrom"
						},
						"1.3333": {
							"post": [-1.97335, 0.22047, 12.49828],
							"lerp_mode": "catmullrom"
						},
						"1.4667": {
							"post": [-1.97844, -0.16867, 1.25499],
							"lerp_mode": "catmullrom"
						},
						"1.5667": {
							"post": [-1.85229, -0.71547, -14.98636],
							"lerp_mode": "catmullrom"
						},
						"1.7333": {
							"post": [-1.82278, -0.78762, -17.2354],
							"lerp_mode": "catmullrom"
						},
						"1.8": {
							"post": [0, 0, 0],
							"lerp_mode": "catmullrom"
						},
						"1.8667": {
							"post": [0, 0, 2.5],
							"lerp_mode": "catmullrom"
						},
						"1.9": {
							"post": [0, 0, 1.75],
							"lerp_mode": "catmullrom"
						},
						"1.9333": {
							"post": [0, 0, 0],
							"lerp_mode": "catmullrom"
						},
						"2.0333": {
							"post": [0, 0, 0],
							"lerp_mode": "catmullrom"
						}
					},
					"position": {
						"0.3": {
							"pre": [0, 0, 0],
							"post": [0, 0, 0],
							"lerp_mode": "catmullrom"
						},
						"0.4333": {
							"post": [-0.025, -0.7, 0],
							"lerp_mode": "catmullrom"
						},
						"0.4667": {
							"post": [-0.02, -3.125, 0],
							"lerp_mode": "catmullrom"
						},
						"0.6": {
							"post": [1.55, -5.62, 0],
							"lerp_mode": "catmullrom"
						},
						"0.7667": {
							"post": [5.13, -4.2, 2.75],
							"lerp_mode": "catmullrom"
						},
						"0.9333": {
							"post": [5.13, -4.2, 2.825],
							"lerp_mode": "catmullrom"
						},
						"1.1333": {
							"post": [5.155, -4.3, 2.83],
							"lerp_mode": "catmullrom"
						},
						"1.3333": {
							"post": [5.16, -4.35, 2.83],
							"lerp_mode": "catmullrom"
						},
						"1.4667": {
							"post": [5.16, -5.075, 2.83],
							"lerp_mode": "catmullrom"
						},
						"1.5667": {
							"post": [2.335, -6.045, 0.43],
							"lerp_mode": "catmullrom"
						},
						"1.6333": {
							"post": [1.74, -3.265, -0.02],
							"lerp_mode": "catmullrom"
						},
						"1.7333": {
							"post": [2.19, -3.26, -0.02],
							"lerp_mode": "catmullrom"
						},
						"1.8": {
							"post": [0, -3, 0],
							"lerp_mode": "catmullrom"
						},
						"1.8667": {
							"post": [0, -2.8, 0],
							"lerp_mode": "catmullrom"
						},
						"1.9": {
							"post": [0.05, -2.8, 0],
							"lerp_mode": "catmullrom"
						},
						"1.9333": {
							"post": [0, 0, 0],
							"lerp_mode": "catmullrom"
						},
						"1.9667": {
							"post": [0, -0.1, 0],
							"lerp_mode": "catmullrom"
						},
						"2.0333": {
							"post": [0, 0, 0],
							"lerp_mode": "catmullrom"
						}
					}
				},
				"m4a1_pull": {
					"position": {
						"2.6333": [0, 0, 0],
						"2.7333": [0, 0, 2.325],
						"2.8667": [0, 0, 3.25],
						"2.9667": [0, 0, 3.075],
						"3.0333": [0, 0, 3.23],
						"4.0": [0, 0, 3.23],
						"4.0667": [0, 0, 0],
						"4.1333": [0, 0, 0.15],
						"4.2": [0, 0, 0],
						"4.3333": [0, 0, 0],
						"4.3667": [0, 0, -0.075],
						"4.4333": [0, 0, 0]
					}
				},
				"mag_release": {
					"position": {
						"0.2": [0, 0, 0],
						"0.4": [0.3, 0, 0],
						"0.6": [0.3, 0, 0],
						"0.7667": [0, 0, 0],
						"1.8667": [0, 0, 0],
						"1.9333": [0.225, 0, 0],
						"2.0": [0, 0, 0],
						"2.0333": [0.125, 0, 0],
						"2.1333": [0, 0, 0]
					}
				},
				"group35": {
					"position": {
						"4.2667": [0, 0, 0],
						"4.3": [0.15, 0, -0.175],
						"4.4667": [0, 0, 0]
					}
				},
				"camera": {
					"rotation": {
						"0.0": {
							"post": [0, 0, 0],
							"lerp_mode": "catmullrom"
						},
						"0.1": {
							"post": [0.225, -0.2, -0.275],
							"lerp_mode": "catmullrom"
						},
						"0.2333": {
							"post": [-0.6, 0, 0.095],
							"lerp_mode": "catmullrom"
						},
						"0.3667": {
							"post": [0, 0.15, 0.39],
							"lerp_mode": "catmullrom"
						},
						"0.5": {
							"post": [0.4, 0, 0.34],
							"lerp_mode": "catmullrom"
						},
						"0.5667": {
							"post": [0.1, -0.15, -0.085],
							"lerp_mode": "catmullrom"
						},
						"0.6333": {
							"post": [0.175, 0.45, -0.465],
							"lerp_mode": "catmullrom"
						},
						"0.7": {
							"post": [-0.175, -0.125, -0.535],
							"lerp_mode": "catmullrom"
						},
						"0.8": {
							"post": [0.1, 0.025, -0.455],
							"lerp_mode": "catmullrom"
						},
						"0.9": {
							"post": [0.175, -0.05, -0.3],
							"lerp_mode": "catmullrom"
						},
						"1.1667": {
							"post": [0.175, 0.125, 0],
							"lerp_mode": "catmullrom"
						},
						"1.4": {
							"post": [-0.075, -0.05, 0.2],
							"lerp_mode": "catmullrom"
						},
						"1.6333": {
							"post": [0, 0, 0.08],
							"lerp_mode": "catmullrom"
						},
						"1.6667": {
							"post": [-0.125, -0.175, -0.145],
							"lerp_mode": "catmullrom"
						},
						"1.7667": {
							"post": [0, -0.46, -0.17],
							"lerp_mode": "catmullrom"
						},
						"1.8": {
							"post": [0.175, 0.605, -0.345],
							"lerp_mode": "catmullrom"
						},
						"1.8667": {
							"post": [0.225, -0.065, 0.38],
							"lerp_mode": "catmullrom"
						},
						"1.9333": {
							"post": [0.175, -0.37, -0.07],
							"lerp_mode": "catmullrom"
						},
						"2.0333": {
							"post": [-0.275, -0.27, 0.255],
							"lerp_mode": "catmullrom"
						},
						"2.1333": {
							"post": [0, -0.12, 0.08],
							"lerp_mode": "catmullrom"
						},
						"2.3": {
							"post": [0.2, 0.055, -0.02],
							"lerp_mode": "catmullrom"
						},
						"2.4667": {
							"post": [0, -0.42, -0.295],
							"lerp_mode": "catmullrom"
						},
						"2.7": {
							"post": [-0.15, -1.045, -0.425],
							"lerp_mode": "catmullrom"
						},
						"2.7667": {
							"post": [-0.025, -1.385, -0.84],
							"lerp_mode": "catmullrom"
						},
						"2.8": {
							"post": [-0.3, -0.75, 0.01],
							"lerp_mode": "catmullrom"
						},
						"2.8667": {
							"post": [0.3, -0.92, -0.415],
							"lerp_mode": "catmullrom"
						},
						"2.9667": {
							"post": [0, -1.09, -0.305],
							"lerp_mode": "catmullrom"
						},
						"3.2": {
							"post": [0.1, -0.76, -0.305],
							"lerp_mode": "catmullrom"
						},
						"3.3667": {
							"post": [0.15, -0.585, -0.155],
							"lerp_mode": "catmullrom"
						},
						"3.7333": {
							"post": [0, -0.715, -0.28],
							"lerp_mode": "catmullrom"
						},
						"4.0": {
							"post": [0, -0.545, -0.28],
							"lerp_mode": "catmullrom"
						},
						"4.0667": {
							"post": [-0.25, -0.32, 0.02],
							"lerp_mode": "catmullrom"
						},
						"4.1667": {
							"post": [0.325, -0.17, 0.245],
							"lerp_mode": "catmullrom"
						},
						"4.3": {
							"post": [-0.01, -0.295, 0.22],
							"lerp_mode": "catmullrom"
						},
						"4.3333": {
							"post": [0.155, 0.08, -0.63],
							"lerp_mode": "catmullrom"
						},
						"4.4333": {
							"post": [0.035, -0.02, -0.28],
							"lerp_mode": "catmullrom"
						},
						"4.5": {
							"post": [-0.04, -0.195, -0.06],
							"lerp_mode": "catmullrom"
						},
						"4.7": {
							"post": [-0.14, 0.055, 0.115],
							"lerp_mode": "catmullrom"
						},
						"4.9333": {
							"post": [0.21, 0.005, -0.055],
							"lerp_mode": "catmullrom"
						},
						"5.0": {
							"post": [-0.035, -0.085, -0.02],
							"lerp_mode": "catmullrom"
						},
						"5.1333": {
							"post": [-0.125, 0.1, 0.025],
							"lerp_mode": "catmullrom"
						},
						"5.3": {
							"post": [-0.01, -0.01, -0.005],
							"lerp_mode": "catmullrom"
						},
						"5.4333": {
							"post": [0, 0, 0],
							"lerp_mode": "catmullrom"
						}
					}
				}
			},
			"sound_effects": {
				"0.0333": {
					"effect": "p01_ar_mike16_inspect_raise"
				},
				"0.2": {
					"effect": "p01_ar_mike16_inspect_magout"
				},
				"0.6": {
					"effect": "p01_ar_mike16_inspect_finger"
				},
				"1.4333": {
					"effect": "p01_ar_mike16_inspect_magin"
				},
				"2.1": {
					"effect": "p01_ar_mike16_inspect_rotate"
				},
				"2.6667": {
					"effect": "p01_ar_mike16_inspect_boltpull"
				},
				"3.4333": {
					"effect": "p01_ar_mike16_inspect_grab"
				},
				"4.0": {
					"effect": "p01_ar_mike16_inspect_boltclose"
				},
				"4.1": {
					"effect": "p01_ar_mike16_inspect_rotate2"
				},
				"4.2333": {
					"effect": "p01_ar_mike16_inspect_hit"
				},
				"4.3": {
					"effect": "p01_ar_mike16_inspect_end"
				}
			}
		},
		"inspect_empty": {
			"loop": "hold_on_last_frame",
			"animation_length": 7.1667,
			"bones": {
				"additional_magazine": {
					"scale": 0
				},
				"lefthand": {
					"rotation": {
						"0.0": [90.58079, -29.88575, -133.95071],
						"0.6667": [90.58079, -29.88575, -133.95071],
						"0.7667": [92.06584, -28.84873, -116.18731],
						"4.6667": {
							"pre": [92.06584, -28.84873, -116.18731],
							"post": [92.06584, -28.84873, -116.18731],
							"lerp_mode": "catmullrom"
						},
						"4.8333": {
							"post": [77.70944, -46.49715, -119.85167],
							"lerp_mode": "catmullrom"
						},
						"5.0333": {
							"post": [65.58079, -29.88575, -133.95071],
							"lerp_mode": "catmullrom"
						},
						"6.2667": {
							"post": [65.58079, -29.88575, -133.95071],
							"lerp_mode": "catmullrom"
						},
						"6.5333": {
							"post": [90.58079, -29.88575, -133.95071],
							"lerp_mode": "catmullrom"
						}
					},
					"position": {
						"0.0": [8.06875, -11.62, -13.095],
						"0.6333": [8.06875, -11.62, -13.095],
						"0.7667": [7.645, -16.44, -7.87],
						"4.6667": {
							"pre": [7.65, -16.44, -7.87],
							"post": [7.65, -16.44, -7.87],
							"lerp_mode": "catmullrom"
						},
						"4.8333": {
							"post": [11.715, -14.29, -5.59],
							"lerp_mode": "catmullrom"
						},
						"5.0333": {
							"post": [9.4, -8.815, 0.205],
							"lerp_mode": "catmullrom"
						},
						"5.1333": {
							"post": [9.075, -8.81, 0.21],
							"lerp_mode": "catmullrom"
						},
						"5.3333": {
							"post": [9.07, -8.81, 3.69],
							"lerp_mode": "catmullrom"
						},
						"5.3667": {
							"post": [9.07, -8.81, 1.31],
							"lerp_mode": "catmullrom"
						},
						"5.4": {
							"post": [9.07, -8.81, -0.39],
							"lerp_mode": "catmullrom"
						},
						"6.3": {
							"post": [9.07, -8.81, -0.39],
							"lerp_mode": "catmullrom"
						},
						"6.4": {
							"post": [9.535, -12.445, -5.61],
							"lerp_mode": "catmullrom"
						},
						"6.5333": {
							"post": [8.06875, -11.62, -13.095],
							"lerp_mode": "catmullrom"
						}
					},
					"scale": [1, 1.5, 1]
				},
				"constraint": {
					"rotation": [0.2, 0.2, 0.2]
				},
				"righthand": {
					"rotation": {
						"0.0": {
							"post": [96.07424, 8.95029, -179.05152],
							"lerp_mode": "catmullrom"
						}
					},
					"position": {
						"0.0": {
							"post": [-6.2, -13.725, -1.075],
							"lerp_mode": "catmullrom"
						}
					},
					"scale": {
						"0.0": {
							"post": [1, 1.5, 1],
							"lerp_mode": "catmullrom"
						}
					}
				},
				"root": {
					"rotation": {
						"0.0": {
							"post": [0, 0, 0],
							"lerp_mode": "catmullrom"
						},
						"0.1": {
							"post": [-7.45, 2.6, 15.96],
							"lerp_mode": "catmullrom"
						},
						"0.1667": {
							"post": [-16.3, 4.32, 39.365],
							"lerp_mode": "catmullrom"
						},
						"0.2333": {
							"post": [-22.99681, 5.71264, 51.8543],
							"lerp_mode": "catmullrom"
						},
						"0.3667": {
							"post": [-25.1, 4.8, 53.975],
							"lerp_mode": "catmullrom"
						},
						"0.4333": {
							"post": [-25.48, 5.88, 53.63],
							"lerp_mode": "catmullrom"
						},
						"0.5333": {
							"post": [-22.99681, 5.71264, 47.0543],
							"lerp_mode": "catmullrom"
						},
						"0.6333": {
							"post": [-14.56295, 5.5694, 24.83673],
							"lerp_mode": "catmullrom"
						},
						"0.8": {
							"post": [-19.53421, -25.11501, -31.37299],
							"lerp_mode": "catmullrom"
						},
						"0.8667": {
							"post": [-24.15098, -28.3381, -35.62973],
							"lerp_mode": "catmullrom"
						},
						"0.9667": {
							"post": [-26.99373, -25.07727, -33.47552],
							"lerp_mode": "catmullrom"
						},
						"1.0333": {
							"post": [-23.63, -29.055, -41.94],
							"lerp_mode": "catmullrom"
						},
						"1.1": {
							"post": [-22.31559, -21.35678, -25.17335],
							"lerp_mode": "catmullrom"
						},
						"1.1667": {
							"post": [-23.92, -22.795, -29.82],
							"lerp_mode": "catmullrom"
						},
						"1.3": {
							"post": [-25.69077, -29.28456, -33.35252],
							"lerp_mode": "catmullrom"
						},
						"1.4667": {
							"post": [-25.69, -26.41, -33.3],
							"lerp_mode": "catmullrom"
						},
						"1.6667": {
							"post": [-26.24146, -25.86268, -32.04818],
							"lerp_mode": "catmullrom"
						},
						"1.9667": [-26.67118, -25.41716, -31.05512],
						"2.0333": {
							"pre": [-27.57125, -15.28959, -10.58535],
							"post": [-27.57125, -15.28959, -10.58535],
							"lerp_mode": "catmullrom"
						},
						"2.1": {
							"post": [-29.1366, -7.95042, 4.32444],
							"lerp_mode": "catmullrom"
						},
						"2.2": {
							"post": [-37.45131, 1.45555, 24.11792],
							"lerp_mode": "catmullrom"
						},
						"2.3": {
							"post": [-33.07524, 16.16152, 53.42931],
							"lerp_mode": "catmullrom"
						},
						"2.3667": {
							"post": [-29.1336, 22.8696, 63.24249],
							"lerp_mode": "catmullrom"
						},
						"2.4333": {
							"post": [-28.82598, 23.28427, 64.02457],
							"lerp_mode": "catmullrom"
						},
						"2.5667": {
							"post": [-29.12026, 22.41154, 64.55434],
							"lerp_mode": "catmullrom"
						},
						"2.6667": {
							"post": [-28.57943, 20.70251, 64.02224],
							"lerp_mode": "catmullrom"
						},
						"2.7": {
							"post": [-27.8404, 21.81984, 63.97995],
							"lerp_mode": "catmullrom"
						},
						"2.8": {
							"post": [-28.98942, 20.829, 64.26362],
							"lerp_mode": "catmullrom"
						},
						"2.8667": {
							"post": [-29.81249, 20.52018, 64.76167],
							"lerp_mode": "catmullrom"
						},
						"3.0": {
							"post": [-26.91569, 18.09872, 66.67755],
							"lerp_mode": "catmullrom"
						},
						"3.0333": {
							"post": [-26.21047, 18.99565, 65.00618],
							"lerp_mode": "catmullrom"
						},
						"3.1333": {
							"post": [-27.21047, 18.99565, 65.00618],
							"lerp_mode": "catmullrom"
						},
						"3.2667": {
							"post": [-27.76151, 18.53217, 64.07033],
							"lerp_mode": "catmullrom"
						},
						"3.3": {
							"post": [-25.86868, 17.63292, 64.53048],
							"lerp_mode": "catmullrom"
						},
						"3.3667": {
							"post": [-27.95298, 18.45398, 61.53458],
							"lerp_mode": "catmullrom"
						},
						"3.5333": {
							"post": [-27.72926, 17.55903, 61.43899],
							"lerp_mode": "catmullrom"
						},
						"3.6667": {
							"post": [-27.40732, 17.11529, 54.60539],
							"lerp_mode": "catmullrom"
						},
						"3.8": {
							"post": [-13.6955, 10.71386, 34.20964],
							"lerp_mode": "catmullrom"
						},
						"3.9": {
							"post": [-21.34321, -11.78707, -15.72968],
							"lerp_mode": "catmullrom"
						},
						"4.0": {
							"post": [-27.67118, -25.41716, -31.05512],
							"lerp_mode": "catmullrom"
						},
						"4.1": {
							"post": [-30.00423, -24.85473, -31.67035],
							"lerp_mode": "catmullrom"
						},
						"4.1333": {
							"post": [-30.65041, -24.06554, -32.39882],
							"lerp_mode": "catmullrom"
						},
						"4.2667": {
							"post": [-29.47432, -25.43542, -32.9041],
							"lerp_mode": "catmullrom"
						},
						"4.3": {
							"post": [-31.495, -28.23, -30.4],
							"lerp_mode": "catmullrom"
						},
						"4.3333": {
							"post": [-30.17, -26.065, -27.63],
							"lerp_mode": "catmullrom"
						},
						"4.4667": {
							"post": [-30.07716, -29.57649, -33.87892],
							"lerp_mode": "catmullrom"
						},
						"4.5333": {
							"post": [-33.16843, -27.43812, -31.20816],
							"lerp_mode": "catmullrom"
						},
						"4.6667": {
							"post": [-30.39, -28.865, -34.555],
							"lerp_mode": "catmullrom"
						},
						"4.8": {
							"post": [-39.09929, -27.68814, -8.83273],
							"lerp_mode": "catmullrom"
						},
						"4.9": {
							"post": [-37.45131, 1.45555, 24.11792],
							"lerp_mode": "catmullrom"
						},
						"5.0": {
							"post": [-33.07524, 16.16152, 53.42931],
							"lerp_mode": "catmullrom"
						},
						"5.0667": {
							"post": [-29.1336, 22.8696, 63.24249],
							"lerp_mode": "catmullrom"
						},
						"5.2333": {
							"post": [-29.13, 19.665, 59.84],
							"lerp_mode": "catmullrom"
						},
						"5.3333": {
							"post": [-31.205, 15.52, 52.59],
							"lerp_mode": "catmullrom"
						},
						"5.4": {
							"post": [-30.155, 19.67, 57.695],
							"lerp_mode": "catmullrom"
						},
						"5.5333": {
							"post": [-29.69, 17.925, 59.76],
							"lerp_mode": "catmullrom"
						},
						"5.6333": {
							"post": [-29.79, 18.02, 59.36],
							"lerp_mode": "catmullrom"
						},
						"5.8667": {
							"post": [-30.18, 18.625, 57.725],
							"lerp_mode": "catmullrom"
						},
						"6.2667": {
							"post": [-25.80887, 14.35079, 52.8607],
							"lerp_mode": "catmullrom"
						},
						"6.5333": {
							"post": [-1.47662, -4.64086, 12.10007],
							"lerp_mode": "catmullrom"
						},
						"6.6667": {
							"post": [1.84004, -0.38974, -3.60605],
							"lerp_mode": "catmullrom"
						},
						"6.7333": {
							"post": [0, 0, 0],
							"lerp_mode": "catmullrom"
						},
						"6.7667": {
							"post": [-0.43628, 0.00899, 2.23808],
							"lerp_mode": "catmullrom"
						},
						"6.8333": {
							"post": [-0.89992, -0.01178, -0.74991],
							"lerp_mode": "catmullrom"
						},
						"7.0": {
							"post": [0.07706, 0.00891, 0.59049],
							"lerp_mode": "catmullrom"
						},
						"7.1667": {
							"post": [0, 0, 0.25],
							"lerp_mode": "catmullrom"
						},
						"7.4333": {
							"post": [0, 0, 0],
							"lerp_mode": "catmullrom"
						}
					},
					"position": {
						"0.0": {
							"post": [0, 0, 0],
							"lerp_mode": "catmullrom"
						},
						"0.1": {
							"post": [-0.12, 0.01, -0.19],
							"lerp_mode": "catmullrom"
						},
						"0.2333": {
							"post": [-0.38, 0.02, 0.43],
							"lerp_mode": "catmullrom"
						},
						"0.4": {
							"post": [-0.39, 0.05, 0.64],
							"lerp_mode": "catmullrom"
						},
						"0.5333": {
							"post": [-0.38, 0.02, 0.03],
							"lerp_mode": "catmullrom"
						},
						"0.6333": {
							"post": [-0.42, -0.48, -0.81],
							"lerp_mode": "catmullrom"
						},
						"0.8": {
							"post": [-1.625, -2.475, -3.25],
							"lerp_mode": "catmullrom"
						},
						"0.8667": {
							"post": [-1.77, -2.645, -3.73],
							"lerp_mode": "catmullrom"
						},
						"0.9667": {
							"post": [-1.87, -2.615, -3.73],
							"lerp_mode": "catmullrom"
						},
						"1.0": {
							"post": [-1.595, -2.61, -3.83],
							"lerp_mode": "catmullrom"
						},
						"1.0667": {
							"post": [-2.04, -2.66, -3.73],
							"lerp_mode": "catmullrom"
						},
						"1.1": {
							"post": [-2.05, -2.86, -3.355],
							"lerp_mode": "catmullrom"
						},
						"1.2333": {
							"post": [-1.975, -2.46, -4.005],
							"lerp_mode": "catmullrom"
						},
						"1.4333": {
							"post": [-1.83, -2.56, -3.73],
							"lerp_mode": "catmullrom"
						},
						"1.6667": {
							"post": [-1.83, -2.435, -3.73],
							"lerp_mode": "catmullrom"
						},
						"1.9667": [-1.83, -2.44, -3.73],
						"2.2": {
							"pre": [-1.3, -2.53, -2.36],
							"post": [-1.3, -2.53, -2.36],
							"lerp_mode": "catmullrom"
						},
						"2.3": {
							"post": [-0.29, -0.07, -3.07],
							"lerp_mode": "catmullrom"
						},
						"2.3667": {
							"post": [0.01, 0.53, -2.775],
							"lerp_mode": "catmullrom"
						},
						"2.4333": {
							"post": [0.19, 0.755, -2.76],
							"lerp_mode": "catmullrom"
						},
						"2.5667": {
							"post": [0.19, 0.76, -2.785],
							"lerp_mode": "catmullrom"
						},
						"2.6667": {
							"post": [0.19, 0.76, -2.58],
							"lerp_mode": "catmullrom"
						},
						"2.7": {
							"post": [0.19, 0.76, -2.48],
							"lerp_mode": "catmullrom"
						},
						"2.8": {
							"post": [0.19, 0.76, -2.78],
							"lerp_mode": "catmullrom"
						},
						"2.8667": {
							"post": [0.19, 0.76, -3.13],
							"lerp_mode": "catmullrom"
						},
						"3.0": {
							"post": [0.19, 0.76, -2.655],
							"lerp_mode": "catmullrom"
						},
						"3.1333": {
							"post": [0.19, 0.76, -3.05],
							"lerp_mode": "catmullrom"
						},
						"3.2667": {
							"post": [0.19, 0.76, -2.75],
							"lerp_mode": "catmullrom"
						},
						"3.3": {
							"post": [0.19, 0.76, -3.1],
							"lerp_mode": "catmullrom"
						},
						"3.4": {
							"post": [0.19, 0.735, -3.1],
							"lerp_mode": "catmullrom"
						},
						"3.5333": {
							"post": [0.19, 0.765, -2.775],
							"lerp_mode": "catmullrom"
						},
						"3.6667": {
							"post": [0.19, 0.77, -2.67],
							"lerp_mode": "catmullrom"
						},
						"3.8": {
							"post": [-0.62, -1.185, -3.09],
							"lerp_mode": "catmullrom"
						},
						"4.0": {
							"post": [-1.83, -2.44, -3.73],
							"lerp_mode": "catmullrom"
						},
						"4.1": {
							"post": [-1.83, -1.945, -3.13],
							"lerp_mode": "catmullrom"
						},
						"4.2": {
							"post": [-1.83, -1.9, -3.13],
							"lerp_mode": "catmullrom"
						},
						"4.2667": {
							"post": [-1.83, -2.025, -3.33],
							"lerp_mode": "catmullrom"
						},
						"4.3": {
							"post": [-1.955, -2.12, -3.13],
							"lerp_mode": "catmullrom"
						},
						"4.3667": {
							"post": [-1.9, -2.295, -2.78],
							"lerp_mode": "catmullrom"
						},
						"4.4667": {
							"post": [-1.975, -1.97, -3.155],
							"lerp_mode": "catmullrom"
						},
						"4.6333": {
							"post": [-2.045, -2.145, -3.075],
							"lerp_mode": "catmullrom"
						},
						"4.7": {
							"post": [-2.04, -2.14, -3.07],
							"lerp_mode": "catmullrom"
						},
						"4.8": {
							"post": [-2.04, -2.915, -3.07],
							"lerp_mode": "catmullrom"
						},
						"4.9": {
							"post": [-1.3, -2.53, -2.36],
							"lerp_mode": "catmullrom"
						},
						"5.0": {
							"post": [-0.29, -0.07, -3.07],
							"lerp_mode": "catmullrom"
						},
						"5.0667": {
							"post": [0.01, 0.53, -2.775],
							"lerp_mode": "catmullrom"
						},
						"5.1333": {
							"post": [0.19, 0.755, -2.76],
							"lerp_mode": "catmullrom"
						},
						"5.2667": {
							"post": [0.16, 0.84, -2.23],
							"lerp_mode": "catmullrom"
						},
						"5.3333": {
							"post": [0.14, 0.86, -1.935],
							"lerp_mode": "catmullrom"
						},
						"5.5333": {
							"post": [0.14, 0.84, -2.17],
							"lerp_mode": "catmullrom"
						},
						"5.7": {
							"post": [0.14, 0.81, -2.115],
							"lerp_mode": "catmullrom"
						},
						"6.2667": {
							"post": [0.14, 0.735, -2.11],
							"lerp_mode": "catmullrom"
						},
						"6.5": {
							"post": [-0.48, -0.53, -2.145],
							"lerp_mode": "catmullrom"
						},
						"6.6333": {
							"post": [-0.095, -0.32, -1.39],
							"lerp_mode": "catmullrom"
						},
						"6.7333": {
							"post": [0, -0.075, 0.225],
							"lerp_mode": "catmullrom"
						},
						"6.8333": {
							"post": [0, 0, -0.175],
							"lerp_mode": "catmullrom"
						},
						"6.9": {
							"post": [0, 0.01, -0.07],
							"lerp_mode": "catmullrom"
						},
						"7.0": {
							"post": [0, 0, 0],
							"lerp_mode": "catmullrom"
						},
						"7.1667": {
							"post": [0, 0, 0],
							"lerp_mode": "catmullrom"
						}
					}
				},
				"mag_and_lefthand": {
					"rotation": {
						"0.0": [0, 0, 0],
						"0.1333": [0, 0, 0],
						"0.7333": [0, 0, 0],
						"0.8333": {
							"pre": [0, 0, 0],
							"post": [0, 0, 0],
							"lerp_mode": "catmullrom"
						},
						"0.9667": {
							"post": [-1, 0, -0.75],
							"lerp_mode": "catmullrom"
						},
						"1.0": {
							"post": [-0.99966, 0.02618, 0.74977],
							"lerp_mode": "catmullrom"
						},
						"1.0667": {
							"post": [-0.96924, 0.24614, 13.49792],
							"lerp_mode": "catmullrom"
						},
						"1.1333": {
							"post": [-0.80735, 0.58977, 35.39585],
							"lerp_mode": "catmullrom"
						},
						"1.3": {
							"post": [-0.95883, 0.284, 15.74762],
							"lerp_mode": "catmullrom"
						},
						"1.4667": {
							"post": [-0.97338, 0.22919, 12.49805],
							"lerp_mode": "catmullrom"
						},
						"1.6667": {
							"post": [-1.97135, 0.23767, 12.99799],
							"lerp_mode": "catmullrom"
						},
						"2.0": {
							"post": [-1.98048, 0.14284, 10.24961],
							"lerp_mode": "catmullrom"
						},
						"2.2667": {
							"post": [-39.47318, -55.00013, -32.45527],
							"lerp_mode": "catmullrom"
						},
						"2.5333": {
							"post": [-39.47, -55, -32.46],
							"lerp_mode": "catmullrom"
						},
						"2.7": {
							"post": [-38.12287, -62.19202, -46.5862],
							"lerp_mode": "catmullrom"
						},
						"2.7667": {
							"post": [26.73905, -65.73597, -117.09161],
							"lerp_mode": "catmullrom"
						},
						"2.8667": {
							"post": [-20.61605, -66.91426, -65.92393],
							"lerp_mode": "catmullrom"
						},
						"3.0": {
							"post": [23.15668, -66.47452, -113.17375],
							"lerp_mode": "catmullrom"
						},
						"3.0667": {
							"post": [-12.54227, -67.91572, -74.66548],
							"lerp_mode": "catmullrom"
						},
						"3.1333": {
							"post": [-40.28348, -61.24371, -44.13287],
							"lerp_mode": "catmullrom"
						},
						"3.2667": [-16.67146, -67.47407, -70.20269],
						"3.3": [-35.80615, -63.09422, -49.19447],
						"3.6667": [-35.80615, -63.09422, -49.19447],
						"3.8333": {
							"pre": [11.90002, 11.53941, -16.83589],
							"post": [11.90002, 11.53941, -16.83589],
							"lerp_mode": "catmullrom"
						},
						"3.9667": {
							"post": [-0.3217, -0.77064, -43.12713],
							"lerp_mode": "catmullrom"
						},
						"4.0333": {
							"post": [-0.52512, -0.66121, -54.99182],
							"lerp_mode": "catmullrom"
						},
						"4.1667": {
							"post": [-1.55108, -0.49825, -23.58791],
							"lerp_mode": "catmullrom"
						},
						"4.2667": {
							"post": [-1.82278, -0.78762, -17.2354],
							"lerp_mode": "catmullrom"
						},
						"4.3333": {
							"post": [0, 0, 0],
							"lerp_mode": "catmullrom"
						},
						"4.4": {
							"post": [0, 0, 2.5],
							"lerp_mode": "catmullrom"
						},
						"4.4333": {
							"post": [0, 0, 1.75],
							"lerp_mode": "catmullrom"
						},
						"4.4667": {
							"post": [0, 0, 0],
							"lerp_mode": "catmullrom"
						},
						"4.5667": {
							"post": [0, 0, 0],
							"lerp_mode": "catmullrom"
						}
					},
					"position": {
						"0.7333": [0, 0, 0],
						"0.8333": {
							"pre": [0, 0, 0],
							"post": [0, 0, 0],
							"lerp_mode": "catmullrom"
						},
						"0.9667": {
							"post": [-0.025, -0.7, 0],
							"lerp_mode": "catmullrom"
						},
						"1.0": {
							"post": [-0.02, -3.125, 0],
							"lerp_mode": "catmullrom"
						},
						"1.1333": {
							"post": [1.55, -5.62, 0],
							"lerp_mode": "catmullrom"
						},
						"1.3": {
							"post": [5.13, -4.2, 2.75],
							"lerp_mode": "catmullrom"
						},
						"1.4667": {
							"post": [5.13, -4.2, 2.825],
							"lerp_mode": "catmullrom"
						},
						"1.6667": {
							"post": [5.155, -4.3, 2.83],
							"lerp_mode": "catmullrom"
						},
						"1.8667": {
							"post": [5.16, -4.35, 2.83],
							"lerp_mode": "catmullrom"
						},
						"2.0": {
							"post": [5.16, -4.35, 2.83],
							"lerp_mode": "catmullrom"
						},
						"2.2667": {
							"post": [-0.46615, 4.98731, 7.09114],
							"lerp_mode": "catmullrom"
						},
						"2.5333": {
							"post": [-0.47, 4.99, 7.09],
							"lerp_mode": "catmullrom"
						},
						"2.7": {
							"post": [-0.47, 4.99, 9.54],
							"lerp_mode": "catmullrom"
						},
						"2.7667": {
							"post": [-0.47, 4.99, 9.965],
							"lerp_mode": "catmullrom"
						},
						"2.8": {
							"post": [-0.47, 4.99, 7.495],
							"lerp_mode": "catmullrom"
						},
						"3.0": {
							"post": [-0.47, 4.99, 9.875],
							"lerp_mode": "catmullrom"
						},
						"3.0667": {
							"post": [-0.47, 4.99, 10.58],
							"lerp_mode": "catmullrom"
						},
						"3.1333": {
							"post": [-0.47, 4.99, 7.855],
							"lerp_mode": "catmullrom"
						},
						"3.2667": [-0.47, 4.99, 10.435],
						"3.3333": [-0.47, 4.99, 7.74],
						"3.6667": [-0.47, 4.99, 7.74],
						"4.0": {
							"pre": [2.335, -6.045, 0.43],
							"post": [2.335, -6.045, 0.43],
							"lerp_mode": "catmullrom"
						},
						"4.1667": {
							"post": [1.74, -3.265, -0.02],
							"lerp_mode": "catmullrom"
						},
						"4.2667": {
							"post": [2.19, -3.26, -0.02],
							"lerp_mode": "catmullrom"
						},
						"4.3333": {
							"post": [0, -3, 0],
							"lerp_mode": "catmullrom"
						},
						"4.4": {
							"post": [0, -2.8, 0],
							"lerp_mode": "catmullrom"
						},
						"4.4333": {
							"post": [0.05, -2.8, 0],
							"lerp_mode": "catmullrom"
						},
						"4.4667": {
							"post": [0, 0, 0],
							"lerp_mode": "catmullrom"
						},
						"4.5": {
							"post": [0, -0.1, 0],
							"lerp_mode": "catmullrom"
						},
						"4.5667": {
							"post": [0, 0, 0],
							"lerp_mode": "catmullrom"
						}
					}
				},
				"m4a1_pull": {
					"rotation": {
						"5.1333": [0, 0, 0],
						"5.4": [0, 0, 0]
					},
					"position": {
						"2.6": [0, 0, 0],
						"2.7333": [0, 0, 2.875],
						"2.8": [0, 0, 0],
						"2.8667": [0, 0, 0],
						"3.0": [0, 0, 2.875],
						"3.0667": [0, 0, 0],
						"3.1333": [0, 0, 0],
						"3.2667": [0, 0, 2.875],
						"3.3333": [0, 0, 0],
						"5.1333": [0, 0, 0],
						"5.3333": [0, 0, 3.375],
						"5.4": [0, 0, 0]
					}
				},
				"mag_release": {
					"position": {
						"0.7333": [0, 0, 0],
						"0.9333": [0.3, 0, 0],
						"1.1333": [0.3, 0, 0],
						"1.3": [0, 0, 0],
						"4.2": [0, 0, 0],
						"4.3667": [0.225, 0, 0],
						"4.5333": [0, 0, 0]
					}
				},
				"camera": {
					"rotation": {
						"0.0": {
							"post": [0, 0, 0],
							"lerp_mode": "catmullrom"
						},
						"0.1": {
							"post": [-0.3, -0.075, -0.325],
							"lerp_mode": "catmullrom"
						},
						"0.2667": {
							"post": [0.255, 0.01, 0.335],
							"lerp_mode": "catmullrom"
						},
						"0.5333": {
							"post": [0, 0, 0],
							"lerp_mode": "catmullrom"
						},
						"0.6333": {
							"post": [0.225, -0.2, -0.275],
							"lerp_mode": "catmullrom"
						},
						"0.7667": {
							"post": [-0.6, 0, 0.095],
							"lerp_mode": "catmullrom"
						},
						"0.9": {
							"post": [0, 0.15, 0.39],
							"lerp_mode": "catmullrom"
						},
						"1.0333": {
							"post": [0.4, 0, 0.34],
							"lerp_mode": "catmullrom"
						},
						"1.1": {
							"post": [0.1, -0.15, -0.085],
							"lerp_mode": "catmullrom"
						},
						"1.1667": {
							"post": [0.175, 0.45, -0.465],
							"lerp_mode": "catmullrom"
						},
						"1.2333": {
							"post": [-0.175, -0.125, -0.535],
							"lerp_mode": "catmullrom"
						},
						"1.3333": {
							"post": [0.1, 0.025, -0.455],
							"lerp_mode": "catmullrom"
						},
						"1.4333": {
							"post": [0.175, -0.05, -0.3],
							"lerp_mode": "catmullrom"
						},
						"1.7": {
							"post": [0.35, 0.125, 0],
							"lerp_mode": "catmullrom"
						},
						"1.9": {
							"post": [0.18, 0.265, 0.095],
							"lerp_mode": "catmullrom"
						},
						"2.1": {
							"post": [0.18, 0.13, -0.38],
							"lerp_mode": "catmullrom"
						},
						"2.1333": {
							"post": [0.18, 0.13, -0.15],
							"lerp_mode": "catmullrom"
						},
						"2.3333": {
							"post": [0.405, 0.13, -0.45],
							"lerp_mode": "catmullrom"
						},
						"2.4667": {
							"post": [0.18, -0.02, -0.275],
							"lerp_mode": "catmullrom"
						},
						"2.7": {
							"post": [0.18, 0.405, -0.955],
							"lerp_mode": "catmullrom"
						},
						"2.7667": {
							"post": [0.03, 0.13, -0.525],
							"lerp_mode": "catmullrom"
						},
						"2.8667": {
							"post": [0.18, 0.03, -0.695],
							"lerp_mode": "catmullrom"
						},
						"2.9667": {
							"post": [0.18, 0.13, -0.59],
							"lerp_mode": "catmullrom"
						},
						"3.1": {
							"post": [0.305, 0.255, -0.515],
							"lerp_mode": "catmullrom"
						},
						"3.2": {
							"post": [0.18, 0.13, -0.935],
							"lerp_mode": "catmullrom"
						},
						"3.3667": {
							"post": [0.105, -0.07, -0.505],
							"lerp_mode": "catmullrom"
						},
						"3.5667": {
							"post": [0.18, 0.13, -0.4],
							"lerp_mode": "catmullrom"
						},
						"3.9333": {
							"post": [0.18, 0.13, 0.325],
							"lerp_mode": "catmullrom"
						},
						"4.1": {
							"post": [0, 0, 0.08],
							"lerp_mode": "catmullrom"
						},
						"4.1333": {
							"post": [-0.125, -0.175, -0.145],
							"lerp_mode": "catmullrom"
						},
						"4.2333": {
							"post": [0, -0.46, -0.17],
							"lerp_mode": "catmullrom"
						},
						"4.2667": {
							"post": [0.175, 0.605, -0.345],
							"lerp_mode": "catmullrom"
						},
						"4.3333": {
							"post": [0.225, -0.065, 0.38],
							"lerp_mode": "catmullrom"
						},
						"4.4": {
							"post": [0.175, -0.37, -0.07],
							"lerp_mode": "catmullrom"
						},
						"4.5": {
							"post": [-0.275, -0.27, 0.255],
							"lerp_mode": "catmullrom"
						},
						"4.6": {
							"post": [0, -0.12, 0.08],
							"lerp_mode": "catmullrom"
						},
						"4.7667": {
							"post": [0.2, 0.055, -0.02],
							"lerp_mode": "catmullrom"
						},
						"4.9333": {
							"post": [0, -0.42, -0.295],
							"lerp_mode": "catmullrom"
						},
						"5.1667": {
							"post": [-0.15, -1.045, -0.425],
							"lerp_mode": "catmullrom"
						},
						"5.2333": {
							"post": [-0.025, -1.385, -0.84],
							"lerp_mode": "catmullrom"
						},
						"5.2667": {
							"post": [-0.3, -0.75, 0.01],
							"lerp_mode": "catmullrom"
						},
						"5.3333": {
							"post": [0.3, -0.92, -0.415],
							"lerp_mode": "catmullrom"
						},
						"5.4333": {
							"post": [0, -1.09, -0.305],
							"lerp_mode": "catmullrom"
						},
						"5.6667": {
							"post": [0.1, -0.76, -0.305],
							"lerp_mode": "catmullrom"
						},
						"5.8333": {
							"post": [0.15, -0.585, -0.155],
							"lerp_mode": "catmullrom"
						},
						"6.2": {
							"post": [-0.04, -0.195, -0.06],
							"lerp_mode": "catmullrom"
						},
						"6.4": {
							"post": [-0.14, 0.055, 0.115],
							"lerp_mode": "catmullrom"
						},
						"6.6333": {
							"post": [0.21, 0.005, -0.055],
							"lerp_mode": "catmullrom"
						},
						"6.7": {
							"post": [-0.035, -0.085, -0.02],
							"lerp_mode": "catmullrom"
						},
						"6.8333": {
							"post": [-0.125, 0.1, 0.025],
							"lerp_mode": "catmullrom"
						},
						"7.0": {
							"post": [-0.01, -0.01, -0.005],
							"lerp_mode": "catmullrom"
						},
						"7.1333": {
							"post": [0, 0, 0],
							"lerp_mode": "catmullrom"
						}
					}
				},
				"mag_and_bullet": {
					"rotation": {
						"1.8333": [0, 0, 0],
						"2.1": [-40.25, 0, 0],
						"2.2667": [-127.75, 0, 0],
						"3.7": [-127.75, 0, 0],
						"3.9": [0, 0, 0]
					},
					"position": {
						"1.8333": [0, 0, 0],
						"2.2667": [1.325, -2.85, 0],
						"3.7": [1.325, -2.85, 0],
						"3.9": [0, 0, 0]
					}
				},
				"bullet": {
					"scale": 0
				},
				"bullet_in_mag": {
					"scale": 0
				},
				"bullet_in_barrel": {
					"scale": 0
				},
				"bolt": {
					"position": {
						"0.0": [0, 0, 4.2],
						"2.6": [0, 0, 4.2],
						"2.7333": [0, 0, 1.525],
						"2.7667": [0, 0, -0.595],
						"2.8": [0, 0, 0],
						"2.8667": [0, 0, 0],
						"2.9667": [0, 0, 3],
						"3.0667": [0, 0, 0],
						"3.1": [0, 0, 0],
						"3.1333": [0, 0, 0],
						"3.2667": [0, 0, 2],
						"3.3667": [0, 0, 0],
						"5.3": [0, 0, 0],
						"5.3667": [0, 0, 4.2]
					}
				},
				"bolt_release": {
					"rotation": {
						"0.0": [0, 0, 7.5],
						"1.3333": [0, 0, 7.5]
					}
				}
			},
			"sound_effects": {
				"0.0333": {
					"effect": "1"
				},
				"2.2": {
					"effect": "2"
				},
				"4.9667": {
					"effect": "3"
				}
			}
		},
		"draw": {
			"animation_length": 0.7333,
			"bones": {
				"root": {
					"rotation": {
						"0.0": {
							"post": [0.811, -32.64455, 33.95463],
							"lerp_mode": "catmullrom"
						},
						"0.1": {
							"post": [5.88301, -29.75023, 5.08656],
							"lerp_mode": "catmullrom"
						},
						"0.2667": {
							"post": [0.28514, -4.44535, -0.52252],
							"lerp_mode": "catmullrom"
						},
						"0.3667": {
							"post": [-0.8526, -0.39013, -4.13439],
							"lerp_mode": "catmullrom"
						},
						"0.4333": {
							"post": [-0.01, -0.435, -0.76],
							"lerp_mode": "catmullrom"
						},
						"0.5": {
							"post": [1.01337, -0.38036, -1.29904],
							"lerp_mode": "catmullrom"
						},
						"0.6333": {
							"post": [0, 0.25, -1.25],
							"lerp_mode": "catmullrom"
						},
						"0.7333": {
							"post": [0, 0, 0],
							"lerp_mode": "catmullrom"
						}
					},
					"position": {
						"0.0": {
							"post": [-3.18, -5.58, 13.525],
							"lerp_mode": "catmullrom"
						},
						"0.1": {
							"post": [-0.9, -2.45, 2.7],
							"lerp_mode": "catmullrom"
						},
						"0.2333": {
							"post": [-0.25, -0.9425, -1.14],
							"lerp_mode": "catmullrom"
						},
						"0.3": {
							"post": [-0.03, -0.3025, -0.8],
							"lerp_mode": "catmullrom"
						},
						"0.4": {
							"post": [-0.03, -0.1475, -0.145],
							"lerp_mode": "catmullrom"
						},
						"0.5": {
							"post": [-0.01, -0.2, 0.065],
							"lerp_mode": "catmullrom"
						},
						"0.5667": {
							"post": [0, -0.08125, 0],
							"lerp_mode": "catmullrom"
						},
						"0.7333": {
							"post": [0, 0, 0],
							"lerp_mode": "catmullrom"
						}
					}
				},
				"lefthand": {
					"rotation": [90.58079, -29.88575, -133.95071],
					"position": [8.06875, -11.62, -13.095],
					"scale": [1, 1.5, 1]
				},
				"righthand": {
					"rotation": {
						"0.0": {
							"post": [96.07424, 8.95029, -179.05152],
							"lerp_mode": "catmullrom"
						}
					},
					"position": {
						"0.0": {
							"post": [-6.2, -13.725, -1.075],
							"lerp_mode": "catmullrom"
						}
					},
					"scale": {
						"0.0": {
							"post": [1, 1.5, 1],
							"lerp_mode": "catmullrom"
						}
					}
				},
				"camera": {
					"rotation": {
						"0.0": {
							"post": [0, 0, 0],
							"lerp_mode": "catmullrom"
						},
						"0.1667": {
							"post": [0.45, -0.175, 0.6],
							"lerp_mode": "catmullrom"
						},
						"0.4": {
							"post": [-0.1, 0.05, -0.175],
							"lerp_mode": "catmullrom"
						},
						"0.5": {
							"post": [0.05, 0, 0.05],
							"lerp_mode": "catmullrom"
						},
						"0.6667": {
							"post": [0, 0, 0],
							"lerp_mode": "catmullrom"
						}
					}
				},
				"constraint": {
					"rotation": [0.2, 0.2, 0.2]
				}
			},
			"sound_effects": {
				"0.0667": {
					"effect": "tacz:scar_h/p05_ar_schotel_reload_raise"
				}
			}
		},
		"put_away": {
			"animation_length": 0.5333,
			"bones": {
				"root": {
					"rotation": {
						"0.0": {
							"post": [0, 0, 0],
							"lerp_mode": "catmullrom"
						},
						"0.1": {
							"post": [-0.51171, -3.6801, -4.19401],
							"lerp_mode": "catmullrom"
						},
						"0.2333": {
							"post": [4.36882, -11.73179, -10.29382],
							"lerp_mode": "catmullrom"
						},
						"0.3333": {
							"post": [11.60471, -21.56305, -3.66288],
							"lerp_mode": "catmullrom"
						},
						"0.4333": {
							"post": [16.97, -33.62, 3.38],
							"lerp_mode": "catmullrom"
						},
						"0.5333": {
							"post": [34.73, -44.04, -3.09],
							"lerp_mode": "catmullrom"
						}
					},
					"position": {
						"0.0": {
							"post": [0, 0, 0],
							"lerp_mode": "catmullrom"
						},
						"0.1": {
							"post": [0, -0.49, -0.02],
							"lerp_mode": "catmullrom"
						},
						"0.2333": {
							"post": [-0.52, -1.47, -0.56],
							"lerp_mode": "catmullrom"
						},
						"0.3333": {
							"post": [-0.36, -2.92, -0.84],
							"lerp_mode": "catmullrom"
						},
						"0.4333": {
							"post": [0.13, -5.86, -0.16],
							"lerp_mode": "catmullrom"
						},
						"0.5333": {
							"post": [1.72, -9.68, 0.16],
							"lerp_mode": "catmullrom"
						}
					}
				},
				"lefthand": {
					"rotation": {
						"0.0": {
							"post": [90.58079, -29.88575, -133.95071],
							"lerp_mode": "catmullrom"
						},
						"0.1333": {
							"post": [126, -15.78, -177.26],
							"lerp_mode": "catmullrom"
						},
						"0.2667": {
							"post": [168.76095, 1.2363, -229.54249],
							"lerp_mode": "catmullrom"
						}
					},
					"position": {
						"0.0": {
							"post": [8.06875, -11.62, -13.095],
							"lerp_mode": "catmullrom"
						},
						"0.1333": {
							"post": [9.23, -9.89, -13.38],
							"lerp_mode": "catmullrom"
						},
						"0.2667": {
							"post": [5.88896, -7.80211, -13.72149],
							"lerp_mode": "catmullrom"
						}
					},
					"scale": {
						"0.0": {
							"post": [1, 1.5, 1],
							"lerp_mode": "catmullrom"
						}
					}
				},
				"righthand": {
					"rotation": {
						"0.0": {
							"post": [96.07424, 8.95029, -179.05152],
							"lerp_mode": "catmullrom"
						}
					},
					"position": {
						"0.0": {
							"post": [-6.2, -13.725, -1.075],
							"lerp_mode": "catmullrom"
						}
					},
					"scale": {
						"0.0": {
							"post": [1, 1.5, 1],
							"lerp_mode": "catmullrom"
						}
					}
				},
				"camera": {
					"rotation": {
						"0.0": {
							"post": [0, 0, 0],
							"lerp_mode": "catmullrom"
						},
						"0.1333": {
							"post": [0.35, 0.025, -0.225],
							"lerp_mode": "catmullrom"
						},
						"0.3": {
							"post": [0.1, 0.025, 0.075],
							"lerp_mode": "catmullrom"
						},
						"0.4333": {
							"post": [0, 0, 0],
							"lerp_mode": "catmullrom"
						}
					}
				},
				"constraint": {
					"rotation": [0.2, 0.2, 0.2]
				}
			},
			"sound_effects": {
				"0.0333": {
					"effect": "tacz:scar_h/p05_ar_schotel_ubgl_drop_rattle"
				}
			}
		},
		"shoot": {
			"loop": true,
			"animation_length": 0.5667,
			"bones": {
				"root": {
					"rotation": {
						"0.0": [0, 0, 0],
						"0.0167": [-1.75, 0, -1.12],
						"0.0333": [-1.82, 0, 0.15],
						"0.05": [-1.47, 0, 1.3],
						"0.0667": [-1.2, 0, 1.11],
						"0.0833": [-0.84, 0, 0.62],
						"0.1": [-0.44, 0, 0],
						"0.1167": [-0.09, 0, -0.54],
						"0.1333": [0.13, 0, -0.81],
						"0.15": [0.17, 0, -0.54],
						"0.1667": [0, 0, 0.11],
						"0.1833": [-0.12, 0, 0.48],
						"0.2": [-0.12, 0, 0.3],
						"0.2167": [-0.09, 0, -0.12],
						"0.2333": [-0.04, 0, -0.54],
						"0.25": [0.02, 0, -0.76],
						"0.2667": [0.06, 0, -0.72],
						"0.2833": [0.11, 0, -0.58],
						"0.3": [0.17, 0, -0.38],
						"0.3167": [0.22, 0, -0.16],
						"0.3333": [0.27, 0, 0.04],
						"0.35": [0.3, 0, 0.18],
						"0.3667": [0.31, -0.01, 0.24],
						"0.3833": [0.32, -0.01, 0.28],
						"0.4": [0.31, -0.03, 0.3],
						"0.4167": [0.3, -0.04, 0.3],
						"0.4333": [0.29, -0.05, 0.3],
						"0.45": [0.27, -0.05, 0.29],
						"0.4667": [0.25, -0.05, 0.27],
						"0.4833": [0.22, -0.05, 0.25],
						"0.5": [0.17, -0.04, 0.2],
						"0.5167": [0.12, -0.03, 0.14],
						"0.5333": [0.07, -0.02, 0.09],
						"0.55": [0.03, -0.01, 0.03],
						"0.5667": [0, 0, 0]
					},
					"position": {
						"0.0": [0, 0, 0],
						"0.0167": [0, -0.07, 1.55],
						"0.0333": [0, -0.07, 1.59],
						"0.05": [0, -0.07, 1.56],
						"0.0667": [0, -0.06, 1.47],
						"0.0833": [0, -0.05, 1.34],
						"0.1": [0, -0.05, 1.19],
						"0.1167": [0, -0.05, 1.04],
						"0.1333": [0, -0.08, 0.77],
						"0.15": [0, -0.11, 0.43],
						"0.1667": [0, -0.14, 0.11],
						"0.1833": [0, -0.15, -0.1],
						"0.2": [0, -0.15, -0.14],
						"0.2167": [0, -0.14, -0.14],
						"0.2333": [0, -0.13, -0.11],
						"0.25": [0, -0.12, -0.06],
						"0.2667": [0, -0.1, -0.01],
						"0.2833": [0, -0.09, 0.03],
						"0.3": [0, -0.07, 0.06],
						"0.3167": [0, -0.06, 0.06],
						"0.3333": [0, -0.05, 0.05],
						"0.35": [0, -0.04, 0.04],
						"0.3667": [0, -0.03, 0.03],
						"0.3833": [0, -0.02, 0.02],
						"0.4": [0, -0.01, 0.01],
						"0.4167": [0, 0, 0],
						"0.4333": [0, 0, 0],
						"0.45": [0, 0.01, 0],
						"0.4667": [0, 0.01, 0],
						"0.4833": [0, 0.01, 0],
						"0.5": [0, 0, 0],
						"0.5167": [0, 0, 0],
						"0.5333": [0, 0, 0],
						"0.55": [0, 0, 0],
						"0.5667": [0, 0, 0]
					}
				},
				"lefthand": {
					"rotation": {
						"0.0": {
							"post": [3.09865, -6.65482, -4.64495],
							"lerp_mode": "catmullrom"
						},
						"0.0167": {
							"post": [0.90051, 1.3272, 1.2827],
							"lerp_mode": "catmullrom"
						},
						"0.0333": {
							"post": [0, 0, 0],
							"lerp_mode": "catmullrom"
						}
					}
				},
				"constraint": {
					"rotation": {
						"0.15": [0.3, 0.3, 0.3],
						"0.2333": [0.1, 0.1, 0.1],
						"0.3333": [0, 0, 0]
					},
					"position": {
						"0.15": [0.15, 0.05, 0.4],
						"0.2333": [0.1, 0, 0.1],
						"0.3333": [0, 0, 0]
					}
				},
				"bolt": {
					"position": {
						"0.0": {
							"post": [0, 0, 0],
							"lerp_mode": "catmullrom"
						},
						"0.0167": [0, 0, 4],
						"0.05": {
							"pre": [0, 0, 3],
							"post": [0, 0, 3],
							"lerp_mode": "catmullrom"
						},
						"0.0833": {
							"post": [0, 0, 0],
							"lerp_mode": "catmullrom"
						}
					}
				},
				"camera": {
					"rotation": {
						"0.0": {
							"post": [0, 0, 0],
							"lerp_mode": "catmullrom"
						},
						"0.0167": {
							"post": [-0.35, -0.275, -0.15],
							"lerp_mode": "catmullrom"
						},
						"0.0833": {
							"post": [0.125, 0.375, 0.42],
							"lerp_mode": "catmullrom"
						},
						"0.2": {
							"post": [-0.125, 0, -0.15],
							"lerp_mode": "catmullrom"
						},
						"0.3167": {
							"post": [0.05, 0, -0.1],
							"lerp_mode": "catmullrom"
						},
						"0.45": [0, 0, 0],
						"0.55": [0, 0, 0]
					}
				}
			}
		},
		"static_bolt_caught": {
			"loop": true,
			"bones": {
				"mag_and_lh": {
					"rotation": [0, 0, 0],
					"position": [0, 0, 0]
				},
				"bone18": {
					"rotation": [0, 0, 7.5],
					"position": [0.1, 0, 0]
				},
				"root": {
					"rotation": [0, 0, 0],
					"position": [0, 0, 0]
				},
				"constraint": {
					"rotation": [0.2, 0.2, 0.2],
					"position": [0.2, 0.1, 0.3]
				},
				"bolt": {
					"position": [0, 0, 4.5]
				},
				"camera": {
					"rotation": [0, 0, 0],
					"position": [0, 0, 0]
				},
				"bolt_release": {
					"rotation": [0, 0, 7.5]
				}
			}
		}
	}
}