{
	"format_version": "1.8.0",
	"animations": {
		"static_idle": {
			"loop": true,
			"bones": {
				"lefthand": {
					"rotation": [146.71783, 7.17446, 144.76991],
					"position": [6.55, -10.2, -10.7],
					"scale": [1, 1.5, 1]
				},
				"righthand": {
					"rotation": [108.13412, -337.97612, -175.38792],
					"position": [-6.25, -10.7, -4.05],
					"scale": [1, 1.5, 1]
				},
				"root": {
					"rotation": [0, 0, 0],
					"position": [0, 0, 0]
				},
				"constraint": {
					"rotation": [0.2, 0.2, 0.2]
				}
			}
		},
		"reload_tactical": {
			"animation_length": 2.0667,
			"bones": {
				"lefthand": {
					"rotation": {
						"0.0": [146.71783, 7.17446, 144.76991],
						"0.2667": [106.53635, -2.52341, 168.05383],
						"1.2667": [106.54, -2.52, 168.05],
						"1.4": [150.83361, -15.0447, 130.78084],
						"1.4333": [171.01983, 44.72, 90.65212],
						"1.5333": [165.62188, 28.35346, 163.87448],
						"1.6": [146.71783, 7.17446, 144.76991],
						"1.6667": [146.33807, -0.78707, 143.14497],
						"1.7333": [146.71783, 7.17446, 144.76991]
					},
					"position": {
						"0.0": [6.55, -10.2, -10.7],
						"0.2667": [6.55, -13.2, -3.85],
						"1.2667": [6.55, -13.2, -3.85],
						"1.4": [10.1, -21.225, 1.6],
						"1.6": [6.55, -10.2, -10.7],
						"1.7333": [6.55, -10.2, -10.7]
					},
					"scale": [1, 1.5, 1]
				},
				"righthand": {
					"rotation": [108.13412, -337.97612, -175.38792],
					"position": {
						"0.0": [-6.25, -10.7, -4.05],
						"0.3333": [-7.43902, -10.17626, -3.79009],
						"1.4": [-7.43902, -10.17626, -3.79009],
						"1.5333": [-6.25, -10.7, -4.05]
					},
					"scale": [1, 1.5, 1]
				},
				"root": {
					"rotation": {
						"0.0": {
							"post": [0, 0, 0],
							"lerp_mode": "catmullrom"
						},
						"0.0333": {
							"post": [-1.72, -0.36, 1.735],
							"lerp_mode": "catmullrom"
						},
						"0.1": {
							"post": [-5.16415, -1.08716, 14.58769],
							"lerp_mode": "catmullrom"
						},
						"0.2": {
							"post": [-19.58, -19.175, 3.285],
							"lerp_mode": "catmullrom"
						},
						"0.3": {
							"post": [-23.03, -23.24, -14.995],
							"lerp_mode": "catmullrom"
						},
						"0.3333": {
							"post": [-23.53, -20.62, -16.505],
							"lerp_mode": "catmullrom"
						},
						"0.3667": {
							"post": [-24.0341, -13.70259, -12.51619],
							"lerp_mode": "catmullrom"
						},
						"0.4333": {
							"post": [-24.35, -18.625, -17.465],
							"lerp_mode": "catmullrom"
						},
						"0.5": {
							"post": [-24.03, -21.6, -20.015],
							"lerp_mode": "catmullrom"
						},
						"0.5333": {
							"post": [-24.03, -19.25, -20.61],
							"lerp_mode": "catmullrom"
						},
						"0.5667": {
							"post": [-24.87596, -22.00407, -23.52954],
							"lerp_mode": "catmullrom"
						},
						"0.6": {
							"post": [-19.8476, -14.85342, -18.84592],
							"lerp_mode": "catmullrom"
						},
						"0.6333": {
							"post": [-20.74, -16.73, -21.4],
							"lerp_mode": "catmullrom"
						},
						"0.6667": {
							"post": [-22.69377, -14.75616, -20.98409],
							"lerp_mode": "catmullrom"
						},
						"0.8": {
							"post": [-26.11239, -24.41397, -23.69303],
							"lerp_mode": "catmullrom"
						},
						"0.8667": {
							"post": [-24.84579, -25.70483, -26.68267],
							"lerp_mode": "catmullrom"
						},
						"0.9": {
							"post": [-24.09579, -25.70483, -26.68267],
							"lerp_mode": "catmullrom"
						},
						"0.9333": {
							"post": [-23.72357, -24.342, -23.42637],
							"lerp_mode": "catmullrom"
						},
						"1.0": {
							"post": [-25.58321, -22.4864, -22.42473],
							"lerp_mode": "catmullrom"
						},
						"1.0667": {
							"post": [-22.98492, -25.03579, -25.19464],
							"lerp_mode": "catmullrom"
						},
						"1.1": {
							"post": [-12.58, -26.865, -30.3],
							"lerp_mode": "catmullrom"
						},
						"1.1667": {
							"post": [-14.23713, -23.73619, -33.68675],
							"lerp_mode": "catmullrom"
						},
						"1.2333": {
							"post": [-24.03165, -25.48841, -22.67455],
							"lerp_mode": "catmullrom"
						},
						"1.3333": {
							"post": [-20.83176, -21.07199, -26.86148],
							"lerp_mode": "catmullrom"
						},
						"1.4": {
							"post": [-11.44408, -17.45066, -23.76545],
							"lerp_mode": "catmullrom"
						},
						"1.4667": {
							"post": [-4.31041, -7.62192, 2.0771],
							"lerp_mode": "catmullrom"
						},
						"1.5667": {
							"post": [-1.26197, -3.50433, 8.5534],
							"lerp_mode": "catmullrom"
						},
						"1.6": {
							"post": [-0.85947, -2.18594, 5.55772],
							"lerp_mode": "catmullrom"
						},
						"1.6667": {
							"post": [-0.25361, 0.07904, -0.77458],
							"lerp_mode": "catmullrom"
						},
						"1.7": {
							"post": [0, -1.45, -2.9],
							"lerp_mode": "catmullrom"
						},
						"1.7667": {
							"post": [-0.5, 1.22717, -0.72719],
							"lerp_mode": "catmullrom"
						},
						"1.9": {
							"post": [0, -0.475, 0.475],
							"lerp_mode": "catmullrom"
						},
						"2.0333": {
							"post": [0, 0, 0],
							"lerp_mode": "catmullrom"
						}
					},
					"position": {
						"0.0": {
							"post": [0, 0, 0],
							"lerp_mode": "catmullrom"
						},
						"0.1": {
							"post": [-0.175, -0.335, -0.28],
							"lerp_mode": "catmullrom"
						},
						"0.2667": {
							"post": [-1, 0.75, -1.325],
							"lerp_mode": "catmullrom"
						},
						"0.4333": {
							"post": [-1.275, 1.13, -1.575],
							"lerp_mode": "catmullrom"
						},
						"0.5333": {
							"post": [-1.27, 1.13, -1.675],
							"lerp_mode": "catmullrom"
						},
						"0.5667": {
							"post": [-1.23292, 1.07193, -1.70464],
							"lerp_mode": "catmullrom"
						},
						"0.6": {
							"post": [-1.01939, 0.95457, -1.63123],
							"lerp_mode": "catmullrom"
						},
						"0.6667": {
							"post": [-1.05166, 1.01197, -1.60702],
							"lerp_mode": "catmullrom"
						},
						"0.8": {
							"post": [-1.21847, 1.25187, -1.84216],
							"lerp_mode": "catmullrom"
						},
						"0.8667": {
							"post": [-1.23474, 1.28349, -1.7336],
							"lerp_mode": "catmullrom"
						},
						"0.9": {
							"post": [-1.25273, 1.27127, -1.68468],
							"lerp_mode": "catmullrom"
						},
						"0.9333": {
							"post": [-1.22564, 1.39319, -1.91766],
							"lerp_mode": "catmullrom"
						},
						"1.0": {
							"post": [-1.25973, 1.41604, -1.95546],
							"lerp_mode": "catmullrom"
						},
						"1.0667": {
							"post": [-1.25961, 1.49649, -1.75731],
							"lerp_mode": "catmullrom"
						},
						"1.1": {
							"post": [-1.29, 1.14, -1.36],
							"lerp_mode": "catmullrom"
						},
						"1.1667": {
							"post": [-1.32438, 0.83109, -1.88602],
							"lerp_mode": "catmullrom"
						},
						"1.2333": {
							"post": [-1.43232, 1.21363, -1.85458],
							"lerp_mode": "catmullrom"
						},
						"1.3": {
							"post": [-1.41, 0.97, -1.79],
							"lerp_mode": "catmullrom"
						},
						"1.3333": {
							"post": [-1.34061, 0.95485, -1.73344],
							"lerp_mode": "catmullrom"
						},
						"1.4667": {
							"post": [-0.92811, 0.21099, -1.56736],
							"lerp_mode": "catmullrom"
						},
						"1.5667": {
							"post": [-0.67807, -0.61736, -1.90968],
							"lerp_mode": "catmullrom"
						},
						"1.7": {
							"post": [-0.05, 0, -0.15],
							"lerp_mode": "catmullrom"
						},
						"1.7667": {
							"post": [-0.05, 0.1, 0.25],
							"lerp_mode": "catmullrom"
						},
						"1.9": {
							"post": [0, 0, 0],
							"lerp_mode": "catmullrom"
						},
						"2.1": {
							"post": [0, 0, 0],
							"lerp_mode": "catmullrom"
						}
					}
				},
				"constraint": {
					"rotation": [0.2, 0.2, 0.2]
				},
				"lh_and_mag": {
					"rotation": {
						"0.0": [0, 0, 0],
						"0.1667": [-41.75, 28.5, 0],
						"0.3667": [-22.9375, 7.125, 0],
						"0.4333": [-45, 0, 0],
						"0.4667": [-35, 0, 0],
						"0.5": [-29, 0, 0],
						"0.5667": [-37, 0, 0],
						"0.6": [-50.17958, -8.88137, -7.33508],
						"0.6667": [-10.55758, 12.61243, -8.49685],
						"0.8": [-13.75, 0, 0],
						"0.9": [-11, 0, 0],
						"1.0": [-6.74363, 0.29375, 2.48269],
						"1.0667": [-6.74363, 0.29375, 2.48269],
						"1.1": [0, 0, -3],
						"1.2333": [0, 0, 0.5],
						"1.2667": [0, 0, 0]
					},
					"position": {
						"0.0": [0, 0, 0],
						"0.1667": [0, -8.95, 3.85],
						"0.4333": [1.575, -2.55, 0],
						"0.4667": [1.58, -2.8, -0.1],
						"0.5": [1.58, -3.025, -0.1],
						"0.5667": [1.58, -3.42, -0.1],
						"0.6": [1.58, -6.67, -0.1],
						"0.6667": [0.63, -6.67, -0.45],
						"0.8": [-0.07, -4.445, -0.45],
						"0.9": [-0.07, -4.44, -0.55],
						"1.0": [-0.195, -4.44, -0.3],
						"1.0667": [-0.195, -4.265, -0.3],
						"1.1": [0, 0, 0],
						"1.1667": [0, 0.45, 0],
						"1.2": [0, 0.1, 0],
						"1.2667": [0, 0, 0]
					}
				},
				"magazine_and_bullet": {
					"scale": {
						"0.0": [0, 0, 0],
						"0.2": [0, 0, 0],
						"0.2333": [1, 1, 1]
					}
				},
				"additional_magazine": {
					"rotation": {
						"0.0": [0, 0, 0],
						"0.5667": [0, 0, 0],
						"0.6": [-8, 0, -6],
						"0.6333": [-15.96749, -1.03296, -9.60512],
						"0.7333": [-8.96749, -1.03296, -9.60512],
						"0.8": [-6.92765, -1.37015, 0.39141],
						"0.8667": [-6.98501, -1.03703, 3.12176],
						"1.0667": [-4.48501, -1.03703, 3.12176],
						"1.1": [-3.27968, -11.45132, -2.69705],
						"1.2": [-4.47135, -11.0454, 3.40657],
						"1.2333": [-4.12861, -11.17662, 1.62816],
						"1.2667": [-4.13, -11.18, 1.63],
						"1.4": [-54.39411, -8.7544, -61.8959]
					},
					"position": {
						"0.3333": [0, 0, 0],
						"0.5": [0, -1.825, 0],
						"0.5667": [0, -2.42, 0],
						"0.6": [0.175, -6.47, 0],
						"0.6333": [0.18, -6.47, -0.6],
						"0.6667": [0.18, -6.84, -0.75],
						"0.7333": [0.18, -6.07, -1.05],
						"0.8": [-0.645, -4.87, -1.05],
						"0.8667": [-0.89, -4.72, -1.05],
						"0.9": [-0.89, -4.72, -1.1],
						"1.0667": [-0.89, -4.645, -1.1],
						"1.1": [-0.89, -0.54, -1.1],
						"1.2": [-0.89, -0.24, -1.1],
						"1.2667": [-0.89, -0.24, -1.1],
						"1.4": [3.385, -8.165, 5.575]
					},
					"scale": {
						"1.4": [1, 1, 1],
						"1.4333": [0, 0, 0]
					}
				},
				"camera": {
					"rotation": {
						"0.0": {
							"post": [0, 0, 0],
							"lerp_mode": "catmullrom"
						},
						"0.0667": {
							"post": [1.15, -0.25, 0],
							"lerp_mode": "catmullrom"
						},
						"0.1667": {
							"post": [0.455, 0.3, -0.4],
							"lerp_mode": "catmullrom"
						},
						"0.2667": {
							"post": [-0.04, 0.07, -0.06],
							"lerp_mode": "catmullrom"
						},
						"0.3667": {
							"post": [0.26, -0.2, 0.3],
							"lerp_mode": "catmullrom"
						},
						"0.4667": {
							"post": [0.695, -0.11, 0.16],
							"lerp_mode": "catmullrom"
						},
						"0.5333": {
							"post": [0.26, 0, 0],
							"lerp_mode": "catmullrom"
						},
						"0.6": {
							"post": [-0.365, 0.35, -0.475],
							"lerp_mode": "catmullrom"
						},
						"0.6333": {
							"post": [0.725, -0.3, 0.725],
							"lerp_mode": "catmullrom"
						},
						"0.7333": {
							"post": [0.385, 0, 0],
							"lerp_mode": "catmullrom"
						},
						"0.8": {
							"post": [0.19, 0.18, -0.125],
							"lerp_mode": "catmullrom"
						},
						"0.8333": {
							"post": [0.34, -0.055, -0.3],
							"lerp_mode": "catmullrom"
						},
						"0.9333": {
							"post": [0.35, 0, -0.3],
							"lerp_mode": "catmullrom"
						},
						"1.0": {
							"post": [0.54, 0.225, 0.325],
							"lerp_mode": "catmullrom"
						},
						"1.0667": {
							"post": [0.615, 0, 0],
							"lerp_mode": "catmullrom"
						},
						"1.1": {
							"post": [-0.195, -0.525, -0.2],
							"lerp_mode": "catmullrom"
						},
						"1.1333": {
							"post": [0.345, 0.55, 0.275],
							"lerp_mode": "catmullrom"
						},
						"1.1667": {
							"post": [0.48, 0, 0],
							"lerp_mode": "catmullrom"
						},
						"1.2667": {
							"post": [0.14, -0.25, -0.175],
							"lerp_mode": "catmullrom"
						},
						"1.4": {
							"post": [0.26, -0.45, -0.2],
							"lerp_mode": "catmullrom"
						},
						"1.5": {
							"post": [0.46, -0.3, 0.375],
							"lerp_mode": "catmullrom"
						},
						"1.6333": {
							"post": [-0.175, 0.225, -0.2],
							"lerp_mode": "catmullrom"
						},
						"1.7333": {
							"post": [0.07, -0.275, 0.075],
							"lerp_mode": "catmullrom"
						},
						"1.8333": {
							"post": [0, 0, 0],
							"lerp_mode": "catmullrom"
						}
					}
				}
			},
			"sound_effects": {
				"0.0333": {
					"effect": "p09_sm_mpapa7_reload_raise"
				},
				"0.2": {
					"effect": "p09_sm_mpapa7_reload_magout"
				},
				"0.7": {
					"effect": "p09_sm_mpapa7_reload_magin"
				},
				"1.2": {
					"effect": "p09_sm_mpapa7_reload_end"
				}
			}
		},
		"reload_empty": {
			"animation_length": 2.4,
			"bones": {
				"lefthand": {
					"rotation": {
						"0.0": [146.71783, 7.17446, 144.76991],
						"0.0667": [130.7291, -16.55189, 141.82172],
						"0.2": [79.10286, 45.00564, 79.05842],
						"1.5": [79.1, 45.01, 79.06],
						"1.7333": [146.71783, 7.17446, 144.76991]
					},
					"position": {
						"0.0": [6.55, -10.2, -10.7],
						"0.0667": [10.84151, -13.26574, -8.79],
						"0.2": [6.14666, -14.19448, -4.98356],
						"1.5": [6.15, -14.19, -4.98],
						"1.7333": [6.55, -10.2, -10.7]
					},
					"scale": [1, 1.5, 1]
				},
				"righthand": {
					"rotation": {
						"0.0": [108.13412, -337.97612, -175.38792],
						"1.2667": [108.13, -337.98, -175.39],
						"1.3333": [103.8462, -335.14781, -186.13089],
						"1.4": [115.68559, -347.84494, -150.16437],
						"1.4667": [114.56376, -345.61446, -155.04782],
						"1.6": [108.13412, -337.97612, -175.38792]
					},
					"position": {
						"0.0": [-6.25, -10.7, -4.05],
						"0.6667": [-6.25, -10.7, -4.05],
						"0.8": [-7.40724, -9.71079, -3.96113],
						"1.2667": [-7.41, -9.71, -3.96],
						"1.3333": [-7.52278, -9.72211, -4.01253],
						"1.4": [-7.33121, -10.07989, -4.31846],
						"1.4667": [-7.26413, -10.11065, -4.30137],
						"1.6": [-6.25, -10.7, -4.05]
					},
					"scale": [1, 1.5, 1]
				},
				"root": {
					"rotation": {
						"0.0": {
							"post": [0, 0, 0],
							"lerp_mode": "catmullrom"
						},
						"0.1": {
							"post": [-16.6, -16.1, -25.85],
							"lerp_mode": "catmullrom"
						},
						"0.1667": {
							"post": [-3.00103, -1.49794, -27.14648],
							"lerp_mode": "catmullrom"
						},
						"0.2": {
							"post": [-1.15392, -1.21698, -32.27079],
							"lerp_mode": "catmullrom"
						},
						"0.2333": {
							"post": [5.6, -3.5, 23.525],
							"lerp_mode": "catmullrom"
						},
						"0.3": {
							"post": [-0.52912, -5.30934, 12.23995],
							"lerp_mode": "catmullrom"
						},
						"0.3667": {
							"post": [-0.84, -4.37, 13.965],
							"lerp_mode": "catmullrom"
						},
						"0.4333": {
							"post": [-1.37941, -1.48802, 15.48105],
							"lerp_mode": "catmullrom"
						},
						"0.5333": {
							"post": [-2.31, 0.54, 12.94],
							"lerp_mode": "catmullrom"
						},
						"0.6": {
							"post": [-3.18634, -2.49826, 3.25014],
							"lerp_mode": "catmullrom"
						},
						"0.7": {
							"post": [-10.95, -8.73, -17.45],
							"lerp_mode": "catmullrom"
						},
						"0.8": {
							"post": [-10.16875, -14.42577, -40.29601],
							"lerp_mode": "catmullrom"
						},
						"0.8333": {
							"post": [-10.35, -16.78, -37.72],
							"lerp_mode": "catmullrom"
						},
						"0.9": {
							"post": [-10.86643, -13.94054, -40.30058],
							"lerp_mode": "catmullrom"
						},
						"0.9667": {
							"post": [-9.86303, -14.66051, -44.36115],
							"lerp_mode": "catmullrom"
						},
						"1.0333": {
							"post": [-9.66878, -14.78773, -45.12538],
							"lerp_mode": "catmullrom"
						},
						"1.0667": {
							"post": [-8.87652, -14.38009, -42.31519],
							"lerp_mode": "catmullrom"
						},
						"1.1333": {
							"post": [-3.16954, -12.84452, -30.06816],
							"lerp_mode": "catmullrom"
						},
						"1.1667": {
							"post": [-1.51886, -15.17408, -30.46862],
							"lerp_mode": "catmullrom"
						},
						"1.2": {
							"post": [-8.88, -15.39, -30.2],
							"lerp_mode": "catmullrom"
						},
						"1.3333": {
							"post": [-9.90541, -10.35496, -14.22226],
							"lerp_mode": "catmullrom"
						},
						"1.3667": {
							"post": [-8.92395, -11.28457, -20.86132],
							"lerp_mode": "catmullrom"
						},
						"1.4": {
							"post": [-4.72, -11.9, -14.93],
							"lerp_mode": "catmullrom"
						},
						"1.4333": {
							"post": [-3.76, -12.54, -28.81],
							"lerp_mode": "catmullrom"
						},
						"1.5": {
							"post": [-6.62114, -11.69813, -23.63568],
							"lerp_mode": "catmullrom"
						},
						"1.7": {
							"post": [1.53803, -3.50433, 8.5534],
							"lerp_mode": "catmullrom"
						},
						"1.7333": {
							"post": [-0.85947, -2.18594, 5.55772],
							"lerp_mode": "catmullrom"
						},
						"1.8": {
							"post": [-0.25361, 0.07904, -0.77458],
							"lerp_mode": "catmullrom"
						},
						"1.8333": {
							"post": [0, -1.45, -2.9],
							"lerp_mode": "catmullrom"
						},
						"1.9333": {
							"post": [-0.5, -0.89783, -0.72719],
							"lerp_mode": "catmullrom"
						},
						"2.0333": {
							"post": [0, -0.475, -0.225],
							"lerp_mode": "catmullrom"
						},
						"2.1667": {
							"post": [0, 0, 0],
							"lerp_mode": "catmullrom"
						},
						"2.4": {
							"post": [0, 0, 0],
							"lerp_mode": "catmullrom"
						}
					},
					"position": {
						"0.0": {
							"post": [0, 0, 0],
							"lerp_mode": "catmullrom"
						},
						"0.1": {
							"post": [-0.5, 0.2, -0.675],
							"lerp_mode": "catmullrom"
						},
						"0.1667": {
							"post": [-0.8, 0.275, -0.95],
							"lerp_mode": "catmullrom"
						},
						"0.2": {
							"post": [-1.41, -0.06, -0.55],
							"lerp_mode": "catmullrom"
						},
						"0.2333": {
							"post": [-2.1, -0.4, -0.55],
							"lerp_mode": "catmullrom"
						},
						"0.3": {
							"post": [-2.38, -1.025, -0.95],
							"lerp_mode": "catmullrom"
						},
						"0.4333": {
							"post": [-1.98, -0.3, -1.275],
							"lerp_mode": "catmullrom"
						},
						"0.6": {
							"post": [-1.58, 0, -0.95],
							"lerp_mode": "catmullrom"
						},
						"0.9": {
							"post": [-0.68, 0.85, -0.6],
							"lerp_mode": "catmullrom"
						},
						"0.9667": {
							"post": [-0.675, 0.975, -0.45],
							"lerp_mode": "catmullrom"
						},
						"1.0333": {
							"post": [-0.675, 1.055, -0.45],
							"lerp_mode": "catmullrom"
						},
						"1.0667": {
							"post": [-0.69234, 1.07762, -0.12126],
							"lerp_mode": "catmullrom"
						},
						"1.1": {
							"post": [-0.74, 0.92, 0.695],
							"lerp_mode": "catmullrom"
						},
						"1.1333": {
							"post": [-0.79762, 0.80624, 0.11948],
							"lerp_mode": "catmullrom"
						},
						"1.2": {
							"post": [-0.84227, 0.89544, -0.30987],
							"lerp_mode": "catmullrom"
						},
						"1.3333": {
							"post": [-1.14937, 0.75619, -0.22185],
							"lerp_mode": "catmullrom"
						},
						"1.3667": {
							"post": [-0.91748, 0.92096, -1.02402],
							"lerp_mode": "catmullrom"
						},
						"1.4": {
							"post": [-1.03, 0.82, -0.72],
							"lerp_mode": "catmullrom"
						},
						"1.5": {
							"post": [-0.95697, 0.89006, -0.18871],
							"lerp_mode": "catmullrom"
						},
						"1.7": {
							"post": [-0.30307, -0.61736, -1.00968],
							"lerp_mode": "catmullrom"
						},
						"1.8333": {
							"post": [-0.05, 0, -0.15],
							"lerp_mode": "catmullrom"
						},
						"1.9333": {
							"post": [-0.05, -0.05, 0.25],
							"lerp_mode": "catmullrom"
						},
						"2.0333": {
							"post": [0, 0, 0],
							"lerp_mode": "catmullrom"
						},
						"2.2333": {
							"post": [0, 0, 0],
							"lerp_mode": "catmullrom"
						},
						"2.4": {
							"post": [0, 0, 0],
							"lerp_mode": "catmullrom"
						}
					}
				},
				"constraint": {
					"rotation": [0.2, 0.2, 0.2]
				},
				"lh_and_mag": {
					"rotation": {
						"0.0": [0, 0, 0],
						"0.2": [0, 0, -35],
						"0.3667": [0, 0, -35],
						"0.8333": [0, 0, 0],
						"0.9667": [-2.5, 0, 0],
						"1.0333": [-3.25025, 1.50314, 0.23034],
						"1.0667": [-0.74982, 0.01636, 1.24989],
						"1.1": [-1.09409, 0.4773, -1.17304],
						"1.1333": [0, 0, 0],
						"1.1667": [0, 0, 2.75],
						"1.2333": [0, 0, 0]
					},
					"position": {
						"0.0": [0, 0, 0],
						"0.2": [1.98028, -12.25636, 7.13276],
						"0.3667": [1.98028, -12.25636, 7.13276],
						"0.8333": [0, -4.55, 0],
						"0.9667": [0, -4.50101, -0.54948],
						"1.0333": [-0.04894, -4.42654, -0.2008],
						"1.0667": [-0.04999, -4.50316, -0.22501],
						"1.1": [-0.05046, -3.79749, -0.31428],
						"1.1333": [0, 0, 0],
						"1.1667": [0, 0.075, 0],
						"1.2333": [0, 0, 0]
					}
				},
				"camera": {
					"rotation": {
						"0.0": {
							"post": [0, 0, 0],
							"lerp_mode": "catmullrom"
						},
						"0.0667": {
							"post": [-0.775, -0.2, 0.625],
							"lerp_mode": "catmullrom"
						},
						"0.1333": {
							"post": [-0.625, -0.2, 0.955],
							"lerp_mode": "catmullrom"
						},
						"0.2": {
							"post": [0, 0, 0.955],
							"lerp_mode": "catmullrom"
						},
						"0.2333": {
							"post": [0.375, 0.525, -0.84],
							"lerp_mode": "catmullrom"
						},
						"0.3": {
							"post": [0.75, 0.775, 0.36],
							"lerp_mode": "catmullrom"
						},
						"0.3667": {
							"post": [0.75, 0.525, -0.415],
							"lerp_mode": "catmullrom"
						},
						"0.4333": {
							"post": [0, 0, 0.09],
							"lerp_mode": "catmullrom"
						},
						"0.5": {
							"post": [-0.275, -0.35, 0.415],
							"lerp_mode": "catmullrom"
						},
						"0.6": {
							"post": [-0.005, -0.45, -0.16],
							"lerp_mode": "catmullrom"
						},
						"0.8": {
							"post": [0.35, 0.3, 0.09],
							"lerp_mode": "catmullrom"
						},
						"1.0333": {
							"post": [0.35, 0, 0.24],
							"lerp_mode": "catmullrom"
						},
						"1.0667": {
							"post": [0.3, 0.255, 0.24],
							"lerp_mode": "catmullrom"
						},
						"1.1": {
							"post": [0.625, 0.23, 0.39],
							"lerp_mode": "catmullrom"
						},
						"1.1333": {
							"post": [-0.525, -0.395, -0.46],
							"lerp_mode": "catmullrom"
						},
						"1.2333": {
							"post": [0.35, 0.325, 0.39],
							"lerp_mode": "catmullrom"
						},
						"1.3667": {
							"post": [-0.15, -0.225, 0.09],
							"lerp_mode": "catmullrom"
						},
						"1.4": {
							"post": [0.15, -0.6, -0.11],
							"lerp_mode": "catmullrom"
						},
						"1.4333": {
							"post": [-0.625, 0.325, 0.39],
							"lerp_mode": "catmullrom"
						},
						"1.4667": {
							"post": [-0.495, -0.225, 0.14],
							"lerp_mode": "catmullrom"
						},
						"1.6333": {
							"post": [-0.34, 0.175, 0.39],
							"lerp_mode": "catmullrom"
						},
						"1.7667": {
							"post": [0.295, -0.25, 0.315],
							"lerp_mode": "catmullrom"
						},
						"1.9": {
							"post": [-0.04, 0.05, -0.235],
							"lerp_mode": "catmullrom"
						},
						"2.1": {
							"post": [0, -0.15, 0.125],
							"lerp_mode": "catmullrom"
						},
						"2.3": {
							"post": [0, 0, 0],
							"lerp_mode": "catmullrom"
						}
					}
				}
			},
			"sound_effects": {
				"0.0333": {
					"effect": "p09_sm_mpapa7_reload_empty_raise"
				},
				"0.1667": {
					"effect": "p09_sm_mpapa7_reload_empty_magout"
				},
				"0.5": {
					"effect": "iw8_phys_mag_drop_smg_metal_concrete_05"
				},
				"0.6667": {
					"effect": "iw8_phys_mag_drop_smg_poly_concrete_01"
				},
				"0.9": {
					"effect": "p09_sm_mpapa7_reload_empty_magin"
				},
				"1.3333": {
					"effect": "p09_sm_mpapa7_reload_empty_boltcharge"
				},
				"1.4667": {
					"effect": "p09_sm_mpapa7_reload_empty_end"
				}
			}
		},
		"inspect": {
			"loop": "hold_on_last_frame",
			"animation_length": 7.125,
			"bones": {
				"lefthand": {
					"rotation": {
						"0.0": [146.71783, 7.17446, 144.76991],
						"0.0833": [149.89454, -16.51062, 107.88588],
						"1.4583": [149.89, -16.51, 107.89],
						"1.7083": [155.11589, -23.10623, 93.59311],
						"4.5417": [155.12, -23.11, 93.59],
						"4.8333": [104.35477, 45.60516, 108.26287],
						"4.9583": [102.5592, 37.09345, 105.55276],
						"5.0833": [104.35477, 45.60516, 108.26287],
						"5.1667": [107.81342, 55.46041, 112.7256],
						"5.3333": [106.13999, 51.39502, 110.6433],
						"6.3333": [106.14, 51.4, 110.64],
						"6.4167": [140.21426, 40.91494, 118.73157],
						"6.5417": [146.71783, 7.17446, 144.76991]
					},
					"position": {
						"0.0": [6.55, -10.2, -10.7],
						"0.1667": [11.95286, -19.35639, -3.79889],
						"1.4583": [11.95, -19.36, -3.8],
						"1.7083": [6.55, -10.2, -10.7],
						"4.5417": [6.55, -10.2, -10.7],
						"4.625": [8.285, -8.99, -6.84],
						"4.8333": [8.325, -5.975, 2.8],
						"5.0833": [8.325, -5.975, 2.8],
						"5.1667": [8.32, -5.97, 4.9],
						"6.3333": [8.32, -5.97, 4.9],
						"6.4167": [10.88, -9.815, -0.34],
						"6.5417": [6.55, -10.2, -10.7]
					},
					"scale": [1, 1.5, 1]
				},
				"righthand": {
					"rotation": [108.13412, -337.97612, -175.38792],
					"position": [-6.25, -10.7, -4.05],
					"scale": [1, 1.5, 1]
				},
				"root": {
					"rotation": {
						"0.0": {
							"post": [0, 0, 0],
							"lerp_mode": "catmullrom"
						},
						"0.0833": {
							"post": [-3.51, -2.005, 1.69],
							"lerp_mode": "catmullrom"
						},
						"0.1667": {
							"post": [-12.74851, -9.8953, 6.03627],
							"lerp_mode": "catmullrom"
						},
						"0.2917": {
							"post": [-9.01971, -26.16643, -14.18162],
							"lerp_mode": "catmullrom"
						},
						"0.3333": {
							"post": [-9.015, -30.445, -14.2],
							"lerp_mode": "catmullrom"
						},
						"0.375": {
							"post": [-8.265, -31.845, -16.76],
							"lerp_mode": "catmullrom"
						},
						"0.4583": {
							"post": [-9.39, -31.095, -12.13],
							"lerp_mode": "catmullrom"
						},
						"0.5833": {
							"post": [-8.265, -30.345, -12.78],
							"lerp_mode": "catmullrom"
						},
						"0.8333": {
							"post": [-8.765, -30.345, -12.78],
							"lerp_mode": "catmullrom"
						},
						"1.0833": {
							"post": [-8.76, -30.34, -12.78],
							"lerp_mode": "catmullrom"
						},
						"1.375": {
							"post": [-11.29867, -30.26261, -6.58286],
							"lerp_mode": "catmullrom"
						},
						"1.5417": {
							"post": [-14.071, -17.05334, 12.5285],
							"lerp_mode": "catmullrom"
						},
						"1.6667": {
							"post": [-27.93784, 6.69633, 69.45445],
							"lerp_mode": "catmullrom"
						},
						"1.8333": {
							"post": [-34.34, 17.55, 75.94],
							"lerp_mode": "catmullrom"
						},
						"2.0417": {
							"post": [-35.01088, 19.49347, 76.13752],
							"lerp_mode": "catmullrom"
						},
						"2.375": {
							"post": [-35.36091, 18.762, 74.74144],
							"lerp_mode": "catmullrom"
						},
						"2.6667": {
							"post": [-34.60816, 17.85537, 74.76063],
							"lerp_mode": "catmullrom"
						},
						"2.7917": {
							"post": [-38.42024, 21.47558, 74.13851],
							"lerp_mode": "catmullrom"
						},
						"2.9167": {
							"post": [-37.89991, 28.63888, 76.57743],
							"lerp_mode": "catmullrom"
						},
						"3.0833": {
							"post": [-37.47645, 28.52744, 75.93913],
							"lerp_mode": "catmullrom"
						},
						"3.4167": {
							"post": [-38.31267, 27.29891, 74.15307],
							"lerp_mode": "catmullrom"
						},
						"3.9167": {
							"post": [-38.08672, 27.95918, 74.64382],
							"lerp_mode": "catmullrom"
						},
						"4.5": {
							"post": [-38.00855, 27.76313, 74.81429],
							"lerp_mode": "catmullrom"
						},
						"4.625": {
							"post": [-40.57733, 24.3275, 62.37077],
							"lerp_mode": "catmullrom"
						},
						"4.7917": {
							"post": [-27.83417, 32.65863, 63.51781],
							"lerp_mode": "catmullrom"
						},
						"4.875": {
							"post": [-27.08827, 28.56782, 59.85224],
							"lerp_mode": "catmullrom"
						},
						"4.9583": {
							"post": [-23.45495, 29.6464, 61.82133],
							"lerp_mode": "catmullrom"
						},
						"5.0": {
							"post": [-23.6, 29.895, 62.09],
							"lerp_mode": "catmullrom"
						},
						"5.0833": {
							"post": [-29.24414, 28.52483, 63.83252],
							"lerp_mode": "catmullrom"
						},
						"5.125": {
							"post": [-29.68, 28.12, 60.6],
							"lerp_mode": "catmullrom"
						},
						"5.1667": {
							"post": [-29.50031, 33.92344, 65.58318],
							"lerp_mode": "catmullrom"
						},
						"5.25": {
							"post": [-26.738, 29.817, 66.41753],
							"lerp_mode": "catmullrom"
						},
						"5.3333": {
							"post": [-26.44488, 28.98448, 64.76368],
							"lerp_mode": "catmullrom"
						},
						"5.4167": {
							"post": [-26.44, 28.985, 65.935],
							"lerp_mode": "catmullrom"
						},
						"5.7917": {
							"post": [-26.44, 27.81, 65.94],
							"lerp_mode": "catmullrom"
						},
						"5.9583": {
							"post": [-25.71937, 28.46947, 67.46787],
							"lerp_mode": "catmullrom"
						},
						"6.0": {
							"post": [-23.69901, 22.58421, 70.95928],
							"lerp_mode": "catmullrom"
						},
						"6.0417": {
							"post": [-27.26284, 24.5177, 62.7094],
							"lerp_mode": "catmullrom"
						},
						"6.125": {
							"post": [-24.95202, 29.53289, 68.09805],
							"lerp_mode": "catmullrom"
						},
						"6.25": {
							"post": [-25.56657, 18.35113, 65.07438],
							"lerp_mode": "catmullrom"
						},
						"6.4167": {
							"post": [-21.50341, 8.77967, 31.41645],
							"lerp_mode": "catmullrom"
						},
						"6.5417": {
							"post": [-2.74769, -2.6691, 3.04879],
							"lerp_mode": "catmullrom"
						},
						"6.625": {
							"post": [2.07434, -1.59312, -1.14424],
							"lerp_mode": "catmullrom"
						},
						"6.6667": {
							"post": [-1.76642, -1.20805, -0.61951],
							"lerp_mode": "catmullrom"
						},
						"6.75": {
							"post": [0.5, -0.5, 1.5],
							"lerp_mode": "catmullrom"
						},
						"6.9167": {
							"post": [0, 0, 0.1],
							"lerp_mode": "catmullrom"
						},
						"7.0833": {
							"post": [0, 0, 0],
							"lerp_mode": "catmullrom"
						}
					},
					"position": {
						"0.0": {
							"post": [0, 0, 0],
							"lerp_mode": "catmullrom"
						},
						"0.0833": {
							"post": [0.045, 0.03, 0.415],
							"lerp_mode": "catmullrom"
						},
						"0.1667": {
							"post": [-0.30227, 0.11838, 0.02824],
							"lerp_mode": "catmullrom"
						},
						"0.2917": {
							"post": [-0.72817, 0.68561, -1.53366],
							"lerp_mode": "catmullrom"
						},
						"0.375": {
							"post": [-0.7, 0.81, -2.03],
							"lerp_mode": "catmullrom"
						},
						"0.5833": {
							"post": [-0.7, 0.785, -2.005],
							"lerp_mode": "catmullrom"
						},
						"0.7917": {
							"post": [-0.7, 0.79, -1.78],
							"lerp_mode": "catmullrom"
						},
						"1.0417": {
							"post": [-0.76, 0.86, -1.625],
							"lerp_mode": "catmullrom"
						},
						"1.375": {
							"post": [-0.71431, 0.83742, -1.67321],
							"lerp_mode": "catmullrom"
						},
						"1.5417": {
							"post": [0.33828, -0.16864, -1.38016],
							"lerp_mode": "catmullrom"
						},
						"1.8333": {
							"post": [0.95983, 0.59788, -0.19342],
							"lerp_mode": "catmullrom"
						},
						"2.2917": {
							"post": [0.98444, 0.68929, -0.12588],
							"lerp_mode": "catmullrom"
						},
						"2.6667": {
							"post": [0.99251, 0.64408, -0.14533],
							"lerp_mode": "catmullrom"
						},
						"2.7917": {
							"post": [0.92387, 0.79775, -0.01931],
							"lerp_mode": "catmullrom"
						},
						"2.9167": {
							"post": [1.04102, 0.97273, 0.07204],
							"lerp_mode": "catmullrom"
						},
						"3.0833": {
							"post": [1.12456, 0.95904, 0.12225],
							"lerp_mode": "catmullrom"
						},
						"3.4167": {
							"post": [1.115, 0.89831, 0.07082],
							"lerp_mode": "catmullrom"
						},
						"3.9167": {
							"post": [1.10415, 0.92129, 0.08172],
							"lerp_mode": "catmullrom"
						},
						"4.5": {
							"post": [1.11159, 0.8773, 0.05671],
							"lerp_mode": "catmullrom"
						},
						"4.625": {
							"post": [1.2432, 1.04788, -0.4397],
							"lerp_mode": "catmullrom"
						},
						"4.7917": {
							"post": [2.22229, 2.24913, -1.37567],
							"lerp_mode": "catmullrom"
						},
						"4.875": {
							"post": [2.20957, 2.22385, -1.24461],
							"lerp_mode": "catmullrom"
						},
						"5.0": {
							"post": [2.185, 2.18, -1.18],
							"lerp_mode": "catmullrom"
						},
						"5.0833": {
							"post": [2.06, 2.13, -1.03],
							"lerp_mode": "catmullrom"
						},
						"5.1667": {
							"post": [2.065, 2.355, -2.08],
							"lerp_mode": "catmullrom"
						},
						"5.25": {
							"post": [2.065, 2.36, -1.58],
							"lerp_mode": "catmullrom"
						},
						"5.3333": {
							"post": [2.065, 2.36, -1.155],
							"lerp_mode": "catmullrom"
						},
						"5.7083": {
							"post": [2.07, 2.335, -1.15],
							"lerp_mode": "catmullrom"
						},
						"5.9583": {
							"post": [2.07, 2.365, -1.15],
							"lerp_mode": "catmullrom"
						},
						"6.0": {
							"post": [2.07, 2.17, -1.6],
							"lerp_mode": "catmullrom"
						},
						"6.0417": {
							"post": [2.07, 2.17, -1.375],
							"lerp_mode": "catmullrom"
						},
						"6.1667": {
							"post": [2.07, 2.27, -1.245],
							"lerp_mode": "catmullrom"
						},
						"6.25": {
							"post": [2.07, 1.92, -1.25],
							"lerp_mode": "catmullrom"
						},
						"6.4167": {
							"post": [1.245, -1.23, -2.075],
							"lerp_mode": "catmullrom"
						},
						"6.5417": {
							"post": [0.40709, -0.08239, -0.96132],
							"lerp_mode": "catmullrom"
						},
						"6.625": {
							"post": [0, 0, 0.45],
							"lerp_mode": "catmullrom"
						},
						"6.6667": {
							"post": [-0.03, -0.04, 0.42],
							"lerp_mode": "catmullrom"
						},
						"6.75": {
							"post": [0, 0, 0],
							"lerp_mode": "catmullrom"
						},
						"6.9167": {
							"post": [0, 0, 0],
							"lerp_mode": "catmullrom"
						}
					}
				},
				"constraint": {
					"rotation": [0.2, 0.2, 0.2]
				},
				"bolt": {
					"position": {
						"5.0833": [0, 0, 0],
						"5.1667": [0, 0, 2],
						"5.2917": [0, 0, 1.875],
						"5.9583": [0, 0, 1.88],
						"6.0": [0, 0, 0]
					}
				},
				"bolt2": {
					"position": {
						"5.0833": [0, 0, 0],
						"5.1667": [0, 0, 2],
						"5.2917": [0, 0, 1.875],
						"5.9583": [0, 0, 1.88],
						"6.0": [0, 0, 0]
					}
				},
				"camera": {
					"rotation": {
						"0.0": {
							"post": [0, 0, 0],
							"lerp_mode": "catmullrom"
						},
						"0.2083": {
							"post": [-0.3, 0.05, 0.5],
							"lerp_mode": "catmullrom"
						},
						"0.4167": {
							"post": [0.4, 0.325, 0],
							"lerp_mode": "catmullrom"
						},
						"0.6667": {
							"post": [0.38, 0.295, -0.5],
							"lerp_mode": "catmullrom"
						},
						"1.0417": {
							"post": [0.19, -0.265, 0],
							"lerp_mode": "catmullrom"
						},
						"1.375": {
							"post": [0.4, -0.475, 0.325],
							"lerp_mode": "catmullrom"
						},
						"1.625": {
							"post": [3.375, -0.475, 0],
							"lerp_mode": "catmullrom"
						},
						"2.6667": {
							"post": [3.38, 0, 0],
							"lerp_mode": "catmullrom"
						},
						"2.7917": {
							"post": [3.07, 0.25, -0.175],
							"lerp_mode": "catmullrom"
						},
						"2.9583": {
							"post": [2.63, 0.475, 0],
							"lerp_mode": "catmullrom"
						},
						"4.4583": {
							"post": [2.63, 0, 0],
							"lerp_mode": "catmullrom"
						},
						"4.7083": {
							"post": [0.48, -0.4, 0.525],
							"lerp_mode": "catmullrom"
						},
						"4.9167": {
							"post": [0, -0.75, 0.2],
							"lerp_mode": "catmullrom"
						},
						"5.0417": {
							"post": [-0.07, -0.9, 0],
							"lerp_mode": "catmullrom"
						},
						"5.125": {
							"post": [-0.05, -0.9, -0.81],
							"lerp_mode": "catmullrom"
						},
						"5.2083": {
							"post": [-0.03, -0.9, 0.72],
							"lerp_mode": "catmullrom"
						},
						"5.3333": {
							"post": [0.01, -0.9, 0.25],
							"lerp_mode": "catmullrom"
						},
						"5.7917": {
							"post": [0.255, -0.85, 0],
							"lerp_mode": "catmullrom"
						},
						"6.0": {
							"post": [0.63, -0.6, 0.275],
							"lerp_mode": "catmullrom"
						},
						"6.0417": {
							"post": [0.53, -0.47, -0.485],
							"lerp_mode": "catmullrom"
						},
						"6.0833": {
							"post": [0.37, -0.34, 0.575],
							"lerp_mode": "catmullrom"
						},
						"6.1667": {
							"post": [-0.07, 0, 0],
							"lerp_mode": "catmullrom"
						},
						"6.2917": {
							"post": [-0.315, 0.35, -0.415],
							"lerp_mode": "catmullrom"
						},
						"6.4583": {
							"post": [-0.495, 0.275, 0],
							"lerp_mode": "catmullrom"
						},
						"6.5833": {
							"post": [-0.22, -0.13, -0.29],
							"lerp_mode": "catmullrom"
						},
						"6.6667": {
							"post": [0.335, 0.04, -0.05],
							"lerp_mode": "catmullrom"
						},
						"6.75": {
							"post": [0, 0.225, 0.2],
							"lerp_mode": "catmullrom"
						},
						"6.9583": {
							"post": [0, 0, 0],
							"lerp_mode": "catmullrom"
						}
					}
				}
			},
			"sound_effects": {
				"0.0417": {
					"effect": "p09_sm_mpapa7_inspect_raise"
				},
				"1.3333": {
					"effect": "p09_sm_mpapa7_inspect_rotate"
				},
				"2.7083": {
					"effect": "p09_sm_mpapa7_inspect_rattle2"
				},
				"4.6667": {
					"effect": "p09_sm_mpapa7_inspect_grab"
				},
				"5.0417": {
					"effect": "p09_sm_mpapa7_inspect_boltback"
				},
				"5.9583": {
					"effect": "p09_sm_mpapa7_inspect_boltclose"
				},
				"6.0": {
					"effect": "p09_sm_mpapa7_inspect_end"
				}
			},
			"particle_effects": {}
		},
		"inspect_empty": {
			"loop": "hold_on_last_frame",
			"animation_length": 6.6667,
			"bones": {
				"lefthand": {
					"rotation": {
						"0.0": [146.71783, 7.17446, 144.76991],
						"0.125": [117.72, 14.44, 176.4],
						"3.0417": [117.72, 14.44, 176.4],
						"3.125": [97.39865, 29.48459, 126.66129],
						"3.2083": [117.72, 14.44, 176.4],
						"3.4583": [117.72, 14.44, 176.4],
						"4.0833": [117.72, 14.44, 176.4],
						"4.2083": [146.71783, 7.17446, 144.76991],
						"4.375": [157.29035, -25.95469, 87.71617],
						"6.0": [157.29, -25.95, 87.72],
						"6.2083": [146.71783, 7.17446, 144.76991]
					},
					"position": {
						"0.0": [6.55, -10.2, -10.7],
						"0.125": [5.83, -14.05, -4.05],
						"3.125": [6.86072, -14.14858, -3.87566],
						"3.2083": [5.68007, -13.28332, -3.65585],
						"3.4583": [5.83, -14.05, -4.05],
						"4.0833": [5.83, -14.05, -4.05],
						"4.2083": [6.55, -10.2, -10.7],
						"6.0": [6.55, -10.2, -10.7],
						"6.2083": [6.55, -10.2, -10.7]
					},
					"scale": [1, 1.5, 1]
				},
				"righthand": {
					"rotation": {
						"0.0": [108.13412, -337.97612, -175.38792],
						"3.875": [108.13412, -337.97612, -175.38792],
						"4.1667": [108.13, -337.98, -175.39],
						"4.4167": [106.77946, -357.79527, -181.72422],
						"6.0": [106.77946, -357.79527, -181.72422],
						"6.25": [108.13412, -337.97612, -175.38792]
					},
					"position": {
						"0.0": [-6.25, -10.7, -4.05],
						"3.875": [-6.25, -10.7, -4.05],
						"4.4167": [-6.25, -11.05, -1.9],
						"6.0": [-6.25, -11.05, -1.9],
						"6.25": [-6.25, -10.7, -4.05]
					},
					"scale": [1, 1.5, 1]
				},
				"root": {
					"rotation": {
						"0.0": {
							"post": [0, 0, 0],
							"lerp_mode": "catmullrom"
						},
						"0.0833": {
							"post": [-5.13783, -4.03368, -3.16683],
							"lerp_mode": "catmullrom"
						},
						"0.2083": {
							"post": [-20.05015, -15.25524, -38.49722],
							"lerp_mode": "catmullrom"
						},
						"0.2917": {
							"post": [-10.591, -21.09818, -47.42501],
							"lerp_mode": "catmullrom"
						},
						"0.375": {
							"post": [-12.87674, -19.82568, -40.89321],
							"lerp_mode": "catmullrom"
						},
						"0.4167": {
							"post": [-14.32611, -18.82571, -36.51568],
							"lerp_mode": "catmullrom"
						},
						"0.5417": {
							"post": [-15.21473, -18.12446, -33.71205],
							"lerp_mode": "catmullrom"
						},
						"0.5833": {
							"post": [-5.57405, -22.86423, -51.39973],
							"lerp_mode": "catmullrom"
						},
						"0.625": {
							"post": [-2.84, -13.34, -37.705],
							"lerp_mode": "catmullrom"
						},
						"0.6667": {
							"post": [-11.9059, -17.98495, -42.03904],
							"lerp_mode": "catmullrom"
						},
						"0.75": {
							"post": [-21.4, -10.51, -19.52],
							"lerp_mode": "catmullrom"
						},
						"0.7917": {
							"post": [-24.93276, -7.94645, -18.63005],
							"lerp_mode": "catmullrom"
						},
						"0.8333": {
							"post": [-23.70743, -11.07056, -24.71182],
							"lerp_mode": "catmullrom"
						},
						"0.9167": {
							"post": [-21.5, -13.04, -27.83],
							"lerp_mode": "catmullrom"
						},
						"0.9583": {
							"post": [-20.66576, -13.6589, -28.24488],
							"lerp_mode": "catmullrom"
						},
						"1.125": {
							"post": [-19.34952, -13.1789, -22.72293],
							"lerp_mode": "catmullrom"
						},
						"1.4583": {
							"post": [-18.06368, -11.94996, -24.20382],
							"lerp_mode": "catmullrom"
						},
						"1.75": {
							"post": [-20.43628, -12.38902, -25.40108],
							"lerp_mode": "catmullrom"
						},
						"1.875": {
							"post": [-21.93353, -11.59507, -23.24882],
							"lerp_mode": "catmullrom"
						},
						"2.0417": {
							"post": [-20.88899, -12.03818, -24.44295],
							"lerp_mode": "catmullrom"
						},
						"2.2083": {
							"post": [-20.37061, -11.80383, -24.53193],
							"lerp_mode": "catmullrom"
						},
						"2.9583": {
							"post": [-20.06, -12.32, -25.99],
							"lerp_mode": "catmullrom"
						},
						"3.0833": {
							"post": [-21.22111, -10.11482, -20.02754],
							"lerp_mode": "catmullrom"
						},
						"3.1667": {
							"post": [-19.38413, -7.22472, -20.01224],
							"lerp_mode": "catmullrom"
						},
						"3.2083": {
							"post": [-19.98, -5.29, -12.93],
							"lerp_mode": "catmullrom"
						},
						"3.25": {
							"post": [-20.08237, -4.85858, -5.73694],
							"lerp_mode": "catmullrom"
						},
						"3.3333": {
							"post": [-18.83237, -4.85858, -5.61194],
							"lerp_mode": "catmullrom"
						},
						"3.4583": {
							"post": [-23.55565, -8.24372, -24.09457],
							"lerp_mode": "catmullrom"
						},
						"3.5833": {
							"post": [-22.2858, -12.92737, -31.28681],
							"lerp_mode": "catmullrom"
						},
						"3.6667": {
							"post": [-21.70526, -11.45146, -34.91559],
							"lerp_mode": "catmullrom"
						},
						"3.75": {
							"post": [-24.20761, -14.88124, -35.44557],
							"lerp_mode": "catmullrom"
						},
						"3.7917": {
							"post": [-28.0249, -3.0567, -22.02758],
							"lerp_mode": "catmullrom"
						},
						"3.875": {
							"post": [-23.63404, -13.16844, -45.55777],
							"lerp_mode": "catmullrom"
						},
						"4.0": {
							"post": [-21.88167, -7.82077, -36.678],
							"lerp_mode": "catmullrom"
						},
						"4.1667": {
							"post": [-22.35703, -7.45368, 0.60203],
							"lerp_mode": "catmullrom"
						},
						"4.2917": {
							"post": [-24.57, 4.55, 54.05],
							"lerp_mode": "catmullrom"
						},
						"4.3333": {
							"post": [-22.892, 13.62164, 70.59456],
							"lerp_mode": "catmullrom"
						},
						"4.4583": {
							"post": [-17.22729, 17.68318, 104.55977],
							"lerp_mode": "catmullrom"
						},
						"4.5": {
							"post": [-20.68258, 14.55642, 110.99604],
							"lerp_mode": "catmullrom"
						},
						"4.5833": {
							"post": [-19.79837, 16.20632, 106.62597],
							"lerp_mode": "catmullrom"
						},
						"4.7917": {
							"post": [-18.9691, 15.03932, 107.885],
							"lerp_mode": "catmullrom"
						},
						"5.0": {
							"post": [-18.81372, 15.17085, 106.44788],
							"lerp_mode": "catmullrom"
						},
						"5.2083": {
							"post": [-16.71978, 17.46277, 113.88984],
							"lerp_mode": "catmullrom"
						},
						"5.3333": {
							"post": [-16.10577, 18.02794, 115.90419],
							"lerp_mode": "catmullrom"
						},
						"5.4583": {
							"post": [-16.3387, 17.81841, 115.14732],
							"lerp_mode": "catmullrom"
						},
						"5.625": {
							"post": [-16.29492, 17.39069, 113.63894],
							"lerp_mode": "catmullrom"
						},
						"5.75": {
							"post": [-16.51206, 17.96896, 112.91323],
							"lerp_mode": "catmullrom"
						},
						"5.9167": {
							"post": [-20.38992, 13.35501, 98.62934],
							"lerp_mode": "catmullrom"
						},
						"6.0833": {
							"post": [-24.10874, 2.36372, 72.03682],
							"lerp_mode": "catmullrom"
						},
						"6.25": {
							"post": [-2.74769, -2.6691, 3.04879],
							"lerp_mode": "catmullrom"
						},
						"6.3333": {
							"post": [2.07434, -1.59312, -1.14424],
							"lerp_mode": "catmullrom"
						},
						"6.375": {
							"post": [-1.76642, -1.20805, -0.61951],
							"lerp_mode": "catmullrom"
						},
						"6.4583": {
							"post": [0.5, -0.5, 1.5],
							"lerp_mode": "catmullrom"
						},
						"6.625": {
							"post": [0, 0, 0.1],
							"lerp_mode": "catmullrom"
						},
						"6.7917": {
							"post": [0, 0, 0],
							"lerp_mode": "catmullrom"
						}
					},
					"position": {
						"0.0": {
							"post": [0, 0, 0],
							"lerp_mode": "catmullrom"
						},
						"0.0833": {
							"post": [-0.32, 0.42, -0.29],
							"lerp_mode": "catmullrom"
						},
						"0.2083": {
							"post": [-0.95, 1.275, -0.875],
							"lerp_mode": "catmullrom"
						},
						"0.3333": {
							"post": [-0.95, 1.47, -0.87],
							"lerp_mode": "catmullrom"
						},
						"0.375": {
							"post": [-1.075, 1.52, -0.87],
							"lerp_mode": "catmullrom"
						},
						"0.4167": {
							"post": [-1.045, 1.395, -0.87],
							"lerp_mode": "catmullrom"
						},
						"0.5417": {
							"post": [-0.865, 1.25, -0.87],
							"lerp_mode": "catmullrom"
						},
						"0.5833": {
							"post": [-1.435, 1.25, -0.87],
							"lerp_mode": "catmullrom"
						},
						"0.6667": {
							"post": [-2.055, 1.25, -0.87],
							"lerp_mode": "catmullrom"
						},
						"0.8333": {
							"post": [-2.76, 1.075, -0.87],
							"lerp_mode": "catmullrom"
						},
						"0.9583": {
							"post": [-2.76, 1.105, -0.87],
							"lerp_mode": "catmullrom"
						},
						"1.125": {
							"post": [-2.76, 1.16, -0.87],
							"lerp_mode": "catmullrom"
						},
						"1.4583": {
							"post": [-2.76, 1.135, -0.87],
							"lerp_mode": "catmullrom"
						},
						"1.75": {
							"post": [-2.76, 1.115, -0.87],
							"lerp_mode": "catmullrom"
						},
						"1.875": {
							"post": [-2.735, 1.145, -0.87],
							"lerp_mode": "catmullrom"
						},
						"2.0417": {
							"post": [-2.73, 1.2, -0.87],
							"lerp_mode": "catmullrom"
						},
						"2.2083": {
							"post": [-2.73, 1.15, -0.87],
							"lerp_mode": "catmullrom"
						},
						"2.5833": {
							"post": [-2.73, 1.1, -0.87],
							"lerp_mode": "catmullrom"
						},
						"2.9583": {
							"post": [-2.77, 1.17, -0.84],
							"lerp_mode": "catmullrom"
						},
						"3.0833": {
							"post": [-2.88369, 1.42621, -0.7331],
							"lerp_mode": "catmullrom"
						},
						"3.1667": {
							"post": [-2.71854, 0.73218, -1.02598],
							"lerp_mode": "catmullrom"
						},
						"3.25": {
							"post": [-2.65569, 0.0282, -1.2866],
							"lerp_mode": "catmullrom"
						},
						"3.3333": {
							"post": [-2.68733, 0.39854, -1.14825],
							"lerp_mode": "catmullrom"
						},
						"3.5833": {
							"post": [-2.75674, 0.71756, -0.99892],
							"lerp_mode": "catmullrom"
						},
						"3.6667": {
							"post": [-2.84812, 0.82848, -0.94553],
							"lerp_mode": "catmullrom"
						},
						"3.75": {
							"post": [-2.86537, 0.84705, -0.94009],
							"lerp_mode": "catmullrom"
						},
						"3.8333": {
							"post": [-2.96902, 0.94264, -0.87587],
							"lerp_mode": "catmullrom"
						},
						"4.0": {
							"post": [-2.76059, 0.57435, -0.51264],
							"lerp_mode": "catmullrom"
						},
						"4.0833": {
							"post": [-2.77564, 0.58725, -0.50091],
							"lerp_mode": "catmullrom"
						},
						"4.25": {
							"post": [-1.8626, -0.21348, -0.94824],
							"lerp_mode": "catmullrom"
						},
						"4.4583": {
							"post": [-0.37242, 2.14417, -0.2745],
							"lerp_mode": "catmullrom"
						},
						"4.5833": {
							"post": [-0.29629, 2.05802, -0.25143],
							"lerp_mode": "catmullrom"
						},
						"4.7917": {
							"post": [-0.19174, 2.19338, -0.07538],
							"lerp_mode": "catmullrom"
						},
						"5.0": {
							"post": [-0.19, 2.15, -0.07],
							"lerp_mode": "catmullrom"
						},
						"5.0833": {
							"post": [-0.19, 2.115, -0.08],
							"lerp_mode": "catmullrom"
						},
						"5.2083": {
							"post": [-0.19, 2.245, -0.08],
							"lerp_mode": "catmullrom"
						},
						"5.3333": {
							"post": [-0.19, 2.375, -0.08],
							"lerp_mode": "catmullrom"
						},
						"5.4583": {
							"post": [-0.19, 2.33, -0.08],
							"lerp_mode": "catmullrom"
						},
						"5.625": {
							"post": [-0.19, 2.28, -0.08],
							"lerp_mode": "catmullrom"
						},
						"5.9167": {
							"post": [-0.19, 1.555, -0.08],
							"lerp_mode": "catmullrom"
						},
						"6.0833": {
							"post": [-0.19, 0.585, -0.08],
							"lerp_mode": "catmullrom"
						},
						"6.25": {
							"post": [0.40709, -0.08239, -0.96132],
							"lerp_mode": "catmullrom"
						},
						"6.3333": {
							"post": [0, 0, 0.45],
							"lerp_mode": "catmullrom"
						},
						"6.375": {
							"post": [-0.03, -0.04, 0.42],
							"lerp_mode": "catmullrom"
						},
						"6.4583": {
							"post": [0, 0, 0],
							"lerp_mode": "catmullrom"
						},
						"6.625": {
							"post": [0, 0, 0],
							"lerp_mode": "catmullrom"
						}
					}
				},
				"constraint": {
					"rotation": [0.2, 0.2, 0.2]
				},
				"lh_and_mag": {
					"rotation": {
						"0.4583": {
							"pre": [0, 0, 0],
							"post": [0, 0, 0],
							"lerp_mode": "catmullrom"
						},
						"0.5833": {
							"post": [0, 0, 3.25],
							"lerp_mode": "catmullrom"
						},
						"0.625": {
							"post": [0, 0, 9.5],
							"lerp_mode": "catmullrom"
						},
						"0.6667": {
							"post": [0.74029, 0.74727, -14.76682],
							"lerp_mode": "catmullrom"
						},
						"0.7917": {
							"post": [-9.53678, -6.73989, -55.86514],
							"lerp_mode": "catmullrom"
						},
						"0.9583": {
							"post": [-11.61242, -1.05962, -26.07025],
							"lerp_mode": "catmullrom"
						},
						"1.0833": {
							"post": [-11.4246, -0.01224, -18.91871],
							"lerp_mode": "catmullrom"
						},
						"1.25": {
							"post": [-9.94569, -1.7855, -21.41685],
							"lerp_mode": "catmullrom"
						},
						"1.4167": {
							"post": [-10.58023, -2.34375, -24.62064],
							"lerp_mode": "catmullrom"
						},
						"1.7083": {
							"post": [-10.62805, -2.11371, -23.39106],
							"lerp_mode": "catmullrom"
						},
						"1.7917": {
							"post": [9.4019, 2.81585, 1.30367],
							"lerp_mode": "catmullrom"
						},
						"1.875": {
							"post": [-8.3781, 6.89339, 26.90681],
							"lerp_mode": "catmullrom"
						},
						"2.0417": {
							"post": [-14.90546, 0.3073, 35.40374],
							"lerp_mode": "catmullrom"
						},
						"2.2917": {
							"post": [-18.18241, 0.3064, 34.55357],
							"lerp_mode": "catmullrom"
						},
						"2.5833": {
							"post": [-17.67563, -1.98915, 34.76054],
							"lerp_mode": "catmullrom"
						},
						"3.0": {
							"post": [-17.69902, -1.76128, 35.47547],
							"lerp_mode": "catmullrom"
						},
						"3.125": {
							"post": [-16.4174, -6.93188, 18.70239],
							"lerp_mode": "catmullrom"
						},
						"3.1667": {
							"post": [-1.03359, -17.75456, -45.63733],
							"lerp_mode": "catmullrom"
						},
						"3.2083": {
							"post": [7.36814, -16.23054, -73.85084],
							"lerp_mode": "catmullrom"
						},
						"3.25": {
							"post": [3.19599, -17.50325, -59.5409],
							"lerp_mode": "catmullrom"
						},
						"3.375": {
							"post": [-1.94894, -17.54245, -42.52073],
							"lerp_mode": "catmullrom"
						},
						"3.4583": {
							"post": [-8.90027, -15.45892, -18.58836],
							"lerp_mode": "catmullrom"
						},
						"3.5833": {
							"post": [0, 0, 0],
							"lerp_mode": "catmullrom"
						},
						"3.75": {
							"post": [2.5, 0, 0],
							"lerp_mode": "catmullrom"
						},
						"3.7917": {
							"post": [0, 0, 0],
							"lerp_mode": "catmullrom"
						},
						"3.875": {
							"post": [0, 0, 0],
							"lerp_mode": "catmullrom"
						}
					},
					"position": {
						"0.4583": {
							"pre": [0, 0, 0],
							"post": [0, 0, 0],
							"lerp_mode": "catmullrom"
						},
						"0.5417": {
							"post": [0, -0.875, 0],
							"lerp_mode": "catmullrom"
						},
						"0.5833": {
							"post": [0, -4.95, 0],
							"lerp_mode": "catmullrom"
						},
						"0.625": {
							"post": [0, -6.225, 0],
							"lerp_mode": "catmullrom"
						},
						"0.7917": {
							"post": [6.04, -4.735, 0],
							"lerp_mode": "catmullrom"
						},
						"0.9583": {
							"post": [7.44, -4.74, 0],
							"lerp_mode": "catmullrom"
						},
						"1.25": {
							"post": [7.44, -4.565, 0],
							"lerp_mode": "catmullrom"
						},
						"1.4167": {
							"post": [7.44, -4.77, 0],
							"lerp_mode": "catmullrom"
						},
						"1.7083": {
							"post": [7.44, -4.845, 0],
							"lerp_mode": "catmullrom"
						},
						"1.875": {
							"post": [7.44, -3.04, 0],
							"lerp_mode": "catmullrom"
						},
						"2.1667": {
							"post": [7.44, -2.89, 0],
							"lerp_mode": "catmullrom"
						},
						"2.5833": {
							"post": [7.44, -2.89, 0],
							"lerp_mode": "catmullrom"
						},
						"3.0": {
							"post": [7.49, -2.89, 0],
							"lerp_mode": "catmullrom"
						},
						"3.125": {
							"post": [8.04891, -2.08923, 0.31147],
							"lerp_mode": "catmullrom"
						},
						"3.1667": {
							"post": [4.98688, -5.22204, -1.09272],
							"lerp_mode": "catmullrom"
						},
						"3.2083": {
							"post": [4.40248, -7.24897, -1.70491],
							"lerp_mode": "catmullrom"
						},
						"3.3333": {
							"post": [3.8928, -7.27537, -1.81283],
							"lerp_mode": "catmullrom"
						},
						"3.5833": {
							"post": [0, -3.425, 0],
							"lerp_mode": "catmullrom"
						},
						"3.75": {
							"post": [0, -3.145, 0],
							"lerp_mode": "catmullrom"
						},
						"3.7917": {
							"post": [0, 0, 0],
							"lerp_mode": "catmullrom"
						},
						"3.8333": {
							"post": [0, 0.25, 0],
							"lerp_mode": "catmullrom"
						},
						"3.875": {
							"post": [0, 0, 0],
							"lerp_mode": "catmullrom"
						}
					}
				},
				"magazine_and_bullet": {
					"rotation": {
						"3.0": [0, 0, 0],
						"3.125": [0, 0, -33.5],
						"3.2917": [0, 0, 0]
					},
					"position": {
						"3.0": [0, 0, 0],
						"3.0833": [-1.8581, 2.13422, 0],
						"3.1667": [-0.21879, -0.50514, 0],
						"3.75": [-0.21879, -0.50514, 0],
						"3.7917": [0, 0, 0]
					}
				},
				"bolt2": {
					"position": [0, 0, 3.2]
				},
				"camera": {
					"rotation": {
						"0.0": {
							"post": [0, 0, 0],
							"lerp_mode": "catmullrom"
						},
						"0.1667": {
							"post": [-0.525, -0.425, 0.5],
							"lerp_mode": "catmullrom"
						},
						"0.375": {
							"post": [0.48, 0.35, 0],
							"lerp_mode": "catmullrom"
						},
						"0.5417": {
							"post": [0.78, 0, -0.375],
							"lerp_mode": "catmullrom"
						},
						"0.5833": {
							"post": [0.25, -0.43, -0.735],
							"lerp_mode": "catmullrom"
						},
						"0.625": {
							"post": [1.535, -0.8, 0.425],
							"lerp_mode": "catmullrom"
						},
						"0.7083": {
							"post": [0.755, -0.6, -0.2],
							"lerp_mode": "catmullrom"
						},
						"0.8333": {
							"post": [1.155, -0.55, 0.275],
							"lerp_mode": "catmullrom"
						},
						"1.0417": {
							"post": [0.93, -0.4, -0.1],
							"lerp_mode": "catmullrom"
						},
						"1.5": {
							"post": [0.93, -0.665, 0],
							"lerp_mode": "catmullrom"
						},
						"1.8333": {
							"post": [0.93, -0.25, 0.3],
							"lerp_mode": "catmullrom"
						},
						"2.0417": {
							"post": [1.23, -0.55, 0.325],
							"lerp_mode": "catmullrom"
						},
						"3.0417": {
							"post": [1.23, -0.6, 0],
							"lerp_mode": "catmullrom"
						},
						"3.2083": {
							"post": [1.955, -0.225, -0.525],
							"lerp_mode": "catmullrom"
						},
						"3.3333": {
							"post": [1.23, 0.225, 0],
							"lerp_mode": "catmullrom"
						},
						"3.5": {
							"post": [0.205, 0, 0],
							"lerp_mode": "catmullrom"
						},
						"3.5833": {
							"post": [0.03, -0.3, 0],
							"lerp_mode": "catmullrom"
						},
						"3.75": {
							"post": [0.13, 0, 0],
							"lerp_mode": "catmullrom"
						},
						"3.8333": {
							"post": [0.805, 0.35, -0.425],
							"lerp_mode": "catmullrom"
						},
						"3.9167": {
							"post": [-0.295, -0.425, 0.6],
							"lerp_mode": "catmullrom"
						},
						"4.0": {
							"post": [-0.65, 0, 0],
							"lerp_mode": "catmullrom"
						},
						"4.2083": {
							"post": [-0.49, 0.45, -0.175],
							"lerp_mode": "catmullrom"
						},
						"4.4583": {
							"post": [0, 0.925, 0],
							"lerp_mode": "catmullrom"
						},
						"4.75": {
							"post": [0, 0.39, 0.22],
							"lerp_mode": "catmullrom"
						},
						"5.0": {
							"post": [0, 0, 0.375],
							"lerp_mode": "catmullrom"
						},
						"5.2083": {
							"post": [0.35, 0, 0],
							"lerp_mode": "catmullrom"
						},
						"5.4167": {
							"post": [0.555, 0, 0],
							"lerp_mode": "catmullrom"
						},
						"5.6667": {
							"post": [0.43, 0, 0],
							"lerp_mode": "catmullrom"
						},
						"5.875": {
							"post": [-0.07, 0, 0],
							"lerp_mode": "catmullrom"
						},
						"6.0417": {
							"post": [-0.135, -0.375, -0.075],
							"lerp_mode": "catmullrom"
						},
						"6.25": {
							"post": [0.205, 0.55, 0.25],
							"lerp_mode": "catmullrom"
						},
						"6.4167": {
							"post": [0.09, -0.31, -0.15],
							"lerp_mode": "catmullrom"
						},
						"6.5417": {
							"post": [0, 0, 0],
							"lerp_mode": "catmullrom"
						}
					}
				},
				"bullet_in_mag": {
					"scale": 0
				},
				"bullet": {
					"scale": 0
				}
			},
			"sound_effects": {
				"0.0": {
					"effect": "p09_sm_mpapa7_inspect_raise"
				},
				"0.2917": {
					"effect": "p09_sm_mpapa7_inspect_magout"
				},
				"1.6667": {
					"effect": "p09_sm_mpapa7_inspect_rattle3"
				},
				"2.875": {
					"effect": "p09_sm_mpapa7_inspect_grab"
				},
				"2.9583": {
					"effect": "p09_sm_mpapa7_inspect_magin"
				},
				"4.125": {
					"effect": "p09_sm_mpapa7_inspect_rotate"
				},
				"5.125": {
					"effect": "p09_sm_mpapa7_inspect_rattle"
				},
				"5.75": {
					"effect": "p09_sm_mpapa7_inspect_end"
				}
			}
		},
		"draw": {
			"loop": "hold_on_last_frame",
			"animation_length": 0.8333,
			"bones": {
				"lefthand": {
					"rotation": [146.71783, 7.17446, 144.76991],
					"position": [6.55, -10.2, -10.7],
					"scale": [1, 1.5, 1]
				},
				"righthand": {
					"rotation": [108.13412, -337.97612, -175.38792],
					"position": [-6.25, -10.7, -4.05],
					"scale": [1, 1.5, 1]
				},
				"root": {
					"rotation": {
						"0.0": {
							"post": [57.64, -37.135, 4.91],
							"lerp_mode": "catmullrom"
						},
						"0.1": {
							"post": [30.84694, -8.138, 12.27712],
							"lerp_mode": "catmullrom"
						},
						"0.2667": {
							"post": [-0.25361, 0.07904, 1.12542],
							"lerp_mode": "catmullrom"
						},
						"0.3": {
							"post": [-5.7, -3.35, -1.95],
							"lerp_mode": "catmullrom"
						},
						"0.3667": {
							"post": [-2.4, 1.22717, 1.17281],
							"lerp_mode": "catmullrom"
						},
						"0.4667": {
							"post": [0, -0.475, -1.425],
							"lerp_mode": "catmullrom"
						},
						"0.5667": {
							"post": [0, 0, 0.45],
							"lerp_mode": "catmullrom"
						},
						"0.7667": {
							"post": [0, 0, 0],
							"lerp_mode": "catmullrom"
						}
					},
					"position": {
						"0.0": {
							"post": [0, -12.02, 1.99],
							"lerp_mode": "catmullrom"
						},
						"0.1": {
							"post": [0, -5.95, -2.07],
							"lerp_mode": "catmullrom"
						},
						"0.2": {
							"post": [-0.05, -1.225, -0.575],
							"lerp_mode": "catmullrom"
						},
						"0.3667": {
							"post": [-0.05, -0.175, 0.25],
							"lerp_mode": "catmullrom"
						},
						"0.4667": {
							"post": [0, 0, 0],
							"lerp_mode": "catmullrom"
						},
						"0.5333": {
							"post": [0, 0.01, -0.02],
							"lerp_mode": "catmullrom"
						},
						"0.8333": {
							"post": [0, 0, 0],
							"lerp_mode": "catmullrom"
						}
					}
				},
				"constraint": {
					"rotation": [0.2, 0.2, 0.2]
				},
				"camera": {
					"rotation": {
						"0.0": [0, 0, 0],
						"0.1": [0, 0, 0.25],
						"0.2": [0, 0, -0.3],
						"0.3667": [0, 0, 0]
					}
				}
			},
			"sound_effects": {
				"0.0": {
					"effect": "p09_sm_mpapa7_raise_rattle"
				}
			}
		},
		"put_away": {
			"loop": "hold_on_last_frame",
			"animation_length": 0.3667,
			"bones": {
				"lefthand": {
					"rotation": {
						"0.0": {
							"post": [146.71783, 7.17446, 144.76991],
							"lerp_mode": "catmullrom"
						},
						"0.1333": {
							"post": [166.29097, 10.75591, 112.12462],
							"lerp_mode": "catmullrom"
						}
					},
					"position": {
						"0.0": {
							"post": [6.55, -10.2, -10.7],
							"lerp_mode": "catmullrom"
						},
						"0.1333": {
							"post": [6.905, -7.05, -7.67],
							"lerp_mode": "catmullrom"
						}
					},
					"scale": {
						"0.0": {
							"post": [1, 1.5, 1],
							"lerp_mode": "catmullrom"
						}
					}
				},
				"righthand": {
					"rotation": {
						"0.0": {
							"post": [108.13412, -337.97612, -175.38792],
							"lerp_mode": "catmullrom"
						}
					},
					"position": {
						"0.0": {
							"post": [-6.25, -10.7, -4.05],
							"lerp_mode": "catmullrom"
						}
					},
					"scale": {
						"0.0": {
							"post": [1, 1.5, 1],
							"lerp_mode": "catmullrom"
						}
					}
				},
				"root": {
					"rotation": {
						"0.0": {
							"post": [0, 0, 0],
							"lerp_mode": "catmullrom"
						},
						"0.2": {
							"post": [18.33, -15.75, -2.1],
							"lerp_mode": "catmullrom"
						},
						"0.3667": {
							"post": [54.99916, -47.2484, -6.29723],
							"lerp_mode": "catmullrom"
						}
					},
					"position": {
						"0.0": {
							"post": [0, 0, 0],
							"lerp_mode": "catmullrom"
						},
						"0.2": {
							"post": [1.55, -3.83, 0],
							"lerp_mode": "catmullrom"
						},
						"0.3667": {
							"post": [0, -11.5, 0],
							"lerp_mode": "catmullrom"
						}
					}
				},
				"constraint": {
					"rotation": {
						"0.0": {
							"post": [0.2, 0.2, 0.2],
							"lerp_mode": "catmullrom"
						}
					}
				},
				"camera": {
					"rotation": {
						"0.0": [0, 0, 0],
						"0.1": [0, 0, -0.325],
						"0.2": [0, 0, 0.875],
						"0.3667": [0, 0, 0]
					}
				}
			}
		},
		"shoot": {
			"loop": true,
			"animation_length": 0.4333,
			"bones": {
				"root": {
					"rotation": {
						"0.0": [0, 0, 0],
						"0.0167": [0.37492, -0.53783, -0.6302],
						"0.0667": [-1.71019, 0.69685, 1.06496],
						"0.1167": [-0.435, 0.23, 0.015],
						"0.15": [-0.26104, 0.07314, 0.51317],
						"0.2167": [0.31312, -0.35794, 0.22042],
						"0.2667": [0, 0, 0],
						"0.35": [-0.2, 0, 0],
						"0.4333": [0, 0, 0]
					},
					"position": {
						"0.0": [0, 0, 0],
						"0.0167": [0, -0.2, 1.075],
						"0.0667": [0, -0.25, 1.105],
						"0.15": [0, -0.05, 0.28],
						"0.2167": [0, 0.05, -0.12],
						"0.3": [0, 0, 0.075],
						"0.3833": [0, 0, 0]
					}
				},
				"constraint": {
					"rotation": {
						"0.0": [0.2, 0.2, 0.2],
						"0.4": [0, 0, 0]
					},
					"position": {
						"0.0": [0, 0, 0],
						"0.0333": [0, -0.5, 0],
						"0.15": [0, 0, 0]
					}
				},
				"camera": {
					"rotation": {
						"0.0": [0, 0, 0],
						"0.0167": [-0.45, 0.25, -0.3],
						"0.0333": [-0.55, -0.275, 0.475],
						"0.1167": [-0.15, 0.1, -0.09],
						"0.2": [0.13, 0.04, -0.04],
						"0.2667": [0, 0, 0]
					}
				}
			}
		}
	}
}