{
	"format_version": "1.8.0",
	"animations": {
		"static_idle": {
			"loop": true,
			"bones": {
				"lefthand": {
					"rotation": [95.96494, -39.56229, 219.65513],
					"position": [7, -14.25, -9.65],
					"scale": [1, 1.5, 1]
				},
				"righthand": {
					"rotation": [92.5, -355, -180],
					"position": [-6.25, -14, -5],
					"scale": [1, 1.5, 1]
				},
				"root": {
					"rotation": [0, 0, 0],
					"position": [0, 0, 0]
				},
				"constraint": {
					"rotation": [0.2, 0.2, 0.2]
				}
			}
		},
		"draw": {
			"loop": "hold_on_last_frame",
			"animation_length": 0.7917,
			"bones": {
				"lefthand": {
					"rotation": [95.96494, -39.56229, 219.65513],
					"position": [7, -14.25, -9.65],
					"scale": [1, 1.5, 1]
				},
				"righthand": {
					"rotation": [92.5, -355, -180],
					"position": [-6.25, -14, -5],
					"scale": [1, 1.5, 1]
				},
				"root": {
					"rotation": {
						"0.0": {
							"post": [-55.71, -13.63, 32.26],
							"lerp_mode": "catmullrom"
						},
						"0.125": {
							"post": [-27.35, -7.2, 29.05],
							"lerp_mode": "catmullrom"
						},
						"0.25": {
							"post": [-1.64848, -0.77637, 8.24678],
							"lerp_mode": "catmullrom"
						},
						"0.3333": {
							"post": [1.75, 2.65, -3.525],
							"lerp_mode": "catmullrom"
						},
						"0.4167": {
							"post": [-1.75, 0, 1.75],
							"lerp_mode": "catmullrom"
						},
						"0.5417": {
							"post": [0, 0, 0],
							"lerp_mode": "catmullrom"
						}
					},
					"position": {
						"0.0": {
							"post": [0, -9.22, 0],
							"lerp_mode": "catmullrom"
						},
						"0.25": {
							"post": [0, -1.525, -0.75],
							"lerp_mode": "catmullrom"
						},
						"0.3333": {
							"post": [0, 0, 0],
							"lerp_mode": "catmullrom"
						},
						"0.375": {
							"post": [0, 0, 0.5],
							"lerp_mode": "catmullrom"
						},
						"0.5": {
							"post": [0, 0, 0.05],
							"lerp_mode": "catmullrom"
						},
						"0.625": {
							"post": [0, 0, 0],
							"lerp_mode": "catmullrom"
						}
					}
				},
				"camera": {
					"rotation": {
						"0.0": [0, 0, 0],
						"0.0417": [0.2, 0.08, 0.3],
						"0.0833": [0.33, 0.13, 0.63],
						"0.125": [0.06, -0.03, 0.8],
						"0.1667": [-0.22, -0.17, 0.76],
						"0.2083": [-0.15, -0.08, 0.19],
						"0.25": [0, 0.05, -0.34],
						"0.2917": [0.02, 0.05, -0.32],
						"0.3333": [0.01, 0.02, -0.14],
						"0.375": [0, 0, 0]
					}
				}
			}
		},
		"put_away": {
			"loop": "hold_on_last_frame",
			"animation_length": 0.4167,
			"bones": {
				"lefthand": {
					"rotation": {
						"0.0": [95.96494, -39.56229, 219.65513],
						"0.125": [120.92055, -63.63887, 135.6345]
					},
					"position": {
						"0.0": [7, -14.25, -9.65],
						"0.125": [13.125, -14.25, -9.65],
						"0.2083": [19.37, -14.25, -5.25]
					},
					"scale": [1, 1.5, 1]
				},
				"righthand": {
					"rotation": [92.5, -355, -180],
					"position": [-6.25, -14, -5],
					"scale": [1, 1.5, 1]
				},
				"root": {
					"rotation": {
						"0.0": [0, 0, 0],
						"0.0417": [-6.02, 2.1, 11.38],
						"0.0833": [-15.16, 3.29, 21.07],
						"0.125": [-26.45, -0.03, 15.56],
						"0.1667": [-40.08, -3.99, 7.61],
						"0.2083": [-45.61, -4.64, 7.03],
						"0.25": [-51.97, -5.1, 7.1],
						"0.2917": [-58.59, -5.4, 7.58],
						"0.3333": [-64.86, -5.61, 8.25],
						"0.375": [-70.18, -5.76, 8.88],
						"0.4167": [-73.97, -5.9, 9.23]
					},
					"position": {
						"0.0": [0, 0, 0],
						"0.0417": [-0.92, -0.21, -0.15],
						"0.0833": [-2.24, -0.46, -0.39],
						"0.125": [-3.69, -1.08, -0.44],
						"0.1667": [-5.03, -2.4, 0],
						"0.2083": [-5.85, -3.97, 0.76],
						"0.25": [-6.71, -6.09, 1.87],
						"0.2917": [-7.55, -8.48, 3.15],
						"0.3333": [-8.33, -10.83, 4.43],
						"0.375": [-8.98, -12.85, 5.54],
						"0.4167": [-9.45, -14.25, 6.3]
					}
				},
				"camera": {
					"rotation": {
						"0.0": [0, 0, 0],
						"0.0833": [0, 0, -0.45],
						"0.25": [0, 0, 0]
					}
				}
			}
		},
		"reload_tactical": {
			"loop": "hold_on_last_frame",
			"animation_length": 2.2,
			"bones": {
				"lefthand": {
					"rotation": {
						"0.0": [95.96, -39.56, 219.66],
						"0.0333": [96.52, -37.73, 222.71],
						"0.0667": [97.3, -34.95, 227.17],
						"0.1": [98.22, -31.75, 232.37],
						"0.1333": [99.2, -28.66, 237.63],
						"0.1667": [100.16, -26.19, 242.28],
						"0.2": [101.22, -24.81, 246.19],
						"0.2333": [101.49, -24.88, 246.82],
						"0.2667": [101.86, -25.31, 247.38],
						"0.3": [102.24, -26.07, 247.65],
						"0.3333": [102.62, -27.09, 247.68],
						"0.3667": [102.99, -28.31, 247.51],
						"0.4": [103.35, -29.68, 247.2],
						"0.4333": [103.69, -31.13, 246.77],
						"0.4667": [104.02, -32.6, 246.28],
						"0.5": [104.33, -34.03, 245.77],
						"0.5333": [104.61, -35.37, 245.27],
						"0.5667": [104.86, -36.55, 244.85],
						"0.6": [105.08, -37.51, 244.53],
						"0.6333": [105.26, -38.19, 244.37],
						"0.6667": [105.38, -38.66, 244.36],
						"0.7": [105.33, -38.69, 244.5],
						"0.7333": [105.18, -38.41, 244.72],
						"0.7667": [104.97, -37.97, 244.96],
						"0.8": [104.78, -37.5, 245.17],
						"0.8333": [104.65, -37.15, 245.27],
						"0.8667": [104.65, -37.05, 245.22],
						"0.9": [104.83, -37.35, 244.94],
						"0.9333": [105.26, -38.19, 244.37],
						"0.9667": [108.27, -44.36, 240.49],
						"1.0": [112.42, -52.84, 235.16],
						"1.0333": [115.43, -59, 231.28],
						"1.0667": [116.71, -60.24, 230.54],
						"1.1": [118.03, -60.22, 230.61],
						"1.1333": [118.72, -59.58, 231.06],
						"1.1667": [118.08, -58.96, 231.44],
						"1.2": [115.43, -59, 231.28],
						"1.2333": [101.08, -61, 231.04],
						"1.2667": [82.94, -63.62, 229.71],
						"1.3": [79.44, -65.06, 219.45],
						"1.3333": [111.52, -63.63, 187.18],
						"1.3667": [114.39, -63.84, 183.63],
						"1.4": [114.48, -64.3, 182.94],
						"1.4333": [112.98, -64.33, 184.63],
						"1.4667": [110.87, -63.15, 188.6],
						"1.5": [106.6, -60.23, 197.9],
						"1.5333": [101.4, -56.4, 209.22],
						"1.5667": [97.55, -52.47, 217.46],
						"1.6": [95.76, -45.32, 220.45],
						"1.6333": [95.96, -39.56, 219.66],
						"1.6667": [96.99, -38.75, 219.8],
						"1.7": [97.96, -39.56, 219.66],
						"1.7333": [97.69, -39.56, 219.66],
						"1.7667": [97.08, -39.56, 219.66],
						"1.8": [96.41, -39.56, 219.66],
						"1.8333": [95.96, -39.56, 219.66]
					},
					"position": {
						"0.0": [7, -14.25, -9.65],
						"0.0333": [6.94, -14.43, -9.56],
						"0.0667": [6.85, -14.69, -9.44],
						"0.1": [6.74, -14.99, -9.29],
						"0.1333": [6.63, -15.29, -9.15],
						"0.1667": [6.53, -15.56, -9.01],
						"0.2": [6.45, -15.8, -8.9],
						"0.2333": [6.44, -15.82, -8.89],
						"0.2667": [6.43, -15.84, -8.89],
						"0.3": [6.41, -15.86, -8.89],
						"0.3333": [6.4, -15.87, -8.89],
						"0.3667": [6.38, -15.89, -8.9],
						"0.4": [6.36, -15.9, -8.91],
						"0.4333": [6.34, -15.9, -8.93],
						"0.4667": [6.31, -15.91, -8.95],
						"0.5": [6.29, -15.91, -8.96],
						"0.5333": [6.27, -15.91, -8.99],
						"0.5667": [6.25, -15.91, -9.01],
						"0.6": [6.23, -15.91, -9.03],
						"0.6333": [6.21, -15.91, -9.05],
						"0.6667": [6.19, -15.9, -9.08],
						"0.7": [6.18, -15.9, -9.1],
						"0.7333": [6.16, -15.89, -9.12],
						"0.7667": [6.15, -15.88, -9.13],
						"0.8": [6.14, -15.88, -9.15],
						"0.8333": [6.14, -15.87, -9.16],
						"0.8667": [6.14, -15.86, -9.17],
						"0.9": [6.14, -15.85, -9.17],
						"0.9333": [6.15, -15.84, -9.17],
						"0.9667": [6.17, -15.83, -9.16],
						"1.0": [6.19, -15.83, -9.15],
						"1.0333": [6.21, -15.82, -9.13],
						"1.0667": [6.24, -15.81, -9.1],
						"1.1": [6.28, -15.81, -9.07],
						"1.1333": [6.32, -15.8, -9.03],
						"1.1667": [6.37, -15.8, -8.98],
						"1.2": [6.45, -15.8, -8.9],
						"1.2333": [7.46, -15.68, -8.01],
						"1.2667": [9.34, -15.52, -6.26],
						"1.3": [10.6, -16.38, -4.04],
						"1.3333": [10.35, -19.6, -0.78],
						"1.3667": [10.44, -20.01, -0.25],
						"1.4": [10.57, -20.18, 0.05],
						"1.4333": [10.56, -20, -0.15],
						"1.4667": [10.26, -19.45, -1.02],
						"1.5": [9.71, -18.58, -2.47],
						"1.5333": [8.97, -17.4, -4.43],
						"1.5667": [8.18, -16.14, -6.52],
						"1.6": [7.48, -15.01, -8.38],
						"1.6333": [7, -14.25, -9.65]
					},
					"scale": [1, 1.5, 1]
				},
				"righthand": {
					"rotation": [92.5, -355, -180],
					"position": [-6.25, -14, -5],
					"scale": [1, 1.5, 1]
				},
				"root": {
					"relative_to": {
						"rotation": "entity"
					},
					"rotation": {
						"0.0": [0, 0, 0.01],
						"0.0333": [-10.51, -3, 17.76],
						"0.0667": [-19.33, -4.68, 10.52],
						"0.1": [-27.72, -8.17, -0.52],
						"0.1333": [-32.52, -12.27, -7.81],
						"0.1667": [-36.49, -16.4, -13.75],
						"0.2": [-39.94, -21.2, -17.1],
						"0.2333": [-42.09, -24.9, -19.32],
						"0.2667": [-42.9, -26.07, -23.61],
						"0.3": [-43.09, -25.96, -26.79],
						"0.3333": [-43.84, -24.78, -24.63],
						"0.3667": [-43.56, -24.19, -23.21],
						"0.4": [-42.86, -24.1, -23.12],
						"0.4333": [-41.97, -24.11, -23.21],
						"0.4667": [-41.11, -24.27, -23.39],
						"0.5": [-40.53, -24.62, -23.55],
						"0.5333": [-40.25, -25.83, -23.91],
						"0.5667": [-40.32, -27.44, -24.34],
						"0.6": [-40.38, -28.46, -24.49],
						"0.6333": [-40.37, -28.36, -23.86],
						"0.6667": [-40.09, -27.11, -22.85],
						"0.7": [-37.89, -21.8, -20.74],
						"0.7333": [-39.23, -22.47, -21.37],
						"0.7667": [-41.24, -24.14, -22.68],
						"0.8": [-41.98, -25.32, -24.63],
						"0.8333": [-40.66, -25.85, -28.17],
						"0.8667": [-38.81, -26.02, -30.95],
						"0.9": [-36.79, -25.79, -31.08],
						"0.9333": [-35.18, -25.43, -30.28],
						"0.9667": [-34.7, -24.67, -29.96],
						"1.0": [-35.3, -25.3, -29.81],
						"1.0333": [-40.38, -35.79, -30.58],
						"1.0667": [-37.4, -27.34, -27.56],
						"1.1": [-39.08, -30.41, -27.18],
						"1.1333": [-34.19, -32.26, -28.05],
						"1.1667": [-33.05, -29.79, -29.85],
						"1.2": [-36.78, -26.6, -25.33],
						"1.2333": [-35.95, -26.58, -26.16],
						"1.2667": [-34.22, -26.96, -27.15],
						"1.3": [-32.58, -27.36, -25.9],
						"1.3333": [-30.8, -26.96, -23.9],
						"1.3667": [-30.34, -25.98, -23.23],
						"1.4": [-29.85, -24.33, -22.45],
						"1.4333": [-27.19, -20.98, -19.7],
						"1.4667": [-23.51, -17.34, -16.06],
						"1.5": [-18.45, -12.49, -11.07],
						"1.6": {
							"pre": [-8.47, -2.675, 1.67],
							"post": [-8.47, -2.675, 1.67],
							"lerp_mode": "catmullrom"
						},
						"1.6667": {
							"post": [-2.55, 1.225, 7.85],
							"lerp_mode": "catmullrom"
						},
						"1.7667": {
							"post": [0, 0, -1.75],
							"lerp_mode": "catmullrom"
						},
						"1.8667": {
							"post": [0, 0, 2.075],
							"lerp_mode": "catmullrom"
						},
						"2.0333": {
							"post": [0, 0, 0.875],
							"lerp_mode": "catmullrom"
						},
						"2.1667": {
							"post": [0, 0, 0],
							"lerp_mode": "catmullrom"
						}
					},
					"position": {
						"0.0": [0, 0, 0],
						"0.0333": [-0.25, 0.3, -0.74],
						"0.0667": [-0.56, 0.65, -1.61],
						"0.1": [-0.73, 0.71, -1.66],
						"0.1333": [-0.75, 0.49, -0.94],
						"0.1667": [-0.76, 0.24, -0.19],
						"0.2": [-0.85, -0.33, 0.7],
						"0.2333": [-0.86, -0.3, 0.54],
						"0.2667": [-0.85, -0.14, 0.08],
						"0.3": [-0.85, -0.03, -0.23],
						"0.3333": [-0.85, 0, -0.24],
						"0.3667": [-0.85, -0.02, -0.21],
						"0.4": [-0.85, -0.08, -0.16],
						"0.4333": [-0.85, -0.11, -0.2],
						"0.4667": [-0.85, -0.12, -0.31],
						"0.5": [-0.85, -0.1, -0.45],
						"0.5333": [-0.86, -0.04, -0.53],
						"0.5667": [-0.87, 0.05, -0.61],
						"0.6": [-0.88, 0.14, -0.7],
						"0.6333": [-0.88, 0.21, -0.79],
						"0.6667": [-0.85, 0.22, -0.87],
						"0.7": [-0.75, 0.14, -0.98],
						"0.7333": [-0.62, -0.03, -1.1],
						"0.7667": [-0.5, -0.19, -1.19],
						"0.8": [-0.46, -0.24, -1.2],
						"0.8333": [-0.57, -0.1, -1.07],
						"0.8667": [-0.74, 0.09, -0.88],
						"0.9": [-0.76, 0.06, -0.85],
						"0.9333": [-0.73, -0.06, -0.87],
						"0.9667": [-0.71, -0.22, -0.89],
						"1.0": [-0.74, -0.33, -0.88],
						"1.0333": [-1.19, -0.15, -0.68],
						"1.0667": [-1.16, -0.09, -0.75],
						"1.1": [-1.07, -0.08, -0.88],
						"1.1333": [-1.03, -0.12, -0.97],
						"1.1667": [-0.99, -0.19, -1.07],
						"1.2": [-0.93, -0.27, -1.15],
						"1.2333": [-0.87, -0.36, -1.2],
						"1.2667": [-0.81, -0.49, -1.25],
						"1.3": [-0.74, -0.58, -1.25],
						"1.4": [-0.52, -0.785, -1.06],
						"1.5333": {
							"pre": [-0.19, -0.345, -0.705],
							"post": [-0.19, -0.345, -0.705],
							"lerp_mode": "catmullrom"
						},
						"1.6333": {
							"post": [0, 0, 0],
							"lerp_mode": "catmullrom"
						},
						"1.6667": {
							"post": [0, 0.175, 0.725],
							"lerp_mode": "catmullrom"
						},
						"1.8": {
							"post": [0, -0.025, -0.125],
							"lerp_mode": "catmullrom"
						},
						"2.0667": {
							"post": [0, 0, 0],
							"lerp_mode": "catmullrom"
						}
					}
				},
				"mag_and_lefthand": {
					"rotation": {
						"0.0": [0, 0, 0],
						"0.0333": [-5.27, -14.44, -25.6],
						"0.0667": [-11.89, -32.56, -57.75],
						"0.1": [-14.39, -39.45, -69.88],
						"0.1333": [-14.94, -41.31, -72.55],
						"0.1667": [-15.27, -42.77, -74.14],
						"0.2": [-15.4, -43.76, -74.78],
						"0.2333": [-15.37, -44.21, -74.6],
						"0.2667": [-15.2, -44.04, -73.76],
						"0.3": [-14.92, -43.18, -72.39],
						"0.3333": [-14.55, -41.58, -70.63],
						"0.3667": [-14.02, -38.39, -68.1],
						"0.4": [-12.73, -24.39, -58.85],
						"0.4333": [-9.91, 1.88, -41.33],
						"0.4667": [-1.96, 19.43, -27.64],
						"0.5": [16.71, 15.15, -21.76],
						"0.5333": [12.07, 9.4, -12.97],
						"0.5667": [2.91, 2.29, -3.59],
						"0.6": [-1.2, -1.09, -2.03],
						"0.6333": [0, 0, -7.68],
						"0.6667": [0, 0, -7.39],
						"0.7": [0, 0, -5.75],
						"0.7333": [0, 0, -3.79],
						"0.7667": [0, 0, -0.62],
						"0.8": [0, 0, -1.17],
						"0.8333": [0, 0, -11],
						"0.8667": [0, 0, -15.18],
						"0.9": [0, 0, -18.56],
						"0.9333": [0, 0, -19.08],
						"0.9667": [0, 0, -16.86],
						"1.0": [0, 0, -13.25],
						"1.0333": [0, 0, 0]
					},
					"position": {
						"0.0": [0, 0, 0],
						"0.0333": [1.96, 0.29, 2.76],
						"0.0667": [4.43, 0.51, 6.36],
						"0.1": [5.56, -0.06, 8.67],
						"0.1333": [5.48, -1.49, 9.93],
						"0.1667": [5.23, -2.64, 10.67],
						"0.2": [5.23, -2.83, 10.91],
						"0.2333": [5.23, -2.92, 11.14],
						"0.2667": [5.22, -2.92, 11.29],
						"0.3": [5.22, -2.87, 11.32],
						"0.3333": [5.22, -2.78, 11.17],
						"0.3667": [5.23, -2.64, 10.67],
						"0.4": [5.39, -2.31, 8.95],
						"0.4333": [5.61, -1.66, 5.66],
						"0.4667": [5.17, -1.18, 3.21],
						"0.5": [4.12, -0.94, 1.98],
						"0.5333": [2.77, -0.75, 1],
						"0.5667": [1.6, -0.6, 0.27],
						"0.6": [0.95, -0.51, -0.26],
						"0.6333": [1.27, -0.53, 0],
						"0.6667": [1.27, -0.29, 0],
						"0.7": [1.27, -0.37, 0],
						"0.7333": [1.27, -1.07, 0],
						"0.7667": [1.28, -2.4, 0],
						"0.8": [1.26, -3.46, 0],
						"0.8333": [1.17, -3.74, 0],
						"0.8667": [0.97, -3.28, 0.01],
						"0.9": [0.71, -2.61, 0.01],
						"0.9333": [0.56, -2.34, -0.03],
						"0.9667": [0.5, -2.5, -0.1],
						"1.0": [0.42, -2.39, -0.15],
						"1.0333": [0, 0, 0]
					}
				},
				"magazine": {
					"scale": {
						"0.0333": [0, 0, 0],
						"0.2": [0, 0, 0],
						"0.2333": [1, 1, 1]
					}
				},
				"additional_magazine": {
					"rotation": {
						"0.6": [0, 0, 0],
						"0.7667": [0, 0, -7.04],
						"0.8": [0, 0, 0.25],
						"0.8333": [0, 0, -7.75],
						"0.8667": [0, 0, -12.5],
						"0.9333": [0, 0, -18],
						"0.9667": [0, 0, -17.25],
						"1.0": [0, 0, -12.5],
						"1.0333": [0, 0, -25.25],
						"1.1667": [0, 0, -25.25],
						"1.2": [0, -12.75, -25.25],
						"1.2667": [-55.51986, -7.62551, -40.61364],
						"1.3": [-61.13942, 2.84865, -55.59278],
						"1.3333": [-67.47013, -6.56496, -60.79238]
					},
					"position": {
						"0.6": [0, 0, 0],
						"0.6333": [0, -0.05, 0],
						"0.7": [0, -0.125, 0],
						"0.7333": [0, -0.695, 0],
						"0.7667": [0.375, -2.32064, 0],
						"0.8": [0.39597, -3.93829, 0],
						"0.8333": [0.18754, -4.32792, 0],
						"0.8667": [0.02472, -3.90616, 0],
						"0.9333": [-0.35975, -2.89063, 0],
						"0.9667": [-0.30592, -3.05643, 0],
						"1.0": [-0.38322, -3.07623, -0.075],
						"1.0333": [-0.98076, -1.51531, -0.08],
						"1.0667": [-1.01199, -1.45217, -0.08],
						"1.1667": [-0.98, -1.52, -0.08],
						"1.2333": [1.57493, -0.70964, 2.18118],
						"1.2667": [2.94788, -0.84701, 3.12716],
						"1.3": [4.16095, -2.55206, 5.674],
						"1.3333": [3.46002, -5.81334, 9.26973]
					}
				},
				"camera": {
					"rotation": {
						"0.0": [0, 0, 0],
						"0.0333": [0.01, 0.03, 0.08],
						"0.0667": [0.03, 0.06, 0.19],
						"0.1": [0.04, 0.1, 0.28],
						"0.1333": [0.05, 0.13, 0.3],
						"0.1667": [0.04, 0.14, 0.14],
						"0.2": [0.02, 0.14, -0.12],
						"0.2333": [0, 0.1, -0.32],
						"0.2667": [-0.02, -0.02, -0.42],
						"0.3": [-0.04, -0.18, -0.46],
						"0.3333": [-0.05, -0.25, -0.47],
						"0.3667": [-0.05, -0.14, -0.46],
						"0.4": [-0.04, 0.05, -0.41],
						"0.4333": [0, 0.18, -0.34],
						"0.4667": [0.09, 0.15, -0.24],
						"0.5": [0.2, 0.05, -0.12],
						"0.5333": [0.25, 0, -0.02],
						"0.5667": [0.19, 0.08, 0.03],
						"0.6": [0.08, 0.21, 0.06],
						"0.6333": [0, 0.25, 0.08],
						"0.6667": [-0.02, -0.04, 0.17],
						"0.7": [0, -0.32, 0.2],
						"0.7333": [0, -0.27, 0.08],
						"0.7667": [0, -0.12, -0.11],
						"0.8": [0, 0, -0.2],
						"0.8333": [0, 0.02, -0.11],
						"0.8667": [0.01, 0.01, 0.07],
						"0.9": [0, 0, 0.2],
						"0.9333": [-0.09, 0.05, 0.23],
						"0.9667": [-0.12, 0, 0.1],
						"1.0": [0.13, -0.43, -0.38],
						"1.0333": [0.35, -0.73, -0.7],
						"1.0667": [0.2, -0.24, -0.12],
						"1.1": [0, 0.3, 0.53],
						"1.1333": [-0.02, 0.29, 0.54],
						"1.1667": [0, 0.14, 0.38],
						"1.2": [0, 0, 0.23],
						"1.2333": [-0.04, -0.08, 0.12],
						"1.2667": [-0.1, -0.15, 0.02],
						"1.3": [-0.12, -0.17, -0.07],
						"1.3333": [-0.11, -0.15, -0.15],
						"1.3667": [-0.07, -0.1, -0.23],
						"1.4": [-0.03, -0.05, -0.29],
						"1.4333": [0, 0, -0.32],
						"1.4667": [0.02, 0.03, -0.3],
						"1.5": [0.03, 0.06, -0.25],
						"1.5333": [0.04, 0.08, -0.18],
						"1.5667": [0.05, 0.09, -0.12],
						"1.6": [0.05, 0.1, -0.07],
						"1.6333": [0.04, 0.09, -0.04],
						"1.6667": [0.03, 0.06, -0.02],
						"1.7": [0.01, 0.02, -0.01],
						"1.7333": [0, 0, 0],
						"1.7667": [0, 0, 0.02],
						"1.8": [0, 0, 0.03],
						"1.8333": [0, 0, 0.05],
						"1.8667": [0, 0, 0.02],
						"1.9": [0, 0, 0]
					}
				},
				"constraint": {
					"rotation": [0.2, 0.2, 0.2]
				}
			},
			"sound_effects": {
				"0.0333": {
					"effect": "wfoly_pi_deagle_reload_empty_xmag_shake"
				},
				"0.5667": {
					"effect": "wfoly_pi_deagle_reload_empty_xmag_charge_01"
				},
				"0.8333": {
					"effect": "wfoly_pi_deagle_fast_reload_exmag_magin_v2_01"
				},
				"1.1": {
					"effect": "wfoly_pi_deagle_fast_reload_exmag_magin_v2_02"
				},
				"1.3333": {
					"effect": "wfoly_pi_deagle_fast_reload_exmag_end"
				}
			}
		},
		"reload_empty": {
			"loop": "hold_on_last_frame",
			"animation_length": 2.8667,
			"bones": {
				"lefthand": {
					"rotation": {
						"0.0": [95.96, -39.56, 219.66],
						"0.0333": [96.52, -37.73, 222.71],
						"0.0667": [97.3, -34.95, 227.17],
						"0.1": [98.22, -31.75, 232.37],
						"0.1333": [99.2, -28.66, 237.63],
						"0.1667": [100.16, -26.19, 242.28],
						"0.2": [101.22, -24.81, 246.19],
						"0.2333": [101.49, -24.88, 246.82],
						"0.2667": [101.86, -25.31, 247.38],
						"0.3": [102.24, -26.07, 247.65],
						"0.3333": [102.62, -27.09, 247.68],
						"0.3667": [102.99, -28.31, 247.51],
						"0.4": [103.35, -29.68, 247.2],
						"0.4333": [103.69, -31.13, 246.77],
						"0.4667": [104.02, -32.6, 246.28],
						"0.5": [104.33, -34.03, 245.77],
						"0.5333": [104.61, -35.37, 245.27],
						"0.5667": [104.86, -36.55, 244.85],
						"0.6": [105.08, -37.51, 244.53],
						"0.6333": [105.26, -38.19, 244.37],
						"0.6667": [105.38, -38.66, 244.36],
						"0.7": [105.33, -38.69, 244.5],
						"0.7333": [105.18, -38.41, 244.72],
						"0.7667": [104.97, -37.97, 244.96],
						"0.8": [104.78, -37.5, 245.17],
						"0.8333": [104.65, -37.15, 245.27],
						"0.8667": [104.65, -37.05, 245.22],
						"0.9": [104.83, -37.35, 244.94],
						"0.9333": [105.26, -38.19, 244.37],
						"0.9667": [108.26, -44.33, 240.51],
						"1.0": [112.39, -52.78, 235.2],
						"1.0333": [115.43, -59, 231.28],
						"1.0667": [115.77, -60.24, 231.07],
						"1.1": [115.61, -61.24, 231.81],
						"1.1333": [115.16, -61.96, 233.05],
						"1.1667": [114.62, -62.34, 234.34],
						"1.2": [114.21, -62.36, 235.21],
						"1.2333": [114.13, -61.97, 235.22],
						"1.2667": [114.59, -61.12, 233.9],
						"1.3": [115.81, -59.77, 230.8],
						"1.3333": [128.64, -45.02, 198.68],
						"1.3667": [142, -33.23, 164.96],
						"1.4": [149.03, -44.02, 150.87],
						"1.4333": [146.66, -57.69, 151.73],
						"1.4667": [132.45, -58.42, 167],
						"1.5": [112.28, -56.03, 189.73],
						"1.5333": [97.65, -54.13, 205.59],
						"1.5667": [93.86, -53.8, 208.41],
						"1.6": [93.62, -53.66, 206.7],
						"1.6333": [95.63, -53.97, 202.46],
						"1.6667": [98.56, -54.96, 197.66],
						"1.7": [121.33, -65.46, 170.33],
						"1.7333": [123.57, -70.29, 144.82],
						"1.7667": [160.43, -78.58, 106.75],
						"1.8": [159.54, -77.04, 107.53],
						"1.8333": [150.94, -73.4, 116.38],
						"1.8667": [139.17, -71.4, 128.54],
						"1.9": [126.06, -64.9, 142.87],
						"1.9333": [113.99, -44.12, 159.08],
						"1.9667": [105.82, -23.69, 169.77],
						"2.0": [112.17, -17.94, 152.07],
						"2.0333": [112.83, -17.23, 149.86],
						"2.0667": [113.4, -16.49, 147.55],
						"2.1": [113.64, -16.11, 146.35],
						"2.1333": [113.3, -16.47, 147.46],
						"2.1667": [112.17, -17.94, 152.07],
						"2.2": [107.37, -24.35, 172.1],
						"2.2333": [100.77, -33.16, 199.63],
						"2.2667": [95.96, -39.56, 219.66]
					},
					"position": {
						"0.0": [7, -14.25, -9.65],
						"0.0333": [6.94, -14.43, -9.56],
						"0.0667": [6.85, -14.68, -9.44],
						"0.1": [6.74, -14.99, -9.29],
						"0.1333": [6.63, -15.29, -9.15],
						"0.1667": [6.53, -15.56, -9.01],
						"0.2": [6.45, -15.8, -8.9],
						"0.2333": [6.44, -15.82, -8.89],
						"0.2667": [6.43, -15.84, -8.88],
						"0.3": [6.42, -15.87, -8.87],
						"0.3333": [6.41, -15.89, -8.87],
						"0.3667": [6.4, -15.92, -8.86],
						"0.4": [6.38, -15.94, -8.86],
						"0.4333": [6.37, -15.96, -8.85],
						"0.4667": [6.35, -15.99, -8.85],
						"0.5": [6.34, -16.01, -8.85],
						"0.5333": [6.32, -16.03, -8.84],
						"0.5667": [6.31, -16.05, -8.84],
						"0.6": [6.29, -16.07, -8.84],
						"0.6333": [6.28, -16.09, -8.85],
						"0.6667": [6.27, -16.1, -8.85],
						"0.7": [6.26, -16.12, -8.85],
						"0.7333": [6.24, -16.13, -8.85],
						"0.7667": [6.24, -16.14, -8.85],
						"0.8": [6.23, -16.14, -8.86],
						"0.8333": [6.22, -16.15, -8.86],
						"0.8667": [6.22, -16.15, -8.86],
						"0.9": [6.22, -16.14, -8.87],
						"0.9333": [6.22, -16.14, -8.87],
						"0.9667": [6.22, -16.13, -8.88],
						"1.0": [6.23, -16.12, -8.88],
						"1.0333": [6.24, -16.1, -8.88],
						"1.0667": [6.25, -16.08, -8.89],
						"1.1": [6.27, -16.06, -8.89],
						"1.1333": [6.29, -16.03, -8.89],
						"1.1667": [6.31, -15.99, -8.9],
						"1.2": [6.34, -15.95, -8.9],
						"1.2333": [6.37, -15.91, -8.9],
						"1.2667": [6.41, -15.86, -8.9],
						"1.3": [6.45, -15.81, -8.9],
						"1.3333": [7.98, -14.13, -8.83],
						"1.3667": [9.27, -12.13, -8.9],
						"1.4": [9.16, -11.48, -9.07],
						"1.4333": [8.75, -10.86, -9.31],
						"1.4667": [8.2, -10.29, -9.59],
						"1.5": [7.67, -9.81, -9.83],
						"1.5333": [7.33, -9.45, -10],
						"1.5667": [7.17, -9.25, -10.09],
						"1.6": [7.17, -9.24, -10.11],
						"1.6333": [7.22, -9.31, -10.07],
						"1.6667": [7.26, -9.35, -10],
						"1.7": [7.26, -9.35, -9.3],
						"1.7333": [6.68, -9.35, -5.85],
						"1.7667": [6.68, -9.35, -5.95],
						"1.8": [6.68, -9.35, -5.92],
						"1.8333": [6.68, -9.35, -5.87],
						"1.8667": [6.6, -9.35, -5.94],
						"1.9": [6.68, -9.35, -5.79],
						"1.9333": [7.06, -9.25, -5.33],
						"1.9667": [7.88, -9.35, -3.99],
						"2.0": [11.36, -10.97, 3.17],
						"2.0333": [12.16, -12.34, 3.29],
						"2.0667": [13.09, -14.26, 2.93],
						"2.1": [13.92, -16.28, 2.19],
						"2.1333": [14.42, -17.95, 1.16],
						"2.1667": [14.34, -18.83, -0.06],
						"2.2": [12.39, -18.05, -3.14],
						"2.2333": [9.29, -15.9, -6.93],
						"2.2667": [7, -14.25, -9.65]
					},
					"scale": [1, 1.5, 1]
				},
				"righthand": {
					"rotation": [92.5, -355, -180],
					"position": [-6.25, -14, -5],
					"scale": [1, 1.5, 1]
				},
				"root": {
					"rotation": {
						"0.0": [0, 0, 0],
						"0.0333": [-10.51, -3, 17.76],
						"0.0667": [-19.33, -4.68, 10.52],
						"0.1": [-27.72, -8.17, -0.52],
						"0.1333": [-32.52, -12.27, -7.81],
						"0.1667": [-36.49, -16.4, -13.75],
						"0.2": [-39.94, -21.2, -17.1],
						"0.2333": [-42.09, -24.9, -19.32],
						"0.2667": [-42.9, -26.07, -23.61],
						"0.3": [-43.09, -25.96, -26.79],
						"0.3333": [-43.84, -24.78, -24.63],
						"0.3667": [-43.56, -24.19, -23.21],
						"0.4": [-42.86, -24.1, -23.12],
						"0.4333": [-41.97, -24.11, -23.21],
						"0.4667": [-41.11, -24.27, -23.39],
						"0.5": [-40.53, -24.62, -23.55],
						"0.5333": [-40.25, -25.83, -23.91],
						"0.5667": [-40.32, -27.44, -24.34],
						"0.6": [-40.38, -28.46, -24.49],
						"0.6333": [-40.37, -28.36, -23.86],
						"0.6667": [-40.09, -27.11, -22.85],
						"0.7": [-37.89, -21.8, -20.74],
						"0.7333": [-39.23, -22.47, -21.37],
						"0.7667": [-41.24, -24.14, -22.68],
						"0.8": [-41.98, -25.32, -24.63],
						"0.8333": [-40.66, -25.85, -28.17],
						"0.8667": [-38.81, -26.02, -30.95],
						"0.9": [-36.79, -25.79, -31.08],
						"0.9333": [-35.18, -25.43, -30.28],
						"0.9667": [-34.7, -24.67, -29.96],
						"1.0": [-35.3, -25.3, -29.81],
						"1.0333": [-40.38, -35.79, -30.58],
						"1.0667": [-37.4, -27.34, -27.56],
						"1.1": [-39.08, -30.41, -27.18],
						"1.1333": [-34.19, -32.26, -28.05],
						"1.1667": [-33.05, -29.79, -29.85],
						"1.2": [-36.78, -26.6, -25.33],
						"1.2333": [-35.95, -26.58, -26.16],
						"1.2667": [-34.22, -26.96, -27.15],
						"1.3": [-32.09, -28.41, -27.67],
						"1.3333": [-30.8, -26.96, -23.9],
						"1.3667": [-31.39, -21.28, -14.98],
						"1.4": [-32.83, -13.06, -2.8],
						"1.4333": [-35.02, -4.16, 8.63],
						"1.4667": [-38.5, 6.14, 18.7],
						"1.5": [-42.72, 17.12, 28.03],
						"1.5333": [-45.99, 24.69, 34.53],
						"1.5667": [-47.57, 26.33, 36.63],
						"1.6": [-48.19, 24.58, 35.89],
						"1.6333": [-48.33, 22.93, 34.95],
						"1.6667": [-48.07, 22.61, 34.29],
						"1.7": [-46.4, 22.13, 33.47],
						"1.7333": [-37.45, 19.03, 32.64],
						"1.7667": [-43.8, 19.7, 32.87],
						"1.8": [-42.94, 20.08, 33],
						"1.8333": [-40.87, 20.5, 33.15],
						"1.8667": [-39.27, 20.75, 33.2],
						"1.9": {
							"pre": [-38.99, 20.27, 32.58],
							"post": [-38.99, 20.27, 32.58],
							"lerp_mode": "catmullrom"
						},
						"1.9333": {
							"post": [-40.17, 17.41, 28.92],
							"lerp_mode": "catmullrom"
						},
						"1.9667": {
							"post": [-38.54, 21.21, 33.83],
							"lerp_mode": "catmullrom"
						},
						"2.0": {
							"post": [-27.29, 21.21, 33.83],
							"lerp_mode": "catmullrom"
						},
						"2.0667": {
							"post": [-29.6, 21.6, 34.25],
							"lerp_mode": "catmullrom"
						},
						"2.2": {
							"post": [-25.28487, 9.87178, 39.35649],
							"lerp_mode": "catmullrom"
						},
						"2.2667": {
							"post": [-13.16, 5.47, 33.78],
							"lerp_mode": "catmullrom"
						},
						"2.3": {
							"post": [-3.27682, 2.65817, 23.37312],
							"lerp_mode": "catmullrom"
						},
						"2.3667": {
							"post": [-2.55, 0, 7.85],
							"lerp_mode": "catmullrom"
						},
						"2.4667": {
							"post": [0, 0, -1.75],
							"lerp_mode": "catmullrom"
						},
						"2.5667": {
							"post": [0, 0, 2.075],
							"lerp_mode": "catmullrom"
						},
						"2.7333": {
							"post": [0, 0, 0.875],
							"lerp_mode": "catmullrom"
						},
						"2.8667": {
							"post": [0, 0, 0],
							"lerp_mode": "catmullrom"
						}
					},
					"position": {
						"0.0": [0, 0, 0],
						"0.0333": [-0.25, 0.3, -0.74],
						"0.0667": [-0.56, 0.65, -1.61],
						"0.1": [-0.73, 0.71, -1.66],
						"0.1333": [-0.75, 0.49, -0.94],
						"0.1667": [-0.76, 0.24, -0.19],
						"0.2": [-0.85, -0.33, 0.7],
						"0.2333": [-0.86, -0.3, 0.54],
						"0.2667": [-0.85, -0.14, 0.08],
						"0.3": [-0.85, -0.03, -0.23],
						"0.3333": [-0.85, 0, -0.24],
						"0.3667": [-0.85, -0.02, -0.21],
						"0.4": [-0.85, -0.08, -0.16],
						"0.4333": [-0.85, -0.11, -0.2],
						"0.4667": [-0.85, -0.12, -0.31],
						"0.5": [-0.85, -0.1, -0.45],
						"0.5333": [-0.86, -0.04, -0.53],
						"0.5667": [-0.87, 0.05, -0.61],
						"0.6": [-0.88, 0.14, -0.7],
						"0.6333": [-0.88, 0.21, -0.79],
						"0.6667": [-0.85, 0.22, -0.87],
						"0.7": [-0.75, 0.14, -0.98],
						"0.7333": [-0.62, -0.03, -1.1],
						"0.7667": [-0.5, -0.19, -1.19],
						"0.8": [-0.46, -0.24, -1.2],
						"0.8333": [-0.57, -0.1, -1.07],
						"0.8667": [-0.74, 0.09, -0.88],
						"0.9": [-0.76, 0.06, -0.85],
						"0.9333": [-0.73, -0.06, -0.87],
						"0.9667": [-0.71, -0.22, -0.89],
						"1.0": [-0.74, -0.33, -0.88],
						"1.0333": [-1.19, -0.15, -0.68],
						"1.0667": [-1.16, -0.09, -0.75],
						"1.1": [-1.07, -0.08, -0.88],
						"1.1333": [-1.03, -0.12, -0.97],
						"1.1667": [-0.99, -0.19, -1.07],
						"1.2": [-0.93, -0.27, -1.15],
						"1.2333": [-0.89, -0.35, -1.17],
						"1.2667": [-0.85, -0.44, -1.17],
						"1.3": [-0.78, -0.53, -1.16],
						"1.3333": [-0.64, -0.59, -1.16],
						"1.3667": [-0.23, -0.66, -1.16],
						"1.4": [0.29, -0.69, -1.16],
						"1.4333": [0.58, -0.61, -1.16],
						"1.4667": [0.43, -0.3, -1.16],
						"1.5": [0.05, 0.13, -1.16],
						"1.5333": [-0.22, 0.44, -1.16],
						"1.5667": [-0.25, 0.51, -1.15],
						"1.6": [-0.18, 0.47, -1.15],
						"1.6333": [-0.12, 0.44, -1.16],
						"1.6667": [-0.11, 0.51, -1.28],
						"1.7": [-0.12, 0.54, -1.36],
						"1.7333": [-0.14, 0.26, -0.98],
						"1.7667": [-0.14, 0.24, -0.95],
						"1.8": [-0.14, 0.25, -0.96],
						"1.8333": [-0.14, 0.27, -0.98],
						"1.8667": [-0.14, 0.28, -1],
						"1.9": {
							"pre": [-0.14, 0.28, -1],
							"post": [-0.14, 0.28, -1],
							"lerp_mode": "catmullrom"
						},
						"1.9333": {
							"post": [-0.16, 0.18, -0.89],
							"lerp_mode": "catmullrom"
						},
						"1.9667": {
							"post": [0, 1.18, -1.97],
							"lerp_mode": "catmullrom"
						},
						"2.0": {
							"post": [-0.02, 1.22, -2],
							"lerp_mode": "catmullrom"
						},
						"2.0667": {
							"post": [-0.02, 1.26, -2.12],
							"lerp_mode": "catmullrom"
						},
						"2.2333": {
							"post": [-0.28, -0.295, -1.56],
							"lerp_mode": "catmullrom"
						},
						"2.2667": {
							"post": [-0.19, -0.4, -1.565],
							"lerp_mode": "catmullrom"
						},
						"2.3333": {
							"post": [0, 0, 0],
							"lerp_mode": "catmullrom"
						},
						"2.3667": {
							"post": [0, 0.175, 0.725],
							"lerp_mode": "catmullrom"
						},
						"2.5": {
							"post": [0, -0.025, -0.125],
							"lerp_mode": "catmullrom"
						},
						"2.7667": {
							"post": [0, 0, 0],
							"lerp_mode": "catmullrom"
						}
					}
				},
				"mag_and_lefthand": {
					"rotation": {
						"0.0": [0, 0, 0],
						"0.0333": [-5.27, -14.44, -25.6],
						"0.0667": [-11.89, -32.56, -57.75],
						"0.1": [-14.39, -39.45, -69.88],
						"0.1333": [-14.94, -41.31, -72.55],
						"0.1667": [-15.27, -42.77, -74.14],
						"0.2": [-15.4, -43.76, -74.78],
						"0.2333": [-15.37, -44.21, -74.6],
						"0.2667": [-15.2, -44.04, -73.76],
						"0.3": [-14.92, -43.18, -72.39],
						"0.3333": [-14.55, -41.58, -70.63],
						"0.3667": [-14.02, -38.39, -68.1],
						"0.4": [-12.73, -24.39, -58.85],
						"0.4333": [-9.91, 1.88, -41.33],
						"0.4667": [-1.96, 19.43, -27.64],
						"0.5": [16.71, 15.15, -21.76],
						"0.5333": [12.07, 9.4, -12.97],
						"0.5667": [2.91, 2.29, -3.59],
						"0.6": [-1.2, -1.09, -2.03],
						"0.6333": [0, 0, -7.68],
						"0.6667": [0, 0, -7.39],
						"0.7": [0, 0, -5.75],
						"0.7333": [0, 0, -3.79],
						"0.7667": [0, 0, -0.62],
						"0.8": [0, 0, -1.17],
						"0.8333": [0, 0, -11],
						"0.8667": [0, 0, -15.18],
						"0.9": [0, 0, -18.56],
						"0.9333": [0, 0, -19.08],
						"0.9667": [0, 0, -16.86],
						"1.0": [0, 0, -13.25],
						"1.0333": [0, 0, 0]
					},
					"position": {
						"0.0": [0, 0, 0],
						"0.0333": [1.96, 0.29, 2.76],
						"0.0667": [4.43, 0.51, 6.36],
						"0.1": [5.56, -0.06, 8.67],
						"0.1333": [5.48, -1.49, 9.93],
						"0.1667": [5.23, -2.64, 10.67],
						"0.2": [5.23, -2.83, 10.91],
						"0.2333": [5.23, -2.92, 11.14],
						"0.2667": [5.22, -2.92, 11.29],
						"0.3": [5.22, -2.87, 11.32],
						"0.3333": [5.22, -2.78, 11.17],
						"0.3667": [5.23, -2.64, 10.67],
						"0.4": [5.39, -2.31, 8.95],
						"0.4333": [5.61, -1.66, 5.66],
						"0.4667": [5.17, -1.18, 3.21],
						"0.5": [4.12, -0.94, 1.98],
						"0.5333": [2.77, -0.75, 1],
						"0.5667": [1.6, -0.6, 0.27],
						"0.6": [0.95, -0.51, -0.26],
						"0.6333": [1.27, -0.53, 0],
						"0.6667": [1.27, -0.29, 0],
						"0.7": [1.27, -0.37, 0],
						"0.7333": [1.27, -1.07, 0],
						"0.7667": [1.28, -2.4, 0],
						"0.8": [1.26, -3.46, 0],
						"0.8333": [1.17, -3.74, 0],
						"0.8667": [0.97, -3.28, 0.01],
						"0.9": [0.71, -2.61, 0.01],
						"0.9333": [0.56, -2.34, -0.03],
						"0.9667": [0.5, -2.5, -0.1],
						"1.0": [0.42, -2.39, -0.15],
						"1.0333": [0, 0, 0]
					}
				},
				"magazine": {
					"scale": {
						"0.0333": [0, 0, 0],
						"0.2": [0, 0, 0],
						"0.2333": [1, 1, 1]
					}
				},
				"additional_magazine": {
					"rotation": {
						"0.6": [0, 0, 0],
						"0.7667": [0, 0, -7.04],
						"0.8": [0, 0, 0.25],
						"0.8333": [0, 0, -7.75],
						"0.8667": [0, 0, -12.5],
						"0.9333": [0, 0, -18],
						"0.9667": [0, 0, -17.25],
						"1.0": [0, 0, -12.5],
						"1.0333": [0, 0, -25.25],
						"1.3": [0, 0, -25.25],
						"1.4333": [-54.22369, -13.96194, -58.40757],
						"1.6": [-53.43, -8.12, -64.91],
						"1.6333": [-53.18, -7.77, -67.28],
						"1.6667": [-54.3, -7.14, -68.85],
						"1.7": [-67.2, -3.23, -67.19],
						"1.7333": [-60.35, -2.8, -93.95],
						"1.7667": [-83.67, -2.66, -97.7],
						"1.8": [-81.13, -2.73, -97.48],
						"1.8333": [-74.74, -3.05, -96.25],
						"1.8667": [-73.29, -3.67, -94.07],
						"1.9": [-67.3, -4.9, -91.86],
						"1.9333": [-44.19, -7.63, -90.75],
						"1.9667": [-22.02, -10.14, -90.18]
					},
					"position": {
						"0.6": [0, 0, 0],
						"0.6333": [0, -0.05, 0],
						"0.7": [0, -0.125, 0],
						"0.7333": [0, -0.695, 0],
						"0.7667": [0.375, -2.32064, 0],
						"0.8": [0.39597, -3.93829, 0],
						"0.8333": [0.18754, -4.32792, 0],
						"0.8667": [0.02472, -3.90616, 0],
						"0.9333": [-0.35975, -2.89063, 0],
						"0.9667": [-0.30592, -3.05643, 0],
						"1.0": [-0.38322, -3.07623, -0.075],
						"1.0333": [-0.98076, -1.51531, -0.08],
						"1.0667": [-1.01199, -1.45217, -0.08],
						"1.3": [-1.01, -1.45, -0.08],
						"1.3333": [0.71, -0.47, 0.45],
						"1.3667": [2.47, 0.67, 0.96],
						"1.4": [2.97, 1.31, 0.99],
						"1.4333": [2.82, 1.98, 0.86],
						"1.4667": [2.3, 2.76, 0.79],
						"1.5": [1.55, 3.65, 0.7],
						"1.5333": [0.99, 4.31, 0.64],
						"1.5667": [0.89, 4.54, 0.63],
						"1.6": [0.9, 4.52, 0.59],
						"1.6333": [0.9, 4.44, 0.59],
						"1.6667": [0.95, 4.29, 0.68],
						"1.7": [1.37, 3.82, 1.36],
						"1.7333": [1.28, 3.88, 4.79],
						"1.7667": [1.68, 3.97, 4.57],
						"1.8": [1.75, 3.88, 4.53],
						"1.8333": [1.7, 3.77, 4.56],
						"1.8667": [1.44, 3.74, 4.59],
						"1.9": [1.15, 3.75, 4.79],
						"1.9333": [0.73, 3.9, 5.01],
						"1.9667": [0.84, 3.78, 6.07],
						"2.0": [4.47, 1.57, 12.95]
					},
					"scale": {
						"2.0": [1, 1, 1],
						"2.0667": [0, 0, 0]
					}
				},
				"bullet_in_mag": {
					"rotation": [0, 0, 0]
				},
				"bolt2": {
					"position": {
						"0.0": [0, 0, -2],
						"1.6": [0, 0, -2],
						"1.6667": [0, 0, -1.8],
						"1.7": [0, 0, 0.625],
						"1.8": [0, 0, 0.63],
						"1.9": [0, 0, 0.78],
						"1.9333": [0, 0, 0.53],
						"1.9667": [0, 0, -0.02],
						"2.0": [0, 0, 0.1],
						"2.0333": [0, 0, 0.05],
						"2.1": [0, 0, 0]
					}
				},
				"bolt": {
					"position": {
						"0.0": [0, 0, -3],
						"1.6333": [0, 0, -3],
						"1.6667": [0, 0, -3],
						"1.7": [0, 0, -2.125],
						"1.7333": [0, 0, 0.12],
						"1.7667": [0, 0, 0.295],
						"1.8333": [0, 0, 0.275],
						"1.9": [0, 0, 0.275],
						"1.9333": [0, 0, 0],
						"1.9667": [0, 0, 0.15],
						"2.0667": [0, 0, 0]
					}
				},
				"camera": {
					"rotation": {
						"0.0": [0, 0, 0],
						"0.0333": [0.11, 0.07, 0.02],
						"0.0667": [0.18, 0.13, 0.05],
						"0.1": [0.01, 0.08, 0.13],
						"0.1333": [-0.15, 0, 0.18],
						"0.1667": [-0.14, -0.03, 0.11],
						"0.2": [-0.07, -0.06, 0.01],
						"0.2333": [0, -0.08, -0.07],
						"0.2667": [0.06, -0.07, -0.09],
						"0.3": [0.12, -0.04, -0.09],
						"0.3333": [0.18, -0.02, -0.08],
						"0.3667": [0.2, 0, -0.07],
						"0.4": [0.18, 0.01, -0.06],
						"0.4333": [0.14, 0.03, -0.05],
						"0.4667": [0.08, 0.04, -0.03],
						"0.5": [0.03, 0.04, -0.02],
						"0.5333": [0, 0, 0.01],
						"0.5667": [-0.01, -0.31, 0.09],
						"0.6": [0, -0.55, 0.16],
						"0.6333": [0.03, -0.31, 0.14],
						"0.6667": [0, 0, 0.11],
						"0.7": [-0.5, 0, 0.11],
						"0.7333": [0.35, 0, -1.66],
						"0.7667": [0.3, 0, -0.41],
						"0.8": [0.15, 0, 0.96],
						"0.8333": [0.14, 0, 0.92],
						"0.8667": [0.14, 0, 0.49],
						"0.9": [0.15, 0, 0.16],
						"0.9333": [0.14, 0, 0.06],
						"0.9667": [0.13, 0, 0.04],
						"1.0": [0.15, 0, 0.16],
						"1.0333": [0.43, 0, 1.36],
						"1.0667": [0.3, -0.04, 0.33],
						"1.1": [0.15, 0, -0.74],
						"1.1333": [0.14, 0.09, -0.74],
						"1.1667": [0.15, 0.23, -0.55],
						"1.2": [0.17, 0.37, -0.27],
						"1.2333": [0.17, 0.51, -0.02],
						"1.2667": [0.15, 0.6, 0.11],
						"1.3": [0.08, 0.64, 0.08],
						"1.3333": [-0.02, 0.64, -0.04],
						"1.3667": [-0.14, 0.63, -0.19],
						"1.4": [-0.23, 0.61, -0.34],
						"1.4333": [-0.28, 0.6, -0.44],
						"1.4667": [-0.26, 0.6, -0.49],
						"1.5": [-0.2, 0.6, -0.51],
						"1.5333": [-0.12, 0.6, -0.52],
						"1.5667": [-0.05, 0.6, -0.52],
						"1.6": [0, 0.6, -0.51],
						"1.6333": [0.04, 0.64, -0.51],
						"1.6667": [0.04, 0.69, -0.49],
						"1.7": [0, 0.6, -0.41],
						"1.7333": [-0.43, -0.6, 0.22],
						"1.7667": [0, 0.25, -0.13],
						"1.8": [0.03, 0.26, -0.15],
						"1.8333": [0.03, 0.18, -0.15],
						"1.8667": [0.01, 0.07, -0.13],
						"1.9": [0, 0, -0.08],
						"1.9333": [0, -0.02, 0.09],
						"1.9667": [0, -0.01, 0.3],
						"2.0": [0, 0, 0.37],
						"2.0333": [0, 0, -0.46],
						"2.0667": [0, 0, -0.09],
						"2.1": [0, 0, 0.07],
						"2.1333": [0, 0, 0.16],
						"2.1667": [0, 0, 0.12],
						"2.2": [0, 0, 0.01],
						"2.2333": [0, 0, -0.1],
						"2.2667": [0, 0, -0.22],
						"2.3": [0, 0, -0.26],
						"2.3333": [0, 0, -0.21],
						"2.3667": [0, 0, -0.1],
						"2.4": [0, 0, 0.01],
						"2.4333": [0, 0, 0.09],
						"2.4667": [0, 0, 0.09],
						"2.5": [0, 0, 0.07],
						"2.5333": [0, 0, 0.03],
						"2.5667": [0, 0, 0.01]
					}
				},
				"constraint": {
					"rotation": [0.2, 0.2, 0.2]
				}
			},
			"sound_effects": {
				"0.0333": {
					"effect": "wfoly_pi_deagle_reload_empty_xmag_shake"
				},
				"0.5667": {
					"effect": "wfoly_pi_deagle_reload_empty_xmag_charge_01"
				},
				"0.8333": {
					"effect": "wfoly_pi_deagle_fast_reload_exmag_magin_v2_01"
				},
				"1.1": {
					"effect": "wfoly_pi_deagle_fast_reload_exmag_magin_v2_02"
				},
				"1.2333": {
					"effect": "wfoly_pi_deagle_fast_reload_exmag_mvmnt"
				},
				"1.7": {
					"effect": "wfoly_pi_deagle_reload_empty_xmag_charge_01"
				},
				"1.9333": {
					"effect": "wfoly_pi_deagle_fast_reload_exmag_end"
				}
			}
		},
		"inspect": {
			"loop": "hold_on_last_frame",
			"animation_length": 7.125,
			"bones": {
				"lefthand": {
					"rotation": {
						"0.0": [95.96494, -39.56229, 219.65513],
						"0.25": [138.75855, -83.88868, 174.86737],
						"2.7083": [138.76, -83.89, 174.87],
						"2.9583": [91.81516, -39.90194, 226.14316],
						"4.2083": [91.82, -39.9, 226.14],
						"4.375": [74.32, -39.9, 226.14],
						"6.0": [74.32, -39.9, 226.14],
						"6.125": [95.96494, -39.56229, 219.65513]
					},
					"position": {
						"0.0": [7, -14.25, -9.65],
						"0.25": [11.7827, -19.74589, -0.94693],
						"2.7083": [11.78, -19.75, -0.95],
						"2.9583": [7.03664, -13.81962, -9.44228],
						"4.2083": [7.04, -13.82, -9.44],
						"4.375": [7.04, -13.82, -9.44],
						"6.0": [7.04, -13.82, -9.44],
						"6.125": [7, -14.25, -9.65]
					},
					"scale": [1, 1.5, 1]
				},
				"righthand": {
					"rotation": [92.5, -355, -180],
					"position": [-6.25, -14, -5],
					"scale": [1, 1.5, 1]
				},
				"root": {
					"rotation": {
						"0.0": [0, 0, 0],
						"0.0417": [-5.03, -5.48, 7.99],
						"0.0833": [-7.8, -14.71, -8.71],
						"0.125": [-13.13, -24.89, -18.5],
						"0.1667": [-14.84, -33.05, -24.97],
						"0.2083": [-16.54, -42.84, -32.4],
						"0.25": [-18.41, -49.77, -37.01],
						"0.2917": [-22.25, -50.94, -34.66],
						"0.3333": [-25.17, -48.97, -30.03],
						"0.375": [-22.98, -48.68, -30.35],
						"0.4167": [-23, -48.42, -31.62],
						"0.4583": [-23.41, -48.11, -32.69],
						"0.5": [-23.77, -47.87, -32.42],
						"0.5417": [-24.2, -47.62, -31.74],
						"0.5833": [-24.38, -47.49, -31.4],
						"0.625": [-24.05, -47.62, -31.86],
						"0.6667": [-23.47, -47.87, -32.66],
						"0.7083": [-23.04, -47.98, -33.18],
						"0.75": [-22.96, -47.86, -33.16],
						"0.7917": [-22.98, -47.63, -32.94],
						"0.8333": [-23.05, -47.39, -32.65],
						"0.875": [-23.09, -47.22, -32.45],
						"0.9167": [-23.13, -47.17, -32.35],
						"0.9583": [-23.21, -47.15, -32.24],
						"1.0": [-23.29, -47.15, -32.14],
						"1.0417": [-23.33, -47.17, -32.09],
						"1.0833": [-23.28, -47.19, -32.1],
						"1.125": [-23.09, -47.22, -32.2],
						"1.1667": [-19.84, -47.59, -34.33],
						"1.2083": [-16.05, -47.88, -39.4],
						"1.25": [-11.22, -48.21, -46.19],
						"1.2917": [-7.29, -48.34, -51.88],
						"1.3333": [-4.15, -47.88, -57],
						"1.375": [-2.87, -47.3, -59.52],
						"1.4167": [-5.3, -47.14, -56.21],
						"1.4583": [-6.25, -45.78, -54.91],
						"1.5": [-6.07, -46.77, -55.45],
						"1.5417": [-5.69, -47.95, -56.36],
						"1.5833": [-5.51, -48.16, -56.79],
						"1.625": [-5.31, -48.22, -57.26],
						"1.6667": [-5.13, -48.21, -57.69],
						"1.7083": [-5, -48.17, -57.98],
						"1.75": [-4.93, -48.03, -58.16],
						"1.7917": [-4.94, -47.83, -58.16],
						"1.8333": [-5, -47.74, -57.98],
						"1.875": [-5.04, -47.79, -57.8],
						"1.9167": [-5.1, -47.9, -57.53],
						"1.9583": [-5.17, -48.04, -57.23],
						"2.0": [-5.24, -48.18, -56.91],
						"2.0417": [-5.33, -48.31, -56.62],
						"2.0833": [-5.43, -48.39, -56.38],
						"2.125": [-5.54, -48.42, -56.22],
						"2.1667": [-5.67, -48.42, -56.07],
						"2.2083": [-5.81, -48.41, -55.94],
						"2.25": [-5.95, -48.39, -55.83],
						"2.2917": [-6.08, -48.37, -55.74],
						"2.3333": [-6.18, -48.35, -55.67],
						"2.375": [-6.24, -48.34, -55.63],
						"2.4167": [-6.16, -48.5, -55.92],
						"2.4583": [-5.93, -48.9, -56.68],
						"2.5": [-5.62, -49.39, -57.62],
						"2.5417": [-5.32, -49.83, -58.5],
						"2.5833": [-5.11, -50.09, -59.03],
						"2.625": [-5.09, -50.03, -58.97],
						"2.6667": [-5.32, -49.5, -58.03],
						"2.7083": [-5.9, -48.36, -55.95],
						"2.75": [-11.18, -37.7, -35.39],
						"2.7917": [-18.73, -24.57, -11.87],
						"2.8333": [-27.77, -14.25, 1.17],
						"2.875": [-36.53, -4.73, 11.49],
						"2.9167": [-40.89, 1.87, 19.73],
						"2.9583": [-44.46, 8.2, 27.85],
						"3.0": [-47.14, 12.65, 33.77],
						"3.0417": [-49.2, 14.01, 36.54],
						"3.0833": [-49.8, 13.09, 36.3],
						"3.125": [-49.76, 12.93, 36.11],
						"3.1667": [-49.41, 12.66, 35.54],
						"3.2083": [-48.97, 12.38, 34.92],
						"3.25": [-48.67, 12.23, 34.56],
						"3.2917": [-48.59, 12.21, 34.54],
						"3.3333": [-48.53, 12.24, 34.62],
						"3.375": [-48.49, 12.29, 34.75],
						"3.4167": [-48.47, 12.36, 34.92],
						"3.4583": [-48.47, 12.44, 35.08],
						"3.5": [-48.49, 12.53, 35.2],
						"3.5417": [-48.51, 12.62, 35.26],
						"3.5833": [-48.59, 12.78, 35.22],
						"3.625": [-48.71, 12.97, 35.1],
						"3.6667": [-48.86, 13.17, 34.94],
						"3.7083": [-49.01, 13.35, 34.79],
						"3.75": [-49.15, 13.47, 34.66],
						"3.7917": [-49.15, 13.4, 34.64],
						"3.8333": [-49.04, 13.17, 34.66],
						"3.875": [-48.88, 12.85, 34.71],
						"3.9167": [-48.72, 12.51, 34.77],
						"3.9583": [-48.61, 12.24, 34.8],
						"4.0": [-48.61, 12.12, 34.79],
						"4.0417": [-48.76, 12.23, 34.72],
						"4.0833": [-49.11, 12.64, 34.56],
						"4.125": [-49.73, 13.44, 34.3],
						"4.1667": [-51.77, 16.23, 33.41],
						"4.2083": [-54.72, 20.33, 32.13],
						"4.25": [-57.98, 24.88, 30.73],
						"4.2917": [-60.92, 28.98, 29.51],
						"4.3333": [-62.94, 31.74, 28.75],
						"4.375": [-63.76, 32.77, 28.57],
						"4.4167": [-64.07, 33, 28.7],
						"4.4583": [-64.02, 32.72, 29.02],
						"4.5": [-63.77, 32.2, 29.41],
						"4.5417": [-63.49, 31.7, 29.75],
						"4.5833": [-63.32, 31.51, 29.92],
						"4.625": [-63.15, 31.68, 29.89],
						"4.6667": [-62.86, 31.95, 29.71],
						"4.7083": [-62.55, 32.21, 29.51],
						"4.75": [-62.35, 32.3, 29.41],
						"4.7917": [-62.3, 32.25, 29.42],
						"4.8333": [-62.29, 32.12, 29.46],
						"4.875": [-62.3, 31.95, 29.53],
						"4.9167": [-62.33, 31.76, 29.6],
						"4.9583": [-62.36, 31.57, 29.68],
						"5.0": [-62.38, 31.41, 29.74],
						"5.0417": [-62.4, 31.29, 29.78],
						"5.0833": [-62.41, 31.21, 29.8],
						"5.125": [-62.43, 31.15, 29.81],
						"5.1667": [-62.46, 31.11, 29.81],
						"5.2083": [-62.47, 31.08, 29.8],
						"5.25": [-62.48, 31.06, 29.79],
						"5.2917": [-62.47, 31.05, 29.75],
						"5.3333": [-62.44, 31.03, 29.71],
						"5.375": [-62.46, 31.08, 29.73],
						"5.4167": [-62.55, 31.22, 29.84],
						"5.4583": [-62.7, 31.43, 30.01],
						"5.875": [-62.42, 31.75, 29.79],
						"5.9167": [-61.78, 31.04, 29.06],
						"5.9583": [-58.65, 26.55, 24.38],
						"6.0": [-54.35, 20.04, 17.63],
						"6.0417": [-48.77, 13.27, 10.85],
						"6.0833": [-41.79, 8.03, 6.07],
						"6.125": [-27.92, 3.95, 3.93],
						"6.1667": [-11.64, 1.53, 4.14],
						"6.2083": [0, 0, 4.25],
						"6.25": [2.68, -0.52, 3.73],
						"6.2917": [3.03, -0.59, 3.12],
						"6.3333": [2.04, -0.4, 2.5],
						"6.375": [0.7, -0.14, 1.94],
						"6.4167": [0, 0, 1.5],
						"6.4583": [-0.17, 0.08, 1.12],
						"6.5": [-0.39, 0.19, 0.96],
						"6.5417": [-0.5, 0.25, 0.75],
						"6.5833": [-0.46, 0.23, 0.51],
						"6.625": [-0.35, 0.17, 0.21],
						"6.6667": [-0.21, 0.11, -0.08],
						"6.7083": [-0.08, 0.04, -0.34],
						"6.75": [0, 0, -0.5],
						"6.7917": [0, 0, -0.44],
						"6.8333": [0, 0, -0.37],
						"6.875": [0, 0, -0.31],
						"6.9167": [0, 0, -0.25],
						"6.9583": [0, 0, -0.2],
						"7.0": [0, 0, -0.15],
						"7.0417": [0, 0, -0.1],
						"7.0833": [0, 0, -0.05],
						"7.125": [0, 0, 0]
					},
					"position": {
						"0.0": [0, 0, 0],
						"0.0417": [-0.24, 0.19, -0.02],
						"0.0833": [-0.21, 0.53, 0.01],
						"0.125": [-0.17, 0.87, 0.02],
						"0.1667": [-0.11, 1.13, 0.01],
						"0.2083": [-0.05, 1, 0],
						"0.25": [0, 0.78, 0],
						"0.2917": [0.01, 0.67, 0.01],
						"0.3333": [0, 0.6, 0.03],
						"0.375": [0, 0.6, 0.01],
						"0.4167": [0, 0.63, -0.01],
						"0.4583": [0, 0.65, -0.02],
						"0.5": [0, 0.68, -0.02],
						"0.5417": [0, 0.7, -0.02],
						"0.5833": [0, 0.7, -0.02],
						"0.625": [0, 0.7, -0.02],
						"0.6667": [0, 0.69, -0.02],
						"0.7083": [0, 0.69, -0.02],
						"0.75": [0, 0.69, -0.02],
						"0.7917": [0, 0.68, -0.02],
						"0.8333": [0, 0.68, -0.02],
						"0.875": [0, 0.68, -0.02],
						"0.9167": [0, 0.67, -0.02],
						"0.9583": [0, 0.67, -0.02],
						"1.0": [0, 0.67, -0.02],
						"1.0417": [0, 0.67, -0.02],
						"1.0833": [0, 0.67, -0.02],
						"1.125": [0, 0.68, -0.02],
						"1.1667": [0.02, 0.76, -0.02],
						"1.2083": [0.05, 0.81, -0.02],
						"1.25": [0.05, 0.71, -0.02],
						"1.2917": [0.05, 0.61, -0.02],
						"1.3333": [0.05, 0.61, -0.02],
						"1.375": [0.05, 0.66, -0.02],
						"1.4167": [0.05, 0.69, -0.02],
						"1.4583": [0.05, 0.69, -0.02],
						"1.5": [0.05, 0.68, -0.01],
						"1.5417": [0.05, 0.67, 0],
						"1.5833": [0.05, 0.66, 0.01],
						"1.625": [0.06, 0.67, 0.01],
						"1.6667": [0.07, 0.68, 0.01],
						"1.7083": [0.08, 0.7, 0.01],
						"1.75": [0.09, 0.71, 0.01],
						"1.7917": [0.1, 0.71, 0.01],
						"1.8333": [0.1, 0.71, 0.01],
						"1.875": [0.1, 0.7, 0.01],
						"1.9167": [0.1, 0.69, 0.01],
						"1.9583": [0.1, 0.68, 0.01],
						"2.0": [0.1, 0.67, 0.01],
						"2.0417": [0.1, 0.66, 0.01],
						"2.0833": [0.1, 0.66, 0.01],
						"2.125": [0.1, 0.66, 0.01],
						"2.1667": [0.1, 0.67, 0.01],
						"2.2083": [0.1, 0.68, 0.01],
						"2.25": [0.1, 0.69, 0.01],
						"2.2917": [0.1, 0.7, 0.01],
						"2.3333": [0.1, 0.71, 0.01],
						"2.375": [0.1, 0.71, 0.01],
						"2.4167": [0.1, 0.72, 0.01],
						"2.4583": [0.09, 0.74, 0.01],
						"2.5": [0.08, 0.77, 0.01],
						"2.5417": [0.08, 0.79, 0.01],
						"2.5833": [0.07, 0.8, 0.01],
						"2.625": [0.07, 0.79, 0.01],
						"2.6667": [0.08, 0.75, 0.01],
						"2.7083": [0.1, 0.66, 0.01],
						"2.75": [0.3, -0.18, 0.01],
						"2.7917": [0.5, -1.03, 0.01],
						"2.8333": [0.7, -0.92, 0.01],
						"2.875": [0.9, -0.82, 0.01],
						"2.9167": [1.14, -0.45, 0.01],
						"2.9583": [1.38, -0.09, 0.01],
						"3.0": [1.63, 0.28, 0.01],
						"3.0417": [1.58, 0.28, 0.01],
						"3.0833": [1.54, 0.27, 0.01],
						"3.125": [1.5, 0.27, 0.01],
						"3.1667": [1.53, 0.27, 0.01],
						"3.2083": [1.55, 0.26, 0.01],
						"3.25": [1.58, 0.26, 0.01],
						"3.2917": [1.58, 0.26, 0.01],
						"3.3333": [1.58, 0.26, 0.01],
						"3.375": [1.58, 0.26, 0.01],
						"3.4167": [1.58, 0.26, 0.01],
						"3.4583": [1.58, 0.26, 0.01],
						"3.5": [1.58, 0.26, 0.01],
						"3.5417": [1.58, 0.26, 0.01],
						"3.5833": [1.58, 0.26, 0.01],
						"3.625": [1.58, 0.26, 0.01],
						"3.6667": [1.58, 0.26, 0.01],
						"3.7083": [1.58, 0.26, 0.01],
						"3.75": [1.58, 0.26, 0.01],
						"3.7917": [1.58, 0.26, 0.01],
						"3.8333": [1.59, 0.25, 0],
						"3.875": [1.59, 0.24, 0],
						"3.9167": [1.6, 0.24, -0.01],
						"3.9583": [1.61, 0.23, -0.01],
						"4.0": [1.61, 0.22, -0.02],
						"4.0417": [1.62, 0.22, -0.02],
						"4.0833": [1.62, 0.21, -0.02],
						"4.125": [1.63, 0.21, -0.03],
						"4.1667": [1.63, 0.21, -0.03],
						"4.2083": [1.63, 0.21, -0.03],
						"4.25": [1.63, 0.21, -0.04],
						"4.2917": [1.63, 0.21, -0.03],
						"4.3333": [1.63, 0.21, -0.03],
						"4.375": [1.63, 0.21, -0.02],
						"4.4167": [1.63, 0.2, -0.01],
						"4.4583": [1.63, 0.2, 0],
						"4.5": [1.63, 0.2, 0.01],
						"4.5417": [1.63, 0.19, 0.03],
						"4.5833": [1.63, 0.19, 0.04],
						"4.625": [1.63, 0.19, 0.05],
						"4.6667": [1.63, 0.18, 0.05],
						"4.7083": [1.63, 0.17, 0.05],
						"4.75": [1.63, 0.17, 0.05],
						"4.7917": [1.63, 0.16, 0.05],
						"4.8333": [1.63, 0.16, 0.05],
						"4.875": [1.63, 0.17, 0.05],
						"4.9167": [1.63, 0.17, 0.05],
						"4.9583": [1.63, 0.17, 0.05],
						"5.0": [1.63, 0.17, 0.05],
						"5.0417": [1.63, 0.17, 0.05],
						"5.0833": [1.63, 0.17, 0.05],
						"5.125": [1.63, 0.17, 0.05],
						"5.1667": [1.64, 0.17, 0.05],
						"5.2083": [1.65, 0.17, 0.05],
						"5.25": [1.65, 0.17, 0.05],
						"5.2917": [1.66, 0.17, 0.05],
						"5.3333": [1.67, 0.17, 0.05],
						"5.375": [1.68, 0.17, 0.05],
						"5.4167": [1.68, 0.17, 0.05],
						"5.4583": [1.69, 0.17, 0.05],
						"5.5": [1.7, 0.17, 0.05],
						"5.5417": [1.7, 0.17, 0.05],
						"5.5833": [1.71, 0.17, 0.05],
						"5.625": [1.71, 0.17, 0.05],
						"5.6667": [1.71, 0.17, 0.05],
						"5.7083": [1.7, 0.17, 0.05],
						"5.75": [1.69, 0.17, 0.05],
						"5.7917": [1.68, 0.17, 0.05],
						"5.8333": [1.67, 0.17, 0.05],
						"5.875": [1.65, 0.17, 0.05],
						"5.9167": [1.63, 0.17, 0.05],
						"5.9583": [1.51, 0.17, 0.05],
						"6.0": [1.34, 0.16, 0.05],
						"6.0417": [1.15, 0.16, 0.05],
						"6.0833": [0.94, 0.15, 0.05],
						"6.125": [0.75, 0.14, 0.04],
						"6.1667": [0.59, 0.13, 0.04],
						"6.2083": [0.4, 0.1, 0.03],
						"6.25": [0.23, 0.06, 0.02],
						"6.2917": [0.09, 0.02, 0.01],
						"6.3333": [0, 0, 0],
						"6.375": [-0.03, 0, -0.02],
						"6.4167": [-0.02, 0, -0.03],
						"6.4583": [0.01, 0.01, -0.05],
						"6.5": [0.04, 0.02, -0.07],
						"6.5417": [0.05, 0.03, -0.08],
						"6.5833": [0.05, 0.02, -0.07],
						"6.625": [0.03, 0.01, -0.05],
						"6.6667": [0.02, -0.01, -0.03],
						"6.7083": [0.01, -0.02, -0.01],
						"6.75": [0, -0.02, 0],
						"6.7917": [0, -0.02, 0],
						"6.8333": [0, -0.01, 0],
						"6.875": [0, -0.01, 0],
						"6.9167": [0, 0, 0],
						"6.9583": [0, 0, 0],
						"7.0": [0, 0, 0],
						"7.0417": [0, 0, 0],
						"7.0833": [0, 0, 0],
						"7.125": [0, 0, 0]
					},
					"scale": 1
				},
				"camera": {
					"rotation": {
						"0.0": [0, 0, 0],
						"0.0417": [0.01, -0.07, -0.05],
						"0.0833": [0.03, -0.17, -0.13],
						"0.125": [0.04, -0.23, -0.2],
						"0.1667": [0, -0.2, -0.22],
						"0.2083": [-0.04, 0.02, -0.17],
						"0.25": [-0.09, 0.37, -0.08],
						"0.2917": [-0.21, 0.69, 0.02],
						"0.3333": [-0.5, 0.85, 0.13],
						"0.375": [-0.78, 0.82, 0.18],
						"0.4167": [-1.15, 0.72, 0.25],
						"0.4583": [-1.57, 0.57, 0.32],
						"0.5": [-2.02, 0.4, 0.39],
						"0.5417": [-2.44, 0.24, 0.45],
						"0.5833": [-2.82, 0.09, 0.48],
						"0.625": [-3.11, 0, 0.5],
						"0.6667": [-3.34, -0.05, 0.46],
						"0.7083": [-3.5, -0.06, 0.39],
						"0.75": [-3.61, -0.05, 0.29],
						"0.7917": [-3.69, -0.03, 0.19],
						"0.8333": [-3.74, -0.01, 0.11],
						"0.875": [-3.8, 0, 0.05],
						"0.9167": [-3.86, 0, 0.05],
						"0.9583": [-3.89, 0, 0.1],
						"1.0": [-3.9, 0, 0.15],
						"1.0417": [-3.89, 0, 0.19],
						"1.0833": [-3.89, 0, 0.18],
						"1.125": [-3.87, -0.01, 0.06],
						"1.1667": [-3.84, -0.02, -0.13],
						"1.2083": [-3.81, -0.03, -0.3],
						"1.25": [-3.8, 0, -0.34],
						"1.2917": [-3.89, 0.13, -0.09],
						"1.3333": [-4.02, 0.29, 0.32],
						"1.375": [-4, 0.38, 0.6],
						"1.4167": [-3.87, 0.29, 0.58],
						"1.4583": [-3.6, 0.12, 0.42],
						"1.5": [-2.97, 0, 0.26],
						"1.5417": [-2.42, -0.02, 0.19],
						"1.5833": [-1.7, -0.03, 0.1],
						"1.625": [-0.88, -0.02, 0.01],
						"1.6667": [-0.06, -0.01, -0.06],
						"1.7083": [0.67, 0, -0.12],
						"1.75": [1.23, 0, -0.14],
						"1.7917": [1.57, 0, -0.12],
						"1.8333": [1.82, 0, -0.08],
						"1.875": [2.02, 0, -0.02],
						"1.9167": [2.15, 0, 0.06],
						"1.9583": [2.25, 0, 0.13],
						"2.0": [2.32, 0, 0.2],
						"2.0417": [2.38, 0, 0.26],
						"2.0833": [2.41, 0, 0.3],
						"2.125": [2.42, 0, 0.33],
						"2.1667": [2.4, 0, 0.37],
						"2.2083": [2.38, 0, 0.41],
						"2.25": [2.34, 0, 0.44],
						"2.2917": [2.29, 0, 0.47],
						"2.3333": [2.23, 0, 0.5],
						"2.375": [2.16, 0, 0.52],
						"2.4167": [2.1, 0, 0.53],
						"2.4583": [2.03, 0, 0.54],
						"2.5": [1.88, 0, 0.51],
						"2.5417": [1.69, 0, 0.45],
						"2.5833": [1.48, 0, 0.38],
						"2.625": [1.27, 0, 0.31],
						"2.6667": [1.05, 0, 0.26],
						"2.7083": [0.78, 0, 0.25],
						"2.75": [0.5, 0, 0.26],
						"2.7917": [0.22, 0, 0.27],
						"2.8333": [0, 0, 0.26],
						"2.875": [-0.15, 0, 0.23],
						"2.9167": [-0.28, 0, 0.17],
						"2.9583": [-0.38, 0, 0.12],
						"3.0": [-0.45, 0, 0.07],
						"3.0417": [-0.47, 0, 0.06],
						"3.0833": [-0.45, 0, 0.07],
						"3.125": [-0.39, 0, 0.1],
						"3.1667": [-0.31, 0, 0.13],
						"3.2083": [-0.22, 0, 0.17],
						"3.25": [-0.13, 0, 0.22],
						"3.2917": [-0.05, 0, 0.27],
						"3.3333": [0, 0, 0.31],
						"3.375": [0.02, 0, 0.36],
						"3.4167": [0.03, 0, 0.41],
						"3.4583": [0.03, 0, 0.47],
						"3.5": [0.02, 0, 0.53],
						"3.5417": [0.01, 0, 0.58],
						"3.5833": [0, 0, 0.62],
						"3.625": [0, 0, 0.64],
						"3.6667": [0, 0, 0.64],
						"3.7083": [0.01, 0, 0.64],
						"3.75": [0.01, 0, 0.63],
						"3.7917": [0.01, 0, 0.62],
						"3.8333": [0.02, 0, 0.61],
						"3.875": [0.03, 0, 0.6],
						"3.9167": [0.03, 0, 0.58],
						"3.9583": [0.04, 0, 0.56],
						"4.0": [0.04, 0, 0.53],
						"4.0417": [0.04, 0, 0.5],
						"4.0833": [0.05, 0, 0.47],
						"4.125": [0.05, 0, 0.43],
						"4.1667": [0.05, 0, 0.39],
						"4.2083": [0.05, 0, 0.32],
						"4.25": [0.04, 0, 0.24],
						"4.2917": [0.04, 0, 0.15],
						"4.3333": [0.03, 0, 0.04],
						"4.375": [0.03, 0, -0.06],
						"4.4167": [0.02, 0, -0.17],
						"4.4583": [0.01, 0, -0.27],
						"4.5": [0.01, 0, -0.35],
						"4.5417": [0, 0, -0.43],
						"4.5833": [0, 0, -0.48],
						"4.625": [0, 0, -0.52],
						"4.6667": [0, 0, -0.54],
						"4.7083": [0.01, 0, -0.55],
						"4.75": [0.01, 0, -0.56],
						"4.7917": [0.02, 0, -0.56],
						"4.8333": [0.03, 0, -0.56],
						"4.875": [0.03, 0, -0.55],
						"4.9167": [0.04, 0, -0.54],
						"4.9583": [0.04, 0, -0.53],
						"5.0": [0.05, 0, -0.52],
						"5.0417": [0.05, 0, -0.51],
						"5.0833": [0.05, 0, -0.51],
						"5.125": [0.05, 0, -0.51],
						"5.1667": [0.05, 0, -0.51],
						"5.2083": [0.05, 0, -0.51],
						"5.25": [0.04, 0, -0.5],
						"5.2917": [0.04, 0, -0.5],
						"5.3333": [0.04, 0, -0.5],
						"5.375": [0.03, 0, -0.5],
						"5.4167": [0.03, 0, -0.5],
						"5.4583": [0.02, 0, -0.49],
						"5.5": [0.02, 0, -0.49],
						"5.5417": [0.01, 0, -0.49],
						"5.5833": [0.01, 0, -0.48],
						"5.625": [0.01, 0, -0.47],
						"5.6667": [0, 0, -0.46],
						"5.7083": [0, 0, -0.45],
						"5.75": [0, 0, -0.44],
						"5.7917": [0, 0, -0.43],
						"5.8333": [0, 0, -0.41],
						"5.875": [0.01, 0, -0.36],
						"5.9167": [0.02, 0, -0.29],
						"5.9583": [0.04, 0, -0.22],
						"6.0": [0.05, 0, -0.13],
						"6.0417": [0.07, 0, -0.05],
						"6.0833": [0.09, 0, 0.02],
						"6.125": [0.1, 0, 0.08],
						"6.1667": [0.1, 0, 0.12],
						"6.2083": [0.1, 0, 0.13],
						"6.25": [0.09, 0, 0.13],
						"6.2917": [0.07, 0, 0.11],
						"6.3333": [0.06, 0, 0.09],
						"6.375": [0.04, 0, 0.06],
						"6.4167": [0.02, 0, 0.03],
						"6.4583": [0.01, 0, 0],
						"6.5": [0, 0, -0.01]
					}
				},
				"constraint": {
					"rotation": [0.2, 0.2, 0.2]
				}
			},
			"sound_effects": {
				"0.0417": {
					"effect": "wfoly_pi_deagle_fast_reload_empty_raise"
				},
				"1.0833": {
					"effect": "wfoly_pi_deagle_raise_mvmnt"
				},
				"2.6667": {
					"effect": "wfoly_pi_deagle_fast_reload_exmag_mvmnt"
				},
				"4.25": {
					"effect": "wfoly_pi_deagle_reload_empty_mvmnt"
				},
				"6.0417": {
					"effect": "wfoly_pi_deagle_fast_reload_end"
				}
			}
		},
		"inspect_empty": {
			"loop": "hold_on_last_frame",
			"animation_length": 7.125,
			"bones": {
				"lefthand": {
					"rotation": {
						"0.0": [95.96494, -39.56229, 219.65513],
						"0.25": [138.75855, -83.88868, 174.86737],
						"2.7083": [138.76, -83.89, 174.87],
						"2.9583": [91.81516, -39.90194, 226.14316],
						"4.2083": [91.82, -39.9, 226.14],
						"4.375": [74.32, -39.9, 226.14],
						"6.0": [74.32, -39.9, 226.14],
						"6.125": [95.96494, -39.56229, 219.65513]
					},
					"position": {
						"0.0": [7, -14.25, -9.65],
						"0.25": [11.7827, -19.74589, -0.94693],
						"2.7083": [11.78, -19.75, -0.95],
						"2.9583": [7.03664, -13.81962, -9.44228],
						"4.2083": [7.04, -13.82, -9.44],
						"4.375": [7.04, -13.82, -9.44],
						"6.0": [7.04, -13.82, -9.44],
						"6.125": [7, -14.25, -9.65]
					},
					"scale": [1, 1.5, 1]
				},
				"righthand": {
					"rotation": [92.5, -355, -180],
					"position": [-6.25, -14, -5],
					"scale": [1, 1.5, 1]
				},
				"root": {
					"rotation": {
						"0.0": [0, 0, 0],
						"0.0417": [-5.03, -5.48, 7.99],
						"0.0833": [-7.8, -14.71, -8.71],
						"0.125": [-13.13, -24.89, -18.5],
						"0.1667": [-14.84, -33.05, -24.97],
						"0.2083": [-16.54, -42.84, -32.4],
						"0.25": [-18.41, -49.77, -37.01],
						"0.2917": [-22.25, -50.94, -34.66],
						"0.3333": [-25.17, -48.97, -30.03],
						"0.375": [-22.98, -48.68, -30.35],
						"0.4167": [-23, -48.42, -31.62],
						"0.4583": [-23.41, -48.11, -32.69],
						"0.5": [-23.77, -47.87, -32.42],
						"0.5417": [-24.2, -47.62, -31.74],
						"0.5833": [-24.38, -47.49, -31.4],
						"0.625": [-24.05, -47.62, -31.86],
						"0.6667": [-23.47, -47.87, -32.66],
						"0.7083": [-23.04, -47.98, -33.18],
						"0.75": [-22.96, -47.86, -33.16],
						"0.7917": [-22.98, -47.63, -32.94],
						"0.8333": [-23.05, -47.39, -32.65],
						"0.875": [-23.09, -47.22, -32.45],
						"0.9167": [-23.13, -47.17, -32.35],
						"0.9583": [-23.21, -47.15, -32.24],
						"1.0": [-23.29, -47.15, -32.14],
						"1.0417": [-23.33, -47.17, -32.09],
						"1.0833": [-23.28, -47.19, -32.1],
						"1.125": [-23.09, -47.22, -32.2],
						"1.1667": [-19.84, -47.59, -34.33],
						"1.2083": [-16.05, -47.88, -39.4],
						"1.25": [-11.22, -48.21, -46.19],
						"1.2917": [-7.29, -48.34, -51.88],
						"1.3333": [-4.15, -47.88, -57],
						"1.375": [-2.87, -47.3, -59.52],
						"1.4167": [-5.3, -47.14, -56.21],
						"1.4583": [-6.25, -45.78, -54.91],
						"1.5": [-6.07, -46.77, -55.45],
						"1.5417": [-5.69, -47.95, -56.36],
						"1.5833": [-5.51, -48.16, -56.79],
						"1.625": [-5.31, -48.22, -57.26],
						"1.6667": [-5.13, -48.21, -57.69],
						"1.7083": [-5, -48.17, -57.98],
						"1.75": [-4.93, -48.03, -58.16],
						"1.7917": [-4.94, -47.83, -58.16],
						"1.8333": [-5, -47.74, -57.98],
						"1.875": [-5.04, -47.79, -57.8],
						"1.9167": [-5.1, -47.9, -57.53],
						"1.9583": [-5.17, -48.04, -57.23],
						"2.0": [-5.24, -48.18, -56.91],
						"2.0417": [-5.33, -48.31, -56.62],
						"2.0833": [-5.43, -48.39, -56.38],
						"2.125": [-5.54, -48.42, -56.22],
						"2.1667": [-5.67, -48.42, -56.07],
						"2.2083": [-5.81, -48.41, -55.94],
						"2.25": [-5.95, -48.39, -55.83],
						"2.2917": [-6.08, -48.37, -55.74],
						"2.3333": [-6.18, -48.35, -55.67],
						"2.375": [-6.24, -48.34, -55.63],
						"2.4167": [-6.16, -48.5, -55.92],
						"2.4583": [-5.93, -48.9, -56.68],
						"2.5": [-5.62, -49.39, -57.62],
						"2.5417": [-5.32, -49.83, -58.5],
						"2.5833": [-5.11, -50.09, -59.03],
						"2.625": [-5.09, -50.03, -58.97],
						"2.6667": [-5.32, -49.5, -58.03],
						"2.7083": [-5.9, -48.36, -55.95],
						"2.75": [-11.18, -37.7, -35.39],
						"2.7917": [-18.73, -24.57, -11.87],
						"2.8333": [-27.77, -14.25, 1.17],
						"2.875": [-36.53, -4.73, 11.49],
						"2.9167": [-40.89, 1.87, 19.73],
						"2.9583": [-44.46, 8.2, 27.85],
						"3.0": [-47.14, 12.65, 33.77],
						"3.0417": [-49.2, 14.01, 36.54],
						"3.0833": [-49.8, 13.09, 36.3],
						"3.125": [-49.76, 12.93, 36.11],
						"3.1667": [-49.41, 12.66, 35.54],
						"3.2083": [-48.97, 12.38, 34.92],
						"3.25": [-48.67, 12.23, 34.56],
						"3.2917": [-48.59, 12.21, 34.54],
						"3.3333": [-48.53, 12.24, 34.62],
						"3.375": [-48.49, 12.29, 34.75],
						"3.4167": [-48.47, 12.36, 34.92],
						"3.4583": [-48.47, 12.44, 35.08],
						"3.5": [-48.49, 12.53, 35.2],
						"3.5417": [-48.51, 12.62, 35.26],
						"3.5833": [-48.59, 12.78, 35.22],
						"3.625": [-48.71, 12.97, 35.1],
						"3.6667": [-48.86, 13.17, 34.94],
						"3.7083": [-49.01, 13.35, 34.79],
						"3.75": [-49.15, 13.47, 34.66],
						"3.7917": [-49.15, 13.4, 34.64],
						"3.8333": [-49.04, 13.17, 34.66],
						"3.875": [-48.88, 12.85, 34.71],
						"3.9167": [-48.72, 12.51, 34.77],
						"3.9583": [-48.61, 12.24, 34.8],
						"4.0": [-48.61, 12.12, 34.79],
						"4.0417": [-48.76, 12.23, 34.72],
						"4.0833": [-49.11, 12.64, 34.56],
						"4.125": [-49.73, 13.44, 34.3],
						"4.1667": [-51.77, 16.23, 33.41],
						"4.2083": [-54.72, 20.33, 32.13],
						"4.25": [-57.98, 24.88, 30.73],
						"4.2917": [-60.92, 28.98, 29.51],
						"4.3333": [-62.94, 31.74, 28.75],
						"4.375": [-63.76, 32.77, 28.57],
						"4.4167": [-64.07, 33, 28.7],
						"4.4583": [-64.02, 32.72, 29.02],
						"4.5": [-63.77, 32.2, 29.41],
						"4.5417": [-63.49, 31.7, 29.75],
						"4.5833": [-63.32, 31.51, 29.92],
						"4.625": [-63.15, 31.68, 29.89],
						"4.6667": [-62.86, 31.95, 29.71],
						"4.7083": [-62.55, 32.21, 29.51],
						"4.75": [-62.35, 32.3, 29.41],
						"4.7917": [-62.3, 32.25, 29.42],
						"4.8333": [-62.29, 32.12, 29.46],
						"4.875": [-62.3, 31.95, 29.53],
						"4.9167": [-62.33, 31.76, 29.6],
						"4.9583": [-62.36, 31.57, 29.68],
						"5.0": [-62.38, 31.41, 29.74],
						"5.0417": [-62.4, 31.29, 29.78],
						"5.0833": [-62.41, 31.21, 29.8],
						"5.125": [-62.43, 31.15, 29.81],
						"5.1667": [-62.46, 31.11, 29.81],
						"5.2083": [-62.47, 31.08, 29.8],
						"5.25": [-62.48, 31.06, 29.79],
						"5.2917": [-62.47, 31.05, 29.75],
						"5.3333": [-62.44, 31.03, 29.71],
						"5.375": [-62.46, 31.08, 29.73],
						"5.4167": [-62.55, 31.22, 29.84],
						"5.4583": [-62.7, 31.43, 30.01],
						"5.5": [-62.87, 31.68, 30.22],
						"5.5417": [-63.05, 31.96, 30.44],
						"5.5833": [-63.22, 32.22, 30.64],
						"5.625": [-63.36, 32.46, 30.82],
						"5.6667": [-63.45, 32.63, 30.93],
						"5.7083": [-63.47, 32.72, 30.96],
						"5.75": [-63.39, 32.71, 30.89],
						"5.7917": [-63.21, 32.55, 30.69],
						"5.8333": [-62.89, 32.24, 30.33],
						"5.875": [-62.42, 31.75, 29.79],
						"5.9167": [-61.78, 31.04, 29.06],
						"5.9583": [-58.65, 26.55, 24.38],
						"6.0": [-54.35, 20.04, 17.63],
						"6.0417": [-48.77, 13.27, 10.85],
						"6.0833": [-41.79, 8.03, 6.07],
						"6.125": [-27.92, 3.95, 3.93],
						"6.1667": [-11.64, 1.53, 4.14],
						"6.2083": [0, 0, 4.25],
						"6.25": [2.68, -0.52, 3.73],
						"6.2917": [3.03, -0.59, 3.12],
						"6.3333": [2.04, -0.4, 2.5],
						"6.375": [0.7, -0.14, 1.94],
						"6.4167": [0, 0, 1.5],
						"6.4583": [-0.17, 0.08, 1.12],
						"6.5": [-0.39, 0.19, 0.96],
						"6.5417": [-0.5, 0.25, 0.75],
						"6.5833": [-0.46, 0.23, 0.51],
						"6.625": [-0.35, 0.17, 0.21],
						"6.6667": [-0.21, 0.11, -0.08],
						"6.7083": [-0.08, 0.04, -0.34],
						"6.75": [0, 0, -0.5],
						"6.7917": [0, 0, -0.44],
						"6.8333": [0, 0, -0.37],
						"6.875": [0, 0, -0.31],
						"6.9167": [0, 0, -0.25],
						"6.9583": [0, 0, -0.2],
						"7.0": [0, 0, -0.15],
						"7.0417": [0, 0, -0.1],
						"7.0833": [0, 0, -0.05],
						"7.125": [0, 0, 0]
					},
					"position": {
						"0.0": [0, 0, 0],
						"0.0417": [-0.24, 0.19, -0.02],
						"0.0833": [-0.21, 0.53, 0.01],
						"0.125": [-0.17, 0.87, 0.02],
						"0.1667": [-0.11, 1.13, 0.01],
						"0.2083": [-0.05, 1, 0],
						"0.25": [0, 0.78, 0],
						"0.2917": [0.01, 0.67, 0.01],
						"0.3333": [0, 0.6, 0.03],
						"0.375": [0, 0.6, 0.01],
						"0.4167": [0, 0.63, -0.01],
						"0.4583": [0, 0.65, -0.02],
						"0.5": [0, 0.68, -0.02],
						"0.5417": [0, 0.7, -0.02],
						"0.5833": [0, 0.7, -0.02],
						"0.625": [0, 0.7, -0.02],
						"0.6667": [0, 0.69, -0.02],
						"0.7083": [0, 0.69, -0.02],
						"0.75": [0, 0.69, -0.02],
						"0.7917": [0, 0.68, -0.02],
						"0.8333": [0, 0.68, -0.02],
						"0.875": [0, 0.68, -0.02],
						"0.9167": [0, 0.67, -0.02],
						"0.9583": [0, 0.67, -0.02],
						"1.0": [0, 0.67, -0.02],
						"1.0417": [0, 0.67, -0.02],
						"1.0833": [0, 0.67, -0.02],
						"1.125": [0, 0.68, -0.02],
						"1.1667": [0.02, 0.76, -0.02],
						"1.2083": [0.05, 0.81, -0.02],
						"1.25": [0.05, 0.71, -0.02],
						"1.2917": [0.05, 0.61, -0.02],
						"1.3333": [0.05, 0.61, -0.02],
						"1.375": [0.05, 0.66, -0.02],
						"1.4167": [0.05, 0.69, -0.02],
						"1.4583": [0.05, 0.69, -0.02],
						"1.5": [0.05, 0.68, -0.01],
						"1.5417": [0.05, 0.67, 0],
						"1.5833": [0.05, 0.66, 0.01],
						"1.625": [0.06, 0.67, 0.01],
						"1.6667": [0.07, 0.68, 0.01],
						"1.7083": [0.08, 0.7, 0.01],
						"1.75": [0.09, 0.71, 0.01],
						"1.7917": [0.1, 0.71, 0.01],
						"1.8333": [0.1, 0.71, 0.01],
						"1.875": [0.1, 0.7, 0.01],
						"1.9167": [0.1, 0.69, 0.01],
						"1.9583": [0.1, 0.68, 0.01],
						"2.0": [0.1, 0.67, 0.01],
						"2.0417": [0.1, 0.66, 0.01],
						"2.0833": [0.1, 0.66, 0.01],
						"2.125": [0.1, 0.66, 0.01],
						"2.1667": [0.1, 0.67, 0.01],
						"2.2083": [0.1, 0.68, 0.01],
						"2.25": [0.1, 0.69, 0.01],
						"2.2917": [0.1, 0.7, 0.01],
						"2.3333": [0.1, 0.71, 0.01],
						"2.375": [0.1, 0.71, 0.01],
						"2.4167": [0.1, 0.72, 0.01],
						"2.4583": [0.09, 0.74, 0.01],
						"2.5": [0.08, 0.77, 0.01],
						"2.5417": [0.08, 0.79, 0.01],
						"2.5833": [0.07, 0.8, 0.01],
						"2.625": [0.07, 0.79, 0.01],
						"2.6667": [0.08, 0.75, 0.01],
						"2.7083": [0.1, 0.66, 0.01],
						"2.75": [0.3, -0.18, 0.01],
						"2.7917": [0.5, -1.03, 0.01],
						"2.8333": [0.7, -0.92, 0.01],
						"2.875": [0.9, -0.82, 0.01],
						"2.9167": [1.14, -0.45, 0.01],
						"2.9583": [1.38, -0.09, 0.01],
						"3.0": [1.63, 0.28, 0.01],
						"3.0417": [1.58, 0.28, 0.01],
						"3.0833": [1.54, 0.27, 0.01],
						"3.125": [1.5, 0.27, 0.01],
						"3.1667": [1.53, 0.27, 0.01],
						"3.2083": [1.55, 0.26, 0.01],
						"3.25": [1.58, 0.26, 0.01],
						"3.2917": [1.58, 0.26, 0.01],
						"3.3333": [1.58, 0.26, 0.01],
						"3.375": [1.58, 0.26, 0.01],
						"3.4167": [1.58, 0.26, 0.01],
						"3.4583": [1.58, 0.26, 0.01],
						"3.5": [1.58, 0.26, 0.01],
						"3.5417": [1.58, 0.26, 0.01],
						"3.5833": [1.58, 0.26, 0.01],
						"3.625": [1.58, 0.26, 0.01],
						"3.6667": [1.58, 0.26, 0.01],
						"3.7083": [1.58, 0.26, 0.01],
						"3.75": [1.58, 0.26, 0.01],
						"3.7917": [1.58, 0.26, 0.01],
						"3.8333": [1.59, 0.25, 0],
						"3.875": [1.59, 0.24, 0],
						"3.9167": [1.6, 0.24, -0.01],
						"3.9583": [1.61, 0.23, -0.01],
						"4.0": [1.61, 0.22, -0.02],
						"4.0417": [1.62, 0.22, -0.02],
						"4.0833": [1.62, 0.21, -0.02],
						"4.125": [1.63, 0.21, -0.03],
						"4.1667": [1.63, 0.21, -0.03],
						"4.2083": [1.63, 0.21, -0.03],
						"4.25": [1.63, 0.21, -0.04],
						"4.2917": [1.63, 0.21, -0.03],
						"4.3333": [1.63, 0.21, -0.03],
						"4.375": [1.63, 0.21, -0.02],
						"4.4167": [1.63, 0.2, -0.01],
						"4.4583": [1.63, 0.2, 0],
						"4.5": [1.63, 0.2, 0.01],
						"4.5417": [1.63, 0.19, 0.03],
						"4.5833": [1.63, 0.19, 0.04],
						"4.625": [1.63, 0.19, 0.05],
						"4.6667": [1.63, 0.18, 0.05],
						"4.7083": [1.63, 0.17, 0.05],
						"4.75": [1.63, 0.17, 0.05],
						"4.7917": [1.63, 0.16, 0.05],
						"4.8333": [1.63, 0.16, 0.05],
						"4.875": [1.63, 0.17, 0.05],
						"4.9167": [1.63, 0.17, 0.05],
						"4.9583": [1.63, 0.17, 0.05],
						"5.0": [1.63, 0.17, 0.05],
						"5.0417": [1.63, 0.17, 0.05],
						"5.0833": [1.63, 0.17, 0.05],
						"5.125": [1.63, 0.17, 0.05],
						"5.1667": [1.64, 0.17, 0.05],
						"5.2083": [1.65, 0.17, 0.05],
						"5.25": [1.65, 0.17, 0.05],
						"5.2917": [1.66, 0.17, 0.05],
						"5.3333": [1.67, 0.17, 0.05],
						"5.375": [1.68, 0.17, 0.05],
						"5.4167": [1.68, 0.17, 0.05],
						"5.4583": [1.69, 0.17, 0.05],
						"5.5": [1.7, 0.17, 0.05],
						"5.5417": [1.7, 0.17, 0.05],
						"5.5833": [1.71, 0.17, 0.05],
						"5.625": [1.71, 0.17, 0.05],
						"5.6667": [1.71, 0.17, 0.05],
						"5.7083": [1.7, 0.17, 0.05],
						"5.75": [1.69, 0.17, 0.05],
						"5.7917": [1.68, 0.17, 0.05],
						"5.8333": [1.67, 0.17, 0.05],
						"5.875": [1.65, 0.17, 0.05],
						"5.9167": [1.63, 0.17, 0.05],
						"5.9583": [1.51, 0.17, 0.05],
						"6.0": [1.34, 0.16, 0.05],
						"6.0417": [1.15, 0.16, 0.05],
						"6.0833": [0.94, 0.15, 0.05],
						"6.125": [0.75, 0.14, 0.04],
						"6.1667": [0.59, 0.13, 0.04],
						"6.2083": [0.4, 0.1, 0.03],
						"6.25": [0.23, 0.06, 0.02],
						"6.2917": [0.09, 0.02, 0.01],
						"6.3333": [0, 0, 0],
						"6.375": [-0.03, 0, -0.02],
						"6.4167": [-0.02, 0, -0.03],
						"6.4583": [0.01, 0.01, -0.05],
						"6.5": [0.04, 0.02, -0.07],
						"6.5417": [0.05, 0.03, -0.08],
						"6.5833": [0.05, 0.02, -0.07],
						"6.625": [0.03, 0.01, -0.05],
						"6.6667": [0.02, -0.01, -0.03],
						"6.7083": [0.01, -0.02, -0.01],
						"6.75": [0, -0.02, 0],
						"6.7917": [0, -0.02, 0],
						"6.8333": [0, -0.01, 0],
						"6.875": [0, -0.01, 0],
						"6.9167": [0, 0, 0],
						"6.9583": [0, 0, 0],
						"7.0": [0, 0, 0],
						"7.0417": [0, 0, 0],
						"7.0833": [0, 0, 0],
						"7.125": [0, 0, 0]
					},
					"scale": 1
				},
				"camera": {
					"rotation": {
						"0.0": [0, 0, 0],
						"0.0417": [0.01, -0.07, -0.05],
						"0.0833": [0.03, -0.17, -0.13],
						"0.125": [0.04, -0.23, -0.2],
						"0.1667": [0, -0.2, -0.22],
						"0.2083": [-0.04, 0.02, -0.17],
						"0.25": [-0.09, 0.37, -0.08],
						"0.2917": [-0.21, 0.69, 0.02],
						"0.3333": [-0.5, 0.85, 0.13],
						"0.375": [-0.78, 0.82, 0.18],
						"0.4167": [-1.15, 0.72, 0.25],
						"0.4583": [-1.57, 0.57, 0.32],
						"0.5": [-2.02, 0.4, 0.39],
						"0.5417": [-2.44, 0.24, 0.45],
						"0.5833": [-2.82, 0.09, 0.48],
						"0.625": [-3.11, 0, 0.5],
						"0.6667": [-3.34, -0.05, 0.46],
						"0.7083": [-3.5, -0.06, 0.39],
						"0.75": [-3.61, -0.05, 0.29],
						"0.7917": [-3.69, -0.03, 0.19],
						"0.8333": [-3.74, -0.01, 0.11],
						"0.875": [-3.8, 0, 0.05],
						"0.9167": [-3.86, 0, 0.05],
						"0.9583": [-3.89, 0, 0.1],
						"1.0": [-3.9, 0, 0.15],
						"1.0417": [-3.89, 0, 0.19],
						"1.0833": [-3.89, 0, 0.18],
						"1.125": [-3.87, -0.01, 0.06],
						"1.1667": [-3.84, -0.02, -0.13],
						"1.2083": [-3.81, -0.03, -0.3],
						"1.25": [-3.8, 0, -0.34],
						"1.2917": [-3.89, 0.13, -0.09],
						"1.3333": [-4.02, 0.29, 0.32],
						"1.375": [-4, 0.38, 0.6],
						"1.4167": [-3.87, 0.29, 0.58],
						"1.4583": [-3.6, 0.12, 0.42],
						"1.5": [-2.97, 0, 0.26],
						"1.5417": [-2.42, -0.02, 0.19],
						"1.5833": [-1.7, -0.03, 0.1],
						"1.625": [-0.88, -0.02, 0.01],
						"1.6667": [-0.06, -0.01, -0.06],
						"1.7083": [0.67, 0, -0.12],
						"1.75": [1.23, 0, -0.14],
						"1.7917": [1.57, 0, -0.12],
						"1.8333": [1.82, 0, -0.08],
						"1.875": [2.02, 0, -0.02],
						"1.9167": [2.15, 0, 0.06],
						"1.9583": [2.25, 0, 0.13],
						"2.0": [2.32, 0, 0.2],
						"2.0417": [2.38, 0, 0.26],
						"2.0833": [2.41, 0, 0.3],
						"2.125": [2.42, 0, 0.33],
						"2.1667": [2.4, 0, 0.37],
						"2.2083": [2.38, 0, 0.41],
						"2.25": [2.34, 0, 0.44],
						"2.2917": [2.29, 0, 0.47],
						"2.3333": [2.23, 0, 0.5],
						"2.375": [2.16, 0, 0.52],
						"2.4167": [2.1, 0, 0.53],
						"2.4583": [2.03, 0, 0.54],
						"2.5": [1.88, 0, 0.51],
						"2.5417": [1.69, 0, 0.45],
						"2.5833": [1.48, 0, 0.38],
						"2.625": [1.27, 0, 0.31],
						"2.6667": [1.05, 0, 0.26],
						"2.7083": [0.78, 0, 0.25],
						"2.75": [0.5, 0, 0.26],
						"2.7917": [0.22, 0, 0.27],
						"2.8333": [0, 0, 0.26],
						"2.875": [-0.15, 0, 0.23],
						"2.9167": [-0.28, 0, 0.17],
						"2.9583": [-0.38, 0, 0.12],
						"3.0": [-0.45, 0, 0.07],
						"3.0417": [-0.47, 0, 0.06],
						"3.0833": [-0.45, 0, 0.07],
						"3.125": [-0.39, 0, 0.1],
						"3.1667": [-0.31, 0, 0.13],
						"3.2083": [-0.22, 0, 0.17],
						"3.25": [-0.13, 0, 0.22],
						"3.2917": [-0.05, 0, 0.27],
						"3.3333": [0, 0, 0.31],
						"3.375": [0.02, 0, 0.36],
						"3.4167": [0.03, 0, 0.41],
						"3.4583": [0.03, 0, 0.47],
						"3.5": [0.02, 0, 0.53],
						"3.5417": [0.01, 0, 0.58],
						"3.5833": [0, 0, 0.62],
						"3.625": [0, 0, 0.64],
						"3.6667": [0, 0, 0.64],
						"3.7083": [0.01, 0, 0.64],
						"3.75": [0.01, 0, 0.63],
						"3.7917": [0.01, 0, 0.62],
						"3.8333": [0.02, 0, 0.61],
						"3.875": [0.03, 0, 0.6],
						"3.9167": [0.03, 0, 0.58],
						"3.9583": [0.04, 0, 0.56],
						"4.0": [0.04, 0, 0.53],
						"4.0417": [0.04, 0, 0.5],
						"4.0833": [0.05, 0, 0.47],
						"4.125": [0.05, 0, 0.43],
						"4.1667": [0.05, 0, 0.39],
						"4.2083": [0.05, 0, 0.32],
						"4.25": [0.04, 0, 0.24],
						"4.2917": [0.04, 0, 0.15],
						"4.3333": [0.03, 0, 0.04],
						"4.375": [0.03, 0, -0.06],
						"4.4167": [0.02, 0, -0.17],
						"4.4583": [0.01, 0, -0.27],
						"4.5": [0.01, 0, -0.35],
						"4.5417": [0, 0, -0.43],
						"4.5833": [0, 0, -0.48],
						"4.625": [0, 0, -0.52],
						"4.6667": [0, 0, -0.54],
						"4.7083": [0.01, 0, -0.55],
						"4.75": [0.01, 0, -0.56],
						"4.7917": [0.02, 0, -0.56],
						"4.8333": [0.03, 0, -0.56],
						"4.875": [0.03, 0, -0.55],
						"4.9167": [0.04, 0, -0.54],
						"4.9583": [0.04, 0, -0.53],
						"5.0": [0.05, 0, -0.52],
						"5.0417": [0.05, 0, -0.51],
						"5.0833": [0.05, 0, -0.51],
						"5.125": [0.05, 0, -0.51],
						"5.1667": [0.05, 0, -0.51],
						"5.2083": [0.05, 0, -0.51],
						"5.25": [0.04, 0, -0.5],
						"5.2917": [0.04, 0, -0.5],
						"5.3333": [0.04, 0, -0.5],
						"5.375": [0.03, 0, -0.5],
						"5.4167": [0.03, 0, -0.5],
						"5.4583": [0.02, 0, -0.49],
						"5.5": [0.02, 0, -0.49],
						"5.5417": [0.01, 0, -0.49],
						"5.5833": [0.01, 0, -0.48],
						"5.625": [0.01, 0, -0.47],
						"5.6667": [0, 0, -0.46],
						"5.7083": [0, 0, -0.45],
						"5.75": [0, 0, -0.44],
						"5.7917": [0, 0, -0.43],
						"5.8333": [0, 0, -0.41],
						"5.875": [0.01, 0, -0.36],
						"5.9167": [0.02, 0, -0.29],
						"5.9583": [0.04, 0, -0.22],
						"6.0": [0.05, 0, -0.13],
						"6.0417": [0.07, 0, -0.05],
						"6.0833": [0.09, 0, 0.02],
						"6.125": [0.1, 0, 0.08],
						"6.1667": [0.1, 0, 0.12],
						"6.2083": [0.1, 0, 0.13],
						"6.25": [0.09, 0, 0.13],
						"6.2917": [0.07, 0, 0.11],
						"6.3333": [0.06, 0, 0.09],
						"6.375": [0.04, 0, 0.06],
						"6.4167": [0.02, 0, 0.03],
						"6.4583": [0.01, 0, 0],
						"6.5": [0, 0, -0.01]
					}
				},
				"constraint": {
					"rotation": [0.2, 0.2, 0.2]
				},
				"bolt2": {
					"position": [0, 0, -2]
				},
				"bolt": {
					"position": [0, 0, -3]
				}
			},
			"sound_effects": {
				"0.0417": {
					"effect": "wfoly_pi_deagle_fast_reload_empty_raise"
				},
				"1.0833": {
					"effect": "wfoly_pi_deagle_raise_mvmnt"
				},
				"2.6667": {
					"effect": "wfoly_pi_deagle_fast_reload_exmag_mvmnt"
				},
				"4.25": {
					"effect": "wfoly_pi_deagle_reload_empty_mvmnt"
				},
				"6.0417": {
					"effect": "wfoly_pi_deagle_fast_reload_end"
				}
			}
		},
		"static_bolt_caught": {
			"loop": true,
			"bones": {
				"bolt": {
					"position": [0, 0, -3]
				},
				"bolt2": {
					"position": [0, 0, -2]
				}
			}
		},
		"shoot": {
			"loop": true,
			"animation_length": 0.7333,
			"bones": {
				"root": {
					"rotation": {
						"0.0": {
							"post": [0, 0, 0],
							"lerp_mode": "catmullrom"
						},
						"0.0333": {
							"post": [-4.75, -0.825, -2.825],
							"lerp_mode": "catmullrom"
						},
						"0.1": {
							"post": [-1.375, 0.825, 1.5],
							"lerp_mode": "catmullrom"
						},
						"0.1667": {
							"post": [0.42466, -0.36818, 0.89896],
							"lerp_mode": "catmullrom"
						},
						"0.2667": {
							"post": [-0.325, 0.25, 0],
							"lerp_mode": "catmullrom"
						},
						"0.4": {
							"post": [0.25, 0, -0.2],
							"lerp_mode": "catmullrom"
						},
						"0.5667": [-0.25, 0, 0],
						"0.7333": [0, 0, 0]
					},
					"position": {
						"0.0": {
							"post": [0, 0, 0],
							"lerp_mode": "catmullrom"
						},
						"0.0333": {
							"post": [0, -0.45, 1.8],
							"lerp_mode": "catmullrom"
						},
						"0.0667": {
							"post": [0, -0.33, 2.99],
							"lerp_mode": "catmullrom"
						},
						"0.1": {
							"post": [0, -0.125, 1],
							"lerp_mode": "catmullrom"
						},
						"0.1667": {
							"post": [0, 0.15, 0.6],
							"lerp_mode": "catmullrom"
						},
						"0.2667": {
							"post": [0, 0, 0],
							"lerp_mode": "catmullrom"
						},
						"0.3333": {
							"post": [0, -0.04, -0.08],
							"lerp_mode": "catmullrom"
						},
						"0.4667": [0, 0, 0],
						"0.6": [0, 0, 0]
					}
				},
				"constraint": {
					"rotation": {
						"0.0": [0.2, 0.2, 0.2],
						"0.4": [0, 0, 0]
					}
				},
				"bolt2": {
					"position": {
						"0.0": [0, 0, 0],
						"0.0333": [0, 0, -2.225],
						"0.0667": [0, 0, 0]
					}
				}
			}
		}
	}
}