{
	"format_version": "1.12.0",
	"minecraft:geometry": [
		{
			"description": {
				"identifier": "geometry.unknown",
				"texture_width": 32,
				"texture_height": 32,
				"visible_bounds_width": 2,
				"visible_bounds_height": 1.5,
				"visible_bounds_offset": [0, 0.25, 0]
			},
			"bones": [
				{
					"name": "octagon",
					"pivot": [0.00044, -0.29833, 0],
					"rotation": [90, 0, 0],
					"cubes": [
						{
							"origin": [-0.233, -2.24207, -0.5625],
							"size": [0.46599, 2.875, 1.125],
							"pivot": [0, -1.96707, 0],
							"rotation": [0, -45, 0],
							"uv": {
								"north": {"uv": [0, 16], "uv_size": [1, 3]},
								"east": {"uv": [2, 16], "uv_size": [1, 3]},
								"south": {"uv": [4, 16], "uv_size": [1, 3]},
								"west": {"uv": [6, 16], "uv_size": [1, 3]},
								"up": {"uv": [2, 20], "uv_size": [1, 1]},
								"down": {"uv": [4, 21], "uv_size": [1, -1]}
							}
						},
						{
							"origin": [-0.233, -2.24207, -0.5625],
							"size": [0.46599, 2.875, 1.125],
							"uv": {
								"north": {"uv": [8, 16], "uv_size": [1, 3]},
								"east": {"uv": [10, 16], "uv_size": [1, 3]},
								"south": {"uv": [12, 16], "uv_size": [1, 3]},
								"west": {"uv": [14, 16], "uv_size": [1, 3]},
								"up": {"uv": [20, 4], "uv_size": [1, 1]},
								"down": {"uv": [6, 21], "uv_size": [1, -1]}
							}
						},
						{
							"origin": [-0.5625, -2.24207, -0.233],
							"size": [1.125, 2.875, 0.46599],
							"pivot": [0, -1.96707, 0],
							"rotation": [0, -45, 0],
							"uv": {
								"north": {"uv": [16, 16], "uv_size": [1, 3]},
								"east": {"uv": [18, 0], "uv_size": [1, 3]},
								"south": {"uv": [18, 4], "uv_size": [1, 3]},
								"west": {"uv": [18, 8], "uv_size": [1, 3]},
								"up": {"uv": [20, 6], "uv_size": [1, 1]},
								"down": {"uv": [8, 21], "uv_size": [1, -1]}
							}
						},
						{
							"origin": [-0.5625, -2.24207, -0.233],
							"size": [1.125, 2.875, 0.46599],
							"uv": {
								"north": {"uv": [18, 12], "uv_size": [1, 3]},
								"east": {"uv": [18, 16], "uv_size": [1, 3]},
								"south": {"uv": [0, 20], "uv_size": [1, 3]},
								"west": {"uv": [20, 0], "uv_size": [1, 3]},
								"up": {"uv": [20, 8], "uv_size": [1, 1]},
								"down": {"uv": [10, 21], "uv_size": [1, -1]}
							}
						},
						{
							"origin": [-0.15378, 0.92168, -0.37125],
							"size": [0.30755, 0.7975, 0.7425],
							"pivot": [0, 0.42818, 0],
							"rotation": [0, -45, 0],
							"uv": {
								"north": {"uv": [22, 24], "uv_size": [1, 1]},
								"east": {"uv": [24, 22], "uv_size": [1, 1]},
								"south": {"uv": [24, 24], "uv_size": [1, 1]},
								"west": {"uv": [0, 26], "uv_size": [1, 1]},
								"up": {"uv": [26, 0], "uv_size": [1, 1]},
								"down": {"uv": [2, 27], "uv_size": [1, -1]}
							}
						},
						{
							"origin": [-0.15378, 0.92168, -0.37125],
							"size": [0.30755, 0.7975, 0.7425],
							"uv": {
								"north": {"uv": [16, 24], "uv_size": [1, 1]},
								"east": {"uv": [24, 16], "uv_size": [1, 1]},
								"south": {"uv": [18, 24], "uv_size": [1, 1]},
								"west": {"uv": [24, 18], "uv_size": [1, 1]},
								"up": {"uv": [20, 24], "uv_size": [1, 1]},
								"down": {"uv": [24, 21], "uv_size": [1, -1]}
							}
						},
						{
							"origin": [-0.37125, 0.92168, -0.15378],
							"size": [0.7425, 0.7975, 0.30755],
							"pivot": [0, 0.42818, 0],
							"rotation": [0, -45, 0],
							"uv": {
								"north": {"uv": [10, 24], "uv_size": [1, 1]},
								"east": {"uv": [24, 10], "uv_size": [1, 1]},
								"south": {"uv": [12, 24], "uv_size": [1, 1]},
								"west": {"uv": [24, 12], "uv_size": [1, 1]},
								"up": {"uv": [14, 24], "uv_size": [1, 1]},
								"down": {"uv": [24, 15], "uv_size": [1, -1]}
							}
						},
						{
							"origin": [-0.37125, 0.92168, -0.15378],
							"size": [0.7425, 0.7975, 0.30755],
							"uv": {
								"north": {"uv": [4, 24], "uv_size": [1, 1]},
								"east": {"uv": [24, 4], "uv_size": [1, 1]},
								"south": {"uv": [6, 24], "uv_size": [1, 1]},
								"west": {"uv": [24, 6], "uv_size": [1, 1]},
								"up": {"uv": [8, 24], "uv_size": [1, 1]},
								"down": {"uv": [24, 9], "uv_size": [1, -1]}
							}
						},
						{
							"origin": [-0.13686, 1.71554, -0.33041],
							"size": [0.27372, 0.20977, 0.66082],
							"pivot": [0, 1.02632, 0],
							"rotation": [0, -45, 0],
							"uv": {
								"north": {"uv": [26, 20], "uv_size": [1, 1]},
								"east": {"uv": [22, 26], "uv_size": [1, 1]},
								"south": {"uv": [26, 22], "uv_size": [1, 1]},
								"west": {"uv": [24, 26], "uv_size": [1, 1]},
								"up": {"uv": [26, 24], "uv_size": [1, 1]},
								"down": {"uv": [26, 27], "uv_size": [1, -1]}
							}
						},
						{
							"origin": [-0.13686, 1.71554, -0.33041],
							"size": [0.27372, 0.20977, 0.66082],
							"uv": {
								"north": {"uv": [26, 14], "uv_size": [1, 1]},
								"east": {"uv": [16, 26], "uv_size": [1, 1]},
								"south": {"uv": [26, 16], "uv_size": [1, 1]},
								"west": {"uv": [18, 26], "uv_size": [1, 1]},
								"up": {"uv": [26, 18], "uv_size": [1, 1]},
								"down": {"uv": [20, 27], "uv_size": [1, -1]}
							}
						},
						{
							"origin": [-0.33041, 1.71554, -0.13686],
							"size": [0.66083, 0.20977, 0.27372],
							"pivot": [0, 1.02632, 0],
							"rotation": [0, -45, 0],
							"uv": {
								"north": {"uv": [26, 8], "uv_size": [1, 1]},
								"east": {"uv": [10, 26], "uv_size": [1, 1]},
								"south": {"uv": [26, 10], "uv_size": [1, 1]},
								"west": {"uv": [12, 26], "uv_size": [1, 1]},
								"up": {"uv": [26, 12], "uv_size": [1, 1]},
								"down": {"uv": [14, 27], "uv_size": [1, -1]}
							}
						},
						{
							"origin": [-0.33041, 1.71554, -0.13686],
							"size": [0.66083, 0.20977, 0.27372],
							"uv": {
								"north": {"uv": [26, 2], "uv_size": [1, 1]},
								"east": {"uv": [4, 26], "uv_size": [1, 1]},
								"south": {"uv": [26, 4], "uv_size": [1, 1]},
								"west": {"uv": [6, 26], "uv_size": [1, 1]},
								"up": {"uv": [26, 6], "uv_size": [1, 1]},
								"down": {"uv": [8, 27], "uv_size": [1, -1]}
							}
						},
						{
							"origin": [-0.233, -2.64207, -0.5625],
							"size": [0.46599, 0.3, 1.125],
							"pivot": [0, -1.96707, 0],
							"rotation": [0, -45, 0],
							"uv": {
								"north": {"uv": [22, 14], "uv_size": [1, 1]},
								"east": {"uv": [16, 22], "uv_size": [1, 1]},
								"south": {"uv": [22, 16], "uv_size": [1, 1]},
								"west": {"uv": [18, 22], "uv_size": [1, 1]},
								"up": {"uv": [22, 18], "uv_size": [1, 1]},
								"down": {"uv": [20, 23], "uv_size": [1, -1]}
							}
						},
						{
							"origin": [-0.233, -2.64207, -0.5625],
							"size": [0.46599, 0.3, 1.125],
							"uv": {
								"north": {"uv": [22, 8], "uv_size": [1, 1]},
								"east": {"uv": [10, 22], "uv_size": [1, 1]},
								"south": {"uv": [22, 10], "uv_size": [1, 1]},
								"west": {"uv": [12, 22], "uv_size": [1, 1]},
								"up": {"uv": [22, 12], "uv_size": [1, 1]},
								"down": {"uv": [14, 23], "uv_size": [1, -1]}
							}
						},
						{
							"origin": [-0.5625, -2.64207, -0.233],
							"size": [1.125, 0.3, 0.46599],
							"pivot": [0, -1.96707, 0],
							"rotation": [0, -45, 0],
							"uv": {
								"north": {"uv": [22, 2], "uv_size": [1, 1]},
								"east": {"uv": [4, 22], "uv_size": [1, 1]},
								"south": {"uv": [22, 4], "uv_size": [1, 1]},
								"west": {"uv": [6, 22], "uv_size": [1, 1]},
								"up": {"uv": [22, 6], "uv_size": [1, 1]},
								"down": {"uv": [8, 23], "uv_size": [1, -1]}
							}
						},
						{
							"origin": [-0.5625, -2.64207, -0.233],
							"size": [1.125, 0.3, 0.46599],
							"uv": {
								"north": {"uv": [20, 16], "uv_size": [1, 1]},
								"east": {"uv": [18, 20], "uv_size": [1, 1]},
								"south": {"uv": [20, 18], "uv_size": [1, 1]},
								"west": {"uv": [20, 20], "uv_size": [1, 1]},
								"up": {"uv": [22, 0], "uv_size": [1, 1]},
								"down": {"uv": [2, 23], "uv_size": [1, -1]}
							}
						},
						{
							"origin": [-0.3875, -2.64217, -0.383],
							"size": [0.775, 0.3, 0.76599],
							"uv": {
								"north": {"uv": [22, 20], "uv_size": [1, 1]},
								"east": {"uv": [22, 22], "uv_size": [1, 1]},
								"south": {"uv": [0, 24], "uv_size": [1, 1]},
								"west": {"uv": [24, 0], "uv_size": [1, 1]},
								"up": {"uv": [2, 24], "uv_size": [1, 1]},
								"down": {"uv": [24, 3], "uv_size": [1, -1]}
							}
						},
						{
							"origin": [-0.2825, -2.45807, -0.28813],
							"size": [0.581, 0.407, 0.57625],
							"pivot": [0.008, -2.21707, 0],
							"rotation": [0, -45, 0],
							"uv": {
								"north": {"uv": [20, 10], "uv_size": [1, 1]},
								"east": {"uv": [12, 20], "uv_size": [1, 1]},
								"south": {"uv": [20, 12], "uv_size": [1, 1]},
								"west": {"uv": [14, 20], "uv_size": [1, 1]},
								"up": {"uv": [20, 14], "uv_size": [1, 1]},
								"down": {"uv": [16, 21], "uv_size": [1, -1]}
							}
						}
					]
				},
				{
					"name": "bone10",
					"parent": "octagon",
					"pivot": [-0.767, 3.25793, -0.0375]
				},
				{
					"name": "bone11",
					"parent": "bone10",
					"pivot": [-0.767, 3.25793, -0.0375],
					"rotation": [-20.15875, 180, 0],
					"cubes": [
						{"origin": [-2.13685, 1.57122, -0.36274], "size": [1, 1.35585, 0.86276], "inflate": -0.43088, "pivot": [-0.62215, 3.11775, -0.3247], "rotation": [0, 0.5, -8.12393], "uv": [9, 2]},
						{"origin": [-1.91555, 1.35218, -0.34935], "size": [1, 1.35585, 0.86276], "inflate": -0.43088, "pivot": [-0.89586, 3.11775, -0.3247], "rotation": [0, -0.5, 8.12393], "uv": [9, 4]},
						{"origin": [-2.10158, 2.03004, -0.39801], "size": [1, 1.1743, 0.93329], "inflate": -0.46614, "pivot": [-0.62215, 3.11775, -0.3247], "rotation": [0, 0.5, -8.12393], "uv": [9, 6]},
						{"origin": [-1.95081, 1.81101, -0.38462], "size": [1, 1.1743, 0.93329], "inflate": -0.46614, "pivot": [-0.89586, 3.11775, -0.3247], "rotation": [0, -0.5, 8.12393], "uv": [9, 8]}
					]
				},
				{
					"name": "bone12",
					"parent": "bone10",
					"pivot": [-0.767, 3.25793, -0.0375],
					"rotation": [-20.15875, 135, 0],
					"cubes": [
						{"origin": [-1.91786, 1.73288, 0.15857], "size": [1, 1.35585, 0.86276], "inflate": -0.43088, "pivot": [-0.61566, 3.11454, -0.33344], "rotation": [0, 0.5, -8.12393], "uv": [0, 10]},
						{"origin": [-1.74215, 1.56801, 0.16865], "size": [1, 1.35585, 0.86276], "inflate": -0.43088, "pivot": [-0.88937, 3.11454, -0.33344], "rotation": [0, -0.5, 8.12393], "uv": [3, 10]},
						{"origin": [-1.8826, 2.19171, 0.12331], "size": [1, 1.1743, 0.93329], "inflate": -0.46614, "pivot": [-0.61566, 3.11454, -0.33344], "rotation": [0, 0.5, -8.12393], "uv": [6, 10]},
						{"origin": [-1.77741, 2.02683, 0.13339], "size": [1, 1.1743, 0.93329], "inflate": -0.46614, "pivot": [-0.88937, 3.11454, -0.33344], "rotation": [0, -0.5, 8.12393], "uv": [9, 10]}
					]
				},
				{
					"name": "bone13",
					"parent": "bone10",
					"pivot": [-0.767, 3.25793, -0.0375],
					"rotation": [-20.15875, 90, 0],
					"cubes": [
						{"origin": [-1.38125, 1.74316, 0.39907], "size": [1, 1.35585, 0.86276], "inflate": -0.43088, "pivot": [-0.61766, 3.11069, -0.34393], "rotation": [0, 0.5, -8.12393], "uv": [0, 12]},
						{"origin": [-1.22678, 1.72903, 0.39994], "size": [1, 1.35585, 0.86276], "inflate": -0.43088, "pivot": [-0.89137, 3.11069, -0.34393], "rotation": [0, -0.5, 8.12393], "uv": [12, 0]},
						{"origin": [-1.34598, 2.20199, 0.36381], "size": [1, 1.1743, 0.93329], "inflate": -0.46614, "pivot": [-0.61766, 3.11069, -0.34393], "rotation": [0, 0.5, -8.12393], "uv": [12, 2]},
						{"origin": [-1.26205, 2.18786, 0.36467], "size": [1, 1.1743, 0.93329], "inflate": -0.46614, "pivot": [-0.89137, 3.11069, -0.34393], "rotation": [0, -0.5, 8.12393], "uv": [3, 12]}
					]
				},
				{
					"name": "bone14",
					"parent": "bone10",
					"pivot": [-0.767, 3.25793, -0.0375],
					"rotation": [-20.15875, 45, 0],
					"cubes": [
						{"origin": [-0.84134, 1.59604, 0.21787], "size": [1, 1.35585, 0.86276], "inflate": -0.43088, "pivot": [-0.62698, 3.10846, -0.35002], "rotation": [0, 0.5, -8.12393], "uv": [12, 4]},
						{"origin": [-0.67135, 1.74093, 0.20901], "size": [1, 1.35585, 0.86276], "inflate": -0.43088, "pivot": [-0.90069, 3.10846, -0.35002], "rotation": [0, -0.5, 8.12393], "uv": [6, 12]},
						{"origin": [-0.80607, 2.05486, 0.18261], "size": [1, 1.1743, 0.93329], "inflate": -0.46614, "pivot": [-0.62698, 3.10846, -0.35002], "rotation": [0, 0.5, -8.12393], "uv": [12, 6]},
						{"origin": [-0.70661, 2.19976, 0.17375], "size": [1, 1.1743, 0.93329], "inflate": -0.46614, "pivot": [-0.90069, 3.10846, -0.35002], "rotation": [0, -0.5, 8.12393], "uv": [12, 8]}
					]
				},
				{
					"name": "bone15",
					"parent": "bone10",
					"pivot": [-0.767, 3.25793, -0.0375],
					"rotation": [-20.15875, 0, 0],
					"cubes": [
						{"origin": [-0.61441, 1.37769, -0.27888], "size": [1, 1.35585, 0.86276], "inflate": -0.43088, "pivot": [-0.63815, 3.10915, -0.34814], "rotation": [0, 0.5, -8.12393], "uv": [9, 12]},
						{"origin": [-0.40121, 1.59673, -0.29227], "size": [1, 1.35585, 0.86276], "inflate": -0.43088, "pivot": [-0.91186, 3.10915, -0.34814], "rotation": [0, -0.5, 8.12393], "uv": [12, 10]},
						{"origin": [-0.57915, 1.83652, -0.31415], "size": [1, 1.1743, 0.93329], "inflate": -0.46614, "pivot": [-0.63815, 3.10915, -0.34814], "rotation": [0, 0.5, -8.12393], "uv": [12, 12]},
						{"origin": [-0.43648, 2.05555, -0.32754], "size": [1, 1.1743, 0.93329], "inflate": -0.46614, "pivot": [-0.91186, 3.10915, -0.34814], "rotation": [0, -0.5, 8.12393], "uv": [0, 14]}
					]
				},
				{
					"name": "bone16",
					"parent": "bone10",
					"pivot": [-0.767, 3.25793, -0.0375],
					"rotation": [-20.15875, -45, 0],
					"cubes": [
						{"origin": [-0.83339, 1.21602, -0.8002], "size": [1, 1.35585, 0.86276], "inflate": -0.43088, "pivot": [-0.64464, 3.11236, -0.3394], "rotation": [0, 0.5, -8.12393], "uv": [3, 14]},
						{"origin": [-0.57462, 1.3809, -0.81028], "size": [1, 1.35585, 0.86276], "inflate": -0.43088, "pivot": [-0.91835, 3.11236, -0.3394], "rotation": [0, -0.5, 8.12393], "uv": [6, 14]},
						{"origin": [-0.79813, 1.67485, -0.83546], "size": [1, 1.1743, 0.93329], "inflate": -0.46614, "pivot": [-0.64464, 3.11236, -0.3394], "rotation": [0, 0.5, -8.12393], "uv": [9, 14]},
						{"origin": [-0.60988, 1.83973, -0.84554], "size": [1, 1.1743, 0.93329], "inflate": -0.46614, "pivot": [-0.91835, 3.11236, -0.3394], "rotation": [0, -0.5, 8.12393], "uv": [12, 14]}
					]
				},
				{
					"name": "bone17",
					"parent": "bone10",
					"pivot": [-0.767, 3.25793, -0.0375],
					"rotation": [-20.15875, -90, 0],
					"cubes": [
						{"origin": [-1.37001, 1.20574, -1.0407], "size": [1, 1.35585, 0.86276], "inflate": -0.43088, "pivot": [-0.64264, 3.11621, -0.32891], "rotation": [0, 0.5, -8.12393], "uv": [15, 0]},
						{"origin": [-1.08998, 1.21987, -1.04156], "size": [1, 1.35585, 0.86276], "inflate": -0.43088, "pivot": [-0.91635, 3.11621, -0.32891], "rotation": [0, -0.5, 8.12393], "uv": [15, 2]},
						{"origin": [-1.33475, 1.66457, -1.07596], "size": [1, 1.1743, 0.93329], "inflate": -0.46614, "pivot": [-0.64264, 3.11621, -0.32891], "rotation": [0, 0.5, -8.12393], "uv": [15, 4]},
						{"origin": [-1.12524, 1.6787, -1.07683], "size": [1, 1.1743, 0.93329], "inflate": -0.46614, "pivot": [-0.91635, 3.11621, -0.32891], "rotation": [0, -0.5, 8.12393], "uv": [15, 6]}
					]
				},
				{
					"name": "bone18",
					"parent": "bone10",
					"pivot": [-0.767, 3.25793, -0.0375],
					"rotation": [-20.15875, -135, 0],
					"cubes": [
						{"origin": [-1.90992, 1.35287, -0.8595], "size": [1, 1.35585, 0.86276], "inflate": -0.43088, "pivot": [-0.63332, 3.11844, -0.32282], "rotation": [0, 0.5, -8.12393], "uv": [15, 8]},
						{"origin": [-1.64541, 1.20798, -0.85064], "size": [1, 1.35585, 0.86276], "inflate": -0.43088, "pivot": [-0.90703, 3.11844, -0.32282], "rotation": [0, -0.5, 8.12393], "uv": [15, 10]},
						{"origin": [-1.87466, 1.8117, -0.89476], "size": [1, 1.1743, 0.93329], "inflate": -0.46614, "pivot": [-0.63332, 3.11844, -0.32282], "rotation": [0, 0.5, -8.12393], "uv": [15, 12]},
						{"origin": [-1.68068, 1.6668, -0.8859], "size": [1, 1.1743, 0.93329], "inflate": -0.46614, "pivot": [-0.90703, 3.11844, -0.32282], "rotation": [0, -0.5, 8.12393], "uv": [15, 14]}
					]
				},
				{
					"name": "bone1",
					"parent": "octagon",
					"pivot": [-0.767, 0.60793, -0.0125]
				},
				{
					"name": "bone2",
					"parent": "bone1",
					"pivot": [-0.767, 0.60793, -0.0125],
					"rotation": [-29.35775, 180, 0],
					"cubes": [
						{"origin": [-1.91989, -0.03331, -0.90704], "size": [1, 1.19677, 0.76325], "inflate": -0.38112, "pivot": [-1.30101, 0.34782, -0.52591], "rotation": [0, 0.5, -11.47912], "uv": [0, 0]},
						{"origin": [-2.14813, -0.03331, -0.90704], "size": [1, 1.19677, 0.76325], "inflate": -0.38112, "pivot": [-1.767, 0.34782, -0.52591], "rotation": [0, -0.5, 11.47912], "uv": [0, 2]}
					]
				},
				{
					"name": "bone3",
					"parent": "bone1",
					"pivot": [-0.767, 0.60793, -0.0125],
					"rotation": [-29.35775, 135, 0],
					"cubes": [
						{"origin": [-1.70408, 0.23438, -0.43114], "size": [1, 1.19677, 0.76325], "inflate": -0.38112, "pivot": [-1.0852, 0.61551, -0.05002], "rotation": [0, 0.5, -11.47912], "uv": [3, 0]},
						{"origin": [-1.93232, 0.23438, -0.43114], "size": [1, 1.19677, 0.76325], "inflate": -0.38112, "pivot": [-1.55119, 0.61551, -0.05002], "rotation": [0, -0.5, 11.47912], "uv": [3, 2]}
					]
				},
				{
					"name": "bone4",
					"parent": "bone1",
					"pivot": [-0.767, 0.60793, -0.0125],
					"rotation": [-29.35775, 90, 0],
					"cubes": [
						{"origin": [-1.16539, 0.34885, -0.22764], "size": [1, 1.19677, 0.76325], "inflate": -0.38112, "pivot": [-0.54651, 0.72998, 0.15348], "rotation": [0, 0.5, -11.47912], "uv": [0, 4]},
						{"origin": [-1.39362, 0.34885, -0.22764], "size": [1, 1.19677, 0.76325], "inflate": -0.38112, "pivot": [-1.0125, 0.72998, 0.15348], "rotation": [0, -0.5, 11.47912], "uv": [3, 4]}
					]
				},
				{
					"name": "bone5",
					"parent": "bone1",
					"pivot": [-0.767, 0.60793, -0.0125],
					"rotation": [-29.35775, 45, 0],
					"cubes": [
						{"origin": [-0.61937, 0.24305, -0.41574], "size": [1, 1.19677, 0.76325], "inflate": -0.38112, "pivot": [-0.00049, 0.62417, -0.03461], "rotation": [0, 0.5, -11.47912], "uv": [0, 6]},
						{"origin": [-0.84761, 0.24305, -0.41574], "size": [1, 1.19677, 0.76325], "inflate": -0.38112, "pivot": [-0.46648, 0.62417, -0.03461], "rotation": [0, -0.5, 11.47912], "uv": [6, 0]}
					]
				},
				{
					"name": "bone6",
					"parent": "bone1",
					"pivot": [-0.767, 0.60793, -0.0125],
					"rotation": [-29.35775, 0, 0],
					"cubes": [
						{"origin": [-0.38588, -0.02105, -0.88525], "size": [1, 1.19677, 0.76325], "inflate": -0.38112, "pivot": [0.233, 0.36007, -0.50412], "rotation": [0, 0.5, -11.47912], "uv": [6, 2]},
						{"origin": [-0.61412, -0.02105, -0.88525], "size": [1, 1.19677, 0.76325], "inflate": -0.38112, "pivot": [-0.233, 0.36007, -0.50412], "rotation": [0, -0.5, 11.47912], "uv": [3, 6]}
					]
				},
				{
					"name": "bone7",
					"parent": "bone1",
					"pivot": [-0.767, 0.60793, -0.0125],
					"rotation": [-29.35775, -45, 0],
					"cubes": [
						{"origin": [-0.60169, -0.28874, -1.36114], "size": [1, 1.19677, 0.76325], "inflate": -0.38112, "pivot": [0.01718, 0.09238, -0.98002], "rotation": [0, 0.5, -11.47912], "uv": [6, 4]},
						{"origin": [-0.82993, -0.28874, -1.36114], "size": [1, 1.19677, 0.76325], "inflate": -0.38112, "pivot": [-0.44881, 0.09238, -0.98002], "rotation": [0, -0.5, 11.47912], "uv": [6, 6]}
					]
				},
				{
					"name": "bone8",
					"parent": "bone1",
					"pivot": [-0.767, 0.60793, -0.0125],
					"rotation": [-29.35775, -90, 0],
					"cubes": [
						{"origin": [-1.14039, -0.40321, -1.56465], "size": [1, 1.19677, 0.76325], "inflate": -0.38112, "pivot": [-0.52151, -0.02209, -1.18352], "rotation": [0, 0.5, -11.47912], "uv": [0, 8]},
						{"origin": [-1.36862, -0.40321, -1.56465], "size": [1, 1.19677, 0.76325], "inflate": -0.38112, "pivot": [-0.9875, -0.02209, -1.18352], "rotation": [0, -0.5, 11.47912], "uv": [3, 8]}
					]
				},
				{
					"name": "bone9",
					"parent": "bone1",
					"pivot": [-0.767, 0.60793, -0.0125],
					"rotation": [-29.35775, -135, 0],
					"cubes": [
						{"origin": [-1.6864, -0.29741, -1.37655], "size": [1, 1.19677, 0.76325], "inflate": -0.38112, "pivot": [-1.06753, 0.08372, -0.99542], "rotation": [0, 0.5, -11.47912], "uv": [6, 8]},
						{"origin": [-1.91464, -0.29741, -1.37655], "size": [1, 1.19677, 0.76325], "inflate": -0.38112, "pivot": [-1.53352, 0.08372, -0.99542], "rotation": [0, -0.5, 11.47912], "uv": [9, 0]}
					]
				}
			]
		}
	]
}