{
	"format_version": "1.8.0",
	"animations": {
		"static_idle": {
			"animation_length": 0.05,
			"bones": {
				"lefthand": {
					"rotation": [99.13767, -21.82367, -128.45709],
					"position": [7.4, -12.225, -18.8],
					"scale": [1, 1.5, 1]
				},
				"righthand": {
					"rotation": [95, 0, -180],
					"position": [-6.2, -13.7, 4.425],
					"scale": [1, 1.5, 1]
				},
				"constraint": {
					"rotation": [0.2, 0.15, 0.2],
					"position": [0.1, 0.1, 0.4]
				}
			}
		},
		"bolt": {
			"animation_length": 0.875,
			"bones": {
				"lefthand": {
					"rotation": {
						"0.0": [99.13767, -21.82367, -128.45709],
						"0.125": [97.20095, -37.38318, -125.23384],
						"0.3333": [97.20095, -37.38318, -125.23384],
						"0.4583": [99.13767, -21.82367, -128.45709]
					},
					"position": {
						"0.0": [7.4, -12.225, -18.8],
						"0.0833": [7.4, -12.595, -9.975],
						"0.3333": [7.4, -12.595, -9.975],
						"0.4583": [7.4, -12.225, -18.8]
					},
					"scale": [1, 1.5, 1]
				},
				"righthand": {
					"rotation": [95, 0, -180],
					"position": [-6.2, -13.7, 4.425],
					"scale": [1, 1.5, 1]
				},
				"constraint": {
					"rotation": [0.2, 0.15, 0.2],
					"position": [0.1, 0.1, 0.4]
				},
				"root": {
					"rotation": {
						"0.0": [0, 0, 0],
						"0.0833": [1.24865, 0.05779, -3.2494],
						"0.125": [1.24791, 0.06977, -4.24934],
						"0.2083": [0.24977, 0.01527, -1.74993],
						"0.25": [0.24977, 0.01527, -1.74993],
						"0.2917": [0.24977, 0.01527, -1.74993],
						"0.375": [0.49996, 0.00655, -0.74997],
						"0.4167": [0.24998, 0.00327, -0.74999],
						"0.5": [0.37502, 0.00164, -0.37507],
						"0.5833": [0, 0, 0]
					},
					"position": {
						"0.0": [0, 0, 0],
						"0.0417": [0, -0.075, 0.175],
						"0.0833": [0, -0.155, 0.555],
						"0.1667": [0, -0.285, 0.775],
						"0.25": [0, -0.285, 0.775],
						"0.3333": [0, -0.285, 0.775],
						"0.4167": [0, -0.155, 0.555],
						"0.4583": [0, -0.075, 0.175],
						"0.5": [0, 0, 0]
					}
				},
				"handguard": {
					"position": {
						"0.0": [0, 0, 0],
						"0.0833": [0, 0, 7],
						"0.3333": [0, 0, 7],
						"0.4583": [0, 0, 0]
					}
				},
				"grip_pos": {
					"position": {
						"0.0": [0, 0, 0],
						"0.0833": [0, 0, 7],
						"0.3333": [0, 0, 7],
						"0.4583": [0, 0, 0]
					}
				}
			},
			"sound_effects": {
				"0.0": {
					"effect": "mw3:mk14/bls890_bolt"
				}
			}
		},
		"draw": {
			"loop": "hold_on_last_frame",
			"animation_length": 0.75,
			"bones": {
				"lefthand": {
					"rotation": {
						"0.05": [84.55606, -1.91886, -130.46016],
						"0.15": [84.28, -15.19, -129.13],
						"0.25": [92.28735, -29.81773, -128.79991],
						"0.35": [99.13767, -21.82367, -128.45709]
					},
					"position": {
						"0.05": [7.6, -28.9, -8],
						"0.15": [7.6, -20.23, -8],
						"0.25": [8.65, -15.725, -13.95],
						"0.35": [7.4, -12.225, -18.8]
					},
					"scale": [1, 1.5, 1]
				},
				"righthand": {
					"rotation": [95, 0, -180],
					"position": [-6.2, -13.7, 4.425],
					"scale": [1, 1.5, 1]
				},
				"root": {
					"rotation": {
						"0.0": [19.64807, -30.83866, 63.3425],
						"0.1": [21.19122, -14.40747, 12.59763],
						"0.2": [5.09, -6.61, 5.06],
						"0.3": [1.82144, 0.01118, 0.03752],
						"0.35": [-0.042, -0.4187, 4.03899],
						"0.45": {
							"pre": [0.14086, -0.97706, 1.04153],
							"post": [0.14086, -0.97706, 1.04153],
							"lerp_mode": "catmullrom"
						},
						"0.55": {
							"post": [-0.13, 0.1, 0],
							"lerp_mode": "catmullrom"
						},
						"0.7": [0, 0, 0]
					},
					"position": {
						"0.0": [3, -14, 0],
						"0.05": [2.1, -6, 0],
						"0.15": [1.5, -1.85, -0.2],
						"0.2": [1.05, -1.47, -0.7],
						"0.3": {
							"pre": [0.45, -0.86, -1.1],
							"post": [0.45, -0.86, -1.1],
							"lerp_mode": "catmullrom"
						},
						"0.35": {
							"post": [0.13, -0.35, -0.27],
							"lerp_mode": "catmullrom"
						},
						"0.4": {
							"post": [0, 0.17, 0.17],
							"lerp_mode": "catmullrom"
						},
						"0.45": {
							"post": [0, 0.08, -0.13],
							"lerp_mode": "catmullrom"
						},
						"0.55": [0, -0.01, -0.28],
						"0.65": [0, 0, 0]
					}
				},
				"camera": {
					"rotation": {
						"0.0": {
							"post": [0, 0, 0],
							"lerp_mode": "catmullrom"
						},
						"0.1": {
							"post": [1, 1, 0],
							"lerp_mode": "catmullrom"
						},
						"0.25": {
							"post": [1, 0, 1],
							"lerp_mode": "catmullrom"
						},
						"0.4": {
							"post": [-1, 0, 0],
							"lerp_mode": "catmullrom"
						},
						"0.5": {
							"post": [-0.49992, 0.00873, 0.99996],
							"lerp_mode": "catmullrom"
						},
						"0.65": {
							"post": [0, 0, 0],
							"lerp_mode": "catmullrom"
						}
					}
				}
			}
		},
		"put_away": {
			"loop": "hold_on_last_frame",
			"animation_length": 0.5,
			"bones": {
				"lefthand": {
					"rotation": [99.13767, -21.82367, -128.45709],
					"position": [7.4, -12.225, -18.8],
					"scale": [1, 1.5, 1]
				},
				"righthand": {
					"rotation": {
						"0.0": [95, 0, -180],
						"0.1167": [99.24832, 57.15935, -172.20989]
					},
					"position": [-6.2, -13.7, 4.425],
					"scale": [1, 1.5, 1]
				},
				"root": {
					"rotation": {
						"0.0": [0, 0, 0],
						"0.05": [0, -3, 6],
						"0.15": [-10.32567, -18.95265, -8.14869],
						"0.2": [-26.69, -18.04, 2.69],
						"0.3": [-36.96, -11.63, -10.34],
						"0.4": [-43.84, -7.53, -20.73],
						"0.5": [-47.31135, -5.75386, -28.4767]
					},
					"position": {
						"0.0": [0, 0, 0],
						"0.05": [0, 0, 0],
						"0.15": [1.6, 0.2, 0],
						"0.2": [4.17, -1.16, 0],
						"0.3": [10.63, -11.12, 1.93],
						"0.4": [19.92, -27.81, 5.6],
						"0.5": [27.5, -44.4, 9.1]
					}
				},
				"camera": {
					"rotation": {
						"0.0": [0, 0, 0],
						"0.1833": [-1.9997, 0.00061, 0.0349],
						"0.3167": [-1, -0.99878, 0.0698],
						"0.5": [0, 0, 0]
					}
				}
			}
		},
		"reload_tactical": {
			"animation_length": 2.45,
			"bones": {
				"lefthand": {
					"rotation": {
						"0.0": [99.13767, -21.82367, -128.45709],
						"0.0333": [83.52863, -32.75691, -127.13262],
						"0.1": [84.14, -21.82, -128.46],
						"0.1333": [82.27302, -22.58468, -126.11991],
						"0.8333": [82.27302, -22.58468, -126.11991],
						"0.9333": [98.15985, -25.58805, -110.01019],
						"1.6333": [98.15985, -25.58805, -110.01019],
						"1.7333": {
							"pre": [86.64, -19.43, -114.91],
							"post": [86.64, -19.43, -114.91],
							"lerp_mode": "catmullrom"
						},
						"1.8333": [99.13767, -21.82367, -128.45709]
					},
					"position": {
						"0.0": [7.4, -12.225, -18.8],
						"0.0333": [8.35, -17.175, -7.45],
						"0.1": [6.65, -18.2, -4.675],
						"0.1333": [6.65, -18.2, -4.675],
						"0.8333": [6.65, -18.2, -4.675],
						"0.9333": [6.65, -18.2, -4.675],
						"1.6333": [7.2, -18.8, -6.225],
						"1.7333": [7.2, -18.8, -6.225],
						"1.8": [7.4, -14.225, -14.25],
						"1.8667": [7.4, -12.225, -18.8]
					},
					"scale": [1, 1.5, 1]
				},
				"righthand": {
					"rotation": {
						"0.0": [95, 0, -180],
						"0.1": [95.51385, 24.89837, -177.6727],
						"1.7667": [95.51385, 24.89837, -177.6727],
						"1.8667": [95, 0, -180]
					},
					"position": {
						"0.0": [-6.2, -13.7, 4.425],
						"0.1": [-7.425, -13.9, 4.825],
						"1.7667": [-7.425, -13.9, 4.825],
						"1.8667": [-6.2, -13.7, 4.425]
					},
					"scale": [1, 1.5, 1]
				},
				"root": {
					"rotation": {
						"0.0": [0, 0, 0],
						"0.0333": [1.29, 0.6, 0.52],
						"0.1333": [-3.32, -0.14, -6.98],
						"0.2": [-3.32, -0.14, -6.98],
						"0.2333": [-5.27, -0.59, -10.74],
						"0.3": [-7.85369, -1.35245, -16.40886],
						"0.3333": [-6.57698, -2.54259, -24.82703],
						"0.4": [-5.34473, -0.14114, -21.63336],
						"0.5": [-4.60386, -0.97126, -12.25364],
						"0.6": [-3.80667, -0.91096, -17.5262],
						"0.7333": {
							"pre": [-5.11281, -0.17645, -14.82654],
							"post": [-5.11281, -0.17645, -14.82654],
							"lerp_mode": "catmullrom"
						},
						"0.9": {
							"post": [-5.86, -0.34, -16.32],
							"lerp_mode": "catmullrom"
						},
						"0.9667": {
							"post": [-7.42, 0.36, -19.05],
							"lerp_mode": "catmullrom"
						},
						"1.0333": [-8.74329, 1.11452, -22.08781],
						"1.1333": {
							"pre": [-12.64096, -2.59262, -35.68603],
							"post": [-12.64096, -2.59262, -35.68603],
							"lerp_mode": "catmullrom"
						},
						"1.2333": {
							"post": [-13.30412, -3.87138, -41.56149],
							"lerp_mode": "catmullrom"
						},
						"1.3333": [-13.16462, -4.32806, -43.51726],
						"1.4": {
							"pre": [-13.21, -4.18, -42.87],
							"post": [-13.21, -4.18, -42.87],
							"lerp_mode": "catmullrom"
						},
						"1.4333": {
							"post": [-13.26092, -4.02376, -42.21555],
							"lerp_mode": "catmullrom"
						},
						"1.5": {
							"post": [-13.37351, 0.12101, -38.06253],
							"lerp_mode": "catmullrom"
						},
						"1.5333": {
							"post": [-14.22331, -2.21713, -43.14809],
							"lerp_mode": "catmullrom"
						},
						"1.6": {
							"post": [-15.38296, -2.04766, -38.5387],
							"lerp_mode": "catmullrom"
						},
						"1.6667": {
							"post": [-15.35382, -1.46806, -40.23593],
							"lerp_mode": "catmullrom"
						},
						"1.7667": [-7.87, -0.73, -15.76],
						"1.8667": [-0.37032, 0.39084, 0.10152],
						"1.9333": {
							"pre": [2.85846, -0.25261, 0.94987],
							"post": [2.85846, -0.25261, 0.94987],
							"lerp_mode": "catmullrom"
						},
						"1.9667": {
							"post": [2.29999, -0.18288, 0.4296],
							"lerp_mode": "catmullrom"
						},
						"2.0667": {
							"post": [-0.36337, -0.23485, 0.12572],
							"lerp_mode": "catmullrom"
						},
						"2.1333": {
							"post": [-0.2891, -0.33048, 1.24003],
							"lerp_mode": "catmullrom"
						},
						"2.2333": [0, 0.225, -0.225],
						"2.3333": [0, 0, 0.6625],
						"2.4333": [0, 0, 0]
					},
					"position": {
						"0.0": [0, 0, 0],
						"0.0667": [-0.07, -0.19, 0.15],
						"0.1333": [-0.16, 0.14, 0.32],
						"0.2": [-0.21, 0.4275, 0.42],
						"0.2333": [-0.2, 0.4, 0.4],
						"0.3333": [-0.4, 0.125, 0.4],
						"0.4333": [-0.53, -0.5175, 0.4],
						"0.5333": [-0.57, -0.425, 0.48],
						"0.7": {
							"pre": [-0.52, 0.2, 0.64],
							"post": [-0.52, 0.2, 0.64],
							"lerp_mode": "catmullrom"
						},
						"0.8": {
							"post": [-0.5, 0.21, 0.72],
							"lerp_mode": "catmullrom"
						},
						"0.9333": {
							"post": [-0.5, 0.125, 0.8],
							"lerp_mode": "catmullrom"
						},
						"1.0667": [-0.56, 0.245, 0.5],
						"1.2": [-0.8, 0.945, 0.7],
						"1.3": [-0.8, 1.115, 1],
						"1.4": [-0.8, 1.125, 1.075],
						"1.4333": [-0.8, 1.025, 1],
						"1.5333": [-0.8, 0.4, 1],
						"1.6333": [-0.9, 0.8, 1],
						"1.7333": [-0.9, 0.63, 0.5],
						"1.8333": [-0.3, -0.7, -1.07],
						"1.9333": {
							"pre": [0.2, -1.1, -1],
							"post": [0.2, -1.1, -1],
							"lerp_mode": "catmullrom"
						},
						"2.0333": [0, 0, 0.1625],
						"2.0667": [0, 0.07, 0.3],
						"2.1667": [0, -0.0625, -0.2],
						"2.3": [0, 0, 0.0625],
						"2.4333": [0, 0, 0]
					}
				},
				"magrelease": {
					"rotation": {
						"0.1333": [0, 0, 0],
						"0.2": [-25, 0, 0],
						"0.3333": [-25, 0, 0],
						"0.4": [0, 0, 0],
						"1.4333": [0, 0, 0],
						"1.5": [-25, 0, 0],
						"1.5667": [0, 0, 0]
					}
				},
				"additional_magazine": {
					"scale": {
						"0.0": [0, 0, 0],
						"2.2": {"pre": [0, 0, 0], "post": [1, 1, 1]}
					}
				},
				"mag_and_lefthand": {
					"rotation": {
						"0.2333": [0, 0, 0],
						"0.4333": [-6.5, 0, 0],
						"1.1333": [0, 0, 0]
					},
					"position": {
						"0.2333": [0, 0, 0],
						"0.3": [0, -0.8, -0.4],
						"0.4333": [0.4, -14.7, -3.7],
						"0.5333": [0.4, -23.5, 1.7],
						"1.1333": [0.4, -23.5, 1.7],
						"1.2333": [0.8, -7.1, -2.9],
						"1.3": [0.8, -2.1, -0.9],
						"1.3333": [0.8, -1.7, -0.7],
						"1.4": [0.8, -1.7, -0.7],
						"1.4333": [0.8, -1.7, -0.7],
						"1.5": [0, 0, 0]
					}
				},
				"bullet": {
					"scale": {
						"0.0": [0, 0, 0],
						"0.7": {"pre": [0, 0, 0], "post": [1, 1, 1]}
					}
				},
				"octagon18": {
					"scale": [1, 1, 1.03]
				},
				"constraint": {
					"rotation": {
						"0.0": [0.2, 0.15, 0.2],
						"0.3": [0.05, 0.05, 0.05],
						"1.6667": [0.05, 0.05, 0.05],
						"2.0667": [0.2, 0.15, 0.2]
					},
					"position": {
						"0.0": [0.1, 0.1, 0.4],
						"0.3": [0.05, 0.05, 0.05],
						"1.6667": [0.05, 0.05, 0.05],
						"2.0667": [0.1, 0.1, 0.4]
					}
				},
				"camera": {
					"rotation": {
						"0.0": {
							"post": [0, 0, 0],
							"lerp_mode": "catmullrom"
						},
						"0.1": {
							"post": [1.52, 0.28, -0.09],
							"lerp_mode": "catmullrom"
						},
						"0.2333": {
							"post": [2.40072, 0.69906, 0.04887],
							"lerp_mode": "catmullrom"
						},
						"0.3": {
							"post": [2.10701, 0.88443, 1.13978],
							"lerp_mode": "catmullrom"
						},
						"0.4": {
							"post": [1.37609, 0.97329, -0.82614],
							"lerp_mode": "catmullrom"
						},
						"0.5333": {
							"post": [1.66, 0.64, -0.225],
							"lerp_mode": "catmullrom"
						},
						"0.7333": {
							"post": [2.02506, 0.19994, 0.00698],
							"lerp_mode": "catmullrom"
						},
						"0.9333": {
							"post": [2.3, 0.05, -0.04],
							"lerp_mode": "catmullrom"
						},
						"1.0333": {
							"post": [2.65, 0.02, 0.36],
							"lerp_mode": "catmullrom"
						},
						"1.2": {
							"post": [2.63, 0.08, 0.81],
							"lerp_mode": "catmullrom"
						},
						"1.3": {
							"post": [2.44, 0.23, 1.05],
							"lerp_mode": "catmullrom"
						},
						"1.4": {
							"post": [2.20505, 0.18687, 1.11955],
							"lerp_mode": "catmullrom"
						},
						"1.5": {
							"post": [2.03005, 0.18687, 0.51955],
							"lerp_mode": "catmullrom"
						},
						"1.5333": {
							"post": [2.03511, 0.10372, 1.91782],
							"lerp_mode": "catmullrom"
						},
						"1.6333": {
							"post": [2.03005, 0.18687, 1.11955],
							"lerp_mode": "catmullrom"
						},
						"1.7667": {
							"post": [2.03294, 0.14531, 1.74369],
							"lerp_mode": "catmullrom"
						},
						"1.8667": {
							"post": [1.19, 0.08, 1.01],
							"lerp_mode": "catmullrom"
						},
						"1.9333": {
							"post": [0.4, 0.03, 0.67],
							"lerp_mode": "catmullrom"
						},
						"2.0333": {
							"post": [-0.3, 0, -0.15],
							"lerp_mode": "catmullrom"
						},
						"2.1667": [0.1, 0, 0.15],
						"2.3": [-0.075, 0, -0.01875],
						"2.4333": [0, 0, 0]
					}
				}
			},
			"sound_effects": {
				"0.0": {
					"effect": "mw3:mk14/bls890_reload_tactical"
				}
			}
		},
		"shoot": {
			"animation_length": 1.0333,
			"bones": {
				"constraint": {
					"rotation": {
						"0.1667": [0.75, 0.85, 0.75],
						"0.7333": [0, 0, 0]
					},
					"position": {
						"0.1667": [0.9, 0.5, 0.65],
						"0.7333": [0, 0, 0]
					}
				},
				"root": {
					"rotation": {
						"0.0": {
							"post": [0, 0, 0],
							"lerp_mode": "catmullrom"
						},
						"0.0333": {
							"post": [-0.00931, 3.15232, -6.99835],
							"lerp_mode": "catmullrom"
						},
						"0.0667": {
							"post": [-3.14717, 5.0893, 7.87021],
							"lerp_mode": "catmullrom"
						},
						"0.1333": {
							"post": [-7.03564, 3.13711, -1.91761],
							"lerp_mode": "catmullrom"
						},
						"0.2": {
							"post": [-4.8638, 2.35138, -3.1926],
							"lerp_mode": "catmullrom"
						},
						"0.3": {
							"post": [-2.37698, 2.04951, -4.95354],
							"lerp_mode": "catmullrom"
						},
						"0.4667": {
							"post": [0.92575, -0.17214, -0.01451],
							"lerp_mode": "catmullrom"
						},
						"0.6667": {
							"post": [0.25012, 0.226, 0.49879],
							"lerp_mode": "catmullrom"
						},
						"0.8667": {
							"post": [0.04509, 0.01634, -0.42105],
							"lerp_mode": "catmullrom"
						},
						"1.0333": {
							"post": [0, 0, 0],
							"lerp_mode": "catmullrom"
						}
					},
					"position": {
						"0.0": {
							"post": [0, 0, 0],
							"lerp_mode": "catmullrom"
						},
						"0.0333": {
							"post": [0, -0.75, 2.375],
							"lerp_mode": "catmullrom"
						},
						"0.0667": {
							"post": [0.01, -0.3, 3.045],
							"lerp_mode": "catmullrom"
						},
						"0.1": {
							"post": [0, 0.3, 0.23],
							"lerp_mode": "catmullrom"
						},
						"0.1667": {
							"post": [-0.125, 0.83, 0.925],
							"lerp_mode": "catmullrom"
						},
						"0.3": {
							"post": [-0.075, 0.735, 0.92],
							"lerp_mode": "catmullrom"
						},
						"0.4333": {
							"post": [0, 0.03, 0.79],
							"lerp_mode": "catmullrom"
						},
						"0.5333": {
							"post": [0, -0.28, 0.48],
							"lerp_mode": "catmullrom"
						},
						"0.6667": {
							"post": [0, -0.15, 0.025],
							"lerp_mode": "catmullrom"
						},
						"0.8333": {
							"post": [0.03125, -0.01375, 0.095],
							"lerp_mode": "catmullrom"
						},
						"1.0333": {
							"post": [0, 0, 0],
							"lerp_mode": "catmullrom"
						}
					}
				},
				"camera": {
					"rotation": {
						"0.0": {
							"post": [0, 0, 0],
							"lerp_mode": "catmullrom"
						},
						"0.0333": {
							"post": [4.92442, -0.86717, 8.11271],
							"lerp_mode": "catmullrom"
						},
						"0.0667": {
							"post": [-2.42384, -0.86712, -1.88844],
							"lerp_mode": "catmullrom"
						},
						"0.1333": {
							"post": [0, 0, 1.42],
							"lerp_mode": "catmullrom"
						},
						"0.2": {
							"post": [0, 0, -0.98],
							"lerp_mode": "catmullrom"
						},
						"0.2667": {
							"post": [0, 0, 0.545],
							"lerp_mode": "catmullrom"
						},
						"0.3333": {
							"post": [0, 0, -0.35],
							"lerp_mode": "catmullrom"
						},
						"0.4333": {
							"post": [0, 0, 0.175],
							"lerp_mode": "catmullrom"
						},
						"0.5667": {
							"post": [0, 0, 0],
							"lerp_mode": "catmullrom"
						}
					}
				}
			}
		},
		"reload_empty": {
			"animation_length": 2.6667,
			"bones": {
				"lefthand": {
					"rotation": {
						"0.0": [99.13767, -21.82367, -128.45709],
						"0.0333": [83.52863, -32.75691, -127.13262],
						"0.1": [84.14, -21.82, -128.46],
						"0.1333": [82.27302, -22.58468, -126.11991],
						"0.8333": [82.27302, -22.58468, -126.11991],
						"0.9333": [98.15985, -25.58805, -110.01019],
						"1.6333": [98.15985, -25.58805, -110.01019],
						"1.7333": {
							"pre": [86.64, -19.43, -114.91],
							"post": [86.64, -19.43, -114.91],
							"lerp_mode": "catmullrom"
						},
						"1.9333": [99.13767, -21.82367, -128.45709],
						"2.0": [99.13767, -21.82367, -128.45709],
						"2.1": [103.51832, -33.11576, -136.71443],
						"2.2667": [103.51832, -33.11576, -136.71443],
						"2.4": [99.13767, -21.82367, -128.45709]
					},
					"position": {
						"0.0": [7.4, -12.225, -18.8],
						"0.0333": [8.35, -17.175, -7.45],
						"0.1": [6.65, -18.2, -4.675],
						"0.9333": [6.65, -18.2, -4.675],
						"1.6333": [7.2, -18.8, -6.225],
						"1.7333": [7.2, -18.8, -6.225],
						"1.8": [8.595, -17.04, -8.715],
						"1.9": [7.4, -12.95, -17],
						"2.0": [7.4, -12.95, -17],
						"2.1": [7.4, -12.225, -9.475],
						"2.2667": [7.4, -12.22, -9.48],
						"2.4": [7.4, -12.225, -18.8]
					},
					"scale": [1, 1.5, 1]
				},
				"righthand": {
					"rotation": {
						"0.0": [95, 0, -180],
						"0.1": [95.51385, 24.89837, -177.6727],
						"1.7667": [95.51385, 24.89837, -177.6727],
						"1.8667": [95, 0, -180]
					},
					"position": {
						"0.0": [-6.2, -13.7, 4.425],
						"0.1": [-7.425, -13.9, 4.825],
						"1.7667": [-7.425, -13.9, 4.825],
						"1.8667": [-6.2, -13.7, 4.425]
					},
					"scale": [1, 1.5, 1]
				},
				"root": {
					"rotation": {
						"0.0": [0, 0, 0],
						"0.0333": [1.29, 0.6, 0.52],
						"0.1333": [-3.32, -0.14, -6.98],
						"0.2": [-3.32, -0.14, -6.98],
						"0.2333": [-5.27, -0.59, -10.74],
						"0.3": [-7.85369, -1.35245, -16.40886],
						"0.3333": [-6.57698, -2.54259, -24.82703],
						"0.4": [-5.34473, -0.14114, -21.63336],
						"0.5": [-4.60386, -0.97126, -12.25364],
						"0.6": [-3.80667, -0.91096, -17.5262],
						"0.7333": {
							"pre": [-5.11281, -0.17645, -14.82654],
							"post": [-5.11281, -0.17645, -14.82654],
							"lerp_mode": "catmullrom"
						},
						"0.9": {
							"post": [-5.86, -0.34, -16.32],
							"lerp_mode": "catmullrom"
						},
						"0.9667": {
							"post": [-7.42, 0.36, -19.05],
							"lerp_mode": "catmullrom"
						},
						"1.0333": [-8.74329, 1.11452, -22.08781],
						"1.1333": {
							"pre": [-12.64096, -2.59262, -35.68603],
							"post": [-12.64096, -2.59262, -35.68603],
							"lerp_mode": "catmullrom"
						},
						"1.2333": {
							"post": [-13.30412, -3.87138, -41.56149],
							"lerp_mode": "catmullrom"
						},
						"1.3333": [-13.16462, -4.32806, -43.51726],
						"1.4": {
							"pre": [-13.21, -4.18, -42.87],
							"post": [-13.21, -4.18, -42.87],
							"lerp_mode": "catmullrom"
						},
						"1.4333": {
							"post": [-13.26092, -4.02376, -42.21555],
							"lerp_mode": "catmullrom"
						},
						"1.5": {
							"post": [-13.37351, 0.12101, -38.06253],
							"lerp_mode": "catmullrom"
						},
						"1.5333": {
							"post": [-14.22331, -2.21713, -43.14809],
							"lerp_mode": "catmullrom"
						},
						"1.6": {
							"post": [-15.38296, -2.04766, -38.5387],
							"lerp_mode": "catmullrom"
						},
						"1.6667": {
							"post": [-15.35382, -1.46806, -40.23593],
							"lerp_mode": "catmullrom"
						},
						"1.7667": {
							"post": [-12.72854, -1.23277, -34.18124],
							"lerp_mode": "catmullrom"
						},
						"1.8667": [-7.72759, -0.92782, -22.89124],
						"2.0": [-7.72759, -0.92782, -22.89124],
						"2.1": [-4.84626, -0.76297, -16.94854],
						"2.1667": [-7.87, -0.73, -15.76],
						"2.3": {
							"pre": [-2.86337, -0.23485, 0.12572],
							"post": [-2.86337, -0.23485, 0.12572],
							"lerp_mode": "catmullrom"
						},
						"2.4": {
							"post": [0.2109, -0.33048, 1.24003],
							"lerp_mode": "catmullrom"
						},
						"2.4667": [0, 0.225, -0.225],
						"2.5667": [0, 0, 0.6625],
						"2.6667": [0, 0, 0]
					},
					"position": {
						"0.0": [0, 0, 0],
						"0.0667": [-0.07, -0.19, 0.15],
						"0.1333": [-0.16, 0.14, 0.32],
						"0.2": [-0.21, 0.4275, 0.42],
						"0.2333": [-0.2, 0.4, 0.4],
						"0.3333": [-0.4, 0.125, 0.4],
						"0.4333": [-0.53, -0.5175, 0.4],
						"0.5333": [-0.57, -0.425, 0.48],
						"0.7": {
							"pre": [-0.52, 0.2, 0.64],
							"post": [-0.52, 0.2, 0.64],
							"lerp_mode": "catmullrom"
						},
						"0.8": {
							"post": [-0.5, 0.21, 0.72],
							"lerp_mode": "catmullrom"
						},
						"0.9333": {
							"post": [-0.5, 0.125, 0.8],
							"lerp_mode": "catmullrom"
						},
						"1.0667": [-0.56, 0.245, 0.5],
						"1.2": [-0.8, 0.945, 0.7],
						"1.3": [-0.8, 1.115, 1],
						"1.4": [-0.8, 1.125, 1.075],
						"1.4333": [-0.8, 1.025, 1],
						"1.5333": [-0.8, 0.4, 1],
						"1.6333": [-0.9, 0.8, 1],
						"1.7333": [-0.9, 0.63, 0.5],
						"1.8333": [-0.3, -0.7, -1.07],
						"1.9333": [-0.085, -0.905, -0.75],
						"2.2": [-0.17, -0.795, 0.12],
						"2.2667": [0, 0.07, 0.3],
						"2.3667": [0, -0.0625, -0.2],
						"2.5": [0, 0, 0.0625],
						"2.6333": [0, 0, 0]
					}
				},
				"magrelease": {
					"rotation": {
						"0.1333": [0, 0, 0],
						"0.2": [-25, 0, 0],
						"0.3333": [-25, 0, 0],
						"0.4": [0, 0, 0],
						"1.4333": [0, 0, 0],
						"1.5": [-25, 0, 0],
						"1.5667": [0, 0, 0]
					}
				},
				"additional_magazine": {
					"scale": {
						"0.0": [0, 0, 0],
						"2.2": {"pre": [0, 0, 0], "post": [1, 1, 1]}
					}
				},
				"mag_and_lefthand": {
					"rotation": {
						"0.2333": [0, 0, 0],
						"0.4333": [-6.5, 0, 0],
						"1.1333": [0, 0, 0]
					},
					"position": {
						"0.2333": [0, 0, 0],
						"0.3": [0, -0.8, -0.4],
						"0.4333": [0.4, -14.7, -3.7],
						"0.5333": [0.4, -23.5, 1.7],
						"1.1333": [0.4, -23.5, 1.7],
						"1.2333": [0.8, -7.1, -2.9],
						"1.3": [0.8, -2.1, -0.9],
						"1.3333": [0.8, -1.7, -0.7],
						"1.4333": [0.8, -1.7, -0.7],
						"1.5": [0, 0, 0]
					}
				},
				"bullet": {
					"scale": {
						"0.0": [0, 0, 0],
						"0.7": {"pre": [0, 0, 0], "post": [1, 1, 1]}
					}
				},
				"octagon18": {
					"scale": [1, 1, 1.03]
				},
				"constraint": {
					"rotation": {
						"0.0": [0.2, 0.15, 0.2],
						"0.3": [0.05, 0.05, 0.05],
						"1.6667": [0.05, 0.05, 0.05],
						"2.0667": [0.2, 0.15, 0.2]
					},
					"position": {
						"0.0": [0.1, 0.1, 0.4],
						"0.3": [0.05, 0.05, 0.05],
						"1.6667": [0.05, 0.05, 0.05],
						"2.0667": [0.1, 0.1, 0.4]
					}
				},
				"camera": {
					"rotation": {
						"0.0": {
							"post": [0, 0, 0],
							"lerp_mode": "catmullrom"
						},
						"0.1": {
							"post": [1.52, 0.28, -0.09],
							"lerp_mode": "catmullrom"
						},
						"0.2333": {
							"post": [2.40072, 0.69906, 0.04887],
							"lerp_mode": "catmullrom"
						},
						"0.3": {
							"post": [2.10701, 0.88443, 1.13978],
							"lerp_mode": "catmullrom"
						},
						"0.4": {
							"post": [1.37609, 0.97329, -0.82614],
							"lerp_mode": "catmullrom"
						},
						"0.5333": {
							"post": [1.66, 0.64, -0.225],
							"lerp_mode": "catmullrom"
						},
						"0.7333": {
							"post": [2.02506, 0.19994, 0.00698],
							"lerp_mode": "catmullrom"
						},
						"0.9333": {
							"post": [2.3, 0.05, -0.04],
							"lerp_mode": "catmullrom"
						},
						"1.0333": {
							"post": [2.65, 0.02, 0.36],
							"lerp_mode": "catmullrom"
						},
						"1.2": {
							"post": [2.63, 0.08, 0.81],
							"lerp_mode": "catmullrom"
						},
						"1.3": {
							"post": [2.44, 0.23, 1.05],
							"lerp_mode": "catmullrom"
						},
						"1.4": {
							"post": [2.20505, 0.18687, 1.11955],
							"lerp_mode": "catmullrom"
						},
						"1.5": {
							"post": [2.03005, 0.18687, 0.51955],
							"lerp_mode": "catmullrom"
						},
						"1.5333": {
							"post": [2.03511, 0.10372, 1.91782],
							"lerp_mode": "catmullrom"
						},
						"1.6333": {
							"post": [2.03005, 0.18687, 1.11955],
							"lerp_mode": "catmullrom"
						},
						"1.7667": {
							"post": [2.03294, 0.14531, 1.74369],
							"lerp_mode": "catmullrom"
						},
						"1.8667": {
							"post": [1.19, 0.08, 1.01],
							"lerp_mode": "catmullrom"
						},
						"1.9333": {
							"post": [0.4, 0.03, 0.67],
							"lerp_mode": "catmullrom"
						},
						"2.0": {
							"post": [0.16128, 0.01909, 0.43795],
							"lerp_mode": "catmullrom"
						},
						"2.1": {
							"post": [4.83318, 0.00666, 0.03833],
							"lerp_mode": "catmullrom"
						},
						"2.2": {
							"post": [4.83318, 0.00666, 0.03833],
							"lerp_mode": "catmullrom"
						},
						"2.3": [1.6, 0, 0.15],
						"2.4333": [-0.075, 0, -0.01875],
						"2.5667": [0, 0, 0]
					}
				},
				"handguard": {
					"position": {
						"2.0": [0, 0, 0],
						"2.1": [0, 0, 6],
						"2.3": [0, 0, 6],
						"2.4": [0, 0, 0]
					}
				},
				"bolt": {
					"position": {
						"1.8": [0, 0, 0],
						"1.9": [0, 0, 5],
						"2.1": [0, 0, 5],
						"2.2": [0, 0, 0]
					}
				},
				"laser_pos": {
					"position": {
						"2.0": [0, 0, 0],
						"2.1": [0, 0, 6],
						"2.2667": [0, 0, 6],
						"2.4": [0, 0, 0]
					}
				},
				"grip_pos": {
					"position": {
						"2.0": [0, 0, 0],
						"2.1": [0, 0, 7],
						"2.2667": [0, 0, 7],
						"2.4": [0, 0, 0]
					}
				}
			},
			"sound_effects": {
				"0.0": {
					"effect": "mw3:mk14/bls890_reload_empty"
				},
				"1.9667": {
					"effect": "mw3/mk14/bls890_bolt"
				}
			}
		},
		"inspect": {
			"animation_length": 7.35,
			"bones": {
				"lefthand": {
					"rotation": {
						"0.0": [99.13767, -21.82367, -128.45709],
						"0.3": [97.60229, -50.98159, -172.85145],
						"2.35": [97.6, -50.98, -172.85],
						"2.5": [98.03885, -53.45678, -173.40514],
						"2.6": [73.96424, -39.97255, -160.64212],
						"5.2": [73.96424, -39.97255, -160.64212],
						"5.35": [73.96424, -39.97255, -160.64212],
						"5.45": [83.12151, -42.72029, -163.06803],
						"5.85": [83.12151, -42.72029, -163.06803],
						"6.2": [83.12151, -42.72029, -163.06803],
						"6.35": [73.96424, -39.97255, -160.64212],
						"6.75": [73.96424, -39.97255, -160.64212],
						"6.9": [99.13767, -21.82367, -128.45709]
					},
					"position": {
						"0.0": [7.4, -12.225, -18.8],
						"0.1": {
							"pre": [12.19929, -21.32931, -5.16257],
							"post": [12.19929, -21.32931, -5.16257],
							"lerp_mode": "catmullrom"
						},
						"0.2": {
							"post": [13.53031, -32.66631, 9.36009],
							"lerp_mode": "catmullrom"
						},
						"0.3": {
							"post": [14.47738, -36.79537, 21.17153],
							"lerp_mode": "catmullrom"
						},
						"2.35": [1.5, -46.2, 15.5],
						"2.5": [7.5, -20.25, -13.325],
						"2.6": [6.5, -12.375, -18.45],
						"5.2": [7.04, -12.28, -18.66],
						"5.35": [7.04, -12.28, -18.66],
						"5.45": [7.11, -12.27, -11.965],
						"5.85": [7.11, -12.27, -11.74],
						"6.2": [7.11, -12.27, -11.74],
						"6.35": [7.04, -12.28, -18.66],
						"6.75": [7.04, -12.28, -18.66],
						"6.9": [7.4, -12.225, -18.8]
					},
					"scale": [1, 1.5, 1]
				},
				"righthand": {
					"rotation": {
						"0.0": [95, 0, -180],
						"4.85": [95, 0, -180]
					},
					"position": {
						"0.0": [-6.2, -13.7, 4.425],
						"4.85": [-6.2, -13.7, 4.425]
					},
					"scale": [1, 1.5, 1]
				},
				"root": {
					"rotation": {
						"0.0": [0, 0, 0],
						"0.05": [-5.79, 0.13, 1.95],
						"0.15": [-17.59, -10.78, -12.86],
						"0.25": [-25.6, -24.52, -35.41],
						"0.3": [-27.59976, -27.22756, -41.19159],
						"0.35": [-29.18247, -28.58725, -44.21775],
						"0.4": [-31.13848, -27.68974, -42.19082],
						"0.5": [-30.66598, -28.14222, -43.20004],
						"0.6": [-31.42, -28.14, -43.2],
						"0.7": [-32.01, -27.44, -41.92],
						"0.9": [-31.74, -28, -42.94],
						"1.0": [-31.76, -28.22, -43.36],
						"1.5": [-31.20393, -28.6466, -44.18009],
						"1.55": [-29.85, -30.65, -48.19],
						"1.65": [-29.18045, -31.65513, -50.18764],
						"1.8": [-29.71221, -31.16351, -49.16731],
						"1.95": [-29.71, -31.16, -49.17],
						"2.2": [-29.1733, -31.63628, -50.20015],
						"2.3": [-28.77, -30.86, -48.82],
						"2.4": [-27.89, -26.22, -40.22],
						"2.45": [-26.12, -16.94, -23.01],
						"2.5": [-27.22851, -1.49811, 6.49643],
						"2.65": [-27.64133, 24.07175, 55.7761],
						"2.8": [-27.55942, 24.18741, 56.01913],
						"2.9": [-26.63512, 25.213, 58.2211],
						"3.1": [-27.05095, 24.76144, 57.23672],
						"3.3": [-27.18, 24.27, 56.94],
						"3.5": [-27.3, 24.11, 56.64],
						"3.75": [-27.43825, 24.30227, 56.26287],
						"3.85": [-27.13612, 27.9047, 59.22256],
						"4.05": [-27.60586, 27.4605, 58.21082],
						"4.35": [-27.25, 27.82, 58.99],
						"4.55": [-27.1, 27.74, 59.31],
						"4.7": [-26.95, 27.21, 59.62],
						"4.8": [-26.5, 25.14, 57.6],
						"4.9": [-25.69, 21.35, 53.37],
						"5.0": [-27.3, 13.08, 39.44],
						"5.1": [-30.53, 10.74, 32.31],
						"5.15": [-30.94706, 10.98543, 32.75438],
						"5.25": [-32.11241, 10.47449, 31.87786],
						"5.3": [-33.79104, 11.14807, 29.27743],
						"5.35": [-34.94, 11.26, 29.51],
						"5.4": [-36.3637, 11.18323, 28.25743],
						"5.45": [-37.46, 12.29, 28.65],
						"5.55": [-39.65041, 13.56235, 29.2856],
						"5.75": [-38.85, 13.56, 29.29],
						"5.9": [-38.69, 13.42, 29.11],
						"6.2": [-38.66, 13.54, 29.26],
						"6.3": [-38.57593, 8.44932, 24.30995],
						"6.4": [-39.97836, 13.71543, 27.77033],
						"6.5": [-41.26, 12.28, 24.97],
						"6.6": [-41.36, 12.15, 24.48],
						"6.7": [-33.33, 7.37, 22.29],
						"6.8": [-17.16969, -2.07286, 18.42359],
						"6.9": [9.41515, -1.03643, 9.2118],
						"7.0": [1.9612, -0.55625, 7.98076],
						"7.05": [0.66898, -0.48139, 1.31942],
						"7.15": [-1.00521, -0.46117, 2.73757],
						"7.3": [0, 0, 0]
					},
					"position": {
						"0.0": [0, 0, 0],
						"0.1": [-0.07, 0.63, 0],
						"0.15": [-0.13, 1, 0],
						"0.25": [-0.51, 1.07, 0],
						"0.35": {
							"pre": [-0.8, 0.9, 0],
							"post": [-0.8, 0.9, 0],
							"lerp_mode": "catmullrom"
						},
						"0.45": {
							"post": [-1, 0.5, 0],
							"lerp_mode": "catmullrom"
						},
						"0.55": {
							"post": [-1, 0.225, 0],
							"lerp_mode": "catmullrom"
						},
						"0.65": {
							"post": [-1, 0.295, 0],
							"lerp_mode": "catmullrom"
						},
						"0.75": {
							"post": [-1, 0.48, 0],
							"lerp_mode": "catmullrom"
						},
						"0.85": {
							"post": [-1, 0.68, 0],
							"lerp_mode": "catmullrom"
						},
						"1.0": [-1, 0.77, 0],
						"1.25": [-1, 0.715, 0],
						"1.5": [-1, 0.5, 0],
						"1.6": {
							"pre": [-1, 0.5, 0],
							"post": [-1, 0.5, 0],
							"lerp_mode": "catmullrom"
						},
						"1.95": {
							"post": [-1, 0.715, 0],
							"lerp_mode": "catmullrom"
						},
						"2.05": {
							"post": [-1, 0.9, 0],
							"lerp_mode": "catmullrom"
						},
						"2.25": [-1, 0.9, 0],
						"2.35": [-0.91, 0.43, 0],
						"2.45": [0.05, -0.65, 0],
						"2.6": [1.85, -0.9, 0],
						"2.75": {
							"pre": [2.5, -0.3, 0],
							"post": [2.5, -0.3, 0],
							"lerp_mode": "catmullrom"
						},
						"2.85": {
							"post": [2.5, -0.075, -0.1],
							"lerp_mode": "catmullrom"
						},
						"3.0": {
							"post": [2.5, 0.06, -0.1],
							"lerp_mode": "catmullrom"
						},
						"3.2": {
							"post": [2.5, 0.02, -0.1],
							"lerp_mode": "catmullrom"
						},
						"3.75": [2.5, 0, -0.1],
						"3.95": [2.5, 0.225, -0.1],
						"4.35": [2.5, 0.38, -0.1],
						"4.55": [2.5, 0.445, -0.1],
						"4.8": [2.5, 0.3, -0.1],
						"4.95": [2.5, -0.6, 1.1],
						"5.1": [2.5, -0.9, 1.5],
						"5.25": [2.5, -1, 1.5],
						"5.3": [2.5, -1.03, 1.6],
						"5.4": [2.5, -1.4, 2.1],
						"5.55": [2.5, -1.24, 2.1],
						"5.65": [2.5, -1, 2.1],
						"5.75": [2.5, -0.93, 2.1],
						"5.9": [2.5, -0.89, 2.1],
						"6.05": [2.5, -0.87, 2.1],
						"6.2": [2.5, -0.89, 2.1],
						"6.25": [2.5, -0.4, 1.4],
						"6.35": [2.5, -1.03125, 1.9],
						"6.45": [2.5, -1.12, 1.9],
						"6.55": [2.5, -0.795, 1.9],
						"6.65": {
							"pre": [2.5, -0.545, 1.9],
							"post": [2.5, -0.545, 1.9],
							"lerp_mode": "catmullrom"
						},
						"6.75": {
							"post": [2.08, -1.02, 1.58],
							"lerp_mode": "catmullrom"
						},
						"6.85": {
							"post": [1.25, -2.05, 0.95],
							"lerp_mode": "catmullrom"
						},
						"7.0": [0, -0.5, -0.8],
						"7.1": [0, 0, 0.62],
						"7.2": [0, -0.2, -0.17],
						"7.35": [0, 0, 0]
					}
				},
				"bolt2": {
					"rotation": {
						"5.5": [0, 0, 0],
						"5.65": [-1, 0, 0],
						"6.2": [-1, 0, 0],
						"6.25": [0, 0, 0]
					},
					"position": {
						"5.25": [0, 0, 0],
						"5.35": [0, 0, 0.6],
						"5.5": [0, 0, 2.1],
						"5.55": [0, 0, 2.2],
						"5.65": [0, 0, 2.4],
						"6.2": [0, 0, 2.4],
						"6.25": [0, 0, 0]
					}
				},
				"charger": {
					"rotation": [0, 0, 0],
					"position": {
						"5.25": [0, 0, 0],
						"5.35": [0, 0, 0.5],
						"5.5": [0, 0, 2.1],
						"5.55": [0, 0, 2.2],
						"5.65": [0, 0, 2.4],
						"6.2": [0, 0, 2.4],
						"6.25": [0, 0, 0]
					}
				},
				"camera": {
					"rotation": {
						"0.0": {
							"post": [0, 0, 0],
							"lerp_mode": "catmullrom"
						},
						"0.1": {
							"post": [2.38, 1.14, 0],
							"lerp_mode": "catmullrom"
						},
						"0.2": {
							"post": [2.43, 2.29, 0],
							"lerp_mode": "catmullrom"
						},
						"0.3": {
							"post": [1.29, 2.86, 0],
							"lerp_mode": "catmullrom"
						},
						"0.4": {
							"post": [-1, 4, 0],
							"lerp_mode": "catmullrom"
						},
						"0.6": {
							"post": [-2.00275, 4.99939, -0.03503],
							"lerp_mode": "catmullrom"
						},
						"0.9": {
							"post": [-1.25, 5, -0.04],
							"lerp_mode": "catmullrom"
						},
						"1.2": {
							"post": [-1.53, 5.54, -0.05],
							"lerp_mode": "catmullrom"
						},
						"1.4": {
							"post": [-1.9, 5.77, -0.05],
							"lerp_mode": "catmullrom"
						},
						"1.7": {
							"post": [-2.6, 6, -0.05],
							"lerp_mode": "catmullrom"
						},
						"1.9": {
							"post": [-2.45, 6, -0.05],
							"lerp_mode": "catmullrom"
						},
						"2.1": {
							"post": [-2.62, 6, -0.05],
							"lerp_mode": "catmullrom"
						},
						"2.25": {
							"post": [-3, 6, -0.05],
							"lerp_mode": "catmullrom"
						},
						"2.4": {
							"post": [-0.74, 3.75, 0.02],
							"lerp_mode": "catmullrom"
						},
						"2.5": {
							"post": [0.26, 2.75, 0.06],
							"lerp_mode": "catmullrom"
						},
						"2.6": {
							"post": [0.76, 2.25, 0.08],
							"lerp_mode": "catmullrom"
						},
						"2.8": {
							"post": [1.76, 1.75, 0.08],
							"lerp_mode": "catmullrom"
						},
						"2.9": {
							"post": [1.47, 1.75, 0.08],
							"lerp_mode": "catmullrom"
						},
						"3.0": {
							"post": [1.4, 1.75, 0.08],
							"lerp_mode": "catmullrom"
						},
						"3.15": {
							"post": [1.32, 1.75, 0.08],
							"lerp_mode": "catmullrom"
						},
						"3.35": {
							"post": [1.06, 1.75, 0.08],
							"lerp_mode": "catmullrom"
						},
						"3.7": {
							"post": [0.36, 1.75, 0.08],
							"lerp_mode": "catmullrom"
						},
						"3.8": {
							"post": [0.04, 1.75, 0.08],
							"lerp_mode": "catmullrom"
						},
						"3.9": {
							"post": [-0.41, 1.75, 0.08],
							"lerp_mode": "catmullrom"
						},
						"4.05": {
							"post": [-0.82, 1.75, 0.08],
							"lerp_mode": "catmullrom"
						},
						"4.4": {
							"post": [-0.77, 1.75, 0.08],
							"lerp_mode": "catmullrom"
						},
						"4.6": {
							"post": [-0.75, 1.75, 0.08],
							"lerp_mode": "catmullrom"
						},
						"4.8": {
							"post": [-0.74, 1.75, 0.08],
							"lerp_mode": "catmullrom"
						},
						"4.95": {
							"post": [2.84, 1.75, 0.08],
							"lerp_mode": "catmullrom"
						},
						"5.05": {
							"post": [3.88, 1.75, 0.08],
							"lerp_mode": "catmullrom"
						},
						"5.25": {
							"post": [3.26, 1.75, 0.08],
							"lerp_mode": "catmullrom"
						},
						"5.4": {
							"post": [4.86, 1.75, 0.08],
							"lerp_mode": "catmullrom"
						},
						"5.5": {
							"post": [5.26, 1.75, 0.08],
							"lerp_mode": "catmullrom"
						},
						"5.75": {
							"post": [4.56, 1.75, 0.08],
							"lerp_mode": "catmullrom"
						},
						"5.95": {
							"post": [4.32, 1.75, 0.08],
							"lerp_mode": "catmullrom"
						},
						"6.1": {
							"post": [4.26, 1.75, 0.08],
							"lerp_mode": "catmullrom"
						},
						"6.25": {
							"post": [4.26, 1.75, 0.08],
							"lerp_mode": "catmullrom"
						},
						"6.3": {
							"post": [3.52463, 1.62011, 2.27707],
							"lerp_mode": "catmullrom"
						},
						"6.35": {
							"post": [2.65708, 1.73641, -0.02095],
							"lerp_mode": "catmullrom"
						},
						"6.45": {
							"post": [1.47363, 1.72336, 0.52936],
							"lerp_mode": "catmullrom"
						},
						"6.55": {
							"post": [0.29018, 1.7103, 1.07967],
							"lerp_mode": "catmullrom"
						},
						"6.7": {
							"post": [1.29018, 1.7103, 1.07967],
							"lerp_mode": "catmullrom"
						},
						"6.8": {
							"post": [2.13, 1.06, 0.67],
							"lerp_mode": "catmullrom"
						},
						"6.9": {
							"post": [1.91, 0.55, 0.35],
							"lerp_mode": "catmullrom"
						},
						"7.05": {
							"post": [-1, 0, 0],
							"lerp_mode": "catmullrom"
						},
						"7.15": {
							"post": [0.4, 0, 0],
							"lerp_mode": "catmullrom"
						},
						"7.3": {
							"post": [0, 0, 0],
							"lerp_mode": "catmullrom"
						}
					}
				},
				"handguard": {
					"position": {
						"0.0": [0, 0, 0],
						"5.35": [0, 0, 0],
						"5.45": [0, 0, 6],
						"5.85": [0, 0, 6.175],
						"6.25": [0, 0, 6.175],
						"6.35": [0, 0, 0]
					}
				},
				"bolt": {
					"position": {
						"0.0": [0, 0, 0],
						"5.35": [0, 0, 0],
						"5.45": [0, 0, 3],
						"5.75": [0, 0, 3.05],
						"6.25": [0, 0, 3.05],
						"6.35": [0, 0, 0]
					}
				},
				"laser_pos": {
					"position": {
						"0.0": [0, 0, 0],
						"5.35": [0, 0, 0],
						"5.5": [0, 0, 6],
						"6.2": [0, 0, 6],
						"6.35": [0, 0, 0]
					}
				},
				"grip_pos": {
					"position": {
						"0.0": [0, 0, 0],
						"5.35": [0, 0, 0],
						"5.5": [0, 0, 6],
						"6.2": [0, 0, 6],
						"6.35": [0, 0, 0]
					}
				}
			},
			"sound_effects": {
				"0.0": {
					"effect": "mw3:mk14/bls890_inspect"
				}
			}
		},
		"inspect_empty": {
			"animation_length": 7.35,
			"bones": {
				"lefthand": {
					"rotation": {
						"0.0": [99.13767, -21.82367, -128.45709],
						"0.3": [97.60229, -50.98159, -172.85145],
						"2.35": [97.6, -50.98, -172.85],
						"2.5": [98.03885, -53.45678, -173.40514],
						"2.6": [73.96424, -39.97255, -160.64212],
						"5.2": [73.96424, -39.97255, -160.64212],
						"5.35": [73.96424, -39.97255, -160.64212],
						"5.45": [83.12151, -42.72029, -163.06803],
						"5.85": [83.12151, -42.72029, -163.06803],
						"6.2": [83.12151, -42.72029, -163.06803],
						"6.35": [73.96424, -39.97255, -160.64212],
						"6.75": [73.96424, -39.97255, -160.64212],
						"6.9": [99.13767, -21.82367, -128.45709]
					},
					"position": {
						"0.0": [7.4, -12.225, -18.8],
						"0.1": {
							"pre": [12.19929, -21.32931, -5.16257],
							"post": [12.19929, -21.32931, -5.16257],
							"lerp_mode": "catmullrom"
						},
						"0.2": {
							"post": [13.53031, -32.66631, 9.36009],
							"lerp_mode": "catmullrom"
						},
						"0.3": {
							"post": [14.47738, -36.79537, 21.17153],
							"lerp_mode": "catmullrom"
						},
						"2.35": [1.5, -46.2, 15.5],
						"2.5": [7.5, -20.25, -13.325],
						"2.6": [6.5, -12.375, -18.45],
						"5.2": [7.04, -12.28, -18.66],
						"5.35": [7.04, -12.28, -18.66],
						"5.45": [7.11, -12.27, -11.965],
						"5.85": [7.11, -12.27, -11.74],
						"6.2": [7.11, -12.27, -11.74],
						"6.35": [7.04, -12.28, -18.66],
						"6.75": [7.04, -12.28, -18.66],
						"6.9": [7.4, -12.225, -18.8]
					},
					"scale": [1, 1.5, 1]
				},
				"righthand": {
					"rotation": {
						"0.0": [95, 0, -180],
						"4.85": [95, 0, -180]
					},
					"position": {
						"0.0": [-6.2, -13.7, 4.425],
						"4.85": [-6.2, -13.7, 4.425]
					},
					"scale": [1, 1.5, 1]
				},
				"root": {
					"rotation": {
						"0.0": [0, 0, 0],
						"0.05": [-5.79, 0.13, 1.95],
						"0.15": [-17.59, -10.78, -12.86],
						"0.25": [-25.6, -24.52, -35.41],
						"0.3": [-27.59976, -27.22756, -41.19159],
						"0.35": [-29.18247, -28.58725, -44.21775],
						"0.4": [-31.13848, -27.68974, -42.19082],
						"0.5": [-30.66598, -28.14222, -43.20004],
						"0.6": [-31.42, -28.14, -43.2],
						"0.7": [-32.01, -27.44, -41.92],
						"0.9": [-31.74, -28, -42.94],
						"1.0": [-31.76, -28.22, -43.36],
						"1.5": [-31.20393, -28.6466, -44.18009],
						"1.55": [-29.85, -30.65, -48.19],
						"1.65": [-29.18045, -31.65513, -50.18764],
						"1.8": [-29.71221, -31.16351, -49.16731],
						"1.95": [-29.71, -31.16, -49.17],
						"2.2": [-29.1733, -31.63628, -50.20015],
						"2.3": [-28.77, -30.86, -48.82],
						"2.4": [-27.89, -26.22, -40.22],
						"2.45": [-26.12, -16.94, -23.01],
						"2.5": [-27.22851, -1.49811, 6.49643],
						"2.65": [-27.64133, 24.07175, 55.7761],
						"2.8": [-27.55942, 24.18741, 56.01913],
						"2.9": [-26.63512, 25.213, 58.2211],
						"3.1": [-27.05095, 24.76144, 57.23672],
						"3.3": [-27.18, 24.27, 56.94],
						"3.5": [-27.3, 24.11, 56.64],
						"3.75": [-27.43825, 24.30227, 56.26287],
						"3.85": [-27.13612, 27.9047, 59.22256],
						"4.05": [-27.60586, 27.4605, 58.21082],
						"4.35": [-27.25, 27.82, 58.99],
						"4.55": [-27.1, 27.74, 59.31],
						"4.7": [-26.95, 27.21, 59.62],
						"4.8": [-26.5, 25.14, 57.6],
						"4.9": [-25.69, 21.35, 53.37],
						"5.0": [-27.3, 13.08, 39.44],
						"5.1": [-30.53, 10.74, 32.31],
						"5.15": [-30.94706, 10.98543, 32.75438],
						"5.25": [-32.11241, 10.47449, 31.87786],
						"5.3": [-33.79104, 11.14807, 29.27743],
						"5.35": [-34.94, 11.26, 29.51],
						"5.4": [-36.3637, 11.18323, 28.25743],
						"5.45": [-37.46, 12.29, 28.65],
						"5.55": [-39.65041, 13.56235, 29.2856],
						"5.75": [-38.85, 13.56, 29.29],
						"5.9": [-38.69, 13.42, 29.11],
						"6.2": [-38.66, 13.54, 29.26],
						"6.3": [-38.57593, 8.44932, 24.30995],
						"6.4": [-39.97836, 13.71543, 27.77033],
						"6.5": [-41.26, 12.28, 24.97],
						"6.6": [-41.36, 12.15, 24.48],
						"6.7": [-33.33, 7.37, 22.29],
						"6.8": [-17.16969, -2.07286, 18.42359],
						"6.9": [9.41515, -1.03643, 9.2118],
						"7.0": [1.9612, -0.55625, 7.98076],
						"7.05": [0.66898, -0.48139, 1.31942],
						"7.15": [-1.00521, -0.46117, 2.73757],
						"7.3": [0, 0, 0]
					},
					"position": {
						"0.0": [0, 0, 0],
						"0.1": [-0.07, 0.63, 0],
						"0.15": [-0.13, 1, 0],
						"0.25": [-0.51, 1.07, 0],
						"0.35": {
							"pre": [-0.8, 0.9, 0],
							"post": [-0.8, 0.9, 0],
							"lerp_mode": "catmullrom"
						},
						"0.45": {
							"post": [-1, 0.5, 0],
							"lerp_mode": "catmullrom"
						},
						"0.55": {
							"post": [-1, 0.225, 0],
							"lerp_mode": "catmullrom"
						},
						"0.65": {
							"post": [-1, 0.295, 0],
							"lerp_mode": "catmullrom"
						},
						"0.75": {
							"post": [-1, 0.48, 0],
							"lerp_mode": "catmullrom"
						},
						"0.85": {
							"post": [-1, 0.68, 0],
							"lerp_mode": "catmullrom"
						},
						"1.0": [-1, 0.77, 0],
						"1.25": [-1, 0.715, 0],
						"1.5": [-1, 0.5, 0],
						"1.6": {
							"pre": [-1, 0.5, 0],
							"post": [-1, 0.5, 0],
							"lerp_mode": "catmullrom"
						},
						"1.95": {
							"post": [-1, 0.715, 0],
							"lerp_mode": "catmullrom"
						},
						"2.05": {
							"post": [-1, 0.9, 0],
							"lerp_mode": "catmullrom"
						},
						"2.25": [-1, 0.9, 0],
						"2.35": [-0.91, 0.43, 0],
						"2.45": [0.05, -0.65, 0],
						"2.6": [1.85, -0.9, 0],
						"2.75": {
							"pre": [2.5, -0.3, 0],
							"post": [2.5, -0.3, 0],
							"lerp_mode": "catmullrom"
						},
						"2.85": {
							"post": [2.5, -0.075, -0.1],
							"lerp_mode": "catmullrom"
						},
						"3.0": {
							"post": [2.5, 0.06, -0.1],
							"lerp_mode": "catmullrom"
						},
						"3.2": {
							"post": [2.5, 0.02, -0.1],
							"lerp_mode": "catmullrom"
						},
						"3.75": [2.5, 0, -0.1],
						"3.95": [2.5, 0.225, -0.1],
						"4.35": [2.5, 0.38, -0.1],
						"4.55": [2.5, 0.445, -0.1],
						"4.8": [2.5, 0.3, -0.1],
						"4.95": [2.5, -0.6, 1.1],
						"5.1": [2.5, -0.9, 1.5],
						"5.25": [2.5, -1, 1.5],
						"5.3": [2.5, -1.03, 1.6],
						"5.4": [2.5, -1.4, 2.1],
						"5.55": [2.5, -1.24, 2.1],
						"5.65": [2.5, -1, 2.1],
						"5.75": [2.5, -0.93, 2.1],
						"5.9": [2.5, -0.89, 2.1],
						"6.05": [2.5, -0.87, 2.1],
						"6.2": [2.5, -0.89, 2.1],
						"6.25": [2.5, -0.4, 1.4],
						"6.35": [2.5, -1.03125, 1.9],
						"6.45": [2.5, -1.12, 1.9],
						"6.55": [2.5, -0.795, 1.9],
						"6.65": {
							"pre": [2.5, -0.545, 1.9],
							"post": [2.5, -0.545, 1.9],
							"lerp_mode": "catmullrom"
						},
						"6.75": {
							"post": [2.08, -1.02, 1.58],
							"lerp_mode": "catmullrom"
						},
						"6.85": {
							"post": [1.25, -2.05, 0.95],
							"lerp_mode": "catmullrom"
						},
						"7.0": [0, -0.5, -0.8],
						"7.1": [0, 0, 0.62],
						"7.2": [0, -0.2, -0.17],
						"7.35": [0, 0, 0]
					}
				},
				"bolt2": {
					"rotation": {
						"5.5": [0, 0, 0],
						"5.65": [-1, 0, 0],
						"6.2": [-1, 0, 0],
						"6.25": [0, 0, 0]
					},
					"position": {
						"5.25": [0, 0, 0],
						"5.35": [0, 0, 0.6],
						"5.5": [0, 0, 2.1],
						"5.55": [0, 0, 2.2],
						"5.65": [0, 0, 2.4],
						"6.2": [0, 0, 2.4],
						"6.25": [0, 0, 0]
					}
				},
				"charger": {
					"rotation": [0, 0, 0],
					"position": {
						"5.25": [0, 0, 0],
						"5.35": [0, 0, 0.5],
						"5.5": [0, 0, 2.1],
						"5.55": [0, 0, 2.2],
						"5.65": [0, 0, 2.4],
						"6.2": [0, 0, 2.4],
						"6.25": [0, 0, 0]
					}
				},
				"camera": {
					"rotation": {
						"0.0": {
							"post": [0, 0, 0],
							"lerp_mode": "catmullrom"
						},
						"0.1": {
							"post": [2.38, 1.14, 0],
							"lerp_mode": "catmullrom"
						},
						"0.2": {
							"post": [2.43, 2.29, 0],
							"lerp_mode": "catmullrom"
						},
						"0.3": {
							"post": [1.29, 2.86, 0],
							"lerp_mode": "catmullrom"
						},
						"0.4": {
							"post": [-1, 4, 0],
							"lerp_mode": "catmullrom"
						},
						"0.6": {
							"post": [-2.00275, 4.99939, -0.03503],
							"lerp_mode": "catmullrom"
						},
						"0.9": {
							"post": [-1.25, 5, -0.04],
							"lerp_mode": "catmullrom"
						},
						"1.2": {
							"post": [-1.53, 5.54, -0.05],
							"lerp_mode": "catmullrom"
						},
						"1.4": {
							"post": [-1.9, 5.77, -0.05],
							"lerp_mode": "catmullrom"
						},
						"1.7": {
							"post": [-2.6, 6, -0.05],
							"lerp_mode": "catmullrom"
						},
						"1.9": {
							"post": [-2.45, 6, -0.05],
							"lerp_mode": "catmullrom"
						},
						"2.1": {
							"post": [-2.62, 6, -0.05],
							"lerp_mode": "catmullrom"
						},
						"2.25": {
							"post": [-3, 6, -0.05],
							"lerp_mode": "catmullrom"
						},
						"2.4": {
							"post": [-0.74, 3.75, 0.02],
							"lerp_mode": "catmullrom"
						},
						"2.5": {
							"post": [0.26, 2.75, 0.06],
							"lerp_mode": "catmullrom"
						},
						"2.6": {
							"post": [0.76, 2.25, 0.08],
							"lerp_mode": "catmullrom"
						},
						"2.8": {
							"post": [1.76, 1.75, 0.08],
							"lerp_mode": "catmullrom"
						},
						"2.9": {
							"post": [1.47, 1.75, 0.08],
							"lerp_mode": "catmullrom"
						},
						"3.0": {
							"post": [1.4, 1.75, 0.08],
							"lerp_mode": "catmullrom"
						},
						"3.15": {
							"post": [1.32, 1.75, 0.08],
							"lerp_mode": "catmullrom"
						},
						"3.35": {
							"post": [1.06, 1.75, 0.08],
							"lerp_mode": "catmullrom"
						},
						"3.7": {
							"post": [0.36, 1.75, 0.08],
							"lerp_mode": "catmullrom"
						},
						"3.8": {
							"post": [0.04, 1.75, 0.08],
							"lerp_mode": "catmullrom"
						},
						"3.9": {
							"post": [-0.41, 1.75, 0.08],
							"lerp_mode": "catmullrom"
						},
						"4.05": {
							"post": [-0.82, 1.75, 0.08],
							"lerp_mode": "catmullrom"
						},
						"4.4": {
							"post": [-0.77, 1.75, 0.08],
							"lerp_mode": "catmullrom"
						},
						"4.6": {
							"post": [-0.75, 1.75, 0.08],
							"lerp_mode": "catmullrom"
						},
						"4.8": {
							"post": [-0.74, 1.75, 0.08],
							"lerp_mode": "catmullrom"
						},
						"4.95": {
							"post": [2.84, 1.75, 0.08],
							"lerp_mode": "catmullrom"
						},
						"5.05": {
							"post": [3.88, 1.75, 0.08],
							"lerp_mode": "catmullrom"
						},
						"5.25": {
							"post": [3.26, 1.75, 0.08],
							"lerp_mode": "catmullrom"
						},
						"5.4": {
							"post": [4.86, 1.75, 0.08],
							"lerp_mode": "catmullrom"
						},
						"5.5": {
							"post": [5.26, 1.75, 0.08],
							"lerp_mode": "catmullrom"
						},
						"5.75": {
							"post": [4.56, 1.75, 0.08],
							"lerp_mode": "catmullrom"
						},
						"5.95": {
							"post": [4.32, 1.75, 0.08],
							"lerp_mode": "catmullrom"
						},
						"6.1": {
							"post": [4.26, 1.75, 0.08],
							"lerp_mode": "catmullrom"
						},
						"6.25": {
							"post": [4.26, 1.75, 0.08],
							"lerp_mode": "catmullrom"
						},
						"6.3": {
							"post": [3.52463, 1.62011, 2.27707],
							"lerp_mode": "catmullrom"
						},
						"6.35": {
							"post": [2.65708, 1.73641, -0.02095],
							"lerp_mode": "catmullrom"
						},
						"6.45": {
							"post": [1.47363, 1.72336, 0.52936],
							"lerp_mode": "catmullrom"
						},
						"6.55": {
							"post": [0.29018, 1.7103, 1.07967],
							"lerp_mode": "catmullrom"
						},
						"6.7": {
							"post": [1.29018, 1.7103, 1.07967],
							"lerp_mode": "catmullrom"
						},
						"6.8": {
							"post": [2.13, 1.06, 0.67],
							"lerp_mode": "catmullrom"
						},
						"6.9": {
							"post": [1.91, 0.55, 0.35],
							"lerp_mode": "catmullrom"
						},
						"7.05": {
							"post": [-1, 0, 0],
							"lerp_mode": "catmullrom"
						},
						"7.15": {
							"post": [0.4, 0, 0],
							"lerp_mode": "catmullrom"
						},
						"7.3": {
							"post": [0, 0, 0],
							"lerp_mode": "catmullrom"
						}
					}
				},
				"handguard": {
					"position": {
						"0.0": [0, 0, 0],
						"5.35": [0, 0, 0],
						"5.45": [0, 0, 6],
						"5.85": [0, 0, 6.175],
						"6.25": [0, 0, 6.175],
						"6.35": [0, 0, 0]
					}
				},
				"bolt": {
					"position": {
						"0.0": [0, 0, 0],
						"5.35": [0, 0, 0],
						"5.45": [0, 0, 3],
						"5.75": [0, 0, 3.05],
						"6.25": [0, 0, 3.05],
						"6.35": [0, 0, 0]
					}
				},
				"laser_pos": {
					"position": {
						"0.0": [0, 0, 0],
						"5.35": [0, 0, 0],
						"5.5": [0, 0, 6],
						"6.2": [0, 0, 6],
						"6.35": [0, 0, 0]
					}
				},
				"grip_pos": {
					"position": {
						"0.0": [0, 0, 0],
						"5.35": [0, 0, 0],
						"5.5": [0, 0, 6],
						"6.2": [0, 0, 6],
						"6.35": [0, 0, 0]
					}
				}
			},
			"sound_effects": {
				"0.0": {
					"effect": "mw3:mk14/bls890_inspect_empty"
				}
			}
		}
	}
}