{
	"format_version": "1.8.0",
	"animations": {
		"static_idle": {
			"loop": true,
			"bones": {
				"constraint": {
					"rotation": [0.2, 0.2, 0.2],
					"position": [0.2, 0.2, 0.2]
				},
				"lefthand": {
					"rotation": [89.58664, -42.11197, 210.47069],
					"position": [6, -16.94, -8.5],
					"scale": [1, 1.5, 1]
				},
				"righthand": {
					"rotation": [92.5, -355, -180],
					"position": [-6.25, -17, 10],
					"scale": [1, 1.5, 1]
				}
			}
		},
		"draw": {
			"animation_length": 1.3667,
			"bones": {
				"gun_and_righthand": {
					"rotation": {
						"0.0": [0, 0, 0],
						"0.3": [0, 0, 0]
					},
					"position": {
						"0.0": [0, 0, 0],
						"0.3": [0, 0, 0]
					}
				},
				"root": {
					"rotation": {
						"0.0": [-106.51189, -22.48392, 9.41779],
						"0.2333": [-52.59389, -13.40941, -2.66565],
						"0.3333": [-35.13359, -5.12707, 0.31771],
						"0.4333": [-18.89497, -6.50028, -7.19254],
						"0.6333": {
							"pre": [-6.93224, -3.20987, 0.9386],
							"post": [-6.93224, -3.20987, 0.9386],
							"lerp_mode": "catmullrom"
						},
						"0.8667": {
							"post": [-7.935, -0.44, -1.31],
							"lerp_mode": "catmullrom"
						},
						"0.9333": {
							"post": [-4.2466, 0.01741, -1.49817],
							"lerp_mode": "catmullrom"
						},
						"1.0333": {
							"post": [0.3296, -0.02576, 2.32998],
							"lerp_mode": "catmullrom"
						},
						"1.1333": {
							"post": [0, 0, 2],
							"lerp_mode": "catmullrom"
						},
						"1.3": {
							"post": [0, 0, 0],
							"lerp_mode": "catmullrom"
						}
					},
					"position": {
						"0.0": [-17, -31, 15],
						"0.2": [-6.05, -11.1, 4.67],
						"0.3333": {
							"pre": [-0.5, -2.7, 1.9],
							"post": [-0.5, -2.7, 1.9],
							"lerp_mode": "catmullrom"
						},
						"0.6333": {
							"post": [-0.02, -3.15, 1.76],
							"lerp_mode": "catmullrom"
						},
						"0.8667": {
							"post": [0, -1.01, -0.25],
							"lerp_mode": "catmullrom"
						},
						"0.9333": {
							"post": [0, -0.6, -0.5],
							"lerp_mode": "catmullrom"
						},
						"1.0333": {
							"post": [0, -0.08, 1.26],
							"lerp_mode": "catmullrom"
						},
						"1.1": {
							"post": [0, -0.19, 0.51],
							"lerp_mode": "catmullrom"
						},
						"1.2333": {
							"post": [0, 0, 0],
							"lerp_mode": "catmullrom"
						}
					}
				},
				"lefthand": {
					"rotation": {
						"0.0": [45.22326, -45.45422, 206.85946],
						"0.3": [89.58664, -42.11197, 210.47069]
					},
					"position": {
						"0.0": [13.22, -21.925, 7.625],
						"0.3": [6, -16.94, -8.5]
					},
					"scale": [1, 1.5, 1]
				},
				"righthand": {
					"rotation": [92.5, -355, -180],
					"position": [-6.25, -17, 10],
					"scale": [1, 1.5, 1]
				},
				"camera": {
					"rotation": {
						"0.0": {
							"post": [0, 0, 0],
							"lerp_mode": "catmullrom"
						},
						"0.3": {
							"post": [-1.175, 0.325, -0.7],
							"lerp_mode": "catmullrom"
						},
						"0.5333": {
							"post": [0.88, -0.025, -0.925],
							"lerp_mode": "catmullrom"
						},
						"0.8333": {
							"post": [-0.245, 0.025, 0.175],
							"lerp_mode": "catmullrom"
						},
						"0.9333": {
							"post": [0.15, 0, -0.2],
							"lerp_mode": "catmullrom"
						},
						"1.0": {
							"post": [0.02, 0, -0.08],
							"lerp_mode": "catmullrom"
						},
						"1.0667": {
							"post": [-0.15, 0, 0.3],
							"lerp_mode": "catmullrom"
						},
						"1.1667": {
							"post": [-0.06, 0, -0.205],
							"lerp_mode": "catmullrom"
						},
						"1.2667": {
							"post": [0, 0, 0],
							"lerp_mode": "catmullrom"
						}
					}
				}
			},
			"sound_effects": {
				"0.0": {
					"effect": "tacz:m95/m95_raise_arm"
				},
				"0.3": {
					"effect": "tacz:m95/m95_raise_01"
				},
				"0.3333": {
					"effect": "tacz:m95/m95_raise_end"
				}
			}
		},
		"put_away": {
			"animation_length": 0.8667,
			"bones": {
				"root": {
					"rotation": {
						"0.0": {
							"post": [0, 0, 0],
							"lerp_mode": "catmullrom"
						},
						"0.1667": {
							"post": [-4.53, -1.25, -1.42],
							"lerp_mode": "catmullrom"
						},
						"0.3333": {
							"post": [-27.15, -7.52, -8.53],
							"lerp_mode": "catmullrom"
						},
						"0.4333": {
							"post": [-40.73045, -11.28181, -12.80042],
							"lerp_mode": "catmullrom"
						},
						"0.5333": {
							"post": [-51.25268, -7.98916, -16.98839],
							"lerp_mode": "catmullrom"
						},
						"0.6667": {
							"post": [-59.1046, 20.10068, 0.608],
							"lerp_mode": "catmullrom"
						},
						"0.7667": {
							"post": [-67.12, 33.68, 8.77],
							"lerp_mode": "catmullrom"
						},
						"0.8667": {
							"post": [-74.38, 35.33, 10.02],
							"lerp_mode": "catmullrom"
						}
					},
					"position": {
						"0.0": {
							"post": [0, 0, 0],
							"lerp_mode": "catmullrom"
						},
						"0.1667": {
							"post": [-0.38, -0.89, 0.09],
							"lerp_mode": "catmullrom"
						},
						"0.3333": {
							"post": [-1.325, -1.5, 0.28],
							"lerp_mode": "catmullrom"
						},
						"0.4333": {
							"post": [-1.95, -2.9, 1.95],
							"lerp_mode": "catmullrom"
						},
						"0.5333": {
							"post": [-2.2, -4.555, 4.37],
							"lerp_mode": "catmullrom"
						},
						"0.7": {
							"post": [-4.7, -8.48, 7.94],
							"lerp_mode": "catmullrom"
						},
						"0.8667": {
							"post": [-7.59, -13.82, 14.07],
							"lerp_mode": "catmullrom"
						}
					}
				},
				"lefthand": {
					"rotation": [89.58664, -42.11197, 210.47069],
					"position": [6, -16.94, -8.5],
					"scale": [1, 1.5, 1]
				},
				"righthand": {
					"rotation": {
						"0.0": [92.5, -355, -180],
						"0.1": [101.2139, -323.71163, -174.99863],
						"0.2333": [99.92205, -324.96551, -168.50279],
						"0.5667": [101.48941, -375.72158, -1.01416],
						"0.6667": [134.2185, -345.09581, -33.36169],
						"0.8667": [131.93942, -347.49859, -38.54941]
					},
					"position": {
						"0.0": [-6.25, -17, 10],
						"0.1": [-11.4, -15.425, 6],
						"0.2333": [-9.38656, -8.07425, 7.05538],
						"0.3667": [-4.83735, -3.87436, 7.75939],
						"0.4667": [-2.14866, -7.06411, 1.38744],
						"0.5667": [-2.36662, -9.54845, -4.43353],
						"0.6667": [-3.50353, -7.0548, -5.75069],
						"0.8667": [-3.34854, -8.15579, -8.65617]
					},
					"scale": [1, 1.5, 1]
				},
				"camera": {
					"rotation": {
						"0.0": {
							"post": [0, 0, 0],
							"lerp_mode": "catmullrom"
						},
						"0.1333": {
							"post": [-0.225, 0, -0.125],
							"lerp_mode": "catmullrom"
						},
						"0.3667": {
							"post": [0.725, 0, 0.175],
							"lerp_mode": "catmullrom"
						},
						"0.5": {
							"post": [1.125, 0, 1.575],
							"lerp_mode": "catmullrom"
						},
						"0.7333": {
							"post": [0.275, 0, 1.5],
							"lerp_mode": "catmullrom"
						},
						"0.8667": {
							"post": [0, 0, 0],
							"lerp_mode": "catmullrom"
						}
					}
				}
			},
			"sound_effects": {
				"0.0": {
					"effect": "tacz:m95/m95_put_away"
				}
			}
		},
		"shoot": {
			"animation_length": 0.7667,
			"bones": {
				"constraint": {
					"rotation": {
						"0.1667": [0.03, 0.2, 0.2],
						"0.3667": [0, 0, 0]
					},
					"position": {
						"0.1667": [0.15, 0.15, 0.1],
						"0.3667": [0, 0, 0]
					}
				},
				"root": {
					"rotation": {
						"0.0": [0, 0, 0],
						"0.0333": [1.08, 0, -1.4],
						"0.0667": [-1.84, 0, 1.23],
						"0.1": [-1.4, 0, -0.92],
						"0.1333": [-0.81, 0, -0.57],
						"0.1667": [-0.07, 0, 0.21],
						"0.2": [0.4, 0, 0.7],
						"0.2333": [0.42, 0, 0.65],
						"0.2667": [0.11, 0, 0.13],
						"0.3": [-0.08, 0, -0.15],
						"0.3333": [-0.17, 0, -0.3],
						"0.3667": [-0.17, 0, -0.31],
						"0.4": [-0.02, 0, -0.11],
						"0.4333": [0.06, 0, 0.01],
						"0.4667": [0.11, 0, 0.08],
						"0.5": [0.11, 0, 0.09],
						"0.5333": [0.08, 0, 0.05],
						"0.5667": [0.05, 0, 0.02],
						"0.6": [0.04, 0, 0],
						"0.6333": [0.03, 0, 0],
						"0.6667": [0.01, 0, 0],
						"0.7": [0, 0, 0],
						"0.7333": [0, 0, 0]
					},
					"position": {
						"0.0": [0, 0, 0],
						"0.0333": [0, -0.1, 1.9],
						"0.0667": [0, -0.1, 2.1],
						"0.1": [0, -0.09, 1.3],
						"0.1333": [0, -0.05, -0.57],
						"0.1667": [0, -0.05, -0.62],
						"0.2": [0, -0.04, -0.38],
						"0.2333": [0, -0.05, 0.13],
						"0.2667": [0, -0.06, 0.15],
						"0.3": [0, -0.07, 0.13],
						"0.3333": [0, -0.09, 0.08],
						"0.3667": [0, -0.11, 0],
						"0.4": [0, -0.1, 0],
						"0.4333": [0, -0.08, 0.01],
						"0.4667": [0, -0.06, 0.02],
						"0.5": [0, -0.01, 0.04],
						"0.5333": [0, -0.01, 0.04],
						"0.5667": [0, 0, 0.03],
						"0.6": [0, 0, 0.02],
						"0.6333": [0, 0, 0.01],
						"0.6667": [0, 0, 0],
						"0.7": [0, 0, 0],
						"0.7333": [0, 0, 0],
						"0.7667": [0, 0, 0]
					}
				},
				"chain_anim": {
					"rotation": {
						"0.0": [0, 0, 12.5],
						"0.1": [0, 0, 0],
						"0.1667": [0, 0, 4],
						"0.2333": [0, 0, -2.5],
						"0.3333": [0, 0, 3.5],
						"0.4667": [0, 0, 0]
					},
					"position": {
						"0.0": [0.325, 0, 0],
						"0.1": [0, 0, 0],
						"0.1667": [0.15, 0.225, 0],
						"0.2333": [-0.10625, -0.0325, 0],
						"0.3333": [0.0375, 0.1125, 0],
						"0.4667": [0, 0, 0]
					}
				},
				"bullet_chain_2": {
					"scale": 0
				},
				"camera": {
					"rotation": {
						"0.0": [0, 0, 0],
						"0.0333": [0, 0, 1.27],
						"0.0667": [0, 0, -1.02],
						"0.1": [0, 0, -0.27],
						"0.1333": [0, 0, 0.65],
						"0.1667": [0, 0, 0.28],
						"0.2": [0, 0, -0.25],
						"0.2333": [0, 0, -0.08],
						"0.2667": [0, 0, 0.18],
						"0.3": [0, 0, 0.15],
						"0.3333": [0, 0, 0.07],
						"0.3667": [0, 0, 0]
					}
				}
			}
		},
		"static_bolt_caught": {
			"loop": true,
			"bones": {
				"constraint": {
					"rotation": [0.2, 0.2, 0.2],
					"position": [0.2, 0.2, 0.2]
				},
				"lefthand": {
					"rotation": [89.58664, -42.11197, 210.47069],
					"position": [6, -16.94, -8.5],
					"scale": [1, 1.5, 1]
				},
				"bone": {
					"rotation": [0, 0, -115]
				},
				"bullet_chain_2": {
					"scale": 0
				},
				"bullet_chain": {
					"scale": 0
				},
				"righthand": {
					"rotation": [92.5, -355, -180],
					"position": [-6.25, -17, 10],
					"scale": [1, 1.5, 1]
				}
			}
		},
		"reload_tactical": {
			"animation_length": 6.8667,
			"bones": {
				"constraint": {
					"rotation": [0.2, 0.2, 0.2],
					"position": [0.2, 0.2, 0.2]
				},
				"root": {
					"rotation": {
						"0.0": [0, 0, 0],
						"0.1": [4, 0, 0],
						"0.2667": {
							"pre": [-1.00244, -3.99939, 0.06992],
							"post": [-1.00244, -3.99939, 0.06992],
							"lerp_mode": "catmullrom"
						},
						"0.3667": {
							"post": [-2.13851, -3.92778, 2.07349],
							"lerp_mode": "catmullrom"
						},
						"0.7": {
							"post": [0.86, -3.93, 2.07],
							"lerp_mode": "catmullrom"
						},
						"0.8": {
							"post": [0.96176, -1.91528, 1.1011],
							"lerp_mode": "catmullrom"
						},
						"0.9": {
							"post": [0.79118, -3.94441, 3.07226],
							"lerp_mode": "catmullrom"
						},
						"1.0333": {
							"post": [0.85874, -3.92561, 2.06774],
							"lerp_mode": "catmullrom"
						},
						"1.1333": {
							"post": [0.65482, -5.96948, 5.05397],
							"lerp_mode": "catmullrom"
						},
						"1.3667": {
							"post": [0.85726, -4.94378, 3.05436],
							"lerp_mode": "catmullrom"
						},
						"1.6333": {
							"post": [-0.44, -4.94, 3.05],
							"lerp_mode": "catmullrom"
						},
						"1.7667": {
							"post": [-0.44, -5.72, 4.22],
							"lerp_mode": "catmullrom"
						},
						"1.8333": {
							"post": [0.64, -5.72, 4.51],
							"lerp_mode": "catmullrom"
						},
						"1.9": {
							"post": [-0.665, -5.72, 6.44],
							"lerp_mode": "catmullrom"
						},
						"2.0333": {
							"post": [0.465, -5.72, 3.92],
							"lerp_mode": "catmullrom"
						},
						"2.1667": {
							"post": [-0.2, -5.72, 4.275],
							"lerp_mode": "catmullrom"
						},
						"2.4333": {
							"post": [-0.57, -5.72, 3.61],
							"lerp_mode": "catmullrom"
						},
						"2.6667": {
							"post": [-4.05372, -6.09617, -1.40248],
							"lerp_mode": "catmullrom"
						},
						"2.9667": {
							"post": [-3.15597, -6.02845, -0.39695],
							"lerp_mode": "catmullrom"
						},
						"3.3667": {
							"post": [-3.16, -6.03, -0.4],
							"lerp_mode": "catmullrom"
						},
						"3.4333": {
							"post": [-4.12, -6.03, -0.4],
							"lerp_mode": "catmullrom"
						},
						"3.5333": {
							"post": [-3.53, -6.03, -0.4],
							"lerp_mode": "catmullrom"
						},
						"3.6333": {
							"post": [-3.32373, -6.53276, -1.62445],
							"lerp_mode": "catmullrom"
						},
						"3.7333": {
							"post": [-4.16, -6.075, 1.43],
							"lerp_mode": "catmullrom"
						},
						"3.8": {
							"post": [-2.405, -6.07, -0.4],
							"lerp_mode": "catmullrom"
						},
						"3.9": {
							"post": [-3.01, -6.07, -0.4],
							"lerp_mode": "catmullrom"
						},
						"4.1": {
							"post": [-1.32422, -5.90422, 2.61185],
							"lerp_mode": "catmullrom"
						},
						"4.3": {
							"post": [-1.32, -5.9, 1.005],
							"lerp_mode": "catmullrom"
						},
						"4.5": {
							"post": [-1.21649, -5.92213, -0.0051],
							"lerp_mode": "catmullrom"
						},
						"4.6333": {
							"post": [-1.22, -5.92, 0.6],
							"lerp_mode": "catmullrom"
						},
						"4.9333": {
							"post": [-0.90743, -5.97571, -2.41572],
							"lerp_mode": "catmullrom"
						},
						"5.0667": {
							"post": [-1.22279, -5.92415, 0.59574],
							"lerp_mode": "catmullrom"
						},
						"5.1667": {
							"post": [-1.22, -5.92, -0.165],
							"lerp_mode": "catmullrom"
						},
						"5.3667": {
							"post": [-1.22, -5.92, -0.17],
							"lerp_mode": "catmullrom"
						},
						"5.4333": {
							"post": [-0.395, -5.92, 0.465],
							"lerp_mode": "catmullrom"
						},
						"5.5333": {
							"post": [-1.025, -5.92, 0.47],
							"lerp_mode": "catmullrom"
						},
						"5.7667": {
							"post": [-0.3, -5.4, 4.43],
							"lerp_mode": "catmullrom"
						},
						"5.9": {
							"post": [0.97, -3.47, 2.78],
							"lerp_mode": "catmullrom"
						},
						"6.1": {
							"post": [-0.25, -0.97, -7.5],
							"lerp_mode": "catmullrom"
						},
						"6.2667": {
							"post": [1.2, 0.12, -2.44],
							"lerp_mode": "catmullrom"
						},
						"6.3667": {
							"post": [0.58, 0.01, 3.52],
							"lerp_mode": "catmullrom"
						},
						"6.4667": {
							"post": [1.03, -0.25, 0.28],
							"lerp_mode": "catmullrom"
						},
						"6.5667": {
							"post": [0, 0, 0.75],
							"lerp_mode": "catmullrom"
						},
						"6.7": {
							"post": [0, 0, 0],
							"lerp_mode": "catmullrom"
						}
					},
					"position": {
						"0.0": [0, 0, 0],
						"0.1333": [0, 0.405, -0.575],
						"0.3": {
							"pre": [0, -0.57, 0.41],
							"post": [0, -0.57, 0.41],
							"lerp_mode": "catmullrom"
						},
						"0.4": {
							"post": [0, -0.45, 0.245],
							"lerp_mode": "catmullrom"
						},
						"0.7333": {
							"post": [0, -0.915, 0.24],
							"lerp_mode": "catmullrom"
						},
						"0.8333": {
							"post": [-0.175, -0.75, 0.24],
							"lerp_mode": "catmullrom"
						},
						"0.9333": {
							"post": [0, -0.915, 0.24],
							"lerp_mode": "catmullrom"
						},
						"1.0333": {
							"post": [0, -0.92, 0.24],
							"lerp_mode": "catmullrom"
						},
						"1.1": {
							"post": [0.26, -0.92, 0.24],
							"lerp_mode": "catmullrom"
						},
						"1.3667": {
							"post": [0.26, -0.75, 0.24],
							"lerp_mode": "catmullrom"
						},
						"1.6333": {
							"post": [0.26, -0.565, 0.24],
							"lerp_mode": "catmullrom"
						},
						"1.7333": {
							"post": [0.26, -0.405, 0.24],
							"lerp_mode": "catmullrom"
						},
						"1.8": {
							"post": [0.26, -0.85, 0.24],
							"lerp_mode": "catmullrom"
						},
						"2.0": {
							"post": [0.26, -0.41, 0.24],
							"lerp_mode": "catmullrom"
						},
						"2.4667": {
							"post": [0.26, -0.41, 0.24],
							"lerp_mode": "catmullrom"
						},
						"2.6667": {
							"post": [0.26, 0.615, 0.84],
							"lerp_mode": "catmullrom"
						},
						"2.9": {
							"post": [0.26, -0.005, 1.705],
							"lerp_mode": "catmullrom"
						},
						"3.3333": {
							"post": [0.26, 0, 1.89],
							"lerp_mode": "catmullrom"
						},
						"3.4333": {
							"post": [0.26, 0.275, 1.89],
							"lerp_mode": "catmullrom"
						},
						"3.5333": {
							"post": [0.26, 0.145, 1.89],
							"lerp_mode": "catmullrom"
						},
						"3.5667": {
							"post": [0.26, 0.37, 1.89],
							"lerp_mode": "catmullrom"
						},
						"3.7": {
							"post": [0.26, 0.115, 1.89],
							"lerp_mode": "catmullrom"
						},
						"3.8333": {
							"post": [0.26, 0.24, 1.89],
							"lerp_mode": "catmullrom"
						},
						"4.1": {
							"post": [0.26, -0.085, 1.89],
							"lerp_mode": "catmullrom"
						},
						"4.3333": {
							"post": [0.26, 0.49, 1.89],
							"lerp_mode": "catmullrom"
						},
						"4.4667": {
							"post": [0.26, 0.405, 1.89],
							"lerp_mode": "catmullrom"
						},
						"4.6667": {
							"post": [0.26, 0.41, 1.89],
							"lerp_mode": "catmullrom"
						},
						"4.9": {
							"post": [0.26, 0.645, 1.89],
							"lerp_mode": "catmullrom"
						},
						"5.0667": {
							"post": [0.26, 0.275, 1.89],
							"lerp_mode": "catmullrom"
						},
						"5.1667": {
							"post": [0.26, 0.555, 1.89],
							"lerp_mode": "catmullrom"
						},
						"5.3667": {
							"post": [0.26, 0.555, 1.89],
							"lerp_mode": "catmullrom"
						},
						"5.4333": {
							"post": [0.26, -0.07, 1.89],
							"lerp_mode": "catmullrom"
						},
						"5.5333": {
							"post": [0.26, 0.355, 1.89],
							"lerp_mode": "catmullrom"
						},
						"5.6333": {
							"post": [0.26, -0.19, 1.89],
							"lerp_mode": "catmullrom"
						},
						"5.8333": {
							"post": [-0.29, -1.2, 1.49],
							"lerp_mode": "catmullrom"
						},
						"6.1333": {
							"post": [0.16, -0.53, -2.68],
							"lerp_mode": "catmullrom"
						},
						"6.3333": {
							"post": [0.1, -0.36, 0.98],
							"lerp_mode": "catmullrom"
						},
						"6.4333": {
							"post": [0.07, -0.23, -0.22],
							"lerp_mode": "catmullrom"
						},
						"6.6": {
							"post": [-0.01, 0.02, 0.02],
							"lerp_mode": "catmullrom"
						},
						"6.6333": {
							"post": [0, 0.01, 0.01],
							"lerp_mode": "catmullrom"
						},
						"6.6667": {
							"post": [0, 0, 0],
							"lerp_mode": "catmullrom"
						},
						"6.7": {
							"post": [0, 0, 0],
							"lerp_mode": "catmullrom"
						}
					}
				},
				"lefthand": {
					"rotation": {
						"0.0": [89.58664, -42.11197, 210.47069],
						"0.4": [89.59, -42.11, 210.47],
						"0.6": [144.28073, -0.30416, 120.19507],
						"0.6667": [144.28073, -0.30416, 120.19507],
						"0.7667": [144.58456, -3.35365, 110.67166],
						"0.8": [145.2478, -4.3398, 107.3997],
						"0.9333": [164.08076, -8.28439, 94.31187],
						"1.0": [164.08076, -8.28439, 94.31187],
						"1.1667": [167.23637, -12.64841, 77.07062],
						"1.2": [167.23637, -12.64841, 77.07062],
						"1.4333": [99.51273, -2.79009, 78.75544],
						"3.8": [99.51, -2.79, 78.76],
						"4.0667": [183.02063, 76.00261, 121.38737],
						"4.1333": [183.02063, 76.00261, 121.38737],
						"4.3": [168.02, 76, 121.39],
						"4.4333": [128.95072, 70.63957, 37.43965],
						"4.5333": [128.95, 70.64, 37.44],
						"4.6333": [128.95, 70.64, 37.44],
						"4.7": [128.95, 70.64, 37.44],
						"4.8667": [98.95, 70.64, 37.44],
						"4.9667": [98.95, 70.64, 37.44],
						"5.1": [118.95, 70.64, 37.44],
						"5.3": [143.1261, -2.0599, 97.68059],
						"5.3667": [143.13, -2.06, 97.68],
						"5.4667": [143.13, -2.06, 97.68],
						"5.9333": [89.58664, -42.11197, 210.47069]
					},
					"position": {
						"0.0": [6, -16.94, -8.5],
						"0.4": [6, -16.94, -8.5],
						"0.5333": [12, -14.955, -8.5],
						"0.6333": [9.13, -9.94, 0.5],
						"0.7": [9.13, -9.94, 0.5],
						"0.8": [6.13, -5.94, 0.5],
						"0.8667": [6.72, -5.94, 0.5],
						"0.9333": [7.9, -9.54, 0.5],
						"1.0": [7.9, -9.54, 0.5],
						"1.1333": [11.9, -9.54, 0.5],
						"1.2": [13.365, -9.54, 0.5],
						"1.3": [13.365, -13.54, 0.5],
						"1.4333": [10.37, -18.54, 0.5],
						"3.8": [10.37, -18.54, 0.5],
						"3.9333": [15.37, -15.54, 0.5],
						"4.0667": [9.37, -14.54, 0.5],
						"4.1333": [9.37, -14.54, 0.5],
						"4.3": [11.245, -10.105, 0.5],
						"4.4333": [7.63, -10.54, 0.5],
						"4.5333": [6.905, -10.78, 0.5],
						"4.6333": [7.665, -10.78, 0.5],
						"4.7": [7.665, -10.78, 0.5],
						"4.8333": [7.66, -6.78, 0.5],
						"4.9333": [5.66, -6.78, 0.5],
						"5.0667": [8.66, -8.78, 0.5],
						"5.3": [8.66, -4.78, 0.5],
						"5.3667": [8.66, -7.78, 0.5],
						"5.4667": [8.66, -7.78, 0.5],
						"5.6333": [14.66, -7.78, 0.5],
						"5.8": [6, -16.94, -8.5]
					},
					"scale": [1, 1.5, 1]
				},
				"chain_anim": {
					"rotation": {
						"1.0": [0, 0, 0],
						"1.1333": [0, 0, 52.5],
						"1.2333": [0, 0, 51.75],
						"1.3333": [0, 0, 28],
						"4.1333": [0, 0, 28],
						"4.3": [0, 0, 45.5],
						"4.4333": [0, 0, 0],
						"4.5333": [0, 0, -5],
						"4.6333": [0, 0, 0]
					},
					"position": {
						"1.0": [0, 0, 0],
						"1.1333": [4, -0.505, 0],
						"1.2333": [2.855, -0.865, 0],
						"1.3333": [1.585, -3.66, 0],
						"4.1333": [1.585, -3.66, 0],
						"4.3": [3.58, 0.34, 0],
						"4.4333": [0.105, 0.34, 0],
						"4.5333": [-0.68, 0, 0],
						"4.6333": [0, 0, 0]
					}
				},
				"cap": {
					"rotation": {
						"0.7": [0, 0, 0],
						"0.8": [0, 0, -90],
						"4.9333": [0, 0, -90],
						"5.0667": [0, 0, 0]
					}
				},
				"righthand": {
					"rotation": [92.5, -355, -180],
					"position": [-6.25, -17, 10],
					"scale": [1, 1.5, 1]
				},
				"camera": {
					"rotation": {
						"0.0": {
							"post": [0, 0, 0],
							"lerp_mode": "catmullrom"
						},
						"0.3333": {
							"post": [1.13, -0.31, 1.6],
							"lerp_mode": "catmullrom"
						},
						"0.4667": {
							"post": [1, -0.2, 1.38],
							"lerp_mode": "catmullrom"
						},
						"0.6333": {
							"post": [1, 0, 1.08],
							"lerp_mode": "catmullrom"
						},
						"0.8": {
							"post": [1, 0.485, 1.08],
							"lerp_mode": "catmullrom"
						},
						"1.0": {
							"post": [1, 0, 1.08],
							"lerp_mode": "catmullrom"
						},
						"1.1667": {
							"post": [1, 0, 1.08],
							"lerp_mode": "catmullrom"
						},
						"1.7": {
							"post": [0.215, 0, 0.215],
							"lerp_mode": "catmullrom"
						},
						"1.7667": {
							"post": [1.48, 0, 1.055],
							"lerp_mode": "catmullrom"
						},
						"1.8667": {
							"post": [-0.165, 0, -0.155],
							"lerp_mode": "catmullrom"
						},
						"1.9667": {
							"post": [0.575, 0, 0.435],
							"lerp_mode": "catmullrom"
						},
						"2.1": {
							"post": [0.26, 0, 0.26],
							"lerp_mode": "catmullrom"
						},
						"2.4667": {
							"post": [1.44, 0, -0.305],
							"lerp_mode": "catmullrom"
						},
						"2.6667": {
							"post": [1.25, 0, 0.855],
							"lerp_mode": "catmullrom"
						},
						"2.9": {
							"post": [1.935, 0, 0.15],
							"lerp_mode": "catmullrom"
						},
						"3.0333": {
							"post": [1.44, 0, 0.41],
							"lerp_mode": "catmullrom"
						},
						"3.3": {
							"post": [1.44, 0, 0.41],
							"lerp_mode": "catmullrom"
						},
						"3.4333": [1.755, 0, 0.6],
						"3.5": [1.755, 0, 0.6],
						"3.5667": {
							"pre": [0.905, 0, 0.045],
							"post": [0.905, 0, 0.045],
							"lerp_mode": "catmullrom"
						},
						"3.6333": {
							"post": [1.765, 0, 0.785],
							"lerp_mode": "catmullrom"
						},
						"3.7": {
							"post": [1.46, 0, 0.48],
							"lerp_mode": "catmullrom"
						},
						"3.8333": {
							"post": [1.805, 0, 0.29],
							"lerp_mode": "catmullrom"
						},
						"4.1333": {
							"post": [1.8, 0, -0.33],
							"lerp_mode": "catmullrom"
						},
						"4.3333": {
							"post": [1.8, 0, 0.36],
							"lerp_mode": "catmullrom"
						},
						"4.5333": {
							"post": [1.8, 0, -0.175],
							"lerp_mode": "catmullrom"
						},
						"4.6333": {
							"post": [1.8, 0, 0.235],
							"lerp_mode": "catmullrom"
						},
						"4.9333": {
							"post": [1.8, 0, -1.05],
							"lerp_mode": "catmullrom"
						},
						"5.1": {
							"post": [1.8, 0, 0.11],
							"lerp_mode": "catmullrom"
						},
						"5.2667": {
							"post": [0.975, 0, 0.11],
							"lerp_mode": "catmullrom"
						},
						"5.3667": [2.24, 0, 0.11],
						"5.4667": [1.79, 0, 0.11],
						"5.8": {
							"pre": [0.03, 0.08, -2.78],
							"post": [0.03, 0.08, -2.78],
							"lerp_mode": "catmullrom"
						},
						"6.0": {
							"post": [0.3, 0.18, -0.61],
							"lerp_mode": "catmullrom"
						},
						"6.2": {
							"post": [-0.21, 0.08, 0.21],
							"lerp_mode": "catmullrom"
						},
						"6.3": {
							"post": [0.29, 0.02, -0.37],
							"lerp_mode": "catmullrom"
						},
						"6.4": {
							"post": [0.01, 0, 0.3],
							"lerp_mode": "catmullrom"
						},
						"6.6": {
							"post": [0, 0, 0],
							"lerp_mode": "catmullrom"
						}
					}
				},
				"lh_and_mag": {
					"rotation": {
						"1.6333": [0, 0, 0],
						"1.7333": [0, 0, 9],
						"1.8667": [0, 0, 0],
						"3.2333": [32.5, 0, 0],
						"3.4333": [0, 0, 0],
						"3.5333": [0, 0, 0]
					},
					"position": {
						"1.6333": [0, 0, 0],
						"1.7333": [-0.99, 0, 0],
						"1.8667": [0, -20, 0],
						"3.0333": [0, -20, 21],
						"3.4333": [0, -2, -0.36],
						"3.5333": [0, -2, 0],
						"3.5667": [0, 0, 0]
					}
				}
			},
			"sound_effects": {
				"0.0": {
					"effect": "tacz:m249/m249_reload_active"
				},
				"0.2": {
					"effect": "tacz:m249/m249_reload_empty_cover_open"
				},
				"1.3667": {
					"effect": "tacz:m249/m249_reload_cover_open"
				},
				"1.6333": {
					"effect": "tacz:m249/m249_reload_empty_magout"
				},
				"1.7": {
					"effect": "tacz:m249/m249_reload_empty_active"
				},
				"1.7333": {
					"effect": "tacz:m249/m249_reload_fast_magin"
				},
				"2.9667": {
					"effect": "tacz:m249/m249_reload_magup"
				},
				"3.1333": {
					"effect": "tacz:m249/m249_reload_empty_down"
				},
				"3.2667": {
					"effect": "tacz:m249/m249_reload_empty_magin"
				},
				"4.1333": {
					"effect": "tacz:m249/m249_reload_empty_load_belt"
				},
				"4.9": {
					"effect": "tacz:m249/m249_reload_fast_cover_close"
				},
				"5.3333": {
					"effect": "tacz:m249/m249_inspect_hitcover"
				},
				"5.4333": {
					"effect": "tacz:m249/m249_draw"
				},
				"5.8333": {
					"effect": "tacz:m249/m249_reload_end"
				}
			}
		},
		"reload_empty": {
			"animation_length": 8.4333,
			"bones": {
				"constraint": {
					"rotation": [0.2, 0.2, 0.2],
					"position": [0.2, 0.2, 0.2]
				},
				"root": {
					"rotation": {
						"0.0": {
							"post": [0, 0, 0],
							"lerp_mode": "catmullrom"
						},
						"0.1333": {
							"post": [0.92, -0.05, -0.08],
							"lerp_mode": "catmullrom"
						},
						"0.1667": {
							"post": [0.23, -0.12, 0.31],
							"lerp_mode": "catmullrom"
						},
						"0.2667": {
							"post": [-5.06, -0.86, 5.65],
							"lerp_mode": "catmullrom"
						},
						"0.4": {
							"post": [-7.25, -1.96, 6.56],
							"lerp_mode": "catmullrom"
						},
						"0.4667": {
							"post": [-8.8, -2.2, 7.5],
							"lerp_mode": "catmullrom"
						},
						"0.5333": {
							"post": [-8.99, -2.36, 6.36],
							"lerp_mode": "catmullrom"
						},
						"0.6333": {
							"post": [-9, -1.47, 6.51],
							"lerp_mode": "catmullrom"
						},
						"0.8667": {
							"post": [-9.06, -1.6, 6.39],
							"lerp_mode": "catmullrom"
						},
						"1.0": {
							"post": [-9, -0.28, 5.76],
							"lerp_mode": "catmullrom"
						},
						"1.1": {
							"post": [-8.7, -2.3, 6.61],
							"lerp_mode": "catmullrom"
						},
						"1.2333": {
							"post": [-8.2, -1.5, 7.74],
							"lerp_mode": "catmullrom"
						},
						"1.3": {
							"post": [-7.92, -2.72, 7],
							"lerp_mode": "catmullrom"
						},
						"1.4": {
							"post": [-6.7, -1.11, 7.08],
							"lerp_mode": "catmullrom"
						},
						"1.5": {
							"post": [-5.61, -1.2, 5.02],
							"lerp_mode": "catmullrom"
						},
						"1.6667": {
							"post": [0, 0, 0],
							"lerp_mode": "catmullrom"
						},
						"1.7667": {
							"post": [2, 0, 0],
							"lerp_mode": "catmullrom"
						},
						"1.9333": {
							"post": [-1.00244, -3.99939, 0.06992],
							"lerp_mode": "catmullrom"
						},
						"2.0333": {
							"post": [-2.13851, -3.92778, 2.07349],
							"lerp_mode": "catmullrom"
						},
						"2.3667": {
							"post": [0.86, -3.93, 2.07],
							"lerp_mode": "catmullrom"
						},
						"2.4667": {
							"post": [0.96176, -1.91528, 1.1011],
							"lerp_mode": "catmullrom"
						},
						"2.5667": {
							"post": [0.79118, -3.94441, 3.07226],
							"lerp_mode": "catmullrom"
						},
						"2.7667": {
							"post": [1.92874, -3.92561, 2.06774],
							"lerp_mode": "catmullrom"
						},
						"2.8667": {
							"post": [0.87982, -5.96948, 2.07897],
							"lerp_mode": "catmullrom"
						},
						"3.1": {
							"post": [0.85726, -4.94378, 3.05436],
							"lerp_mode": "catmullrom"
						},
						"3.3667": {
							"post": [-0.44, -4.94, 3.05],
							"lerp_mode": "catmullrom"
						},
						"3.5": {
							"post": [-0.44, -5.72, 4.22],
							"lerp_mode": "catmullrom"
						},
						"3.5667": {
							"post": [0.64, -5.72, 4.51],
							"lerp_mode": "catmullrom"
						},
						"3.6333": {
							"post": [-0.665, -5.72, 6.44],
							"lerp_mode": "catmullrom"
						},
						"3.7667": {
							"post": [0.465, -5.72, 3.92],
							"lerp_mode": "catmullrom"
						},
						"3.9": {
							"post": [-0.2, -5.72, 4.275],
							"lerp_mode": "catmullrom"
						},
						"4.1667": {
							"post": [-0.57, -5.72, 3.61],
							"lerp_mode": "catmullrom"
						},
						"4.4": {
							"post": [-4.05372, -6.09617, -1.40248],
							"lerp_mode": "catmullrom"
						},
						"4.7": {
							"post": [-3.15597, -6.02845, -0.39695],
							"lerp_mode": "catmullrom"
						},
						"5.1": {
							"post": [-3.16, -6.03, -0.4],
							"lerp_mode": "catmullrom"
						},
						"5.1667": {
							"post": [-4.12, -6.03, -0.4],
							"lerp_mode": "catmullrom"
						},
						"5.2667": {
							"post": [-3.53, -6.03, -0.4],
							"lerp_mode": "catmullrom"
						},
						"5.3667": {
							"post": [-3.32373, -6.53276, -1.62445],
							"lerp_mode": "catmullrom"
						},
						"5.4667": {
							"post": [-4.16, -6.075, 1.43],
							"lerp_mode": "catmullrom"
						},
						"5.5333": {
							"post": [-2.405, -6.07, -0.4],
							"lerp_mode": "catmullrom"
						},
						"5.6333": {
							"post": [-3.01, -6.07, -0.4],
							"lerp_mode": "catmullrom"
						},
						"5.8333": {
							"post": [-1.32422, -5.90422, 2.61185],
							"lerp_mode": "catmullrom"
						},
						"6.0333": {
							"post": [-1.32, -5.9, 1.005],
							"lerp_mode": "catmullrom"
						},
						"6.2333": {
							"post": [-1.21649, -5.92213, -0.0051],
							"lerp_mode": "catmullrom"
						},
						"6.3667": {
							"post": [-1.22, -5.92, 0.6],
							"lerp_mode": "catmullrom"
						},
						"6.6667": {
							"post": [-0.90743, -5.97571, -2.41572],
							"lerp_mode": "catmullrom"
						},
						"6.8": {
							"post": [-1.22279, -5.92415, 0.59574],
							"lerp_mode": "catmullrom"
						},
						"6.9": {
							"post": [-1.22, -5.92, -0.165],
							"lerp_mode": "catmullrom"
						},
						"7.1": {
							"post": [-1.22, -5.92, -0.17],
							"lerp_mode": "catmullrom"
						},
						"7.1667": {
							"post": [-0.395, -5.92, 0.465],
							"lerp_mode": "catmullrom"
						},
						"7.2667": {
							"post": [-1.025, -5.92, 0.47],
							"lerp_mode": "catmullrom"
						},
						"7.5": {
							"post": [-0.3, -5.4, 4.43],
							"lerp_mode": "catmullrom"
						},
						"7.6333": {
							"post": [0.97, -3.47, 2.78],
							"lerp_mode": "catmullrom"
						},
						"7.8333": {
							"post": [-0.25, -0.97, -7.5],
							"lerp_mode": "catmullrom"
						},
						"8.0": {
							"post": [1.2, 0.12, -2.44],
							"lerp_mode": "catmullrom"
						},
						"8.1": {
							"post": [0.58, 0.01, 3.52],
							"lerp_mode": "catmullrom"
						},
						"8.2": {
							"post": [1.03, -0.25, 0.28],
							"lerp_mode": "catmullrom"
						},
						"8.3": {
							"post": [0, 0, 0.75],
							"lerp_mode": "catmullrom"
						},
						"8.4333": {
							"post": [0, 0, 0],
							"lerp_mode": "catmullrom"
						}
					},
					"position": {
						"0.0": {
							"post": [0, 0, 0],
							"lerp_mode": "catmullrom"
						},
						"0.0333": {
							"post": [0.01, -0.05, -0.05],
							"lerp_mode": "catmullrom"
						},
						"0.0667": {
							"post": [0.01, -0.11, -0.13],
							"lerp_mode": "catmullrom"
						},
						"0.1": {
							"post": [0.03, -0.19, -0.17],
							"lerp_mode": "catmullrom"
						},
						"0.4667": {
							"post": [0.55, -2.33, 2.51],
							"lerp_mode": "catmullrom"
						},
						"0.6333": {
							"post": [0.5, -1.97, 2.89],
							"lerp_mode": "catmullrom"
						},
						"0.8333": {
							"post": [0.5, -1.99, 3.18],
							"lerp_mode": "catmullrom"
						},
						"0.9333": {
							"post": [0.5, -1.81, 3.88],
							"lerp_mode": "catmullrom"
						},
						"1.0333": {
							"post": [0.5, -2.27, 3.92],
							"lerp_mode": "catmullrom"
						},
						"1.1333": {
							"post": [0.5, -2.03, 3.84],
							"lerp_mode": "catmullrom"
						},
						"1.2333": {
							"post": [0.51, -2.2, 2.9],
							"lerp_mode": "catmullrom"
						},
						"1.3667": {
							"post": [0.45, -1.85, 2.98],
							"lerp_mode": "catmullrom"
						},
						"1.5": {
							"post": [0.23, -2.54, 2.71],
							"lerp_mode": "catmullrom"
						},
						"1.6667": {
							"post": [0, 0, 0],
							"lerp_mode": "catmullrom"
						},
						"1.8": {
							"post": [0, 0.405, -0.575],
							"lerp_mode": "catmullrom"
						},
						"1.9667": {
							"post": [0, -0.57, 0.41],
							"lerp_mode": "catmullrom"
						},
						"2.0667": {
							"post": [0, -0.45, 0.245],
							"lerp_mode": "catmullrom"
						},
						"2.4": {
							"post": [0, -0.915, 0.24],
							"lerp_mode": "catmullrom"
						},
						"2.5": {
							"post": [-0.175, -0.75, 0.24],
							"lerp_mode": "catmullrom"
						},
						"2.6": {
							"post": [0, -0.915, 0.24],
							"lerp_mode": "catmullrom"
						},
						"2.7667": {
							"post": [0, -0.92, 0.24],
							"lerp_mode": "catmullrom"
						},
						"2.8333": {
							"post": [0.26, -0.92, 0.24],
							"lerp_mode": "catmullrom"
						},
						"3.1": {
							"post": [0.26, -0.75, 0.24],
							"lerp_mode": "catmullrom"
						},
						"3.3667": {
							"post": [0.26, -0.565, 0.24],
							"lerp_mode": "catmullrom"
						},
						"3.4667": {
							"post": [0.26, -0.405, 0.24],
							"lerp_mode": "catmullrom"
						},
						"3.5333": {
							"post": [0.26, -0.85, 0.24],
							"lerp_mode": "catmullrom"
						},
						"3.7333": {
							"post": [0.26, -0.41, 0.24],
							"lerp_mode": "catmullrom"
						},
						"4.2": {
							"post": [0.26, -0.41, 0.24],
							"lerp_mode": "catmullrom"
						},
						"4.4": {
							"post": [0.26, 0.615, 0.84],
							"lerp_mode": "catmullrom"
						},
						"4.6333": {
							"post": [0.26, -0.005, 1.705],
							"lerp_mode": "catmullrom"
						},
						"5.0667": {
							"post": [0.26, 0, 1.89],
							"lerp_mode": "catmullrom"
						},
						"5.1667": {
							"post": [0.26, 0.275, 1.89],
							"lerp_mode": "catmullrom"
						},
						"5.2667": {
							"post": [0.26, 0.145, 1.89],
							"lerp_mode": "catmullrom"
						},
						"5.3": {
							"post": [0.26, 0.37, 1.89],
							"lerp_mode": "catmullrom"
						},
						"5.4333": {
							"post": [0.26, 0.115, 1.89],
							"lerp_mode": "catmullrom"
						},
						"5.5667": {
							"post": [0.26, 0.24, 1.89],
							"lerp_mode": "catmullrom"
						},
						"5.8333": {
							"post": [0.26, -0.085, 1.89],
							"lerp_mode": "catmullrom"
						},
						"6.0667": {
							"post": [0.26, 0.49, 1.89],
							"lerp_mode": "catmullrom"
						},
						"6.2": {
							"post": [0.26, 0.405, 1.89],
							"lerp_mode": "catmullrom"
						},
						"6.4": {
							"post": [0.26, 0.41, 1.89],
							"lerp_mode": "catmullrom"
						},
						"6.6333": {
							"post": [0.26, 0.645, 1.89],
							"lerp_mode": "catmullrom"
						},
						"6.8": {
							"post": [0.26, 0.275, 1.89],
							"lerp_mode": "catmullrom"
						},
						"6.9": {
							"post": [0.26, 0.555, 1.89],
							"lerp_mode": "catmullrom"
						},
						"7.1": {
							"post": [0.26, 0.955, 1.89],
							"lerp_mode": "catmullrom"
						},
						"7.1667": {
							"post": [0.26, 0.33, 1.89],
							"lerp_mode": "catmullrom"
						},
						"7.2667": {
							"post": [0.26, 0.555, 1.89],
							"lerp_mode": "catmullrom"
						},
						"7.3667": {
							"post": [0.26, 0.01, 1.89],
							"lerp_mode": "catmullrom"
						},
						"7.5667": {
							"post": [-0.29, -1.2, 1.49],
							"lerp_mode": "catmullrom"
						},
						"7.8667": {
							"post": [0.16, -0.53, -2.68],
							"lerp_mode": "catmullrom"
						},
						"8.0667": {
							"post": [0.1, -0.36, 0.98],
							"lerp_mode": "catmullrom"
						},
						"8.1667": {
							"post": [0.07, -0.23, -0.22],
							"lerp_mode": "catmullrom"
						},
						"8.3333": {
							"post": [-0.01, 0.02, 0.02],
							"lerp_mode": "catmullrom"
						},
						"8.3667": {
							"post": [0, 0.01, 0.01],
							"lerp_mode": "catmullrom"
						},
						"8.4": {
							"post": [0, 0, 0],
							"lerp_mode": "catmullrom"
						},
						"8.4333": {
							"post": [0, 0, 0],
							"lerp_mode": "catmullrom"
						}
					}
				},
				"lefthand": {
					"rotation": {
						"1.6667": [89.58664, -42.11197, 210.47069],
						"2.0667": [89.59, -42.11, 210.47],
						"2.2667": [144.28073, -0.30416, 120.19507],
						"2.3333": [144.28073, -0.30416, 120.19507],
						"2.4333": [144.58456, -3.35365, 110.67166],
						"2.4667": [145.2478, -4.3398, 107.3997],
						"2.6": [164.08076, -8.28439, 94.31187],
						"2.7667": [108.21796, -42.33039, 165.61944],
						"2.8667": [108.21796, -42.33039, 165.61944],
						"3.0": [164.08076, -8.28439, 94.31187],
						"3.1667": [99.51273, -2.79009, 78.75544],
						"5.5333": [99.51, -2.79, 78.76],
						"5.8": [183.02063, 76.00261, 121.38737],
						"5.8667": [183.02063, 76.00261, 121.38737],
						"6.0333": [168.02, 76, 121.39],
						"6.1667": [128.95072, 70.63957, 37.43965],
						"6.2667": [128.95, 70.64, 37.44],
						"6.3667": [128.95, 70.64, 37.44],
						"6.4333": [128.95, 70.64, 37.44],
						"6.6": [98.95, 70.64, 37.44],
						"6.7": [98.95, 70.64, 37.44],
						"6.8333": [118.95, 70.64, 37.44],
						"7.0333": [143.1261, -2.0599, 97.68059],
						"7.1": [143.13, -2.06, 97.68],
						"7.2": [143.13, -2.06, 97.68],
						"7.6667": [89.58664, -42.11197, 210.47069]
					},
					"position": {
						"1.6667": [6, -16.94, -8.5],
						"2.0667": [6, -16.94, -8.5],
						"2.2": [12, -14.955, -8.5],
						"2.3": [9.13, -9.94, 0.5],
						"2.3667": [9.13, -9.94, 0.5],
						"2.4667": [6.13, -5.94, 0.5],
						"2.5333": [6.72, -5.94, 0.5],
						"2.6": [7.9, -9.54, 0.5],
						"2.7667": [9.495, -7.54, -1.5],
						"2.8667": [9.495, -7.54, -1.5],
						"3.0": [7.9, -9.54, 0.5],
						"3.1667": [10.37, -18.54, 0.5],
						"5.5333": [10.37, -18.54, 0.5],
						"5.6667": [15.37, -15.54, 0.5],
						"5.8": [9.37, -14.54, 0.5],
						"5.8667": [9.37, -14.54, 0.5],
						"6.0333": [11.245, -10.105, 0.5],
						"6.1667": [7.63, -10.54, 0.5],
						"6.2667": [6.905, -10.78, 0.5],
						"6.3667": [7.665, -10.78, 0.5],
						"6.4333": [7.665, -10.78, 0.5],
						"6.5667": [7.66, -6.78, 0.5],
						"6.6667": [5.66, -6.78, 0.5],
						"6.8": [8.66, -8.78, 0.5],
						"7.0333": [8.66, -4.78, 0.5],
						"7.1": [8.66, -7.78, 0.5],
						"7.2": [8.66, -7.78, 0.5],
						"7.3667": [14.66, -7.78, 0.5],
						"7.5333": [6, -16.94, -8.5]
					},
					"scale": [1, 1.5, 1]
				},
				"chain_anim": {
					"rotation": {
						"2.7333": [0, 0, 0],
						"2.8667": [0, 0, 52.5],
						"2.9667": [0, 0, 32.5],
						"3.0667": [0, 0, 28],
						"5.8667": [0, 0, 28],
						"6.0333": [0, 0, 45.5],
						"6.1667": [0, 0, 0],
						"6.2667": [0, 0, -5],
						"6.3667": [0, 0, 0]
					},
					"position": {
						"2.7333": [0, 0, 0],
						"2.8667": [4, -0.505, 0],
						"2.9667": [2.23, -0.865, 0],
						"3.0667": [1.585, -3.66, 0],
						"5.8667": [1.585, -3.66, 0],
						"6.0333": [3.58, 0.34, 0],
						"6.1667": [0.105, 0.34, 0],
						"6.2667": [-0.68, 0, 0],
						"6.3667": [0, 0, 0]
					},
					"scale": {
						"4.3333": [0, 0, 0],
						"4.3667": [1, 1, 1]
					}
				},
				"cap": {
					"rotation": {
						"2.3667": [0, 0, 0],
						"2.4667": [0, 0, -90],
						"6.6667": [0, 0, -90],
						"6.8": [0, 0, 0]
					}
				},
				"righthand": {
					"rotation": {
						"0.0": [92.5, -355, -180],
						"0.5": [92.5, -355, -180],
						"0.7": [85.10831, -357.29385, -267.72478],
						"0.8": [85.10831, -357.29385, -267.72478],
						"0.9667": [77.29766, -292.78259, -279.22816],
						"1.0667": [77.29766, -292.78259, -279.22816],
						"1.2333": [85.10831, -357.29385, -267.72478],
						"1.3": [85.10831, -357.29385, -267.72478],
						"1.4667": [92.5, -355, -180]
					},
					"position": {
						"0.0": [-6.25, -17, 10],
						"0.5": [-6.25, -17, 10],
						"0.6": [-10.25, -17, 10],
						"0.7": [-10.25, -14, 6],
						"0.8": [-10.25, -14, 6],
						"0.9667": [-10.25, -14, 11],
						"1.0667": [-10.25, -14, 11],
						"1.2333": [-10.25, -14, 6],
						"1.3": [-10.25, -14, 6],
						"1.4667": [-6.25, -17, 10]
					},
					"scale": [1, 1.5, 1]
				},
				"lh_and_mag": {
					"rotation": {
						"3.3667": [0, 0, 0],
						"3.4667": [0, 0, 9],
						"3.6": [0, 0, 0],
						"4.9667": [32.5, 0, 0],
						"5.1667": [0, 0, 0],
						"5.2667": [0, 0, 0]
					},
					"position": {
						"3.3667": [0, 0, 0],
						"3.4667": [-0.99, 0, 0],
						"3.6": [0, -20, 0],
						"4.7667": [0, -20, 21],
						"5.1667": [0, -2, -0.36],
						"5.2667": [0, -2, 0],
						"5.3": [0, 0, 0]
					}
				},
				"iron": {
					"rotation": {
						"2.6": [0, 0, 0],
						"2.7667": [72.5, 0, 0],
						"2.8667": [72.5, 0, 0],
						"3.0": [0, 0, 0]
					}
				},
				"pull_handle": {
					"position": {
						"0.8": [0, 0, 0],
						"0.9667": [0, 0, 5],
						"1.0667": [0, 0, 5],
						"1.2333": [0, 0, 0]
					}
				},
				"bone": {
					"rotation": {
						"4.3333": [0, 0, -115],
						"4.3667": [0, 0, 0]
					}
				},
				"camera": {
					"rotation": {
						"0.0": {
							"post": [0, 0, 0],
							"lerp_mode": "catmullrom"
						},
						"0.2333": {
							"post": [0.81, 0, -0.01],
							"lerp_mode": "catmullrom"
						},
						"0.4333": {
							"post": [0.86, 0.01, -0.04],
							"lerp_mode": "catmullrom"
						},
						"0.5667": {
							"post": [0.655, 0.01, -0.05],
							"lerp_mode": "catmullrom"
						},
						"0.7667": {
							"post": [0.63, 0.01, -0.07],
							"lerp_mode": "catmullrom"
						},
						"0.9667": {
							"post": [1.595, 0.01, -0.845],
							"lerp_mode": "catmullrom"
						},
						"1.2667": {
							"post": [-0.005, 0.02, 0.57],
							"lerp_mode": "catmullrom"
						},
						"1.6667": {
							"post": [0.63, 0, 0],
							"lerp_mode": "catmullrom"
						},
						"2.0": {
							"post": [1.13, -0.31, 1.6],
							"lerp_mode": "catmullrom"
						},
						"2.1333": {
							"post": [1, -0.2, 1.38],
							"lerp_mode": "catmullrom"
						},
						"2.3": {
							"post": [1, 0, 1.08],
							"lerp_mode": "catmullrom"
						},
						"2.4667": {
							"post": [1, 0.485, 1.08],
							"lerp_mode": "catmullrom"
						},
						"2.7333": {
							"post": [1, 0, 1.08],
							"lerp_mode": "catmullrom"
						},
						"2.9": {
							"post": [1, 0, 1.08],
							"lerp_mode": "catmullrom"
						},
						"3.4333": {
							"post": [0.215, 0, 0.215],
							"lerp_mode": "catmullrom"
						},
						"3.5": {
							"post": [1.48, 0, 1.055],
							"lerp_mode": "catmullrom"
						},
						"3.6": {
							"post": [-0.165, 0, -0.155],
							"lerp_mode": "catmullrom"
						},
						"3.7": {
							"post": [0.575, 0, 0.435],
							"lerp_mode": "catmullrom"
						},
						"3.8333": {
							"post": [0.26, 0, 0.26],
							"lerp_mode": "catmullrom"
						},
						"4.2": {
							"post": [1.44, 0, -0.305],
							"lerp_mode": "catmullrom"
						},
						"4.4": {
							"post": [1.25, 0, 0.855],
							"lerp_mode": "catmullrom"
						},
						"4.6333": {
							"post": [1.935, 0, 0.15],
							"lerp_mode": "catmullrom"
						},
						"4.7667": {
							"post": [1.44, 0, 0.41],
							"lerp_mode": "catmullrom"
						},
						"5.0333": {
							"post": [1.44, 0, 0.41],
							"lerp_mode": "catmullrom"
						},
						"5.1667": [1.755, 0, 0.6],
						"5.2333": [1.755, 0, 0.6],
						"5.3": {
							"pre": [0.905, 0, 0.045],
							"post": [0.905, 0, 0.045],
							"lerp_mode": "catmullrom"
						},
						"5.3667": {
							"post": [1.765, 0, 0.785],
							"lerp_mode": "catmullrom"
						},
						"5.4333": {
							"post": [1.46, 0, 0.48],
							"lerp_mode": "catmullrom"
						},
						"5.5667": {
							"post": [1.805, 0, 0.29],
							"lerp_mode": "catmullrom"
						},
						"5.8667": {
							"post": [1.8, 0, -0.33],
							"lerp_mode": "catmullrom"
						},
						"6.0667": {
							"post": [1.8, 0, 0.36],
							"lerp_mode": "catmullrom"
						},
						"6.2667": {
							"post": [1.8, 0, -0.175],
							"lerp_mode": "catmullrom"
						},
						"6.3667": {
							"post": [1.8, 0, 0.235],
							"lerp_mode": "catmullrom"
						},
						"6.6667": {
							"post": [1.8, 0, -1.05],
							"lerp_mode": "catmullrom"
						},
						"6.8333": {
							"post": [1.8, 0, 0.11],
							"lerp_mode": "catmullrom"
						},
						"7.0": {
							"post": [0.975, 0, 0.11],
							"lerp_mode": "catmullrom"
						},
						"7.1": [2.24, 0, 0.11],
						"7.2": [1.79, 0, 0.11],
						"7.5333": {
							"pre": [0.03, 0.08, -2.78],
							"post": [0.03, 0.08, -2.78],
							"lerp_mode": "catmullrom"
						},
						"7.7333": {
							"post": [0.3, 0.18, -0.61],
							"lerp_mode": "catmullrom"
						},
						"7.9333": {
							"post": [-0.21, 0.08, 0.21],
							"lerp_mode": "catmullrom"
						},
						"8.0333": {
							"post": [0.29, 0.02, -0.37],
							"lerp_mode": "catmullrom"
						},
						"8.1333": {
							"post": [0.01, 0, 0.3],
							"lerp_mode": "catmullrom"
						},
						"8.3333": {
							"post": [0, 0, 0],
							"lerp_mode": "catmullrom"
						}
					}
				},
				"bullet_chain_2": {
					"rotation": {
						"2.7333": [0, 0, 0],
						"2.8667": [0, 0, 52.5],
						"2.9667": [0, 0, 32.5],
						"3.0667": [0, 0, 28],
						"5.8667": [0, 0, 28],
						"6.0333": [0, 0, 45.5],
						"6.1667": [0, 0, 0],
						"6.2667": [0, 0, -5],
						"6.3667": [0, 0, 0]
					},
					"position": {
						"2.7333": [0, 0, 0],
						"2.8667": [4, -0.505, 0],
						"2.9667": [2.23, -0.865, 0],
						"3.0667": [1.585, -3.66, 0],
						"5.8667": [1.585, -3.66, 0],
						"6.0333": [3.58, 0.34, 0],
						"6.1667": [0.105, 0.34, 0],
						"6.2667": [-0.68, 0, 0],
						"6.3667": [0, 0, 0]
					},
					"scale": {
						"4.3333": [0, 0, 0],
						"4.3667": [1, 1, 1]
					}
				}
			},
			"sound_effects": {
				"0.0": {
					"effect": "tacz:m249/m249_reload_empty_down"
				},
				"0.7667": {
					"effect": "tacz:m249/m249_reload_empty_fast_charge_pull"
				},
				"1.1": {
					"effect": "tacz:m249/m249_reload_empty_fast_charge_push"
				},
				"1.1333": {
					"effect": "tacz:m249/m249_reload_empty_fast_mvmnt"
				},
				"2.1667": {
					"effect": "tacz:m249/m249_reload_cover_open"
				},
				"3.2667": {
					"effect": "tacz:m249/m249_reload_empty_magout"
				},
				"5.0": {
					"effect": "tacz:m249/m249_reload_empty_magin"
				},
				"5.7333": {
					"effect": "tacz:m249/m249_reload_empty_load_belt"
				},
				"6.6": {
					"effect": "tacz:m249/m249_reload_fast_cover_close"
				},
				"7.0333": {
					"effect": "tacz:m249/m249_inspect_hitcover"
				},
				"7.1333": {
					"effect": "tacz:m249/m249_draw"
				},
				"8.0333": {
					"effect": "tacz:m249/m249_reload_end"
				}
			}
		},
		"inspect": {
			"animation_length": 6.4,
			"bones": {
				"0": {
					"rotation": {
						"0.0": [0, 0, 0],
						"4.1333": [0, 0, 0],
						"4.3333": [0, 0, 23.5],
						"5.3333": [0, 0, 23.5],
						"5.6667": [0, 0, 0]
					},
					"position": {
						"0.0": [0, 0, 0],
						"4.1333": [0, 0, 0],
						"4.3333": [-0.075, -0.125, 0],
						"5.3333": [-0.075, -0.125, 0],
						"5.6667": [0, 0, 0]
					}
				},
				"constraint": {
					"rotation": [0.2, 0.2, 0.2],
					"position": [0.2, 0.2, 0.2]
				},
				"lefthand": {
					"rotation": {
						"0.0": [89.58664, -42.11197, 210.47069],
						"0.4": [89.59, -42.11, 210.47],
						"0.6": [132.28073, -0.30416, 120.19507],
						"0.6667": [132.28073, -0.30416, 120.19507],
						"0.7667": [132.58456, -3.35365, 110.67166],
						"0.8": [133.2478, -4.3398, 107.3997],
						"1.3333": [133.2478, -4.3398, 107.3997],
						"1.4333": [132.28073, -0.30416, 120.19507],
						"1.5": [132.28073, -0.30416, 120.19507],
						"1.7": [122.38136, -46.26575, 168.71186],
						"3.4333": [122.38136, -46.26575, 168.71186],
						"3.6": [89.58664, -42.11197, 210.47069]
					},
					"position": {
						"0.0": [6, -16.94, -8.5],
						"0.4": [6, -16.94, -8.5],
						"0.5333": [12, -14.955, -8.5],
						"0.6333": [9.13, -9.94, 0.5],
						"0.7": [9.13, -9.94, 0.5],
						"0.8": [6.13, -5.94, 0.5],
						"1.3333": [6.13, -5.94, 0.5],
						"1.4": [9.13, -9.94, 0.5],
						"1.4667": [9.13, -9.94, 0.5],
						"1.5667": [12.13, -9.94, 0.5],
						"1.7": [9.13, -21.94, 0.5],
						"3.4333": [9.13, -21.94, 0.5],
						"3.6": [6, -16.94, -8.5]
					},
					"scale": [1, 1.5, 1]
				},
				"righthand": {
					"rotation": [92.5, -355, -180],
					"position": [-6.25, -17, 10],
					"scale": [1, 1.5, 1]
				},
				"root": {
					"rotation": {
						"0.0": [0, 0, 0],
						"0.1": [4, 0, 0],
						"0.2667": {
							"pre": [-1.00244, -3.99939, 0.06992],
							"post": [-1.00244, -3.99939, 0.06992],
							"lerp_mode": "catmullrom"
						},
						"0.3667": {
							"post": [-2.13851, -3.92778, 2.07349],
							"lerp_mode": "catmullrom"
						},
						"0.7": {
							"post": [0.86, -3.93, 2.07],
							"lerp_mode": "catmullrom"
						},
						"0.8": {
							"post": [0.96176, -1.91528, 1.1011],
							"lerp_mode": "catmullrom"
						},
						"1.2667": {
							"post": [0.96176, -1.91528, 1.1011],
							"lerp_mode": "catmullrom"
						},
						"1.3667": {
							"post": [0.79118, -3.94441, 3.07226],
							"lerp_mode": "catmullrom"
						},
						"1.5": {
							"post": [0.79118, -3.94441, 3.07226],
							"lerp_mode": "catmullrom"
						},
						"1.7667": {
							"post": [0.5824, -3.97594, 6.07696],
							"lerp_mode": "catmullrom"
						},
						"2.0667": {
							"post": [-7.67019, -3.79611, -4.94392],
							"lerp_mode": "catmullrom"
						},
						"2.2667": {
							"post": [-6.79731, -3.49623, -2.95857],
							"lerp_mode": "catmullrom"
						},
						"2.7": {
							"post": [-6.51859, -3.59406, -3.81537],
							"lerp_mode": "catmullrom"
						},
						"3.2667": {
							"post": [-6.79731, -3.49623, -2.95857],
							"lerp_mode": "catmullrom"
						},
						"3.4333": {
							"post": [-9.8, -3.5, -2.96],
							"lerp_mode": "catmullrom"
						},
						"3.6": {
							"post": [-5.31879, -1.30818, 9.35798],
							"lerp_mode": "catmullrom"
						},
						"3.8667": {
							"post": [-5.9073, -1.55072, 26.98525],
							"lerp_mode": "catmullrom"
						},
						"4.1": {
							"post": [-7.44784, -1.48599, 53.13496],
							"lerp_mode": "catmullrom"
						},
						"4.5667": {
							"post": [-7.39053, 0.235, 50.88863],
							"lerp_mode": "catmullrom"
						},
						"5.3667": {
							"post": [-7.39053, 0.235, 50.88863],
							"lerp_mode": "catmullrom"
						},
						"5.6333": {
							"post": [-2.60194, -1.44344, -3.99297],
							"lerp_mode": "catmullrom"
						},
						"5.8": {
							"post": [-0.25, -0.97, -7.5],
							"lerp_mode": "catmullrom"
						},
						"5.9667": {
							"post": [1.2, 0.12, -2.44],
							"lerp_mode": "catmullrom"
						},
						"6.0667": {
							"post": [0.58, 0.01, 3.52],
							"lerp_mode": "catmullrom"
						},
						"6.1667": {
							"post": [1.03, -0.25, 0.28],
							"lerp_mode": "catmullrom"
						},
						"6.2667": {
							"post": [0, 0, 0.75],
							"lerp_mode": "catmullrom"
						},
						"6.4": {
							"post": [0, 0, 0],
							"lerp_mode": "catmullrom"
						}
					},
					"position": {
						"0.0": [0, 0, 0],
						"0.1333": [0, 0.405, -0.575],
						"0.3": {
							"pre": [0, -0.57, 0.41],
							"post": [0, -0.57, 0.41],
							"lerp_mode": "catmullrom"
						},
						"0.4": {
							"post": [0, -0.45, 0.245],
							"lerp_mode": "catmullrom"
						},
						"0.7333": {
							"post": [0, -0.915, 0.24],
							"lerp_mode": "catmullrom"
						},
						"0.8333": {
							"post": [-0.175, -0.75, 0.24],
							"lerp_mode": "catmullrom"
						},
						"1.3": {
							"post": [-0.175, -0.75, 0.24],
							"lerp_mode": "catmullrom"
						},
						"1.4": {
							"post": [0, -0.915, 0.24],
							"lerp_mode": "catmullrom"
						},
						"1.5333": {
							"post": [0, -0.915, 0.24],
							"lerp_mode": "catmullrom"
						},
						"1.8": {
							"post": [0.11, -1.72, 0.24],
							"lerp_mode": "catmullrom"
						},
						"2.1": {
							"post": [-1.39, 2.38, 0.24],
							"lerp_mode": "catmullrom"
						},
						"2.3": {
							"post": [-1.39, 1.98, 0.24],
							"lerp_mode": "catmullrom"
						},
						"2.7": {
							"post": [-1.39, 1.82, 0.24],
							"lerp_mode": "catmullrom"
						},
						"3.3": {
							"post": [-1.39, 1.98, 0.24],
							"lerp_mode": "catmullrom"
						},
						"3.4667": {
							"post": [-1.39, 2.58, 0.24],
							"lerp_mode": "catmullrom"
						},
						"3.6667": {
							"post": [-1.39, 1.08, 0.24],
							"lerp_mode": "catmullrom"
						},
						"3.8667": {
							"post": [-1.39, 0.98, 0.24],
							"lerp_mode": "catmullrom"
						},
						"4.1": {
							"post": [-1.39, 3.48, 0.24],
							"lerp_mode": "catmullrom"
						},
						"4.3333": {
							"post": [-0.99, 3.08, 0.24],
							"lerp_mode": "catmullrom"
						},
						"4.5667": {
							"post": [-0.99, 3.28, 0.24],
							"lerp_mode": "catmullrom"
						},
						"5.3667": {
							"post": [-0.99, 3.28, 0.24],
							"lerp_mode": "catmullrom"
						},
						"5.5667": {
							"post": [-0.51, 0.9, -1.15],
							"lerp_mode": "catmullrom"
						},
						"5.8333": {
							"post": [0.16, -0.53, -2.68],
							"lerp_mode": "catmullrom"
						},
						"6.0333": {
							"post": [0.1, -0.36, 0.98],
							"lerp_mode": "catmullrom"
						},
						"6.1333": {
							"post": [0.07, -0.23, -0.22],
							"lerp_mode": "catmullrom"
						},
						"6.3": {
							"post": [-0.01, 0.02, 0.02],
							"lerp_mode": "catmullrom"
						},
						"6.3333": {
							"post": [0, 0.01, 0.01],
							"lerp_mode": "catmullrom"
						},
						"6.3667": {
							"post": [0, 0, 0],
							"lerp_mode": "catmullrom"
						},
						"6.4": {
							"post": [0, 0, 0],
							"lerp_mode": "catmullrom"
						}
					}
				},
				"cap": {
					"rotation": {
						"0.6667": [0, 0, 0],
						"0.8": [0, 0, -60],
						"1.3333": [0, 0, -60],
						"1.4": [0, 0, 0]
					}
				},
				"chain_anim": {
					"rotation": {
						"0.0": [0, 0, 0],
						"1.3667": [0, 0, 0],
						"1.4333": [0, 0, 7.5],
						"1.5333": [0, 0, 0.5],
						"1.6333": [0, 0, 0],
						"1.7333": [0, 0, 3.25],
						"1.9": [0, 0, 3.25],
						"2.0667": [0, 0, 6],
						"2.1667": [0, 0, 4.25],
						"2.2667": [0, 0, 2.5],
						"2.3667": [0, 0, 0],
						"2.4667": [0, 0, 4],
						"3.4333": [0, 0, 4],
						"3.8": [0, 0, -1],
						"4.1333": [0, 0, -1],
						"4.3333": [0, 0, -6],
						"5.3333": [0, 0, -6],
						"5.6667": [0, 0, 9.25],
						"5.8": [0, 0, 9.25],
						"6.0": [0, 0, 2],
						"6.1": [0, 0, 4.25],
						"6.1667": [0, 0, 3],
						"6.2667": [0, 0, 4],
						"6.4": [0, 0, 0]
					}
				},
				"camera": {
					"rotation": {
						"0.0": {
							"post": [0, 0, 0],
							"lerp_mode": "catmullrom"
						},
						"0.3333": {
							"post": [1.13, -0.31, 1.6],
							"lerp_mode": "catmullrom"
						},
						"0.4667": {
							"post": [1, -0.2, 1.38],
							"lerp_mode": "catmullrom"
						},
						"0.6333": {
							"post": [1, 0, 1.08],
							"lerp_mode": "catmullrom"
						},
						"0.8": {
							"post": [1, 0.485, 1.08],
							"lerp_mode": "catmullrom"
						},
						"1.2667": {
							"post": [1, 0, 0.25],
							"lerp_mode": "catmullrom"
						},
						"1.4333": {
							"post": [1, 0, 1.41],
							"lerp_mode": "catmullrom"
						},
						"1.6": {
							"post": [0.175, 0, 1.41],
							"lerp_mode": "catmullrom"
						},
						"1.7667": {
							"post": [1.67, 0, 2.21],
							"lerp_mode": "catmullrom"
						},
						"2.1333": {
							"post": [-0.63, 0, -0.69],
							"lerp_mode": "catmullrom"
						},
						"2.2667": {
							"post": [-0.43, 0, -0.49],
							"lerp_mode": "catmullrom"
						},
						"3.2333": {
							"post": [-0.43, 0, -0.49],
							"lerp_mode": "catmullrom"
						},
						"3.4": {
							"post": [-0.43, 0, -0.19],
							"lerp_mode": "catmullrom"
						},
						"3.6667": {
							"post": [0.17, 0, -0.19],
							"lerp_mode": "catmullrom"
						},
						"4.0": {
							"post": [-0.53, 0, 0.51],
							"lerp_mode": "catmullrom"
						},
						"4.2": {
							"post": [-0.73, 0, 0.71],
							"lerp_mode": "catmullrom"
						},
						"4.4": {
							"post": [-0.53, 0, 0.51],
							"lerp_mode": "catmullrom"
						},
						"4.6": {
							"post": [-0.63, 0, 0.51],
							"lerp_mode": "catmullrom"
						},
						"5.3333": {
							"post": [-0.63, 0, 0.51],
							"lerp_mode": "catmullrom"
						},
						"5.5333": {
							"post": [0.03, 0.08, -0.78],
							"lerp_mode": "catmullrom"
						},
						"5.7333": {
							"post": [0.3, 0.18, -0.61],
							"lerp_mode": "catmullrom"
						},
						"5.9333": {
							"post": [-0.21, 0.08, 0.21],
							"lerp_mode": "catmullrom"
						},
						"6.0333": {
							"post": [0.29, 0.02, -0.37],
							"lerp_mode": "catmullrom"
						},
						"6.1333": {
							"post": [0.01, 0, 0.3],
							"lerp_mode": "catmullrom"
						},
						"6.3333": {
							"post": [0, 0, 0],
							"lerp_mode": "catmullrom"
						}
					}
				}
			},
			"sound_effects": {
				"0.0": {
					"effect": "tacz:m249/m249_inspect_down"
				},
				"0.2": {
					"effect": "tacz:m249/m249_reload_empty_cover_open"
				},
				"1.2": {
					"effect": "tacz:m249/m249_reload_fast_cover_close"
				},
				"1.7333": {
					"effect": "tacz:m249/m249_draw"
				},
				"3.6333": {
					"effect": "tacz:m249/m249_inspect_empty_fast_mvmnt"
				},
				"5.8": {
					"effect": "tacz:m249/m249_reload_end"
				}
			}
		},
		"inspect_empty": {
			"animation_length": 6.4,
			"bones": {
				"constraint": {
					"rotation": [0.2, 0.2, 0.2],
					"position": [0.2, 0.2, 0.2]
				},
				"lefthand": {
					"rotation": {
						"0.0": [89.58664, -42.11197, 210.47069],
						"0.4": [89.59, -42.11, 210.47],
						"0.6": [144.28073, -0.30416, 120.19507],
						"0.6667": [144.28073, -0.30416, 120.19507],
						"0.7667": [144.58456, -3.35365, 110.67166],
						"0.8": [145.2478, -4.3398, 107.3997],
						"1.3333": [145.2478, -4.3398, 107.3997],
						"1.4333": [144.28073, -0.30416, 120.19507],
						"1.5": [144.28073, -0.30416, 120.19507],
						"1.7": [122.38136, -46.26575, 168.71186],
						"3.4333": [122.38136, -46.26575, 168.71186],
						"3.6": [89.58664, -42.11197, 210.47069]
					},
					"position": {
						"0.0": [6, -16.94, -8.5],
						"0.4": [6, -16.94, -8.5],
						"0.5333": [12, -14.955, -8.5],
						"0.6333": [9.13, -9.94, 0.5],
						"0.7": [9.13, -9.94, 0.5],
						"0.8": [6.13, -5.94, 0.5],
						"1.3333": [6.13, -5.94, 0.5],
						"1.4": [9.13, -9.94, 0.5],
						"1.4667": [9.13, -9.94, 0.5],
						"1.5667": [12.13, -9.94, 0.5],
						"1.7": [9.13, -21.94, 0.5],
						"3.4333": [9.13, -21.94, 0.5],
						"3.6": [6, -16.94, -8.5]
					},
					"scale": [1, 1.5, 1]
				},
				"righthand": {
					"rotation": [92.5, -355, -180],
					"position": [-6.25, -17, 10],
					"scale": [1, 1.5, 1]
				},
				"root": {
					"rotation": {
						"0.0": [0, 0, 0],
						"0.1": [4, 0, 0],
						"0.2667": {
							"pre": [-1.00244, -3.99939, 0.06992],
							"post": [-1.00244, -3.99939, 0.06992],
							"lerp_mode": "catmullrom"
						},
						"0.3667": {
							"post": [-2.13851, -3.92778, 2.07349],
							"lerp_mode": "catmullrom"
						},
						"0.7": {
							"post": [0.86, -3.93, 2.07],
							"lerp_mode": "catmullrom"
						},
						"0.8": {
							"post": [0.96176, -1.91528, 1.1011],
							"lerp_mode": "catmullrom"
						},
						"1.2667": {
							"post": [0.96176, -1.91528, 1.1011],
							"lerp_mode": "catmullrom"
						},
						"1.3667": {
							"post": [0.79118, -3.94441, 3.07226],
							"lerp_mode": "catmullrom"
						},
						"1.5": {
							"post": [0.79118, -3.94441, 3.07226],
							"lerp_mode": "catmullrom"
						},
						"1.7667": {
							"post": [0.5824, -3.97594, 6.07696],
							"lerp_mode": "catmullrom"
						},
						"2.0667": {
							"post": [-7.67019, -3.79611, -4.94392],
							"lerp_mode": "catmullrom"
						},
						"2.2667": {
							"post": [-6.79731, -3.49623, -2.95857],
							"lerp_mode": "catmullrom"
						},
						"2.7": {
							"post": [-6.51859, -3.59406, -3.81537],
							"lerp_mode": "catmullrom"
						},
						"3.2667": {
							"post": [-6.79731, -3.49623, -2.95857],
							"lerp_mode": "catmullrom"
						},
						"3.4333": {
							"post": [-9.8, -3.5, -2.96],
							"lerp_mode": "catmullrom"
						},
						"3.6": {
							"post": [-5.31879, -1.30818, 9.35798],
							"lerp_mode": "catmullrom"
						},
						"3.8667": {
							"post": [-5.9073, -1.55072, 26.98525],
							"lerp_mode": "catmullrom"
						},
						"4.1": {
							"post": [-7.44784, -1.48599, 53.13496],
							"lerp_mode": "catmullrom"
						},
						"4.5667": {
							"post": [-7.39053, 0.235, 50.88863],
							"lerp_mode": "catmullrom"
						},
						"5.3667": {
							"post": [-7.39053, 0.235, 50.88863],
							"lerp_mode": "catmullrom"
						},
						"5.6333": {
							"post": [-2.60194, -1.44344, -3.99297],
							"lerp_mode": "catmullrom"
						},
						"5.8": {
							"post": [-0.25, -0.97, -7.5],
							"lerp_mode": "catmullrom"
						},
						"5.9667": {
							"post": [1.2, 0.12, -2.44],
							"lerp_mode": "catmullrom"
						},
						"6.0667": {
							"post": [0.58, 0.01, 3.52],
							"lerp_mode": "catmullrom"
						},
						"6.1667": {
							"post": [1.03, -0.25, 0.28],
							"lerp_mode": "catmullrom"
						},
						"6.2667": {
							"post": [0, 0, 0.75],
							"lerp_mode": "catmullrom"
						},
						"6.4": {
							"post": [0, 0, 0],
							"lerp_mode": "catmullrom"
						}
					},
					"position": {
						"0.0": [0, 0, 0],
						"0.1333": [0, 0.405, -0.575],
						"0.3": {
							"pre": [0, -0.57, 0.41],
							"post": [0, -0.57, 0.41],
							"lerp_mode": "catmullrom"
						},
						"0.4": {
							"post": [0, -0.45, 0.245],
							"lerp_mode": "catmullrom"
						},
						"0.7333": {
							"post": [0, -0.915, 0.24],
							"lerp_mode": "catmullrom"
						},
						"0.8333": {
							"post": [-0.175, -0.75, 0.24],
							"lerp_mode": "catmullrom"
						},
						"1.3": {
							"post": [-0.175, -0.75, 0.24],
							"lerp_mode": "catmullrom"
						},
						"1.4": {
							"post": [0, -0.915, 0.24],
							"lerp_mode": "catmullrom"
						},
						"1.5333": {
							"post": [0, -0.915, 0.24],
							"lerp_mode": "catmullrom"
						},
						"1.8": {
							"post": [0.11, -1.72, 0.24],
							"lerp_mode": "catmullrom"
						},
						"2.1": {
							"post": [-1.39, 2.38, 0.24],
							"lerp_mode": "catmullrom"
						},
						"2.3": {
							"post": [-1.39, 1.98, 0.24],
							"lerp_mode": "catmullrom"
						},
						"2.7": {
							"post": [-1.39, 1.82, 0.24],
							"lerp_mode": "catmullrom"
						},
						"3.3": {
							"post": [-1.39, 1.98, 0.24],
							"lerp_mode": "catmullrom"
						},
						"3.4667": {
							"post": [-1.39, 2.58, 0.24],
							"lerp_mode": "catmullrom"
						},
						"3.6667": {
							"post": [-1.39, 1.08, 0.24],
							"lerp_mode": "catmullrom"
						},
						"3.8667": {
							"post": [-1.39, 0.98, 0.24],
							"lerp_mode": "catmullrom"
						},
						"4.1": {
							"post": [-1.39, 3.48, 0.24],
							"lerp_mode": "catmullrom"
						},
						"4.3333": {
							"post": [-0.99, 3.08, 0.24],
							"lerp_mode": "catmullrom"
						},
						"4.5667": {
							"post": [-0.99, 3.28, 0.24],
							"lerp_mode": "catmullrom"
						},
						"5.3667": {
							"post": [-0.99, 3.28, 0.24],
							"lerp_mode": "catmullrom"
						},
						"5.5667": {
							"post": [-0.51, 0.9, -1.15],
							"lerp_mode": "catmullrom"
						},
						"5.8333": {
							"post": [0.16, -0.53, -2.68],
							"lerp_mode": "catmullrom"
						},
						"6.0333": {
							"post": [0.1, -0.36, 0.98],
							"lerp_mode": "catmullrom"
						},
						"6.1333": {
							"post": [0.07, -0.23, -0.22],
							"lerp_mode": "catmullrom"
						},
						"6.3": {
							"post": [-0.01, 0.02, 0.02],
							"lerp_mode": "catmullrom"
						},
						"6.3333": {
							"post": [0, 0.01, 0.01],
							"lerp_mode": "catmullrom"
						},
						"6.3667": {
							"post": [0, 0, 0],
							"lerp_mode": "catmullrom"
						},
						"6.4": {
							"post": [0, 0, 0],
							"lerp_mode": "catmullrom"
						}
					}
				},
				"cap": {
					"rotation": {
						"0.6667": [0, 0, 0],
						"0.8": [0, 0, -60],
						"1.3333": [0, 0, -60],
						"1.4": [0, 0, 0]
					}
				},
				"bone": {
					"rotation": [0, 0, -115]
				},
				"chain_anim": {
					"scale": 0
				},
				"camera": {
					"rotation": {
						"0.0": {
							"post": [0, 0, 0],
							"lerp_mode": "catmullrom"
						},
						"0.3333": {
							"post": [1.13, -0.31, 1.6],
							"lerp_mode": "catmullrom"
						},
						"0.4667": {
							"post": [1, -0.2, 1.38],
							"lerp_mode": "catmullrom"
						},
						"0.6333": {
							"post": [1, 0, 1.08],
							"lerp_mode": "catmullrom"
						},
						"0.8": {
							"post": [1, 0.485, 1.08],
							"lerp_mode": "catmullrom"
						},
						"1.2667": {
							"post": [1, 0, 0.25],
							"lerp_mode": "catmullrom"
						},
						"1.4333": {
							"post": [1, 0, 1.41],
							"lerp_mode": "catmullrom"
						},
						"1.6": {
							"post": [0.175, 0, 1.41],
							"lerp_mode": "catmullrom"
						},
						"1.7667": {
							"post": [1.67, 0, 2.21],
							"lerp_mode": "catmullrom"
						},
						"2.1333": {
							"post": [-0.63, 0, -0.69],
							"lerp_mode": "catmullrom"
						},
						"2.2667": {
							"post": [-0.43, 0, -0.49],
							"lerp_mode": "catmullrom"
						},
						"3.2333": {
							"post": [-0.43, 0, -0.49],
							"lerp_mode": "catmullrom"
						},
						"3.4": {
							"post": [-0.43, 0, -0.19],
							"lerp_mode": "catmullrom"
						},
						"3.6667": {
							"post": [0.17, 0, -0.19],
							"lerp_mode": "catmullrom"
						},
						"4.0": {
							"post": [-0.53, 0, 0.51],
							"lerp_mode": "catmullrom"
						},
						"4.2": {
							"post": [-0.73, 0, 0.71],
							"lerp_mode": "catmullrom"
						},
						"4.4": {
							"post": [-0.53, 0, 0.51],
							"lerp_mode": "catmullrom"
						},
						"4.6": {
							"post": [-0.63, 0, 0.51],
							"lerp_mode": "catmullrom"
						},
						"5.3333": {
							"post": [-0.63, 0, 0.51],
							"lerp_mode": "catmullrom"
						},
						"5.5333": {
							"post": [0.03, 0.08, -0.78],
							"lerp_mode": "catmullrom"
						},
						"5.7333": {
							"post": [0.3, 0.18, -0.61],
							"lerp_mode": "catmullrom"
						},
						"5.9333": {
							"post": [-0.21, 0.08, 0.21],
							"lerp_mode": "catmullrom"
						},
						"6.0333": {
							"post": [0.29, 0.02, -0.37],
							"lerp_mode": "catmullrom"
						},
						"6.1333": {
							"post": [0.01, 0, 0.3],
							"lerp_mode": "catmullrom"
						},
						"6.3333": {
							"post": [0, 0, 0],
							"lerp_mode": "catmullrom"
						}
					}
				}
			},
			"sound_effects": {
				"0.0": {
					"effect": "tacz:m249/m249_inspect_down"
				},
				"0.2": {
					"effect": "tacz:m249/m249_reload_empty_cover_open"
				},
				"1.2": {
					"effect": "tacz:m249/m249_reload_fast_cover_close"
				},
				"1.7333": {
					"effect": "tacz:m249/m249_draw"
				},
				"3.6333": {
					"effect": "tacz:m249/m249_inspect_empty_fast_mvmnt"
				},
				"5.8": {
					"effect": "tacz:m249/m249_reload_end"
				}
			}
		}
	}
}