{
	"format_version": "1.12.0",
	"minecraft:geometry": [
		{
			"description": {
				"identifier": "geometry.unknown",
				"texture_width": 64,
				"texture_height": 64,
				"visible_bounds_width": 2,
				"visible_bounds_height": 1.5,
				"visible_bounds_offset": [0, 0.25, 0]
			},
			"bones": [
				{
					"name": "T64bayonet",
					"pivot": [0, -0.875, 24]
				},
				{
					"name": "blade",
					"parent": "T64bayonet",
					"pivot": [0, 2.20313, 21.625],
					"cubes": [
						{
							"origin": [-0.125, -2.57812, -1.1875],
							"size": [0.25, 1.4375, 1.5625],
							"inflate": -0.0001,
							"uv": {
								"north": {"uv": [6, 27], "uv_size": [0.5, 1.5]},
								"east": {"uv": [20, 2], "uv_size": [1.5, 1.5]},
								"south": {"uv": [27, 6], "uv_size": [0.5, 1.5]},
								"west": {"uv": [8, 20], "uv_size": [1.5, 1.5]},
								"up": {"uv": [8, 27], "uv_size": [0.5, 1.5]},
								"down": {"uv": [27, 10.5], "uv_size": [0.5, -1.5]}
							}
						},
						{
							"origin": [-0.125, -1.45312, -10.42],
							"size": [0.25, 0.3125, 9.2325],
							"uv": {
								"north": {"uv": [33, 27], "uv_size": [0.5, 0.5]},
								"east": {"uv": [0, 4], "uv_size": [9, 0.5]},
								"south": {"uv": [28, 33], "uv_size": [0.5, 0.5]},
								"west": {"uv": [0, 6], "uv_size": [9, 0.5]},
								"up": {"uv": [0, 8], "uv_size": [0.5, 9]},
								"down": {"uv": [2, 17], "uv_size": [0.5, -9]}
							}
						},
						{
							"origin": [-0.0625, -1.82812, -10.42],
							"size": [0.125, 0.375, 9.2325],
							"uv": {
								"north": {"uv": [30, 33], "uv_size": [0.5, 0.5]},
								"east": {"uv": [4, 8], "uv_size": [9, 0.5]},
								"south": {"uv": [0, 34], "uv_size": [0.5, 0.5]},
								"west": {"uv": [10, 0], "uv_size": [9, 0.5]},
								"up": {"uv": [4, 10], "uv_size": [0.5, 9]},
								"down": {"uv": [6, 19], "uv_size": [0.5, -9]}
							}
						},
						{
							"origin": [-0.125, -2.57812, -10.42],
							"size": [0.25, 0.75, 9.2325],
							"uv": {
								"north": {"uv": [14, 29], "uv_size": [0.5, 1]},
								"east": {"uv": [0, 0], "uv_size": [9, 1]},
								"south": {"uv": [29, 14], "uv_size": [0.5, 1]},
								"west": {"uv": [0, 2], "uv_size": [9, 1]},
								"up": {"uv": [8, 10], "uv_size": [0.5, 9]},
								"down": {"uv": [10, 19], "uv_size": [0.5, -9]}
							}
						},
						{
							"origin": [-0.15468, -2.63905, -10.42],
							"size": [0.17678, 0.17678, 9.2325],
							"pivot": [0, -2.48437, -5.80375],
							"rotation": [0, 0, -45],
							"uv": {
								"north": {"uv": [34, 0], "uv_size": [0.5, 0.5]},
								"east": {"uv": [10, 2], "uv_size": [9, 0.5]},
								"south": {"uv": [2, 34], "uv_size": [0.5, 0.5]},
								"west": {"uv": [10, 4], "uv_size": [9, 0.5]},
								"up": {"uv": [12, 10], "uv_size": [0.5, 9]},
								"down": {"uv": [14, 15], "uv_size": [0.5, -9]}
							}
						},
						{
							"origin": [-0.125, -1.89062, -12.5275],
							"size": [0.25, 0.6875, 2.1075],
							"pivot": [0.125, -1.14062, -10.42],
							"rotation": [11.5, 0, 0],
							"uv": {
								"north": {"uv": [4, 34], "uv_size": [0.5, 0.5]},
								"east": {"uv": [25, 2], "uv_size": [2, 0.5]},
								"south": {"uv": [6, 34], "uv_size": [0.5, 0.5]},
								"west": {"uv": [25, 4], "uv_size": [2, 0.5]},
								"up": {"uv": [25, 6], "uv_size": [0.5, 2]},
								"down": {"uv": [25, 11], "uv_size": [0.5, -2]}
							}
						},
						{
							"origin": [-0.04419, -1.48329, -12.50635],
							"size": [0.17678, 0.17678, 2.1075],
							"pivot": [0, -1.35071, -11.4526],
							"rotation": [8.18655, -8.10424, 44.41907],
							"uv": {
								"north": {"uv": [8, 34], "uv_size": [0.5, 0.5]},
								"east": {"uv": [10, 25], "uv_size": [2, 0.5]},
								"south": {"uv": [34, 8], "uv_size": [0.5, 0.5]},
								"west": {"uv": [25, 12], "uv_size": [2, 0.5]},
								"up": {"uv": [25, 14], "uv_size": [0.5, 2]},
								"down": {"uv": [17, 27], "uv_size": [0.5, -2]}
							}
						},
						{
							"origin": [-0.125, -1.81079, -13.40519],
							"size": [0.25, 0.1875, 0.92],
							"pivot": [0.125, -1.56079, -12.48519],
							"rotation": [16.5, 0, 0],
							"uv": {
								"north": {"uv": [10, 34], "uv_size": [0.5, 0.5]},
								"east": {"uv": [29, 16], "uv_size": [1, 0.5]},
								"south": {"uv": [12, 34], "uv_size": [0.5, 0.5]},
								"west": {"uv": [18, 29], "uv_size": [1, 0.5]},
								"up": {"uv": [29, 18], "uv_size": [0.5, 1]},
								"down": {"uv": [20, 30], "uv_size": [0.5, -1]}
							}
						},
						{
							"origin": [-0.17678, -1.87122, -13.333],
							"size": [0.17678, 0.17678, 0.92],
							"pivot": [0, -1.87122, -12.873],
							"rotation": [11.82985, -11.58545, 43.79565],
							"uv": {
								"north": {"uv": [34, 18], "uv_size": [0.5, 0.5]},
								"east": {"uv": [22, 29], "uv_size": [1, 0.5]},
								"south": {"uv": [24, 34], "uv_size": [0.5, 0.5]},
								"west": {"uv": [29, 27], "uv_size": [1, 0.5]},
								"up": {"uv": [29, 29], "uv_size": [0.5, 1]},
								"down": {"uv": [0, 31], "uv_size": [0.5, -1]}
							}
						},
						{
							"origin": [-0.125, -2.40766, -13.36017],
							"size": [0.25, 0.3125, 0.7325],
							"pivot": [0.125, -2.40766, -12.62767],
							"rotation": [-16, 0, 0],
							"uv": {
								"north": {"uv": [26, 34], "uv_size": [0.5, 0.5]},
								"east": {"uv": [34, 29], "uv_size": [0.5, 0.5]},
								"south": {"uv": [34, 31], "uv_size": [0.5, 0.5]},
								"west": {"uv": [32, 34], "uv_size": [0.5, 0.5]},
								"up": {"uv": [34, 33], "uv_size": [0.5, 0.5]},
								"down": {"uv": [35, 2.5], "uv_size": [0.5, -0.5]}
							}
						},
						{
							"origin": [-0.04419, -2.41098, -13.36321],
							"size": [0.17678, 0.17678, 0.7325],
							"pivot": [0, -2.36679, -12.99696],
							"rotation": [-11.46188, -11.23918, -43.86846],
							"uv": {
								"north": {"uv": [35, 4], "uv_size": [0.5, 0.5]},
								"east": {"uv": [35, 6], "uv_size": [0.5, 0.5]},
								"south": {"uv": [35, 10], "uv_size": [0.5, 0.5]},
								"west": {"uv": [35, 12], "uv_size": [0.5, 0.5]},
								"up": {"uv": [14, 35], "uv_size": [0.5, 0.5]},
								"down": {"uv": [35, 14.5], "uv_size": [0.5, -0.5]}
							}
						},
						{
							"origin": [-0.03752, -2.31723, -13.44134],
							"size": [0.17678, 0.17678, 0.12313],
							"pivot": [0.00668, -2.27304, -13.34071],
							"rotation": [-41.92992, -31.76161, -32.44416],
							"uv": {
								"north": {"uv": [16, 35], "uv_size": [0.5, 0.5]},
								"east": {"uv": [35, 16], "uv_size": [0.5, 0.5]},
								"south": {"uv": [18, 35], "uv_size": [0.5, 0.5]},
								"west": {"uv": [20, 35], "uv_size": [0.5, 0.5]},
								"up": {"uv": [35, 20], "uv_size": [0.5, 0.5]},
								"down": {"uv": [22, 35.5], "uv_size": [0.5, -0.5]}
							}
						},
						{
							"origin": [-0.07094, -1.84848, -13.51946],
							"size": [0.16115, 0.11428, 0.13875],
							"pivot": [-0.01112, -1.86679, -13.41884],
							"rotation": [-118.2189, -28.50198, 138.15661],
							"uv": {
								"north": {"uv": [35, 22], "uv_size": [0.5, 0.5]},
								"east": {"uv": [35, 24], "uv_size": [0.5, 0.5]},
								"south": {"uv": [35, 26], "uv_size": [0.5, 0.5]},
								"west": {"uv": [28, 35], "uv_size": [0.5, 0.5]},
								"up": {"uv": [30, 35], "uv_size": [0.5, 0.5]},
								"down": {"uv": [34, 35.5], "uv_size": [0.5, -0.5]}
							}
						},
						{
							"origin": [-0.125, -2.40766, -12.62767],
							"size": [0.25, 0.375, 1.045],
							"pivot": [0.125, -2.40766, -12.62767],
							"rotation": [-6, 0, 0],
							"uv": {
								"north": {"uv": [0, 36], "uv_size": [0.5, 0.5]},
								"east": {"uv": [5, 30], "uv_size": [1, 0.5]},
								"south": {"uv": [36, 0], "uv_size": [0.5, 0.5]},
								"west": {"uv": [7, 30], "uv_size": [1, 0.5]},
								"up": {"uv": [30, 20], "uv_size": [0.5, 1]},
								"down": {"uv": [24, 31], "uv_size": [0.5, -1]}
							}
						},
						{
							"origin": [-0.04419, -2.56863, -12.63707],
							"size": [0.17678, 0.17678, 1.045],
							"pivot": [0, -2.52443, -12.11457],
							"rotation": [-4.2504, -4.23876, -44.84263],
							"uv": {
								"north": {"uv": [2, 36], "uv_size": [0.5, 0.5]},
								"east": {"uv": [26, 30], "uv_size": [1, 0.5]},
								"south": {"uv": [4, 36], "uv_size": [0.5, 0.5]},
								"west": {"uv": [31, 2], "uv_size": [1, 0.5]},
								"up": {"uv": [31, 4], "uv_size": [0.5, 1]},
								"down": {"uv": [31, 7], "uv_size": [0.5, -1]}
							}
						},
						{
							"origin": [-0.125, -2.51689, -11.5884],
							"size": [0.25, 0.6875, 1.17],
							"pivot": [0.125, -2.51689, -11.5884],
							"rotation": [-3, 0, 0],
							"uv": {
								"north": {"uv": [6, 36], "uv_size": [0.5, 0.5]},
								"east": {"uv": [31, 11], "uv_size": [1, 0.5]},
								"south": {"uv": [8, 36], "uv_size": [0.5, 0.5]},
								"west": {"uv": [31, 13], "uv_size": [1, 0.5]},
								"up": {"uv": [14, 31], "uv_size": [0.5, 1]},
								"down": {"uv": [31, 16], "uv_size": [0.5, -1]}
							}
						},
						{
							"origin": [-0.0221, -2.66323, -11.5941],
							"size": [0.17678, 0.17678, 1.17],
							"pivot": [0, -2.64113, -11.0091],
							"rotation": [-2.12229, -2.12084, -44.96071],
							"uv": {
								"north": {"uv": [36, 8], "uv_size": [0.5, 0.5]},
								"east": {"uv": [16, 31], "uv_size": [1, 0.5]},
								"south": {"uv": [10, 36], "uv_size": [0.5, 0.5]},
								"west": {"uv": [31, 17], "uv_size": [1, 0.5]},
								"up": {"uv": [18, 31], "uv_size": [0.5, 1]},
								"down": {"uv": [20, 32], "uv_size": [0.5, -1]}
							}
						},
						{
							"origin": [-0.125, -2.20739, -13.36873],
							"size": [0.25, 0.38531, 0.98393],
							"pivot": [0.125, -1.82209, -13.36731],
							"rotation": [5.5, 0, 0],
							"uv": {
								"north": {"uv": [12, 36], "uv_size": [0.5, 0.5]},
								"east": {"uv": [22, 31], "uv_size": [1, 0.5]},
								"south": {"uv": [36, 18], "uv_size": [0.5, 0.5]},
								"west": {"uv": [31, 22], "uv_size": [1, 0.5]},
								"up": {"uv": [31, 24], "uv_size": [0.5, 1]},
								"down": {"uv": [31, 27], "uv_size": [0.5, -1]}
							}
						},
						{
							"origin": [-0.19319, -2.19244, -13.39592],
							"size": [0.17678, 0.38531, 0.17678],
							"pivot": [0, -1.99978, -13.20273],
							"rotation": [7.75446, -44.73683, -5.47483],
							"uv": {
								"north": {"uv": [24, 36], "uv_size": [0.5, 0.5]},
								"east": {"uv": [26, 36], "uv_size": [0.5, 0.5]},
								"south": {"uv": [36, 28], "uv_size": [0.5, 0.5]},
								"west": {"uv": [36, 30], "uv_size": [0.5, 0.5]},
								"up": {"uv": [32, 36], "uv_size": [0.5, 0.5]},
								"down": {"uv": [36, 32.5], "uv_size": [0.5, -0.5]}
							}
						}
					]
				},
				{
					"name": "grips",
					"parent": "T64bayonet",
					"pivot": [0, 2.20313, 21.625],
					"cubes": [
						{
							"origin": [-0.375, -2.20312, 0.1875],
							"size": [0.75, 1, 3.5],
							"uv": {
								"north": {"uv": [21, 17], "uv_size": [1, 1]},
								"east": {"uv": [16, 6], "uv_size": [3.5, 1]},
								"south": {"uv": [25, 17], "uv_size": [1, 1]},
								"west": {"uv": [16, 8], "uv_size": [3.5, 1]},
								"up": {"uv": [16, 10], "uv_size": [1, 3.5]},
								"down": {"uv": [14, 19.5], "uv_size": [1, -3.5]}
							}
						},
						{
							"origin": [-0.25, -2.14062, 0.1875],
							"size": [0.5, 1, 3.5],
							"uv": {
								"north": {"uv": [28, 31], "uv_size": [0.5, 1]},
								"east": {"uv": [16, 15], "uv_size": [3.5, 1]},
								"south": {"uv": [31, 28], "uv_size": [0.5, 1]},
								"west": {"uv": [16, 17], "uv_size": [3.5, 1]},
								"up": {"uv": [11, 20], "uv_size": [0.5, 3.5]},
								"down": {"uv": [21, 8.5], "uv_size": [0.5, -3.5]}
							}
						},
						{
							"origin": [-0.375, -2.20312, 3.6875],
							"size": [0.75, 0.8125, 1.6875],
							"uv": {
								"north": {"uv": [19, 25], "uv_size": [1, 1]},
								"east": {"uv": [10, 6], "uv_size": [1.5, 1]},
								"south": {"uv": [25, 19], "uv_size": [1, 1]},
								"west": {"uv": [13, 21], "uv_size": [1.5, 1]},
								"up": {"uv": [21, 14], "uv_size": [1, 1.5]},
								"down": {"uv": [16, 22.5], "uv_size": [1, -1.5]}
							}
						},
						{
							"origin": [0.1875, -1.20312, 3.6875],
							"size": [0.0625, 0.0625, 1.6875],
							"uv": {
								"north": {"uv": [36, 34], "uv_size": [0.5, 0.5]},
								"east": {"uv": [10, 27], "uv_size": [1.5, 0.5]},
								"south": {"uv": [36, 36], "uv_size": [0.5, 0.5]},
								"west": {"uv": [13, 27], "uv_size": [1.5, 0.5]},
								"up": {"uv": [27, 14], "uv_size": [0.5, 1.5]},
								"down": {"uv": [27, 18.5], "uv_size": [0.5, -1.5]}
							}
						},
						{
							"origin": [0.1875, -1.39062, 3.6875],
							"size": [0.1875, 0.1875, 1.6875],
							"uv": {
								"north": {"uv": [37, 2], "uv_size": [0.5, 0.5]},
								"east": {"uv": [19, 27], "uv_size": [1.5, 0.5]},
								"south": {"uv": [37, 4], "uv_size": [0.5, 0.5]},
								"west": {"uv": [22, 27], "uv_size": [1.5, 0.5]},
								"up": {"uv": [25, 27], "uv_size": [0.5, 1.5]},
								"down": {"uv": [27, 28.5], "uv_size": [0.5, -1.5]}
							}
						},
						{
							"origin": [-0.4375, -3.32812, -0.1875],
							"size": [0.3125, 2.9375, 0.375],
							"uv": {
								"north": {"uv": [18, 21], "uv_size": [0.5, 3]},
								"east": {"uv": [20, 21], "uv_size": [0.5, 3]},
								"south": {"uv": [22, 21], "uv_size": [0.5, 3]},
								"west": {"uv": [23, 2], "uv_size": [0.5, 3]},
								"up": {"uv": [37, 6], "uv_size": [0.5, 0.5]},
								"down": {"uv": [37, 10.5], "uv_size": [0.5, -0.5]}
							}
						},
						{
							"origin": [-0.125, -0.82812, -0.1875],
							"size": [0.25, 0.375, 0.375],
							"uv": {
								"north": {"uv": [37, 12], "uv_size": [0.5, 0.5]},
								"east": {"uv": [14, 37], "uv_size": [0.5, 0.5]},
								"south": {"uv": [37, 14], "uv_size": [0.5, 0.5]},
								"west": {"uv": [16, 37], "uv_size": [0.5, 0.5]},
								"up": {"uv": [37, 16], "uv_size": [0.5, 0.5]},
								"down": {"uv": [18, 37.5], "uv_size": [0.5, -0.5]}
							}
						},
						{
							"origin": [-0.125, -3.51562, -0.1875],
							"size": [0.25, 0.5625, 0.375],
							"uv": {
								"north": {"uv": [20, 37], "uv_size": [0.5, 0.5]},
								"east": {"uv": [37, 20], "uv_size": [0.5, 0.5]},
								"south": {"uv": [22, 37], "uv_size": [0.5, 0.5]},
								"west": {"uv": [37, 22], "uv_size": [0.5, 0.5]},
								"up": {"uv": [37, 24], "uv_size": [0.5, 0.5]},
								"down": {"uv": [37, 26.5], "uv_size": [0.5, -0.5]}
							}
						},
						{
							"origin": [0.07307, -3.32789, -0.1875],
							"size": [0.36443, 0.20889, 0.375],
							"pivot": [0.4375, -3.32813, -0.1875],
							"rotation": [0, 0, -31],
							"uv": {
								"north": {"uv": [28, 37], "uv_size": [0.5, 0.5]},
								"east": {"uv": [30, 37], "uv_size": [0.5, 0.5]},
								"south": {"uv": [34, 37], "uv_size": [0.5, 0.5]},
								"west": {"uv": [0, 38], "uv_size": [0.5, 0.5]},
								"up": {"uv": [38, 0], "uv_size": [0.5, 0.5]},
								"down": {"uv": [2, 38.5], "uv_size": [0.5, -0.5]}
							}
						},
						{
							"origin": [-0.4375, -3.32789, -0.1875],
							"size": [0.36443, 0.20889, 0.375],
							"pivot": [-0.4375, -3.32813, -0.1875],
							"rotation": [0, 0, 31],
							"uv": {
								"north": {"uv": [4, 38], "uv_size": [0.5, 0.5]},
								"east": {"uv": [6, 38], "uv_size": [0.5, 0.5]},
								"south": {"uv": [8, 38], "uv_size": [0.5, 0.5]},
								"west": {"uv": [38, 8], "uv_size": [0.5, 0.5]},
								"up": {"uv": [10, 38], "uv_size": [0.5, 0.5]},
								"down": {"uv": [12, 38.5], "uv_size": [0.5, -0.5]}
							}
						},
						{
							"origin": [0.125, -3.32812, -0.1875],
							"size": [0.3125, 2.9375, 0.375],
							"uv": {
								"north": {"uv": [23, 6], "uv_size": [0.5, 3]},
								"east": {"uv": [8, 23], "uv_size": [0.5, 3]},
								"south": {"uv": [13, 23], "uv_size": [0.5, 3]},
								"west": {"uv": [23, 14], "uv_size": [0.5, 3]},
								"up": {"uv": [38, 18], "uv_size": [0.5, 0.5]},
								"down": {"uv": [24, 38.5], "uv_size": [0.5, -0.5]}
							}
						},
						{
							"origin": [-0.5006, -0.76955, -0.1875],
							"size": [0.1881, 0.56244, 0.375],
							"pivot": [-0.5, -0.20711, -0.1875],
							"rotation": [0, 0, -7.25],
							"uv": {
								"north": {"uv": [26, 38], "uv_size": [0.5, 0.5]},
								"east": {"uv": [38, 28], "uv_size": [0.5, 0.5]},
								"south": {"uv": [38, 30], "uv_size": [0.5, 0.5]},
								"west": {"uv": [32, 38], "uv_size": [0.5, 0.5]},
								"up": {"uv": [38, 32], "uv_size": [0.5, 0.5]},
								"down": {"uv": [38, 34.5], "uv_size": [0.5, -0.5]}
							}
						},
						{
							"origin": [0.3125, -0.76955, -0.1875],
							"size": [0.1881, 0.56244, 0.375],
							"pivot": [0.5, -0.20711, -0.1875],
							"rotation": [0, 0, 7.25],
							"uv": {
								"north": {"uv": [36, 38], "uv_size": [0.5, 0.5]},
								"east": {"uv": [38, 36], "uv_size": [0.5, 0.5]},
								"south": {"uv": [38, 38], "uv_size": [0.5, 0.5]},
								"west": {"uv": [39, 2], "uv_size": [0.5, 0.5]},
								"up": {"uv": [39, 4], "uv_size": [0.5, 0.5]},
								"down": {"uv": [39, 6.5], "uv_size": [0.5, -0.5]}
							}
						},
						{
							"origin": [-0.375, -2.57812, 2.5],
							"size": [0.75, 0.375, 1.4375],
							"uv": {
								"north": {"uv": [30, 31], "uv_size": [1, 0.5]},
								"east": {"uv": [0, 28], "uv_size": [1.5, 0.5]},
								"south": {"uv": [0, 32], "uv_size": [1, 0.5]},
								"west": {"uv": [28, 2], "uv_size": [1.5, 0.5]},
								"up": {"uv": [23, 18], "uv_size": [1, 1.5]},
								"down": {"uv": [15, 25.5], "uv_size": [1, -1.5]}
							}
						},
						{
							"origin": [-0.375, -2.57812, 3.9375],
							"size": [0.75, 0.375, 1.0625],
							"pivot": [0.25, -2.57812, 3.9375],
							"rotation": [6, 0, 0],
							"uv": {
								"north": {"uv": [32, 0], "uv_size": [1, 0.5]},
								"east": {"uv": [2, 32], "uv_size": [1, 0.5]},
								"south": {"uv": [4, 32], "uv_size": [1, 0.5]},
								"west": {"uv": [6, 32], "uv_size": [1, 0.5]},
								"up": {"uv": [21, 25], "uv_size": [1, 1]},
								"down": {"uv": [26, 22], "uv_size": [1, -1]}
							}
						},
						{
							"origin": [-0.375, -2.46706, 1.44332],
							"size": [0.75, 0.375, 1.0625],
							"pivot": [0.25, -2.46706, 1.44332],
							"rotation": [-6, 0, 0],
							"uv": {
								"north": {"uv": [8, 32], "uv_size": [1, 0.5]},
								"east": {"uv": [32, 8], "uv_size": [1, 0.5]},
								"south": {"uv": [10, 32], "uv_size": [1, 0.5]},
								"west": {"uv": [12, 32], "uv_size": [1, 0.5]},
								"up": {"uv": [26, 23], "uv_size": [1, 1]},
								"down": {"uv": [26, 26], "uv_size": [1, -1]}
							}
						},
						{
							"origin": [-0.375, -2.46706, 0.19332],
							"size": [0.75, 0.375, 1.3125],
							"uv": {
								"north": {"uv": [32, 19], "uv_size": [1, 0.5]},
								"east": {"uv": [28, 4], "uv_size": [1.5, 0.5]},
								"south": {"uv": [24, 32], "uv_size": [1, 0.5]},
								"west": {"uv": [28, 12], "uv_size": [1.5, 0.5]},
								"up": {"uv": [24, 21], "uv_size": [1, 1.5]},
								"down": {"uv": [24, 25.5], "uv_size": [1, -1.5]}
							}
						},
						{
							"origin": [-0.1875, -2.65456, 0.38082],
							"size": [0.375, 0.1875, 0.8125],
							"uv": {
								"north": {"uv": [39, 10], "uv_size": [0.5, 0.5]},
								"east": {"uv": [26, 32], "uv_size": [1, 0.5]},
								"south": {"uv": [39, 12], "uv_size": [0.5, 0.5]},
								"west": {"uv": [32, 30], "uv_size": [1, 0.5]},
								"up": {"uv": [32, 32], "uv_size": [0.5, 1]},
								"down": {"uv": [33, 3], "uv_size": [0.5, -1]}
							}
						},
						{
							"origin": [-0.0625, -2.63894, -0.18168],
							"size": [0.125, 0.1875, 0.5625],
							"uv": {
								"north": {"uv": [14, 39], "uv_size": [0.5, 0.5]},
								"east": {"uv": [39, 14], "uv_size": [0.5, 0.5]},
								"south": {"uv": [16, 39], "uv_size": [0.5, 0.5]},
								"west": {"uv": [39, 16], "uv_size": [0.5, 0.5]},
								"up": {"uv": [18, 39], "uv_size": [0.5, 0.5]},
								"down": {"uv": [20, 39.5], "uv_size": [0.5, -0.5]}
							}
						},
						{
							"origin": [-0.0625, -2.70144, 0.00582],
							"size": [0.125, 0.0625, -0.125],
							"uv": {
								"north": {"uv": [39, 20], "uv_size": [0.5, 0.5]},
								"east": {"uv": [22, 39], "uv_size": [0.5, 0.5]},
								"south": {"uv": [39, 22], "uv_size": [0.5, 0.5]},
								"west": {"uv": [39, 24], "uv_size": [0.5, 0.5]},
								"up": {"uv": [39, 26], "uv_size": [0.5, 0.5]},
								"down": {"uv": [28, 39.5], "uv_size": [0.5, -0.5]}
							}
						},
						{
							"origin": [-0.0625, -2.67019, -0.08035],
							"size": [0.125, 0.0625, -0.08839],
							"pivot": [0, -2.63894, -0.13749],
							"rotation": [-45, 0, 0],
							"uv": {
								"north": {"uv": [30, 39], "uv_size": [0.5, 0.5]},
								"east": {"uv": [34, 39], "uv_size": [0.5, 0.5]},
								"south": {"uv": [0, 40], "uv_size": [0.5, 0.5]},
								"west": {"uv": [40, 0], "uv_size": [0.5, 0.5]},
								"up": {"uv": [2, 40], "uv_size": [0.5, 0.5]},
								"down": {"uv": [4, 40.5], "uv_size": [0.5, -0.5]}
							}
						},
						{
							"origin": [-0.375, -2.89062, 5.375],
							"size": [0.75, 1.5, 0.5625],
							"uv": {
								"north": {"uv": [0, 25], "uv_size": [1, 1.5]},
								"east": {"uv": [16, 28], "uv_size": [0.5, 1.5]},
								"south": {"uv": [2, 25], "uv_size": [1, 1.5]},
								"west": {"uv": [28, 20], "uv_size": [0.5, 1.5]},
								"up": {"uv": [33, 4], "uv_size": [1, 0.5]},
								"down": {"uv": [33, 6.5], "uv_size": [1, -0.5]}
							}
						},
						{
							"origin": [0.1875, -1.39062, 5.375],
							"size": [0.0625, 0.25, 0.5625],
							"uv": {
								"north": {"uv": [6, 40], "uv_size": [0.5, 0.5]},
								"east": {"uv": [8, 40], "uv_size": [0.5, 0.5]},
								"south": {"uv": [40, 8], "uv_size": [0.5, 0.5]},
								"west": {"uv": [10, 40], "uv_size": [0.5, 0.5]},
								"up": {"uv": [12, 40], "uv_size": [0.5, 0.5]},
								"down": {"uv": [40, 18.5], "uv_size": [0.5, -0.5]}
							}
						},
						{
							"origin": [0.25, -1.20312, 0.1875],
							"size": [0.13975, 0.0625, 5.75],
							"pivot": [0.25, -1.14062, 5.9375],
							"rotation": [0, 0, 26.5],
							"uv": {
								"north": {"uv": [24, 40], "uv_size": [0.5, 0.5]},
								"east": {"uv": [18, 10], "uv_size": [5.5, 0.5]},
								"south": {"uv": [26, 40], "uv_size": [0.5, 0.5]},
								"west": {"uv": [18, 12], "uv_size": [5.5, 0.5]},
								"up": {"uv": [0, 18], "uv_size": [0.5, 5.5]},
								"down": {"uv": [2, 23.5], "uv_size": [0.5, -5.5]}
							}
						},
						{
							"origin": [-0.38975, -1.20312, 0.1875],
							"size": [0.13975, 0.0625, 5.75],
							"pivot": [-0.25, -1.14062, 5.9375],
							"rotation": [0, 0, -26.5],
							"uv": {
								"north": {"uv": [40, 28], "uv_size": [0.5, 0.5]},
								"east": {"uv": [16, 19], "uv_size": [5.5, 0.5]},
								"south": {"uv": [40, 30], "uv_size": [0.5, 0.5]},
								"west": {"uv": [20, 0], "uv_size": [5.5, 0.5]},
								"up": {"uv": [4, 20], "uv_size": [0.5, 5.5]},
								"down": {"uv": [6, 25.5], "uv_size": [0.5, -5.5]}
							}
						},
						{
							"origin": [0.25, -1.39062, 5.375],
							"size": [0.125, 0.1875, 0.5625],
							"uv": {
								"north": {"uv": [32, 40], "uv_size": [0.5, 0.5]},
								"east": {"uv": [40, 32], "uv_size": [0.5, 0.5]},
								"south": {"uv": [40, 34], "uv_size": [0.5, 0.5]},
								"west": {"uv": [36, 40], "uv_size": [0.5, 0.5]},
								"up": {"uv": [40, 36], "uv_size": [0.5, 0.5]},
								"down": {"uv": [38, 40.5], "uv_size": [0.5, -0.5]}
							}
						},
						{
							"origin": [-0.375, -1.39062, 5.375],
							"size": [0.125, 0.1875, 0.5625],
							"uv": {
								"north": {"uv": [40, 38], "uv_size": [0.5, 0.5]},
								"east": {"uv": [40, 40], "uv_size": [0.5, 0.5]},
								"south": {"uv": [41, 2], "uv_size": [0.5, 0.5]},
								"west": {"uv": [41, 4], "uv_size": [0.5, 0.5]},
								"up": {"uv": [41, 6], "uv_size": [0.5, 0.5]},
								"down": {"uv": [41, 10.5], "uv_size": [0.5, -0.5]}
							}
						},
						{
							"origin": [-0.15625, -1.39062, 4.25],
							"size": [0.375, 0.0625, 0.5625],
							"uv": {
								"north": {"uv": [41, 12], "uv_size": [0.5, 0.5]},
								"east": {"uv": [14, 41], "uv_size": [0.5, 0.5]},
								"south": {"uv": [41, 14], "uv_size": [0.5, 0.5]},
								"west": {"uv": [16, 41], "uv_size": [0.5, 0.5]},
								"up": {"uv": [41, 16], "uv_size": [0.5, 0.5]},
								"down": {"uv": [18, 41.5], "uv_size": [0.5, -0.5]}
							}
						},
						{
							"origin": [-0.15625, -1.39062, 4.8125],
							"size": [0.3125, 0.125, 0.5625],
							"pivot": [-0.15625, -1.26562, 4.8125],
							"rotation": [-20, 0, 0],
							"uv": {
								"north": {"uv": [20, 41], "uv_size": [0.5, 0.5]},
								"east": {"uv": [41, 20], "uv_size": [0.5, 0.5]},
								"south": {"uv": [22, 41], "uv_size": [0.5, 0.5]},
								"west": {"uv": [41, 22], "uv_size": [0.5, 0.5]},
								"up": {"uv": [41, 24], "uv_size": [0.5, 0.5]},
								"down": {"uv": [41, 26.5], "uv_size": [0.5, -0.5]}
							}
						},
						{
							"origin": [-0.25, -1.39062, 5.375],
							"size": [0.0625, 0.25, 0.5625],
							"uv": {
								"north": {"uv": [28, 41], "uv_size": [0.5, 0.5]},
								"east": {"uv": [30, 41], "uv_size": [0.5, 0.5]},
								"south": {"uv": [34, 41], "uv_size": [0.5, 0.5]},
								"west": {"uv": [0, 42], "uv_size": [0.5, 0.5]},
								"up": {"uv": [42, 0], "uv_size": [0.5, 0.5]},
								"down": {"uv": [2, 42.5], "uv_size": [0.5, -0.5]}
							}
						},
						{
							"origin": [-0.25, -1.20312, 3.6875],
							"size": [0.0625, 0.0625, 1.6875],
							"uv": {
								"north": {"uv": [4, 42], "uv_size": [0.5, 0.5]},
								"east": {"uv": [28, 23], "uv_size": [1.5, 0.5]},
								"south": {"uv": [6, 42], "uv_size": [0.5, 0.5]},
								"west": {"uv": [28, 25], "uv_size": [1.5, 0.5]},
								"up": {"uv": [3, 29], "uv_size": [0.5, 1.5]},
								"down": {"uv": [29, 7.5], "uv_size": [0.5, -1.5]}
							}
						},
						{
							"origin": [-0.375, -1.39062, 3.6875],
							"size": [0.1875, 0.1875, 1.6875],
							"uv": {
								"north": {"uv": [8, 42], "uv_size": [0.5, 0.5]},
								"east": {"uv": [29, 0], "uv_size": [1.5, 0.5]},
								"south": {"uv": [42, 8], "uv_size": [0.5, 0.5]},
								"west": {"uv": [29, 9], "uv_size": [1.5, 0.5]},
								"up": {"uv": [10, 29], "uv_size": [0.5, 1.5]},
								"down": {"uv": [12, 30.5], "uv_size": [0.5, -1.5]}
							}
						},
						{
							"origin": [-0.25, -3.07812, 5.375],
							"size": [0.5, 0.1875, 0.5625],
							"uv": {
								"north": {"uv": [10, 42], "uv_size": [0.5, 0.5]},
								"east": {"uv": [12, 42], "uv_size": [0.5, 0.5]},
								"south": {"uv": [42, 18], "uv_size": [0.5, 0.5]},
								"west": {"uv": [24, 42], "uv_size": [0.5, 0.5]},
								"up": {"uv": [26, 42], "uv_size": [0.5, 0.5]},
								"down": {"uv": [42, 28.5], "uv_size": [0.5, -0.5]}
							}
						},
						{
							"origin": [-0.22893, -3.00868, 5.375],
							"size": [0.33563, 0.22535, 0.5625],
							"pivot": [-0.125, -3.07812, 5.9375],
							"rotation": [0, 0, -33.75],
							"uv": {
								"north": {"uv": [42, 30], "uv_size": [0.5, 0.5]},
								"east": {"uv": [32, 42], "uv_size": [0.5, 0.5]},
								"south": {"uv": [42, 32], "uv_size": [0.5, 0.5]},
								"west": {"uv": [42, 34], "uv_size": [0.5, 0.5]},
								"up": {"uv": [36, 42], "uv_size": [0.5, 0.5]},
								"down": {"uv": [42, 36.5], "uv_size": [0.5, -0.5]}
							}
						},
						{
							"origin": [-0.10669, -3.00868, 5.375],
							"size": [0.33563, 0.22535, 0.5625],
							"pivot": [0.125, -3.07812, 5.9375],
							"rotation": [0, 0, 33.75],
							"uv": {
								"north": {"uv": [38, 42], "uv_size": [0.5, 0.5]},
								"east": {"uv": [42, 38], "uv_size": [0.5, 0.5]},
								"south": {"uv": [40, 42], "uv_size": [0.5, 0.5]},
								"west": {"uv": [42, 40], "uv_size": [0.5, 0.5]},
								"up": {"uv": [42, 42], "uv_size": [0.5, 0.5]},
								"down": {"uv": [43, 2.5], "uv_size": [0.5, -0.5]}
							}
						},
						{
							"origin": [-0.375, -2.46799, 4.72896],
							"size": [0.75, 0.625, 0.8125],
							"pivot": [0.25, -2.46799, 4.72896],
							"rotation": [-32.5, 0, 0],
							"uv": {
								"north": {"uv": [33, 10], "uv_size": [1, 0.5]},
								"east": {"uv": [33, 12], "uv_size": [1, 0.5]},
								"south": {"uv": [14, 33], "uv_size": [1, 0.5]},
								"west": {"uv": [33, 14], "uv_size": [1, 0.5]},
								"up": {"uv": [27, 0], "uv_size": [1, 1]},
								"down": {"uv": [4, 28], "uv_size": [1, -1]}
							}
						},
						{
							"origin": [-0.4375, -1.71875, 4.33],
							"size": [0.875, 0.3125, 0.3125],
							"pivot": [0, -1.5625, 4.48625],
							"rotation": [47.5, 0, 0],
							"uv": {
								"north": {"uv": [16, 33], "uv_size": [1, 0.5]},
								"east": {"uv": [45, 12], "uv_size": [0.5, 0.5]},
								"south": {"uv": [33, 16], "uv_size": [1, 0.5]},
								"west": {"uv": [14, 45], "uv_size": [0.5, 0.5]},
								"up": {"uv": [18, 33], "uv_size": [1, 0.5]},
								"down": {"uv": [20, 33.5], "uv_size": [1, -0.5]}
							}
						},
						{
							"origin": [-0.4375, -1.71875, 0.3925],
							"size": [0.875, 0.3125, 0.3125],
							"pivot": [0, -1.5625, 0.54875],
							"rotation": [47.5, 0, 0],
							"uv": {
								"north": {"uv": [33, 21], "uv_size": [1, 0.5]},
								"east": {"uv": [45, 14], "uv_size": [0.5, 0.5]},
								"south": {"uv": [22, 33], "uv_size": [1, 0.5]},
								"west": {"uv": [16, 45], "uv_size": [0.5, 0.5]},
								"up": {"uv": [33, 23], "uv_size": [1, 0.5]},
								"down": {"uv": [33, 25.5], "uv_size": [1, -0.5]}
							}
						}
					]
				},
				{
					"name": "octagon",
					"parent": "grips",
					"pivot": [0.45711, 0.09375, -0.25],
					"cubes": [
						{
							"origin": [-0.20711, -0.5, -0.1875],
							"size": [0.41421, 0.1875, 0.375],
							"pivot": [0, 0, -0.125],
							"rotation": [0, 0, 45],
							"uv": {
								"north": {"uv": [43, 4], "uv_size": [0.5, 0.5]},
								"east": {"uv": [43, 6], "uv_size": [0.5, 0.5]},
								"south": {"uv": [43, 10], "uv_size": [0.5, 0.5]},
								"west": {"uv": [43, 12], "uv_size": [0.5, 0.5]},
								"up": {"uv": [14, 43], "uv_size": [0.5, 0.5]},
								"down": {"uv": [43, 14.5], "uv_size": [0.5, -0.5]}
							}
						},
						{
							"origin": [-0.20711, -0.5, -0.1875],
							"size": [0.41421, 0.1875, 0.375],
							"uv": {
								"north": {"uv": [16, 43], "uv_size": [0.5, 0.5]},
								"east": {"uv": [43, 16], "uv_size": [0.5, 0.5]},
								"south": {"uv": [18, 43], "uv_size": [0.5, 0.5]},
								"west": {"uv": [20, 43], "uv_size": [0.5, 0.5]},
								"up": {"uv": [43, 20], "uv_size": [0.5, 0.5]},
								"down": {"uv": [22, 43.5], "uv_size": [0.5, -0.5]}
							}
						},
						{
							"origin": [-0.20711, 0.3125, -0.1875],
							"size": [0.41421, 0.1875, 0.375],
							"pivot": [0, 0, -0.125],
							"rotation": [0, 0, 45],
							"uv": {
								"north": {"uv": [43, 22], "uv_size": [0.5, 0.5]},
								"east": {"uv": [43, 24], "uv_size": [0.5, 0.5]},
								"south": {"uv": [43, 26], "uv_size": [0.5, 0.5]},
								"west": {"uv": [28, 43], "uv_size": [0.5, 0.5]},
								"up": {"uv": [30, 43], "uv_size": [0.5, 0.5]},
								"down": {"uv": [34, 43.5], "uv_size": [0.5, -0.5]}
							}
						},
						{
							"origin": [-0.20711, 0.3125, -0.1875],
							"size": [0.41421, 0.1875, 0.375],
							"uv": {
								"north": {"uv": [0, 44], "uv_size": [0.5, 0.5]},
								"east": {"uv": [44, 0], "uv_size": [0.5, 0.5]},
								"south": {"uv": [2, 44], "uv_size": [0.5, 0.5]},
								"west": {"uv": [4, 44], "uv_size": [0.5, 0.5]},
								"up": {"uv": [6, 44], "uv_size": [0.5, 0.5]},
								"down": {"uv": [8, 44.5], "uv_size": [0.5, -0.5]}
							}
						},
						{
							"origin": [0.3125, -0.20711, -0.1875],
							"size": [0.1875, 0.41421, 0.375],
							"pivot": [0, 0, -0.125],
							"rotation": [0, 0, 45],
							"uv": {
								"north": {"uv": [44, 8], "uv_size": [0.5, 0.5]},
								"east": {"uv": [10, 44], "uv_size": [0.5, 0.5]},
								"south": {"uv": [12, 44], "uv_size": [0.5, 0.5]},
								"west": {"uv": [44, 18], "uv_size": [0.5, 0.5]},
								"up": {"uv": [24, 44], "uv_size": [0.5, 0.5]},
								"down": {"uv": [26, 44.5], "uv_size": [0.5, -0.5]}
							}
						},
						{
							"origin": [0.3125, -0.20711, -0.1875],
							"size": [0.1875, 0.41421, 0.375],
							"uv": {
								"north": {"uv": [44, 28], "uv_size": [0.5, 0.5]},
								"east": {"uv": [44, 30], "uv_size": [0.5, 0.5]},
								"south": {"uv": [32, 44], "uv_size": [0.5, 0.5]},
								"west": {"uv": [44, 32], "uv_size": [0.5, 0.5]},
								"up": {"uv": [44, 34], "uv_size": [0.5, 0.5]},
								"down": {"uv": [36, 44.5], "uv_size": [0.5, -0.5]}
							}
						},
						{
							"origin": [-0.5, -0.20711, -0.1875],
							"size": [0.1875, 0.41421, 0.375],
							"pivot": [0, 0, -0.125],
							"rotation": [0, 0, 45],
							"uv": {
								"north": {"uv": [44, 36], "uv_size": [0.5, 0.5]},
								"east": {"uv": [38, 44], "uv_size": [0.5, 0.5]},
								"south": {"uv": [44, 38], "uv_size": [0.5, 0.5]},
								"west": {"uv": [40, 44], "uv_size": [0.5, 0.5]},
								"up": {"uv": [44, 40], "uv_size": [0.5, 0.5]},
								"down": {"uv": [42, 44.5], "uv_size": [0.5, -0.5]}
							}
						},
						{
							"origin": [-0.5, -0.20711, -0.1875],
							"size": [0.1875, 0.41421, 0.375],
							"uv": {
								"north": {"uv": [44, 42], "uv_size": [0.5, 0.5]},
								"east": {"uv": [44, 44], "uv_size": [0.5, 0.5]},
								"south": {"uv": [45, 2], "uv_size": [0.5, 0.5]},
								"west": {"uv": [45, 4], "uv_size": [0.5, 0.5]},
								"up": {"uv": [45, 6], "uv_size": [0.5, 0.5]},
								"down": {"uv": [45, 10.5], "uv_size": [0.5, -0.5]}
							}
						}
					]
				}
			]
		}
	]
}