{
	"format_version": "1.12.0",
	"minecraft:geometry": [
		{
			"description": {
				"identifier": "geometry.unknown",
				"texture_width": 128,
				"texture_height": 128,
				"visible_bounds_width": 6,
				"visible_bounds_height": 2.5,
				"visible_bounds_offset": [0, 0.75, 0]
			},
			"bones": [
				{
					"name": "LaserPoint",
					"pivot": [0, -16.35937, 3.1875]
				},
				{
					"name": "bodys",
					"parent": "LaserPoint",
					"pivot": [0, -17.67187, 3.1875],
					"cubes": [
						{
							"origin": [0.3125, 0, -3.5],
							"size": [0.3125, 0.46875, 0.54688],
							"inflate": 0.0001,
							"uv": {
								"west": {"uv": [67, 0], "uv_size": [61, 57]}
							}
						},
						{
							"origin": [-0.4375, 0.0625, 0.0625],
							"size": [0.1875, 0.3125, 0.6875],
							"inflate": 0.0001,
							"uv": {
								"east": {"uv": [0, 70], "uv_size": [63, 33]}
							}
						}
					]
				},
				{
					"name": "octagon",
					"parent": "bodys",
					"pivot": [0, 0.23438, 1.0625],
					"cubes": [
						{
							"origin": [-0.18122, -0.20312, -4.9375],
							"size": [0.36244, 0.875, 9.375],
							"pivot": [0, 0.23438, 1.0625],
							"rotation": [0, 0, 45],
							"uv": {
								"north": {"uv": [2, 24], "uv_size": [0.5, 1]},
								"east": {"uv": [0, 0], "uv_size": [9.5, 1]},
								"south": {"uv": [24, 22], "uv_size": [0.5, 1]},
								"west": {"uv": [0, 2], "uv_size": [9.5, 1]},
								"up": {"uv": [8, 8], "uv_size": [0.5, 9.5]},
								"down": {"uv": [10, 17.5], "uv_size": [0.5, -9.5]}
							}
						},
						{
							"origin": [-0.18122, -0.20312, -4.9375],
							"size": [0.36244, 0.875, 9.375],
							"uv": {
								"north": {"uv": [24, 24], "uv_size": [0.5, 1]},
								"east": {"uv": [0, 4], "uv_size": [9.5, 1]},
								"south": {"uv": [0, 25], "uv_size": [0.5, 1]},
								"west": {"uv": [0, 6], "uv_size": [9.5, 1]},
								"up": {"uv": [12, 0], "uv_size": [0.5, 9.5]},
								"down": {"uv": [12, 20.5], "uv_size": [0.5, -9.5]}
							}
						},
						{
							"origin": [-0.4375, 0.05316, -4.9375],
							"size": [0.875, 0.36244, 9.375],
							"pivot": [0, 0.23438, 1.0625],
							"rotation": [0, 0, 45],
							"uv": {
								"north": {"uv": [25, 0], "uv_size": [1, 0.5]},
								"east": {"uv": [14, 0], "uv_size": [9.5, 0.5]},
								"south": {"uv": [25, 2], "uv_size": [1, 0.5]},
								"west": {"uv": [14, 2], "uv_size": [9.5, 0.5]},
								"up": {"uv": [0, 8], "uv_size": [1, 9.5]},
								"down": {"uv": [2, 17.5], "uv_size": [1, -9.5]}
							}
						},
						{
							"origin": [-0.4375, 0.05316, -4.9375],
							"size": [0.875, 0.36244, 9.375],
							"uv": {
								"north": {"uv": [25, 4], "uv_size": [1, 0.5]},
								"east": {"uv": [14, 4], "uv_size": [9.5, 0.5]},
								"south": {"uv": [25, 6], "uv_size": [1, 0.5]},
								"west": {"uv": [14, 6], "uv_size": [9.5, 0.5]},
								"up": {"uv": [4, 8], "uv_size": [1, 9.5]},
								"down": {"uv": [6, 17.5], "uv_size": [1, -9.5]}
							}
						}
					]
				},
				{
					"name": "octagon2",
					"parent": "bodys",
					"pivot": [0.75, -0.51562, -3.4375],
					"cubes": [
						{
							"origin": [-0.25888, -0.39062, -3.625],
							"size": [0.51777, 1.25, 0.875],
							"pivot": [0, 0.23438, -3.5625],
							"rotation": [0, 0, 45],
							"uv": {
								"north": {"uv": [20, 14], "uv_size": [0.5, 1.5]},
								"east": {"uv": [18, 12], "uv_size": [1, 1.5]},
								"south": {"uv": [20, 17], "uv_size": [0.5, 1.5]},
								"west": {"uv": [18, 15], "uv_size": [1, 1.5]},
								"up": {"uv": [25, 8], "uv_size": [0.5, 1]},
								"down": {"uv": [25, 11], "uv_size": [0.5, -1]}
							}
						},
						{
							"origin": [-0.25888, -0.39062, -3.625],
							"size": [0.51777, 1.25, 0.875],
							"uv": {
								"north": {"uv": [20, 20], "uv_size": [0.5, 1.5]},
								"east": {"uv": [18, 18], "uv_size": [1, 1.5]},
								"south": {"uv": [2, 21], "uv_size": [0.5, 1.5]},
								"west": {"uv": [0, 19], "uv_size": [1, 1.5]},
								"up": {"uv": [13, 25], "uv_size": [0.5, 1]},
								"down": {"uv": [25, 15], "uv_size": [0.5, -1]}
							}
						},
						{
							"origin": [-0.625, -0.02451, -3.625],
							"size": [1.25, 0.51777, 0.875],
							"pivot": [0, 0.23438, -3.5625],
							"rotation": [0, 0, 45],
							"uv": {
								"north": {"uv": [4, 21], "uv_size": [1.5, 0.5]},
								"east": {"uv": [22, 25], "uv_size": [1, 0.5]},
								"south": {"uv": [7, 21], "uv_size": [1.5, 0.5]},
								"west": {"uv": [2, 26], "uv_size": [1, 0.5]},
								"up": {"uv": [2, 19], "uv_size": [1.5, 1]},
								"down": {"uv": [5, 20], "uv_size": [1.5, -1]}
							}
						},
						{
							"origin": [-0.625, -0.02451, -3.625],
							"size": [1.25, 0.51777, 0.875],
							"uv": {
								"north": {"uv": [10, 22], "uv_size": [1.5, 0.5]},
								"east": {"uv": [4, 26], "uv_size": [1, 0.5]},
								"south": {"uv": [22, 14], "uv_size": [1.5, 0.5]},
								"west": {"uv": [6, 26], "uv_size": [1, 0.5]},
								"up": {"uv": [8, 19], "uv_size": [1.5, 1]},
								"down": {"uv": [20, 13], "uv_size": [1.5, -1]}
							}
						},
						{
							"origin": [-0.25888, -0.39062, -4.125],
							"size": [0.51777, 1.25, 0.1875],
							"pivot": [0, 0.23438, -4.75],
							"rotation": [0, 0, 45],
							"uv": {
								"north": {"uv": [18, 21], "uv_size": [0.5, 1.5]},
								"east": {"uv": [0, 22], "uv_size": [0.5, 1.5]},
								"south": {"uv": [22, 16], "uv_size": [0.5, 1.5]},
								"west": {"uv": [22, 19], "uv_size": [0.5, 1.5]},
								"up": {"uv": [36, 30], "uv_size": [0.5, 0.5]},
								"down": {"uv": [32, 36.5], "uv_size": [0.5, -0.5]}
							}
						},
						{
							"origin": [-0.25888, -0.39062, -4.125],
							"size": [0.51777, 1.25, 0.1875],
							"uv": {
								"north": {"uv": [22, 22], "uv_size": [0.5, 1.5]},
								"east": {"uv": [4, 23], "uv_size": [0.5, 1.5]},
								"south": {"uv": [6, 23], "uv_size": [0.5, 1.5]},
								"west": {"uv": [8, 23], "uv_size": [0.5, 1.5]},
								"up": {"uv": [36, 32], "uv_size": [0.5, 0.5]},
								"down": {"uv": [34, 36.5], "uv_size": [0.5, -0.5]}
							}
						},
						{
							"origin": [-0.625, -0.02451, -4.125],
							"size": [1.25, 0.51777, 0.1875],
							"pivot": [0, 0.23438, -4.75],
							"rotation": [0, 0, 45],
							"uv": {
								"north": {"uv": [23, 12], "uv_size": [1.5, 0.5]},
								"east": {"uv": [36, 34], "uv_size": [0.5, 0.5]},
								"south": {"uv": [13, 23], "uv_size": [1.5, 0.5]},
								"west": {"uv": [36, 36], "uv_size": [0.5, 0.5]},
								"up": {"uv": [10, 24], "uv_size": [1.5, 0.5]},
								"down": {"uv": [16, 24.5], "uv_size": [1.5, -0.5]}
							}
						},
						{
							"origin": [-0.625, -0.02451, -4.125],
							"size": [1.25, 0.51777, 0.1875],
							"uv": {
								"north": {"uv": [24, 16], "uv_size": [1.5, 0.5]},
								"east": {"uv": [0, 37], "uv_size": [0.5, 0.5]},
								"south": {"uv": [24, 18], "uv_size": [1.5, 0.5]},
								"west": {"uv": [37, 0], "uv_size": [0.5, 0.5]},
								"up": {"uv": [19, 24], "uv_size": [1.5, 0.5]},
								"down": {"uv": [24, 20.5], "uv_size": [1.5, -0.5]}
							}
						}
					]
				},
				{
					"name": "bone19",
					"parent": "octagon2",
					"pivot": [0, 0.23438, -2.73219],
					"cubes": [
						{
							"origin": [0.17821, 0.67188, -2.78336],
							"size": [0.07644, 0.1875, 0.43052],
							"pivot": [-0.0063, 0.85938, -2.75],
							"rotation": [-62.87579, -4.71303, 9.11249],
							"uv": {
								"north": {"uv": [4, 28], "uv_size": [0.5, 0.5]},
								"east": {"uv": [6, 28], "uv_size": [0.5, 0.5]},
								"south": {"uv": [8, 28], "uv_size": [0.5, 0.5]},
								"west": {"uv": [10, 28], "uv_size": [0.5, 0.5]},
								"up": {"uv": [28, 12], "uv_size": [0.5, 0.5]},
								"down": {"uv": [14, 28.5], "uv_size": [0.5, -0.5]}
							}
						},
						{
							"origin": [-0.1812, 0.67188, -2.75],
							"size": [0.3624, 0.1875, 0.4375],
							"pivot": [-0.0063, 0.85938, -2.75],
							"rotation": [-62.5, 0, 0],
							"uv": {
								"north": {"uv": [16, 28], "uv_size": [0.5, 0.5]},
								"east": {"uv": [18, 28], "uv_size": [0.5, 0.5]},
								"south": {"uv": [28, 22], "uv_size": [0.5, 0.5]},
								"west": {"uv": [23, 28], "uv_size": [0.5, 0.5]},
								"up": {"uv": [28, 24], "uv_size": [0.5, 0.5]},
								"down": {"uv": [25, 28.5], "uv_size": [0.5, -0.5]}
							}
						},
						{
							"origin": [-0.25485, 0.67188, -2.78112],
							"size": [0.07644, 0.1875, 0.43052],
							"pivot": [-0.0063, 0.85938, -2.75],
							"rotation": [-62.87579, 4.71303, -9.11249],
							"uv": {
								"north": {"uv": [28, 26], "uv_size": [0.5, 0.5]},
								"east": {"uv": [27, 28], "uv_size": [0.5, 0.5]},
								"south": {"uv": [0, 29], "uv_size": [0.5, 0.5]},
								"west": {"uv": [29, 0], "uv_size": [0.5, 0.5]},
								"up": {"uv": [29, 2], "uv_size": [0.5, 0.5]},
								"down": {"uv": [29, 4.5], "uv_size": [0.5, -0.5]}
							}
						},
						{
							"origin": [0.19081, -0.57813, -2.78336],
							"size": [0.07644, 0.1875, 0.43052],
							"pivot": [0.0063, -0.39063, -2.75],
							"rotation": [-62.87579, -4.71303, -170.88751],
							"uv": {
								"north": {"uv": [29, 6], "uv_size": [0.5, 0.5]},
								"east": {"uv": [29, 8], "uv_size": [0.5, 0.5]},
								"south": {"uv": [29, 10], "uv_size": [0.5, 0.5]},
								"west": {"uv": [12, 29], "uv_size": [0.5, 0.5]},
								"up": {"uv": [29, 14], "uv_size": [0.5, 0.5]},
								"down": {"uv": [29, 16.5], "uv_size": [0.5, -0.5]}
							}
						},
						{
							"origin": [-0.1686, -0.57813, -2.75],
							"size": [0.3624, 0.1875, 0.4375],
							"pivot": [0.0063, -0.39063, -2.75],
							"rotation": [-62.5, 0, 180],
							"uv": {
								"north": {"uv": [29, 18], "uv_size": [0.5, 0.5]},
								"east": {"uv": [20, 29], "uv_size": [0.5, 0.5]},
								"south": {"uv": [29, 20], "uv_size": [0.5, 0.5]},
								"west": {"uv": [29, 28], "uv_size": [0.5, 0.5]},
								"up": {"uv": [2, 30], "uv_size": [0.5, 0.5]},
								"down": {"uv": [4, 30.5], "uv_size": [0.5, -0.5]}
							}
						},
						{
							"origin": [-0.24225, -0.57813, -2.78112],
							"size": [0.07644, 0.1875, 0.43052],
							"pivot": [0.0063, -0.39063, -2.75],
							"rotation": [-62.87579, 4.71303, 170.88751],
							"uv": {
								"north": {"uv": [6, 30], "uv_size": [0.5, 0.5]},
								"east": {"uv": [8, 30], "uv_size": [0.5, 0.5]},
								"south": {"uv": [10, 30], "uv_size": [0.5, 0.5]},
								"west": {"uv": [30, 12], "uv_size": [0.5, 0.5]},
								"up": {"uv": [14, 30], "uv_size": [0.5, 0.5]},
								"down": {"uv": [16, 30.5], "uv_size": [0.5, -0.5]}
							}
						}
					]
				},
				{
					"name": "bone20",
					"parent": "octagon2",
					"pivot": [0, 0.23438, -2.73219],
					"rotation": [0, 0, -90],
					"cubes": [
						{
							"origin": [0.17821, 0.67188, -2.78336],
							"size": [0.07644, 0.1875, 0.43052],
							"pivot": [-0.0063, 0.85938, -2.75],
							"rotation": [-62.87579, -4.71303, 9.11249],
							"uv": {
								"north": {"uv": [18, 30], "uv_size": [0.5, 0.5]},
								"east": {"uv": [22, 30], "uv_size": [0.5, 0.5]},
								"south": {"uv": [30, 22], "uv_size": [0.5, 0.5]},
								"west": {"uv": [24, 30], "uv_size": [0.5, 0.5]},
								"up": {"uv": [30, 24], "uv_size": [0.5, 0.5]},
								"down": {"uv": [26, 30.5], "uv_size": [0.5, -0.5]}
							}
						},
						{
							"origin": [-0.1812, 0.67188, -2.75],
							"size": [0.3624, 0.1875, 0.4375],
							"pivot": [-0.0063, 0.85938, -2.75],
							"rotation": [-62.5, 0, 0],
							"uv": {
								"north": {"uv": [30, 26], "uv_size": [0.5, 0.5]},
								"east": {"uv": [28, 30], "uv_size": [0.5, 0.5]},
								"south": {"uv": [30, 30], "uv_size": [0.5, 0.5]},
								"west": {"uv": [0, 31], "uv_size": [0.5, 0.5]},
								"up": {"uv": [31, 0], "uv_size": [0.5, 0.5]},
								"down": {"uv": [31, 2.5], "uv_size": [0.5, -0.5]}
							}
						},
						{
							"origin": [-0.25485, 0.67188, -2.78112],
							"size": [0.07644, 0.1875, 0.43052],
							"pivot": [-0.0063, 0.85938, -2.75],
							"rotation": [-62.87579, 4.71303, -9.11249],
							"uv": {
								"north": {"uv": [31, 4], "uv_size": [0.5, 0.5]},
								"east": {"uv": [31, 6], "uv_size": [0.5, 0.5]},
								"south": {"uv": [31, 8], "uv_size": [0.5, 0.5]},
								"west": {"uv": [31, 10], "uv_size": [0.5, 0.5]},
								"up": {"uv": [12, 31], "uv_size": [0.5, 0.5]},
								"down": {"uv": [31, 14.5], "uv_size": [0.5, -0.5]}
							}
						},
						{
							"origin": [0.19081, -0.57813, -2.78336],
							"size": [0.07644, 0.1875, 0.43052],
							"pivot": [0.0063, -0.39063, -2.75],
							"rotation": [-62.87579, -4.71303, -170.88751],
							"uv": {
								"north": {"uv": [31, 16], "uv_size": [0.5, 0.5]},
								"east": {"uv": [31, 18], "uv_size": [0.5, 0.5]},
								"south": {"uv": [20, 31], "uv_size": [0.5, 0.5]},
								"west": {"uv": [31, 20], "uv_size": [0.5, 0.5]},
								"up": {"uv": [31, 28], "uv_size": [0.5, 0.5]},
								"down": {"uv": [2, 32.5], "uv_size": [0.5, -0.5]}
							}
						},
						{
							"origin": [-0.1686, -0.57813, -2.75],
							"size": [0.3624, 0.1875, 0.4375],
							"pivot": [0.0063, -0.39063, -2.75],
							"rotation": [-62.5, 0, 180],
							"uv": {
								"north": {"uv": [4, 32], "uv_size": [0.5, 0.5]},
								"east": {"uv": [6, 32], "uv_size": [0.5, 0.5]},
								"south": {"uv": [8, 32], "uv_size": [0.5, 0.5]},
								"west": {"uv": [10, 32], "uv_size": [0.5, 0.5]},
								"up": {"uv": [32, 12], "uv_size": [0.5, 0.5]},
								"down": {"uv": [14, 32.5], "uv_size": [0.5, -0.5]}
							}
						},
						{
							"origin": [-0.24225, -0.57813, -2.78112],
							"size": [0.07644, 0.1875, 0.43052],
							"pivot": [0.0063, -0.39063, -2.75],
							"rotation": [-62.87579, 4.71303, 170.88751],
							"uv": {
								"north": {"uv": [16, 32], "uv_size": [0.5, 0.5]},
								"east": {"uv": [18, 32], "uv_size": [0.5, 0.5]},
								"south": {"uv": [22, 32], "uv_size": [0.5, 0.5]},
								"west": {"uv": [32, 22], "uv_size": [0.5, 0.5]},
								"up": {"uv": [24, 32], "uv_size": [0.5, 0.5]},
								"down": {"uv": [32, 24.5], "uv_size": [0.5, -0.5]}
							}
						}
					]
				},
				{
					"name": "bone21",
					"parent": "octagon2",
					"pivot": [0, 0.23438, -2.73219],
					"rotation": [0, 0, -45],
					"cubes": [
						{
							"origin": [0.17821, 0.67188, -2.78336],
							"size": [0.07644, 0.1875, 0.43052],
							"pivot": [-0.0063, 0.85938, -2.75],
							"rotation": [-62.87579, -4.71303, 9.11249],
							"uv": {
								"north": {"uv": [26, 32], "uv_size": [0.5, 0.5]},
								"east": {"uv": [32, 26], "uv_size": [0.5, 0.5]},
								"south": {"uv": [28, 32], "uv_size": [0.5, 0.5]},
								"west": {"uv": [30, 32], "uv_size": [0.5, 0.5]},
								"up": {"uv": [32, 30], "uv_size": [0.5, 0.5]},
								"down": {"uv": [32, 32.5], "uv_size": [0.5, -0.5]}
							}
						},
						{
							"origin": [-0.1812, 0.67188, -2.75],
							"size": [0.3624, 0.1875, 0.4375],
							"pivot": [-0.0063, 0.85938, -2.75],
							"rotation": [-62.5, 0, 0],
							"uv": {
								"north": {"uv": [0, 33], "uv_size": [0.5, 0.5]},
								"east": {"uv": [33, 0], "uv_size": [0.5, 0.5]},
								"south": {"uv": [33, 2], "uv_size": [0.5, 0.5]},
								"west": {"uv": [33, 4], "uv_size": [0.5, 0.5]},
								"up": {"uv": [33, 6], "uv_size": [0.5, 0.5]},
								"down": {"uv": [33, 8.5], "uv_size": [0.5, -0.5]}
							}
						},
						{
							"origin": [-0.25485, 0.67188, -2.78112],
							"size": [0.07644, 0.1875, 0.43052],
							"pivot": [-0.0063, 0.85938, -2.75],
							"rotation": [-62.87579, 4.71303, -9.11249],
							"uv": {
								"north": {"uv": [33, 10], "uv_size": [0.5, 0.5]},
								"east": {"uv": [12, 33], "uv_size": [0.5, 0.5]},
								"south": {"uv": [33, 14], "uv_size": [0.5, 0.5]},
								"west": {"uv": [33, 16], "uv_size": [0.5, 0.5]},
								"up": {"uv": [33, 18], "uv_size": [0.5, 0.5]},
								"down": {"uv": [20, 33.5], "uv_size": [0.5, -0.5]}
							}
						},
						{
							"origin": [0.19081, -0.57813, -2.78336],
							"size": [0.07644, 0.1875, 0.43052],
							"pivot": [0.0063, -0.39063, -2.75],
							"rotation": [-62.87579, -4.71303, -170.88751],
							"uv": {
								"north": {"uv": [33, 20], "uv_size": [0.5, 0.5]},
								"east": {"uv": [33, 28], "uv_size": [0.5, 0.5]},
								"south": {"uv": [2, 34], "uv_size": [0.5, 0.5]},
								"west": {"uv": [4, 34], "uv_size": [0.5, 0.5]},
								"up": {"uv": [6, 34], "uv_size": [0.5, 0.5]},
								"down": {"uv": [8, 34.5], "uv_size": [0.5, -0.5]}
							}
						},
						{
							"origin": [-0.1686, -0.57813, -2.75],
							"size": [0.3624, 0.1875, 0.4375],
							"pivot": [0.0063, -0.39063, -2.75],
							"rotation": [-62.5, 0, 180],
							"uv": {
								"north": {"uv": [10, 34], "uv_size": [0.5, 0.5]},
								"east": {"uv": [34, 12], "uv_size": [0.5, 0.5]},
								"south": {"uv": [14, 34], "uv_size": [0.5, 0.5]},
								"west": {"uv": [16, 34], "uv_size": [0.5, 0.5]},
								"up": {"uv": [18, 34], "uv_size": [0.5, 0.5]},
								"down": {"uv": [22, 34.5], "uv_size": [0.5, -0.5]}
							}
						},
						{
							"origin": [-0.24225, -0.57813, -2.78112],
							"size": [0.07644, 0.1875, 0.43052],
							"pivot": [0.0063, -0.39063, -2.75],
							"rotation": [-62.87579, 4.71303, 170.88751],
							"uv": {
								"north": {"uv": [34, 22], "uv_size": [0.5, 0.5]},
								"east": {"uv": [24, 34], "uv_size": [0.5, 0.5]},
								"south": {"uv": [34, 24], "uv_size": [0.5, 0.5]},
								"west": {"uv": [26, 34], "uv_size": [0.5, 0.5]},
								"up": {"uv": [34, 26], "uv_size": [0.5, 0.5]},
								"down": {"uv": [28, 34.5], "uv_size": [0.5, -0.5]}
							}
						}
					]
				},
				{
					"name": "bone22",
					"parent": "octagon2",
					"pivot": [0, 0.23438, -2.73219],
					"rotation": [0, 0, -135],
					"cubes": [
						{
							"origin": [0.17821, 0.67188, -2.78336],
							"size": [0.07644, 0.1875, 0.43052],
							"pivot": [-0.0063, 0.85938, -2.75],
							"rotation": [-62.87579, -4.71303, 9.11249],
							"uv": {
								"north": {"uv": [30, 34], "uv_size": [0.5, 0.5]},
								"east": {"uv": [34, 30], "uv_size": [0.5, 0.5]},
								"south": {"uv": [32, 34], "uv_size": [0.5, 0.5]},
								"west": {"uv": [34, 32], "uv_size": [0.5, 0.5]},
								"up": {"uv": [34, 34], "uv_size": [0.5, 0.5]},
								"down": {"uv": [0, 35.5], "uv_size": [0.5, -0.5]}
							}
						},
						{
							"origin": [-0.1812, 0.67188, -2.75],
							"size": [0.3624, 0.1875, 0.4375],
							"pivot": [-0.0063, 0.85938, -2.75],
							"rotation": [-62.5, 0, 0],
							"uv": {
								"north": {"uv": [35, 0], "uv_size": [0.5, 0.5]},
								"east": {"uv": [35, 2], "uv_size": [0.5, 0.5]},
								"south": {"uv": [35, 4], "uv_size": [0.5, 0.5]},
								"west": {"uv": [35, 6], "uv_size": [0.5, 0.5]},
								"up": {"uv": [35, 8], "uv_size": [0.5, 0.5]},
								"down": {"uv": [35, 10.5], "uv_size": [0.5, -0.5]}
							}
						},
						{
							"origin": [-0.25485, 0.67188, -2.78112],
							"size": [0.07644, 0.1875, 0.43052],
							"pivot": [-0.0063, 0.85938, -2.75],
							"rotation": [-62.87579, 4.71303, -9.11249],
							"uv": {
								"north": {"uv": [12, 35], "uv_size": [0.5, 0.5]},
								"east": {"uv": [35, 14], "uv_size": [0.5, 0.5]},
								"south": {"uv": [35, 16], "uv_size": [0.5, 0.5]},
								"west": {"uv": [35, 18], "uv_size": [0.5, 0.5]},
								"up": {"uv": [20, 35], "uv_size": [0.5, 0.5]},
								"down": {"uv": [35, 20.5], "uv_size": [0.5, -0.5]}
							}
						},
						{
							"origin": [0.19081, -0.57813, -2.78336],
							"size": [0.07644, 0.1875, 0.43052],
							"pivot": [0.0063, -0.39063, -2.75],
							"rotation": [-62.87579, -4.71303, -170.88751],
							"uv": {
								"north": {"uv": [35, 28], "uv_size": [0.5, 0.5]},
								"east": {"uv": [2, 36], "uv_size": [0.5, 0.5]},
								"south": {"uv": [4, 36], "uv_size": [0.5, 0.5]},
								"west": {"uv": [6, 36], "uv_size": [0.5, 0.5]},
								"up": {"uv": [8, 36], "uv_size": [0.5, 0.5]},
								"down": {"uv": [10, 36.5], "uv_size": [0.5, -0.5]}
							}
						},
						{
							"origin": [-0.1686, -0.57813, -2.75],
							"size": [0.3624, 0.1875, 0.4375],
							"pivot": [0.0063, -0.39063, -2.75],
							"rotation": [-62.5, 0, 180],
							"uv": {
								"north": {"uv": [36, 12], "uv_size": [0.5, 0.5]},
								"east": {"uv": [14, 36], "uv_size": [0.5, 0.5]},
								"south": {"uv": [16, 36], "uv_size": [0.5, 0.5]},
								"west": {"uv": [18, 36], "uv_size": [0.5, 0.5]},
								"up": {"uv": [22, 36], "uv_size": [0.5, 0.5]},
								"down": {"uv": [36, 22.5], "uv_size": [0.5, -0.5]}
							}
						},
						{
							"origin": [-0.24225, -0.57813, -2.78112],
							"size": [0.07644, 0.1875, 0.43052],
							"pivot": [0.0063, -0.39063, -2.75],
							"rotation": [-62.87579, 4.71303, 170.88751],
							"uv": {
								"north": {"uv": [24, 36], "uv_size": [0.5, 0.5]},
								"east": {"uv": [36, 24], "uv_size": [0.5, 0.5]},
								"south": {"uv": [26, 36], "uv_size": [0.5, 0.5]},
								"west": {"uv": [36, 26], "uv_size": [0.5, 0.5]},
								"up": {"uv": [28, 36], "uv_size": [0.5, 0.5]},
								"down": {"uv": [30, 36.5], "uv_size": [0.5, -0.5]}
							}
						}
					]
				},
				{
					"name": "octagon3",
					"parent": "bodys",
					"pivot": [0.75, -0.51562, 3.75],
					"cubes": [
						{
							"origin": [-0.12944, -0.07812, 4.4375],
							"size": [0.25888, 0.625, 0.5],
							"pivot": [0, 0.23438, 4.6875],
							"rotation": [0, 0, 45],
							"uv": {
								"north": {"uv": [37, 2], "uv_size": [0.5, 0.5]},
								"east": {"uv": [37, 4], "uv_size": [0.5, 0.5]},
								"south": {"uv": [37, 6], "uv_size": [0.5, 0.5]},
								"west": {"uv": [37, 8], "uv_size": [0.5, 0.5]},
								"up": {"uv": [37, 10], "uv_size": [0.5, 0.5]},
								"down": {"uv": [12, 37.5], "uv_size": [0.5, -0.5]}
							}
						},
						{
							"origin": [-0.12944, -0.07812, 4.4375],
							"size": [0.25888, 0.625, 0.5],
							"uv": {
								"north": {"uv": [37, 14], "uv_size": [0.5, 0.5]},
								"east": {"uv": [37, 16], "uv_size": [0.5, 0.5]},
								"south": {"uv": [37, 18], "uv_size": [0.5, 0.5]},
								"west": {"uv": [20, 37], "uv_size": [0.5, 0.5]},
								"up": {"uv": [37, 20], "uv_size": [0.5, 0.5]},
								"down": {"uv": [37, 28.5], "uv_size": [0.5, -0.5]}
							}
						},
						{
							"origin": [-0.3125, 0.10493, 4.4375],
							"size": [0.625, 0.25888, 0.5],
							"pivot": [0, 0.23438, 4.6875],
							"rotation": [0, 0, 45],
							"uv": {
								"north": {"uv": [44, 34], "uv_size": [0.5, 0.5]},
								"east": {"uv": [36, 44], "uv_size": [0.5, 0.5]},
								"south": {"uv": [44, 36], "uv_size": [0.5, 0.5]},
								"west": {"uv": [38, 44], "uv_size": [0.5, 0.5]},
								"up": {"uv": [44, 38], "uv_size": [0.5, 0.5]},
								"down": {"uv": [40, 44.5], "uv_size": [0.5, -0.5]}
							}
						},
						{
							"origin": [-0.3125, 0.10493, 4.4375],
							"size": [0.625, 0.25888, 0.5],
							"uv": {
								"north": {"uv": [44, 40], "uv_size": [0.5, 0.5]},
								"east": {"uv": [42, 44], "uv_size": [0.5, 0.5]},
								"south": {"uv": [44, 42], "uv_size": [0.5, 0.5]},
								"west": {"uv": [44, 44], "uv_size": [0.5, 0.5]},
								"up": {"uv": [0, 45], "uv_size": [0.5, 0.5]},
								"down": {"uv": [45, 0.5], "uv_size": [0.5, -0.5]}
							}
						}
					]
				},
				{
					"name": "bone",
					"parent": "octagon3",
					"pivot": [-0.00444, -0.20312, 4.4375],
					"cubes": [
						{
							"origin": [0.12881, 0.54688, 4.42498],
							"size": [0.05164, 0.12467, 0.51279],
							"pivot": [0.00444, 0.67188, 4.4375],
							"rotation": [-14.06799, -5.57865, 1.39546],
							"uv": {
								"north": {"uv": [2, 38], "uv_size": [0.5, 0.5]},
								"east": {"uv": [4, 38], "uv_size": [0.5, 0.5]},
								"south": {"uv": [6, 38], "uv_size": [0.5, 0.5]},
								"west": {"uv": [8, 38], "uv_size": [0.5, 0.5]},
								"up": {"uv": [10, 38], "uv_size": [0.5, 0.5]},
								"down": {"uv": [38, 12.5], "uv_size": [0.5, -0.5]}
							}
						},
						{
							"origin": [-0.12944, 0.54688, 4.4375],
							"size": [0.25888, 0.12467, 0.51539],
							"pivot": [0.00444, 0.67188, 4.4375],
							"rotation": [-14, 0, 0],
							"uv": {
								"north": {"uv": [14, 38], "uv_size": [0.5, 0.5]},
								"east": {"uv": [16, 38], "uv_size": [0.5, 0.5]},
								"south": {"uv": [18, 38], "uv_size": [0.5, 0.5]},
								"west": {"uv": [22, 38], "uv_size": [0.5, 0.5]},
								"up": {"uv": [38, 22], "uv_size": [0.5, 0.5]},
								"down": {"uv": [24, 38.5], "uv_size": [0.5, -0.5]}
							}
						},
						{
							"origin": [-0.1804, 0.54688, 4.42409],
							"size": [0.05164, 0.12467, 0.51279],
							"pivot": [0.00444, 0.67188, 4.4375],
							"rotation": [-14.06799, 5.57865, -1.39546],
							"uv": {
								"north": {"uv": [38, 24], "uv_size": [0.5, 0.5]},
								"east": {"uv": [26, 38], "uv_size": [0.5, 0.5]},
								"south": {"uv": [38, 26], "uv_size": [0.5, 0.5]},
								"west": {"uv": [28, 38], "uv_size": [0.5, 0.5]},
								"up": {"uv": [30, 38], "uv_size": [0.5, 0.5]},
								"down": {"uv": [38, 30.5], "uv_size": [0.5, -0.5]}
							}
						},
						{
							"origin": [0.11993, -0.32812, 4.42498],
							"size": [0.05164, 0.12467, 0.51279],
							"pivot": [-0.00444, -0.20312, 4.4375],
							"rotation": [-14.06799, -5.57865, -178.60454],
							"uv": {
								"north": {"uv": [32, 38], "uv_size": [0.5, 0.5]},
								"east": {"uv": [38, 32], "uv_size": [0.5, 0.5]},
								"south": {"uv": [34, 38], "uv_size": [0.5, 0.5]},
								"west": {"uv": [38, 34], "uv_size": [0.5, 0.5]},
								"up": {"uv": [36, 38], "uv_size": [0.5, 0.5]},
								"down": {"uv": [38, 36.5], "uv_size": [0.5, -0.5]}
							}
						},
						{
							"origin": [-0.13833, -0.32812, 4.4375],
							"size": [0.25888, 0.12467, 0.51539],
							"pivot": [-0.00444, -0.20312, 4.4375],
							"rotation": [-14, 0, -180],
							"uv": {
								"north": {"uv": [38, 38], "uv_size": [0.5, 0.5]},
								"east": {"uv": [0, 39], "uv_size": [0.5, 0.5]},
								"south": {"uv": [39, 0], "uv_size": [0.5, 0.5]},
								"west": {"uv": [39, 2], "uv_size": [0.5, 0.5]},
								"up": {"uv": [39, 4], "uv_size": [0.5, 0.5]},
								"down": {"uv": [39, 6.5], "uv_size": [0.5, -0.5]}
							}
						},
						{
							"origin": [-0.18929, -0.32812, 4.42409],
							"size": [0.05164, 0.12467, 0.51279],
							"pivot": [-0.00444, -0.20312, 4.4375],
							"rotation": [-14.06799, 5.57865, 178.60454],
							"uv": {
								"north": {"uv": [39, 8], "uv_size": [0.5, 0.5]},
								"east": {"uv": [39, 10], "uv_size": [0.5, 0.5]},
								"south": {"uv": [12, 39], "uv_size": [0.5, 0.5]},
								"west": {"uv": [39, 14], "uv_size": [0.5, 0.5]},
								"up": {"uv": [39, 16], "uv_size": [0.5, 0.5]},
								"down": {"uv": [39, 18.5], "uv_size": [0.5, -0.5]}
							}
						}
					]
				},
				{
					"name": "bone2",
					"parent": "octagon3",
					"pivot": [0, 0.23438, 4.67238],
					"rotation": [0, 0, -90],
					"cubes": [
						{
							"origin": [0.12881, 0.54688, 4.42498],
							"size": [0.05164, 0.12467, 0.51279],
							"pivot": [0.00444, 0.67188, 4.4375],
							"rotation": [-14.06799, -5.57865, 1.39546],
							"uv": {
								"north": {"uv": [20, 39], "uv_size": [0.5, 0.5]},
								"east": {"uv": [39, 20], "uv_size": [0.5, 0.5]},
								"south": {"uv": [39, 28], "uv_size": [0.5, 0.5]},
								"west": {"uv": [2, 40], "uv_size": [0.5, 0.5]},
								"up": {"uv": [4, 40], "uv_size": [0.5, 0.5]},
								"down": {"uv": [6, 40.5], "uv_size": [0.5, -0.5]}
							}
						},
						{
							"origin": [-0.12944, 0.54688, 4.4375],
							"size": [0.25888, 0.12467, 0.51539],
							"pivot": [0.00444, 0.67188, 4.4375],
							"rotation": [-14, 0, 0],
							"uv": {
								"north": {"uv": [8, 40], "uv_size": [0.5, 0.5]},
								"east": {"uv": [10, 40], "uv_size": [0.5, 0.5]},
								"south": {"uv": [40, 12], "uv_size": [0.5, 0.5]},
								"west": {"uv": [14, 40], "uv_size": [0.5, 0.5]},
								"up": {"uv": [16, 40], "uv_size": [0.5, 0.5]},
								"down": {"uv": [18, 40.5], "uv_size": [0.5, -0.5]}
							}
						},
						{
							"origin": [-0.1804, 0.54688, 4.42409],
							"size": [0.05164, 0.12467, 0.51279],
							"pivot": [0.00444, 0.67188, 4.4375],
							"rotation": [-14.06799, 5.57865, -1.39546],
							"uv": {
								"north": {"uv": [22, 40], "uv_size": [0.5, 0.5]},
								"east": {"uv": [40, 22], "uv_size": [0.5, 0.5]},
								"south": {"uv": [24, 40], "uv_size": [0.5, 0.5]},
								"west": {"uv": [40, 24], "uv_size": [0.5, 0.5]},
								"up": {"uv": [26, 40], "uv_size": [0.5, 0.5]},
								"down": {"uv": [40, 26.5], "uv_size": [0.5, -0.5]}
							}
						},
						{
							"origin": [0.11993, -0.32812, 4.42498],
							"size": [0.05164, 0.12467, 0.51279],
							"pivot": [-0.00444, -0.20312, 4.4375],
							"rotation": [-14.06799, -5.57865, -178.60454],
							"uv": {
								"north": {"uv": [28, 40], "uv_size": [0.5, 0.5]},
								"east": {"uv": [30, 40], "uv_size": [0.5, 0.5]},
								"south": {"uv": [40, 30], "uv_size": [0.5, 0.5]},
								"west": {"uv": [32, 40], "uv_size": [0.5, 0.5]},
								"up": {"uv": [40, 32], "uv_size": [0.5, 0.5]},
								"down": {"uv": [34, 40.5], "uv_size": [0.5, -0.5]}
							}
						},
						{
							"origin": [-0.13833, -0.32812, 4.4375],
							"size": [0.25888, 0.12467, 0.51539],
							"pivot": [-0.00444, -0.20312, 4.4375],
							"rotation": [-14, 0, -180],
							"uv": {
								"north": {"uv": [40, 34], "uv_size": [0.5, 0.5]},
								"east": {"uv": [36, 40], "uv_size": [0.5, 0.5]},
								"south": {"uv": [40, 36], "uv_size": [0.5, 0.5]},
								"west": {"uv": [38, 40], "uv_size": [0.5, 0.5]},
								"up": {"uv": [40, 38], "uv_size": [0.5, 0.5]},
								"down": {"uv": [40, 40.5], "uv_size": [0.5, -0.5]}
							}
						},
						{
							"origin": [-0.18929, -0.32812, 4.42409],
							"size": [0.05164, 0.12467, 0.51279],
							"pivot": [-0.00444, -0.20312, 4.4375],
							"rotation": [-14.06799, 5.57865, 178.60454],
							"uv": {
								"north": {"uv": [0, 41], "uv_size": [0.5, 0.5]},
								"east": {"uv": [41, 0], "uv_size": [0.5, 0.5]},
								"south": {"uv": [41, 2], "uv_size": [0.5, 0.5]},
								"west": {"uv": [41, 4], "uv_size": [0.5, 0.5]},
								"up": {"uv": [41, 6], "uv_size": [0.5, 0.5]},
								"down": {"uv": [41, 8.5], "uv_size": [0.5, -0.5]}
							}
						}
					]
				},
				{
					"name": "bone13",
					"parent": "octagon3",
					"pivot": [0, 0.23438, 4.67238],
					"rotation": [0, 0, -135],
					"cubes": [
						{
							"origin": [0.12881, 0.54688, 4.42498],
							"size": [0.05164, 0.12467, 0.51279],
							"pivot": [0.00444, 0.67188, 4.4375],
							"rotation": [-14.06799, -5.57865, 1.39546],
							"uv": {
								"north": {"uv": [41, 10], "uv_size": [0.5, 0.5]},
								"east": {"uv": [12, 41], "uv_size": [0.5, 0.5]},
								"south": {"uv": [41, 14], "uv_size": [0.5, 0.5]},
								"west": {"uv": [41, 16], "uv_size": [0.5, 0.5]},
								"up": {"uv": [41, 18], "uv_size": [0.5, 0.5]},
								"down": {"uv": [20, 41.5], "uv_size": [0.5, -0.5]}
							}
						},
						{
							"origin": [-0.12944, 0.54688, 4.4375],
							"size": [0.25888, 0.12467, 0.51539],
							"pivot": [0.00444, 0.67188, 4.4375],
							"rotation": [-14, 0, 0],
							"uv": {
								"north": {"uv": [41, 20], "uv_size": [0.5, 0.5]},
								"east": {"uv": [41, 28], "uv_size": [0.5, 0.5]},
								"south": {"uv": [2, 42], "uv_size": [0.5, 0.5]},
								"west": {"uv": [4, 42], "uv_size": [0.5, 0.5]},
								"up": {"uv": [6, 42], "uv_size": [0.5, 0.5]},
								"down": {"uv": [8, 42.5], "uv_size": [0.5, -0.5]}
							}
						},
						{
							"origin": [-0.1804, 0.54688, 4.42409],
							"size": [0.05164, 0.12467, 0.51279],
							"pivot": [0.00444, 0.67188, 4.4375],
							"rotation": [-14.06799, 5.57865, -1.39546],
							"uv": {
								"north": {"uv": [10, 42], "uv_size": [0.5, 0.5]},
								"east": {"uv": [42, 12], "uv_size": [0.5, 0.5]},
								"south": {"uv": [14, 42], "uv_size": [0.5, 0.5]},
								"west": {"uv": [16, 42], "uv_size": [0.5, 0.5]},
								"up": {"uv": [18, 42], "uv_size": [0.5, 0.5]},
								"down": {"uv": [22, 42.5], "uv_size": [0.5, -0.5]}
							}
						},
						{
							"origin": [0.11993, -0.32812, 4.42498],
							"size": [0.05164, 0.12467, 0.51279],
							"pivot": [-0.00444, -0.20312, 4.4375],
							"rotation": [-14.06799, -5.57865, -178.60454],
							"uv": {
								"north": {"uv": [42, 22], "uv_size": [0.5, 0.5]},
								"east": {"uv": [24, 42], "uv_size": [0.5, 0.5]},
								"south": {"uv": [42, 24], "uv_size": [0.5, 0.5]},
								"west": {"uv": [26, 42], "uv_size": [0.5, 0.5]},
								"up": {"uv": [42, 26], "uv_size": [0.5, 0.5]},
								"down": {"uv": [28, 42.5], "uv_size": [0.5, -0.5]}
							}
						},
						{
							"origin": [-0.13833, -0.32812, 4.4375],
							"size": [0.25888, 0.12467, 0.51539],
							"pivot": [-0.00444, -0.20312, 4.4375],
							"rotation": [-14, 0, -180],
							"uv": {
								"north": {"uv": [30, 42], "uv_size": [0.5, 0.5]},
								"east": {"uv": [42, 30], "uv_size": [0.5, 0.5]},
								"south": {"uv": [32, 42], "uv_size": [0.5, 0.5]},
								"west": {"uv": [42, 32], "uv_size": [0.5, 0.5]},
								"up": {"uv": [34, 42], "uv_size": [0.5, 0.5]},
								"down": {"uv": [42, 34.5], "uv_size": [0.5, -0.5]}
							}
						},
						{
							"origin": [-0.18929, -0.32812, 4.42409],
							"size": [0.05164, 0.12467, 0.51279],
							"pivot": [-0.00444, -0.20312, 4.4375],
							"rotation": [-14.06799, 5.57865, 178.60454],
							"uv": {
								"north": {"uv": [36, 42], "uv_size": [0.5, 0.5]},
								"east": {"uv": [42, 36], "uv_size": [0.5, 0.5]},
								"south": {"uv": [38, 42], "uv_size": [0.5, 0.5]},
								"west": {"uv": [42, 38], "uv_size": [0.5, 0.5]},
								"up": {"uv": [40, 42], "uv_size": [0.5, 0.5]},
								"down": {"uv": [42, 40.5], "uv_size": [0.5, -0.5]}
							}
						}
					]
				},
				{
					"name": "bone14",
					"parent": "octagon3",
					"pivot": [0, 0.23438, 4.67238],
					"rotation": [0, 0, -45],
					"cubes": [
						{
							"origin": [0.12881, 0.54688, 4.42498],
							"size": [0.05164, 0.12467, 0.51279],
							"pivot": [0.00444, 0.67188, 4.4375],
							"rotation": [-14.06799, -5.57865, 1.39546],
							"uv": {
								"north": {"uv": [42, 42], "uv_size": [0.5, 0.5]},
								"east": {"uv": [0, 43], "uv_size": [0.5, 0.5]},
								"south": {"uv": [43, 0], "uv_size": [0.5, 0.5]},
								"west": {"uv": [43, 2], "uv_size": [0.5, 0.5]},
								"up": {"uv": [43, 4], "uv_size": [0.5, 0.5]},
								"down": {"uv": [43, 6.5], "uv_size": [0.5, -0.5]}
							}
						},
						{
							"origin": [-0.12944, 0.54688, 4.4375],
							"size": [0.25888, 0.12467, 0.51539],
							"pivot": [0.00444, 0.67188, 4.4375],
							"rotation": [-14, 0, 0],
							"uv": {
								"north": {"uv": [43, 8], "uv_size": [0.5, 0.5]},
								"east": {"uv": [43, 10], "uv_size": [0.5, 0.5]},
								"south": {"uv": [12, 43], "uv_size": [0.5, 0.5]},
								"west": {"uv": [43, 14], "uv_size": [0.5, 0.5]},
								"up": {"uv": [43, 16], "uv_size": [0.5, 0.5]},
								"down": {"uv": [43, 18.5], "uv_size": [0.5, -0.5]}
							}
						},
						{
							"origin": [-0.1804, 0.54688, 4.42409],
							"size": [0.05164, 0.12467, 0.51279],
							"pivot": [0.00444, 0.67188, 4.4375],
							"rotation": [-14.06799, 5.57865, -1.39546],
							"uv": {
								"north": {"uv": [20, 43], "uv_size": [0.5, 0.5]},
								"east": {"uv": [43, 20], "uv_size": [0.5, 0.5]},
								"south": {"uv": [43, 28], "uv_size": [0.5, 0.5]},
								"west": {"uv": [2, 44], "uv_size": [0.5, 0.5]},
								"up": {"uv": [4, 44], "uv_size": [0.5, 0.5]},
								"down": {"uv": [6, 44.5], "uv_size": [0.5, -0.5]}
							}
						},
						{
							"origin": [0.11993, -0.32812, 4.42498],
							"size": [0.05164, 0.12467, 0.51279],
							"pivot": [-0.00444, -0.20312, 4.4375],
							"rotation": [-14.06799, -5.57865, -178.60454],
							"uv": {
								"north": {"uv": [8, 44], "uv_size": [0.5, 0.5]},
								"east": {"uv": [10, 44], "uv_size": [0.5, 0.5]},
								"south": {"uv": [44, 12], "uv_size": [0.5, 0.5]},
								"west": {"uv": [14, 44], "uv_size": [0.5, 0.5]},
								"up": {"uv": [16, 44], "uv_size": [0.5, 0.5]},
								"down": {"uv": [18, 44.5], "uv_size": [0.5, -0.5]}
							}
						},
						{
							"origin": [-0.13833, -0.32812, 4.4375],
							"size": [0.25888, 0.12467, 0.51539],
							"pivot": [-0.00444, -0.20312, 4.4375],
							"rotation": [-14, 0, -180],
							"uv": {
								"north": {"uv": [22, 44], "uv_size": [0.5, 0.5]},
								"east": {"uv": [44, 22], "uv_size": [0.5, 0.5]},
								"south": {"uv": [24, 44], "uv_size": [0.5, 0.5]},
								"west": {"uv": [44, 24], "uv_size": [0.5, 0.5]},
								"up": {"uv": [26, 44], "uv_size": [0.5, 0.5]},
								"down": {"uv": [44, 26.5], "uv_size": [0.5, -0.5]}
							}
						},
						{
							"origin": [-0.18929, -0.32812, 4.42409],
							"size": [0.05164, 0.12467, 0.51279],
							"pivot": [-0.00444, -0.20312, 4.4375],
							"rotation": [-14.06799, 5.57865, 178.60454],
							"uv": {
								"north": {"uv": [28, 44], "uv_size": [0.5, 0.5]},
								"east": {"uv": [30, 44], "uv_size": [0.5, 0.5]},
								"south": {"uv": [44, 30], "uv_size": [0.5, 0.5]},
								"west": {"uv": [32, 44], "uv_size": [0.5, 0.5]},
								"up": {"uv": [44, 32], "uv_size": [0.5, 0.5]},
								"down": {"uv": [34, 44.5], "uv_size": [0.5, -0.5]}
							}
						}
					]
				},
				{
					"name": "octagon4",
					"parent": "bodys",
					"pivot": [0, 1.14063, -6.875],
					"cubes": [
						{
							"origin": [-0.18122, -0.20312, -5.0625],
							"size": [0.36244, 0.25, 0.125],
							"pivot": [0, 0.23438, -5.0625],
							"rotation": [0, 0, 45],
							"uv": {
								"north": {"uv": [45, 2], "uv_size": [0.5, 0.5]},
								"east": {"uv": [45, 4], "uv_size": [0.5, 0.5]},
								"south": {"uv": [45, 6], "uv_size": [0.5, 0.5]},
								"west": {"uv": [45, 8], "uv_size": [0.5, 0.5]},
								"up": {"uv": [45, 10], "uv_size": [0.5, 0.5]},
								"down": {"uv": [12, 45.5], "uv_size": [0.5, -0.5]}
							}
						},
						{
							"origin": [-0.18122, -0.20312, -5.0625],
							"size": [0.36244, 0.25, 0.125],
							"uv": {
								"north": {"uv": [45, 14], "uv_size": [0.5, 0.5]},
								"east": {"uv": [45, 16], "uv_size": [0.5, 0.5]},
								"south": {"uv": [45, 18], "uv_size": [0.5, 0.5]},
								"west": {"uv": [20, 45], "uv_size": [0.5, 0.5]},
								"up": {"uv": [45, 20], "uv_size": [0.5, 0.5]},
								"down": {"uv": [45, 28.5], "uv_size": [0.5, -0.5]}
							}
						},
						{
							"origin": [-0.18122, 0.42188, -5.0625],
							"size": [0.36244, 0.25, 0.125],
							"pivot": [0, 0.23438, -5.0625],
							"rotation": [0, 0, 45],
							"uv": {
								"north": {"uv": [2, 46], "uv_size": [0.5, 0.5]},
								"east": {"uv": [4, 46], "uv_size": [0.5, 0.5]},
								"south": {"uv": [6, 46], "uv_size": [0.5, 0.5]},
								"west": {"uv": [8, 46], "uv_size": [0.5, 0.5]},
								"up": {"uv": [10, 46], "uv_size": [0.5, 0.5]},
								"down": {"uv": [46, 12.5], "uv_size": [0.5, -0.5]}
							}
						},
						{
							"origin": [-0.18122, 0.42188, -5.0625],
							"size": [0.36244, 0.25, 0.125],
							"uv": {
								"north": {"uv": [14, 46], "uv_size": [0.5, 0.5]},
								"east": {"uv": [16, 46], "uv_size": [0.5, 0.5]},
								"south": {"uv": [18, 46], "uv_size": [0.5, 0.5]},
								"west": {"uv": [22, 46], "uv_size": [0.5, 0.5]},
								"up": {"uv": [46, 22], "uv_size": [0.5, 0.5]},
								"down": {"uv": [24, 46.5], "uv_size": [0.5, -0.5]}
							}
						},
						{
							"origin": [0.1875, 0.05316, -5.0625],
							"size": [0.25, 0.36244, 0.125],
							"pivot": [0, 0.23438, -5.0625],
							"rotation": [0, 0, 45],
							"uv": {
								"north": {"uv": [46, 24], "uv_size": [0.5, 0.5]},
								"east": {"uv": [26, 46], "uv_size": [0.5, 0.5]},
								"south": {"uv": [46, 26], "uv_size": [0.5, 0.5]},
								"west": {"uv": [28, 46], "uv_size": [0.5, 0.5]},
								"up": {"uv": [30, 46], "uv_size": [0.5, 0.5]},
								"down": {"uv": [46, 30.5], "uv_size": [0.5, -0.5]}
							}
						},
						{
							"origin": [0.1875, 0.05316, -5.0625],
							"size": [0.25, 0.36244, 0.125],
							"uv": {
								"north": {"uv": [32, 46], "uv_size": [0.5, 0.5]},
								"east": {"uv": [46, 32], "uv_size": [0.5, 0.5]},
								"south": {"uv": [34, 46], "uv_size": [0.5, 0.5]},
								"west": {"uv": [46, 34], "uv_size": [0.5, 0.5]},
								"up": {"uv": [36, 46], "uv_size": [0.5, 0.5]},
								"down": {"uv": [46, 36.5], "uv_size": [0.5, -0.5]}
							}
						},
						{
							"origin": [-0.4375, 0.05316, -5.0625],
							"size": [0.25, 0.36244, 0.125],
							"pivot": [0, 0.23438, -5.0625],
							"rotation": [0, 0, 45],
							"uv": {
								"north": {"uv": [38, 46], "uv_size": [0.5, 0.5]},
								"east": {"uv": [46, 38], "uv_size": [0.5, 0.5]},
								"south": {"uv": [40, 46], "uv_size": [0.5, 0.5]},
								"west": {"uv": [46, 40], "uv_size": [0.5, 0.5]},
								"up": {"uv": [42, 46], "uv_size": [0.5, 0.5]},
								"down": {"uv": [46, 42.5], "uv_size": [0.5, -0.5]}
							}
						},
						{
							"origin": [-0.4375, 0.05316, -5.0625],
							"size": [0.25, 0.36244, 0.125],
							"uv": {
								"north": {"uv": [44, 46], "uv_size": [0.5, 0.5]},
								"east": {"uv": [46, 44], "uv_size": [0.5, 0.5]},
								"south": {"uv": [46, 46], "uv_size": [0.5, 0.5]},
								"west": {"uv": [0, 47], "uv_size": [0.5, 0.5]},
								"up": {"uv": [47, 0], "uv_size": [0.5, 0.5]},
								"down": {"uv": [47, 2.5], "uv_size": [0.5, -0.5]}
							}
						}
					]
				},
				{
					"name": "octagon5",
					"parent": "bodys",
					"pivot": [0, 0.23438, 5.09375],
					"cubes": [
						{
							"origin": [-0.09061, 0.01563, 5],
							"size": [0.18122, 0.4375, 0.3125],
							"pivot": [0, 0.23438, 5],
							"rotation": [0, 0, 45],
							"uv": {
								"north": {"uv": [47, 4], "uv_size": [0.5, 0.5]},
								"east": {"uv": [47, 6], "uv_size": [0.5, 0.5]},
								"south": {"uv": [47, 8], "uv_size": [0.5, 0.5]},
								"west": {"uv": [47, 10], "uv_size": [0.5, 0.5]},
								"up": {"uv": [12, 47], "uv_size": [0.5, 0.5]},
								"down": {"uv": [47, 14.5], "uv_size": [0.5, -0.5]}
							}
						},
						{
							"origin": [-0.09061, 0.01563, 5],
							"size": [0.18122, 0.4375, 0.3125],
							"uv": {
								"north": {"uv": [47, 16], "uv_size": [0.5, 0.5]},
								"east": {"uv": [47, 18], "uv_size": [0.5, 0.5]},
								"south": {"uv": [20, 47], "uv_size": [0.5, 0.5]},
								"west": {"uv": [47, 20], "uv_size": [0.5, 0.5]},
								"up": {"uv": [47, 28], "uv_size": [0.5, 0.5]},
								"down": {"uv": [2, 48.5], "uv_size": [0.5, -0.5]}
							}
						},
						{
							"origin": [-0.21875, 0.14377, 5],
							"size": [0.4375, 0.18122, 0.3125],
							"pivot": [0, 0.23438, 5],
							"rotation": [0, 0, 45],
							"uv": {
								"north": {"uv": [4, 48], "uv_size": [0.5, 0.5]},
								"east": {"uv": [6, 48], "uv_size": [0.5, 0.5]},
								"south": {"uv": [8, 48], "uv_size": [0.5, 0.5]},
								"west": {"uv": [10, 48], "uv_size": [0.5, 0.5]},
								"up": {"uv": [48, 12], "uv_size": [0.5, 0.5]},
								"down": {"uv": [14, 48.5], "uv_size": [0.5, -0.5]}
							}
						},
						{
							"origin": [-0.21875, 0.14377, 5],
							"size": [0.4375, 0.18122, 0.3125],
							"uv": {
								"north": {"uv": [16, 48], "uv_size": [0.5, 0.5]},
								"east": {"uv": [18, 48], "uv_size": [0.5, 0.5]},
								"south": {"uv": [22, 48], "uv_size": [0.5, 0.5]},
								"west": {"uv": [48, 22], "uv_size": [0.5, 0.5]},
								"up": {"uv": [24, 48], "uv_size": [0.5, 0.5]},
								"down": {"uv": [48, 24.5], "uv_size": [0.5, -0.5]}
							}
						}
					]
				},
				{
					"name": "octagon6",
					"parent": "bodys",
					"pivot": [0.75, -0.51562, 4.1875],
					"cubes": [
						{
							"origin": [-0.10355, -0.01562, 4.9375],
							"size": [0.20711, 0.5, 0.125],
							"pivot": [0, 0.23438, 4.9375],
							"rotation": [0, 0, 45],
							"uv": {
								"north": {"uv": [26, 48], "uv_size": [0.5, 0.5]},
								"east": {"uv": [48, 26], "uv_size": [0.5, 0.5]},
								"south": {"uv": [28, 48], "uv_size": [0.5, 0.5]},
								"west": {"uv": [30, 48], "uv_size": [0.5, 0.5]},
								"up": {"uv": [48, 30], "uv_size": [0.5, 0.5]},
								"down": {"uv": [32, 48.5], "uv_size": [0.5, -0.5]}
							}
						},
						{
							"origin": [-0.10355, -0.01562, 4.9375],
							"size": [0.20711, 0.5, 0.125],
							"uv": {
								"north": {"uv": [48, 32], "uv_size": [0.5, 0.5]},
								"east": {"uv": [34, 48], "uv_size": [0.5, 0.5]},
								"south": {"uv": [48, 34], "uv_size": [0.5, 0.5]},
								"west": {"uv": [36, 48], "uv_size": [0.5, 0.5]},
								"up": {"uv": [48, 36], "uv_size": [0.5, 0.5]},
								"down": {"uv": [38, 48.5], "uv_size": [0.5, -0.5]}
							}
						},
						{
							"origin": [-0.25, 0.13082, 4.9375],
							"size": [0.5, 0.20711, 0.125],
							"pivot": [0, 0.23438, 4.9375],
							"rotation": [0, 0, 45],
							"uv": {
								"north": {"uv": [30, 54], "uv_size": [0.5, 0.5]},
								"east": {"uv": [54, 30], "uv_size": [0.5, 0.5]},
								"south": {"uv": [32, 54], "uv_size": [0.5, 0.5]},
								"west": {"uv": [54, 32], "uv_size": [0.5, 0.5]},
								"up": {"uv": [34, 54], "uv_size": [0.5, 0.5]},
								"down": {"uv": [54, 34.5], "uv_size": [0.5, -0.5]}
							}
						},
						{
							"origin": [-0.25, 0.13082, 4.9375],
							"size": [0.5, 0.20711, 0.125],
							"uv": {
								"north": {"uv": [36, 54], "uv_size": [0.5, 0.5]},
								"east": {"uv": [54, 36], "uv_size": [0.5, 0.5]},
								"south": {"uv": [38, 54], "uv_size": [0.5, 0.5]},
								"west": {"uv": [54, 38], "uv_size": [0.5, 0.5]},
								"up": {"uv": [40, 54], "uv_size": [0.5, 0.5]},
								"down": {"uv": [54, 40.5], "uv_size": [0.5, -0.5]}
							}
						}
					]
				},
				{
					"name": "bone15",
					"parent": "octagon6",
					"pivot": [0, 0.23437, 4.98466],
					"cubes": [
						{
							"origin": [-0.10355, 0.48438, 4.9375],
							"size": [0.20711, 0.06234, 0.13975],
							"pivot": [-0.00582, 0.54672, 4.9375],
							"rotation": [-26.5, 0, 0],
							"uv": {
								"north": {"uv": [48, 38], "uv_size": [0.5, 0.5]},
								"east": {"uv": [40, 48], "uv_size": [0.5, 0.5]},
								"south": {"uv": [48, 40], "uv_size": [0.5, 0.5]},
								"west": {"uv": [42, 48], "uv_size": [0.5, 0.5]},
								"up": {"uv": [48, 42], "uv_size": [0.5, 0.5]},
								"down": {"uv": [44, 48.5], "uv_size": [0.5, -0.5]}
							}
						},
						{
							"origin": [0.10163, 0.48438, 4.91227],
							"size": [0.02543, 0.0625, 0.14213],
							"pivot": [-0.00582, 0.54672, 4.9375],
							"rotation": [-26.90724, -9.60918, 4.84215],
							"uv": {
								"north": {"uv": [48, 44], "uv_size": [0.5, 0.5]},
								"east": {"uv": [46, 48], "uv_size": [0.5, 0.5]},
								"south": {"uv": [48, 46], "uv_size": [0.5, 0.5]},
								"west": {"uv": [48, 48], "uv_size": [0.5, 0.5]},
								"up": {"uv": [0, 49], "uv_size": [0.5, 0.5]},
								"down": {"uv": [49, 0.5], "uv_size": [0.5, -0.5]}
							}
						},
						{
							"origin": [-0.12727, 0.48438, 4.91444],
							"size": [0.02543, 0.0625, 0.14213],
							"pivot": [-0.00582, 0.54672, 4.9375],
							"rotation": [-26.90724, 9.60918, -4.84215],
							"uv": {
								"north": {"uv": [49, 2], "uv_size": [0.5, 0.5]},
								"east": {"uv": [49, 4], "uv_size": [0.5, 0.5]},
								"south": {"uv": [49, 6], "uv_size": [0.5, 0.5]},
								"west": {"uv": [49, 8], "uv_size": [0.5, 0.5]},
								"up": {"uv": [49, 10], "uv_size": [0.5, 0.5]},
								"down": {"uv": [12, 49.5], "uv_size": [0.5, -0.5]}
							}
						},
						{
							"origin": [0.11328, -0.14032, 4.9122],
							"size": [0.02543, 0.0625, 0.14213],
							"pivot": [0.00582, -0.07798, 4.93743],
							"rotation": [-26.90724, -9.60918, -175.15785],
							"uv": {
								"north": {"uv": [49, 14], "uv_size": [0.5, 0.5]},
								"east": {"uv": [49, 16], "uv_size": [0.5, 0.5]},
								"south": {"uv": [49, 18], "uv_size": [0.5, 0.5]},
								"west": {"uv": [20, 49], "uv_size": [0.5, 0.5]},
								"up": {"uv": [49, 20], "uv_size": [0.5, 0.5]},
								"down": {"uv": [49, 28.5], "uv_size": [0.5, -0.5]}
							}
						},
						{
							"origin": [-0.11563, -0.14032, 4.91437],
							"size": [0.02543, 0.0625, 0.14213],
							"pivot": [0.00582, -0.07798, 4.93743],
							"rotation": [-26.90724, 9.60918, 175.15785],
							"uv": {
								"north": {"uv": [2, 50], "uv_size": [0.5, 0.5]},
								"east": {"uv": [4, 50], "uv_size": [0.5, 0.5]},
								"south": {"uv": [6, 50], "uv_size": [0.5, 0.5]},
								"west": {"uv": [8, 50], "uv_size": [0.5, 0.5]},
								"up": {"uv": [10, 50], "uv_size": [0.5, 0.5]},
								"down": {"uv": [50, 12.5], "uv_size": [0.5, -0.5]}
							}
						},
						{
							"origin": [-0.09191, -0.14032, 4.93743],
							"size": [0.20711, 0.06234, 0.13975],
							"pivot": [0.00582, -0.07798, 4.93743],
							"rotation": [-26.5, 0, -180],
							"uv": {
								"north": {"uv": [14, 50], "uv_size": [0.5, 0.5]},
								"east": {"uv": [16, 50], "uv_size": [0.5, 0.5]},
								"south": {"uv": [18, 50], "uv_size": [0.5, 0.5]},
								"west": {"uv": [22, 50], "uv_size": [0.5, 0.5]},
								"up": {"uv": [50, 22], "uv_size": [0.5, 0.5]},
								"down": {"uv": [24, 50.5], "uv_size": [0.5, -0.5]}
							}
						}
					]
				},
				{
					"name": "bone16",
					"parent": "octagon6",
					"pivot": [0, 0.23437, 4.98466],
					"rotation": [0, 0, -45],
					"cubes": [
						{
							"origin": [-0.10355, 0.48438, 4.9375],
							"size": [0.20711, 0.06234, 0.13975],
							"pivot": [-0.00582, 0.54672, 4.9375],
							"rotation": [-26.5, 0, 0],
							"uv": {
								"north": {"uv": [50, 24], "uv_size": [0.5, 0.5]},
								"east": {"uv": [26, 50], "uv_size": [0.5, 0.5]},
								"south": {"uv": [50, 26], "uv_size": [0.5, 0.5]},
								"west": {"uv": [28, 50], "uv_size": [0.5, 0.5]},
								"up": {"uv": [30, 50], "uv_size": [0.5, 0.5]},
								"down": {"uv": [50, 30.5], "uv_size": [0.5, -0.5]}
							}
						},
						{
							"origin": [0.10163, 0.48438, 4.91227],
							"size": [0.02543, 0.0625, 0.14213],
							"pivot": [-0.00582, 0.54672, 4.9375],
							"rotation": [-26.90724, -9.60918, 4.84215],
							"uv": {
								"north": {"uv": [32, 50], "uv_size": [0.5, 0.5]},
								"east": {"uv": [50, 32], "uv_size": [0.5, 0.5]},
								"south": {"uv": [34, 50], "uv_size": [0.5, 0.5]},
								"west": {"uv": [50, 34], "uv_size": [0.5, 0.5]},
								"up": {"uv": [36, 50], "uv_size": [0.5, 0.5]},
								"down": {"uv": [50, 36.5], "uv_size": [0.5, -0.5]}
							}
						},
						{
							"origin": [-0.12727, 0.48438, 4.91444],
							"size": [0.02543, 0.0625, 0.14213],
							"pivot": [-0.00582, 0.54672, 4.9375],
							"rotation": [-26.90724, 9.60918, -4.84215],
							"uv": {
								"north": {"uv": [38, 50], "uv_size": [0.5, 0.5]},
								"east": {"uv": [50, 38], "uv_size": [0.5, 0.5]},
								"south": {"uv": [40, 50], "uv_size": [0.5, 0.5]},
								"west": {"uv": [50, 40], "uv_size": [0.5, 0.5]},
								"up": {"uv": [42, 50], "uv_size": [0.5, 0.5]},
								"down": {"uv": [50, 42.5], "uv_size": [0.5, -0.5]}
							}
						},
						{
							"origin": [0.11328, -0.14032, 4.9122],
							"size": [0.02543, 0.0625, 0.14213],
							"pivot": [0.00582, -0.07798, 4.93743],
							"rotation": [-26.90724, -9.60918, -175.15785],
							"uv": {
								"north": {"uv": [44, 50], "uv_size": [0.5, 0.5]},
								"east": {"uv": [50, 44], "uv_size": [0.5, 0.5]},
								"south": {"uv": [46, 50], "uv_size": [0.5, 0.5]},
								"west": {"uv": [50, 46], "uv_size": [0.5, 0.5]},
								"up": {"uv": [48, 50], "uv_size": [0.5, 0.5]},
								"down": {"uv": [50, 48.5], "uv_size": [0.5, -0.5]}
							}
						},
						{
							"origin": [-0.11563, -0.14032, 4.91437],
							"size": [0.02543, 0.0625, 0.14213],
							"pivot": [0.00582, -0.07798, 4.93743],
							"rotation": [-26.90724, 9.60918, 175.15785],
							"uv": {
								"north": {"uv": [50, 50], "uv_size": [0.5, 0.5]},
								"east": {"uv": [0, 51], "uv_size": [0.5, 0.5]},
								"south": {"uv": [51, 0], "uv_size": [0.5, 0.5]},
								"west": {"uv": [51, 2], "uv_size": [0.5, 0.5]},
								"up": {"uv": [51, 4], "uv_size": [0.5, 0.5]},
								"down": {"uv": [51, 6.5], "uv_size": [0.5, -0.5]}
							}
						},
						{
							"origin": [-0.09191, -0.14032, 4.93743],
							"size": [0.20711, 0.06234, 0.13975],
							"pivot": [0.00582, -0.07798, 4.93743],
							"rotation": [-26.5, 0, -180],
							"uv": {
								"north": {"uv": [51, 8], "uv_size": [0.5, 0.5]},
								"east": {"uv": [51, 10], "uv_size": [0.5, 0.5]},
								"south": {"uv": [12, 51], "uv_size": [0.5, 0.5]},
								"west": {"uv": [51, 14], "uv_size": [0.5, 0.5]},
								"up": {"uv": [51, 16], "uv_size": [0.5, 0.5]},
								"down": {"uv": [51, 18.5], "uv_size": [0.5, -0.5]}
							}
						}
					]
				},
				{
					"name": "bone17",
					"parent": "octagon6",
					"pivot": [0, 0.23437, 4.98466],
					"rotation": [0, 0, -90],
					"cubes": [
						{
							"origin": [-0.10355, 0.48438, 4.9375],
							"size": [0.20711, 0.06234, 0.13975],
							"pivot": [-0.00582, 0.54672, 4.9375],
							"rotation": [-26.5, 0, 0],
							"uv": {
								"north": {"uv": [20, 51], "uv_size": [0.5, 0.5]},
								"east": {"uv": [51, 20], "uv_size": [0.5, 0.5]},
								"south": {"uv": [51, 28], "uv_size": [0.5, 0.5]},
								"west": {"uv": [2, 52], "uv_size": [0.5, 0.5]},
								"up": {"uv": [4, 52], "uv_size": [0.5, 0.5]},
								"down": {"uv": [6, 52.5], "uv_size": [0.5, -0.5]}
							}
						},
						{
							"origin": [0.10163, 0.48438, 4.91227],
							"size": [0.02543, 0.0625, 0.14213],
							"pivot": [-0.00582, 0.54672, 4.9375],
							"rotation": [-26.90724, -9.60918, 4.84215],
							"uv": {
								"north": {"uv": [8, 52], "uv_size": [0.5, 0.5]},
								"east": {"uv": [10, 52], "uv_size": [0.5, 0.5]},
								"south": {"uv": [52, 12], "uv_size": [0.5, 0.5]},
								"west": {"uv": [14, 52], "uv_size": [0.5, 0.5]},
								"up": {"uv": [16, 52], "uv_size": [0.5, 0.5]},
								"down": {"uv": [18, 52.5], "uv_size": [0.5, -0.5]}
							}
						},
						{
							"origin": [-0.12727, 0.48438, 4.91444],
							"size": [0.02543, 0.0625, 0.14213],
							"pivot": [-0.00582, 0.54672, 4.9375],
							"rotation": [-26.90724, 9.60918, -4.84215],
							"uv": {
								"north": {"uv": [22, 52], "uv_size": [0.5, 0.5]},
								"east": {"uv": [52, 22], "uv_size": [0.5, 0.5]},
								"south": {"uv": [24, 52], "uv_size": [0.5, 0.5]},
								"west": {"uv": [52, 24], "uv_size": [0.5, 0.5]},
								"up": {"uv": [26, 52], "uv_size": [0.5, 0.5]},
								"down": {"uv": [52, 26.5], "uv_size": [0.5, -0.5]}
							}
						},
						{
							"origin": [0.11328, -0.14032, 4.9122],
							"size": [0.02543, 0.0625, 0.14213],
							"pivot": [0.00582, -0.07798, 4.93743],
							"rotation": [-26.90724, -9.60918, -175.15785],
							"uv": {
								"north": {"uv": [28, 52], "uv_size": [0.5, 0.5]},
								"east": {"uv": [30, 52], "uv_size": [0.5, 0.5]},
								"south": {"uv": [52, 30], "uv_size": [0.5, 0.5]},
								"west": {"uv": [32, 52], "uv_size": [0.5, 0.5]},
								"up": {"uv": [52, 32], "uv_size": [0.5, 0.5]},
								"down": {"uv": [34, 52.5], "uv_size": [0.5, -0.5]}
							}
						},
						{
							"origin": [-0.11563, -0.14032, 4.91437],
							"size": [0.02543, 0.0625, 0.14213],
							"pivot": [0.00582, -0.07798, 4.93743],
							"rotation": [-26.90724, 9.60918, 175.15785],
							"uv": {
								"north": {"uv": [52, 34], "uv_size": [0.5, 0.5]},
								"east": {"uv": [36, 52], "uv_size": [0.5, 0.5]},
								"south": {"uv": [52, 36], "uv_size": [0.5, 0.5]},
								"west": {"uv": [38, 52], "uv_size": [0.5, 0.5]},
								"up": {"uv": [52, 38], "uv_size": [0.5, 0.5]},
								"down": {"uv": [40, 52.5], "uv_size": [0.5, -0.5]}
							}
						},
						{
							"origin": [-0.09191, -0.14032, 4.93743],
							"size": [0.20711, 0.06234, 0.13975],
							"pivot": [0.00582, -0.07798, 4.93743],
							"rotation": [-26.5, 0, -180],
							"uv": {
								"north": {"uv": [52, 40], "uv_size": [0.5, 0.5]},
								"east": {"uv": [42, 52], "uv_size": [0.5, 0.5]},
								"south": {"uv": [52, 42], "uv_size": [0.5, 0.5]},
								"west": {"uv": [44, 52], "uv_size": [0.5, 0.5]},
								"up": {"uv": [52, 44], "uv_size": [0.5, 0.5]},
								"down": {"uv": [46, 52.5], "uv_size": [0.5, -0.5]}
							}
						}
					]
				},
				{
					"name": "bone18",
					"parent": "octagon6",
					"pivot": [0, 0.23437, 4.98466],
					"rotation": [0, 0, -135],
					"cubes": [
						{
							"origin": [-0.10355, 0.48438, 4.9375],
							"size": [0.20711, 0.06234, 0.13975],
							"pivot": [-0.00582, 0.54672, 4.9375],
							"rotation": [-26.5, 0, 0],
							"uv": {
								"north": {"uv": [52, 46], "uv_size": [0.5, 0.5]},
								"east": {"uv": [48, 52], "uv_size": [0.5, 0.5]},
								"south": {"uv": [52, 48], "uv_size": [0.5, 0.5]},
								"west": {"uv": [50, 52], "uv_size": [0.5, 0.5]},
								"up": {"uv": [52, 50], "uv_size": [0.5, 0.5]},
								"down": {"uv": [52, 52.5], "uv_size": [0.5, -0.5]}
							}
						},
						{
							"origin": [0.10163, 0.48438, 4.91227],
							"size": [0.02543, 0.0625, 0.14213],
							"pivot": [-0.00582, 0.54672, 4.9375],
							"rotation": [-26.90724, -9.60918, 4.84215],
							"uv": {
								"north": {"uv": [0, 53], "uv_size": [0.5, 0.5]},
								"east": {"uv": [53, 0], "uv_size": [0.5, 0.5]},
								"south": {"uv": [53, 2], "uv_size": [0.5, 0.5]},
								"west": {"uv": [53, 4], "uv_size": [0.5, 0.5]},
								"up": {"uv": [53, 6], "uv_size": [0.5, 0.5]},
								"down": {"uv": [53, 8.5], "uv_size": [0.5, -0.5]}
							}
						},
						{
							"origin": [-0.12727, 0.48438, 4.91444],
							"size": [0.02543, 0.0625, 0.14213],
							"pivot": [-0.00582, 0.54672, 4.9375],
							"rotation": [-26.90724, 9.60918, -4.84215],
							"uv": {
								"north": {"uv": [53, 10], "uv_size": [0.5, 0.5]},
								"east": {"uv": [12, 53], "uv_size": [0.5, 0.5]},
								"south": {"uv": [53, 14], "uv_size": [0.5, 0.5]},
								"west": {"uv": [53, 16], "uv_size": [0.5, 0.5]},
								"up": {"uv": [53, 18], "uv_size": [0.5, 0.5]},
								"down": {"uv": [20, 53.5], "uv_size": [0.5, -0.5]}
							}
						},
						{
							"origin": [0.11328, -0.14032, 4.9122],
							"size": [0.02543, 0.0625, 0.14213],
							"pivot": [0.00582, -0.07798, 4.93743],
							"rotation": [-26.90724, -9.60918, -175.15785],
							"uv": {
								"north": {"uv": [53, 20], "uv_size": [0.5, 0.5]},
								"east": {"uv": [53, 28], "uv_size": [0.5, 0.5]},
								"south": {"uv": [2, 54], "uv_size": [0.5, 0.5]},
								"west": {"uv": [4, 54], "uv_size": [0.5, 0.5]},
								"up": {"uv": [6, 54], "uv_size": [0.5, 0.5]},
								"down": {"uv": [8, 54.5], "uv_size": [0.5, -0.5]}
							}
						},
						{
							"origin": [-0.11563, -0.14032, 4.91437],
							"size": [0.02543, 0.0625, 0.14213],
							"pivot": [0.00582, -0.07798, 4.93743],
							"rotation": [-26.90724, 9.60918, 175.15785],
							"uv": {
								"north": {"uv": [10, 54], "uv_size": [0.5, 0.5]},
								"east": {"uv": [54, 12], "uv_size": [0.5, 0.5]},
								"south": {"uv": [14, 54], "uv_size": [0.5, 0.5]},
								"west": {"uv": [16, 54], "uv_size": [0.5, 0.5]},
								"up": {"uv": [18, 54], "uv_size": [0.5, 0.5]},
								"down": {"uv": [22, 54.5], "uv_size": [0.5, -0.5]}
							}
						},
						{
							"origin": [-0.09191, -0.14032, 4.93743],
							"size": [0.20711, 0.06234, 0.13975],
							"pivot": [0.00582, -0.07798, 4.93743],
							"rotation": [-26.5, 0, -180],
							"uv": {
								"north": {"uv": [54, 22], "uv_size": [0.5, 0.5]},
								"east": {"uv": [24, 54], "uv_size": [0.5, 0.5]},
								"south": {"uv": [54, 24], "uv_size": [0.5, 0.5]},
								"west": {"uv": [26, 54], "uv_size": [0.5, 0.5]},
								"up": {"uv": [54, 26], "uv_size": [0.5, 0.5]},
								"down": {"uv": [28, 54.5], "uv_size": [0.5, -0.5]}
							}
						}
					]
				},
				{
					"name": "octagon7",
					"parent": "bodys",
					"pivot": [0.75, -0.51562, -4.4375],
					"cubes": [
						{
							"origin": [-0.233, -0.32812, -3.9375],
							"size": [0.46599, 1.125, 0.3125],
							"pivot": [0, 0.23438, -3.6875],
							"rotation": [0, 0, 45],
							"uv": {
								"north": {"uv": [8, 26], "uv_size": [0.5, 1]},
								"east": {"uv": [10, 26], "uv_size": [0.5, 1]},
								"south": {"uv": [26, 12], "uv_size": [0.5, 1]},
								"west": {"uv": [15, 26], "uv_size": [0.5, 1]},
								"up": {"uv": [42, 54], "uv_size": [0.5, 0.5]},
								"down": {"uv": [54, 42.5], "uv_size": [0.5, -0.5]}
							}
						},
						{
							"origin": [-0.233, -0.32812, -3.9375],
							"size": [0.46599, 1.125, 0.3125],
							"uv": {
								"north": {"uv": [17, 26], "uv_size": [0.5, 1]},
								"east": {"uv": [19, 26], "uv_size": [0.5, 1]},
								"south": {"uv": [26, 22], "uv_size": [0.5, 1]},
								"west": {"uv": [24, 26], "uv_size": [0.5, 1]},
								"up": {"uv": [44, 54], "uv_size": [0.5, 0.5]},
								"down": {"uv": [54, 44.5], "uv_size": [0.5, -0.5]}
							}
						},
						{
							"origin": [-0.5625, 0.00138, -3.9375],
							"size": [1.125, 0.46599, 0.3125],
							"pivot": [0, 0.23438, -3.6875],
							"rotation": [0, 0, 45],
							"uv": {
								"north": {"uv": [26, 24], "uv_size": [1, 0.5]},
								"east": {"uv": [46, 54], "uv_size": [0.5, 0.5]},
								"south": {"uv": [26, 26], "uv_size": [1, 0.5]},
								"west": {"uv": [54, 46], "uv_size": [0.5, 0.5]},
								"up": {"uv": [0, 27], "uv_size": [1, 0.5]},
								"down": {"uv": [27, 0.5], "uv_size": [1, -0.5]}
							}
						},
						{
							"origin": [-0.5625, 0.00138, -3.9375],
							"size": [1.125, 0.46599, 0.3125],
							"uv": {
								"north": {"uv": [27, 2], "uv_size": [1, 0.5]},
								"east": {"uv": [48, 54], "uv_size": [0.5, 0.5]},
								"south": {"uv": [27, 4], "uv_size": [1, 0.5]},
								"west": {"uv": [54, 48], "uv_size": [0.5, 0.5]},
								"up": {"uv": [27, 6], "uv_size": [1, 0.5]},
								"down": {"uv": [27, 8.5], "uv_size": [1, -0.5]}
							}
						}
					]
				},
				{
					"name": "frame",
					"parent": "bodys",
					"pivot": [0, -17.67187, 3.1875],
					"cubes": [
						{
							"origin": [-0.3125, -0.35937, 3.5],
							"size": [0.625, 1.1875, 0.0625],
							"uv": {
								"north": {"uv": [27, 10], "uv_size": [0.5, 1]},
								"east": {"uv": [12, 27], "uv_size": [0.5, 1]},
								"south": {"uv": [27, 14], "uv_size": [0.5, 1]},
								"west": {"uv": [27, 16], "uv_size": [0.5, 1]},
								"up": {"uv": [50, 54], "uv_size": [0.5, 0.5]},
								"down": {"uv": [54, 50.5], "uv_size": [0.5, -0.5]}
							}
						},
						{
							"origin": [-0.3125, -0.35937, -4.9375],
							"size": [0.625, 1.1875, 0.0625],
							"uv": {
								"north": {"uv": [27, 18], "uv_size": [0.5, 1]},
								"east": {"uv": [27, 20], "uv_size": [0.5, 1]},
								"south": {"uv": [21, 27], "uv_size": [0.5, 1]},
								"west": {"uv": [2, 28], "uv_size": [0.5, 1]},
								"up": {"uv": [52, 54], "uv_size": [0.5, 0.5]},
								"down": {"uv": [54, 52.5], "uv_size": [0.5, -0.5]}
							}
						}
					]
				},
				{
					"name": "laser",
					"parent": "LaserPoint",
					"pivot": [0, -16.35937, 3.1875]
				},
				{
					"name": "light_illuminated",
					"parent": "laser",
					"pivot": [0, -16.35937, 3.1875],
					"cubes": [
						{
							"origin": [-0.03125, 0.21875, -49.5625],
							"size": [0.0625, 0.0625, 45],
							"uv": {
								"north": {"uv": [54, 54], "uv_size": [0.5, 0.5]},
								"east": {"uv": [14, 8], "uv_size": [9.5, 0.5]},
								"south": {"uv": [0, 55], "uv_size": [0.5, 0.5]},
								"west": {"uv": [14, 10], "uv_size": [9.5, 0.5]},
								"up": {"uv": [14, 12], "uv_size": [0.5, 9.5]},
								"down": {"uv": [16, 21.5], "uv_size": [0.5, -9.5]}
							}
						}
					]
				}
			]
		}
	]
}