{
	"format_version": "1.12.0",
	"minecraft:geometry": [
		{
			"description": {
				"identifier": "geometry.unknown",
				"texture_width": 128,
				"texture_height": 128,
				"visible_bounds_width": 10,
				"visible_bounds_height": 1.5,
				"visible_bounds_offset": [0, 0.25, 0]
			},
			"bones": [
				{
					"name": "scope_body",
					"pivot": [0, -27.29687, -5.23437]
				},
				{
					"name": "AG_OEG",
					"parent": "scope_body",
					"pivot": [0, -27.29687, -5.23437]
				},
				{
					"name": "body2",
					"parent": "AG_OEG",
					"pivot": [0, -27.29687, -5.23437],
					"cubes": [
						{
							"origin": [-1.40625, 1.20313, -1.65625],
							"size": [2, 0.48438, 2.375],
							"inflate": 0.001,
							"uv": {
								"west": {"uv": [0, 87.25], "uv_size": [63.75, 14.25]}
							}
						}
					]
				},
				{
					"name": "glassPoint_illuminated",
					"parent": "body2",
					"pivot": [0, 11.125, 3.07813],
					"cubes": [
						{
							"origin": [-0.125, 1.375, -0.21875],
							"size": [0.25, 0.25, 2],
							"uv": {
								"south": {"uv": [63, 0], "uv_size": [65, 65]}
							}
						}
					]
				},
				{
					"name": "octagon",
					"parent": "body2",
					"pivot": [1.50406, 0.82813, -3.73437],
					"cubes": [
						{
							"origin": [-0.24594, 0.85938, -2.98437],
							"size": [0.49188, 1.1875, 4.0625],
							"pivot": [0, 1.45313, -2.79687],
							"rotation": [0, 0, 45],
							"uv": {
								"north": {"uv": [18, 20], "uv_size": [0.5, 1.25]},
								"east": {"uv": [0, 0], "uv_size": [4, 1.25]},
								"south": {"uv": [20, 20], "uv_size": [0.5, 1.25]},
								"west": {"uv": [0, 3], "uv_size": [4, 1.25]},
								"up": {"uv": [2, 11], "uv_size": [0.5, 4]},
								"down": {"uv": [4, 15], "uv_size": [0.5, -4]}
							}
						},
						{
							"origin": [-0.24594, 0.85938, -2.98437],
							"size": [0.49188, 1.1875, 4.0625],
							"uv": {
								"north": {"uv": [0, 21], "uv_size": [0.5, 1.25]},
								"east": {"uv": [5, 0], "uv_size": [4, 1.25]},
								"south": {"uv": [21, 0], "uv_size": [0.5, 1.25]},
								"west": {"uv": [5, 3], "uv_size": [4, 1.25]},
								"up": {"uv": [6, 11], "uv_size": [0.5, 4]},
								"down": {"uv": [8, 15], "uv_size": [0.5, -4]}
							}
						},
						{
							"origin": [-0.59375, 1.20719, -2.98437],
							"size": [1.1875, 0.49188, 4.0625],
							"pivot": [0, 1.45313, -2.79687],
							"rotation": [0, 0, 45],
							"uv": {
								"north": {"uv": [21, 3], "uv_size": [1.25, 0.5]},
								"east": {"uv": [10, 4], "uv_size": [4, 0.5]},
								"south": {"uv": [4, 21], "uv_size": [1.25, 0.5]},
								"west": {"uv": [10, 11], "uv_size": [4, 0.5]},
								"up": {"uv": [0, 6], "uv_size": [1.25, 4]},
								"down": {"uv": [3, 10], "uv_size": [1.25, -4]}
							}
						},
						{
							"origin": [-0.59375, 1.20719, -2.98437],
							"size": [1.1875, 0.49188, 4.0625],
							"uv": {
								"north": {"uv": [21, 5], "uv_size": [1.25, 0.5]},
								"east": {"uv": [12, 0], "uv_size": [4, 0.5]},
								"south": {"uv": [7, 21], "uv_size": [1.25, 0.5]},
								"west": {"uv": [12, 2], "uv_size": [4, 0.5]},
								"up": {"uv": [6, 6], "uv_size": [1.25, 4]},
								"down": {"uv": [9, 10], "uv_size": [1.25, -4]}
							}
						}
					]
				},
				{
					"name": "huan",
					"parent": "octagon",
					"pivot": [0, -27.29687, -5.23437]
				},
				{
					"name": "wedge5",
					"parent": "huan",
					"pivot": [-0.00229, 2.17187, 1.07813],
					"cubes": [
						{
							"origin": [-0.17435, 1.80516, 1.3724],
							"size": [0.05786, 0.125, 0.2428],
							"pivot": [0.00292, 1.45313, 1.034],
							"rotation": [45.74373, -9.1526, -9.27166],
							"uv": {
								"north": {"uv": [50, 0], "uv_size": [0.25, 0.25]},
								"east": {"uv": [50, 2], "uv_size": [0.25, 0.25]},
								"south": {"uv": [50, 4], "uv_size": [0.25, 0.25]},
								"west": {"uv": [10, 50], "uv_size": [0.25, 0.25]},
								"up": {"uv": [50, 16], "uv_size": [0.25, 0.25]},
								"down": {"uv": [50, 18.25], "uv_size": [0.25, -0.25]}
							}
						},
						{
							"origin": [-0.24417, 1.80516, 1.32344],
							"size": [0.49188, 0.125, 0.25],
							"pivot": [0.00292, 1.45313, 1.034],
							"rotation": [45, 0, 0],
							"uv": {
								"north": {"uv": [30, 24], "uv_size": [0.5, 0.25]},
								"east": {"uv": [22, 50], "uv_size": [0.25, 0.25]},
								"south": {"uv": [26, 30], "uv_size": [0.5, 0.25]},
								"west": {"uv": [24, 50], "uv_size": [0.25, 0.25]},
								"up": {"uv": [30, 26], "uv_size": [0.5, 0.25]},
								"down": {"uv": [28, 30.25], "uv_size": [0.5, -0.25]}
							}
						},
						{
							"origin": [0.12009, 1.80516, 1.37108],
							"size": [0.05441, 0.125, 0.24359],
							"pivot": [0.00292, 1.45313, 1.034],
							"rotation": [45.74373, 9.1526, 9.27166],
							"uv": {
								"north": {"uv": [50, 24], "uv_size": [0.25, 0.25]},
								"east": {"uv": [26, 50], "uv_size": [0.25, 0.25]},
								"south": {"uv": [50, 26], "uv_size": [0.25, 0.25]},
								"west": {"uv": [28, 50], "uv_size": [0.25, 0.25]},
								"up": {"uv": [50, 28], "uv_size": [0.25, 0.25]},
								"down": {"uv": [30, 50.25], "uv_size": [0.25, -0.25]}
							}
						},
						{
							"origin": [-0.17435, 1.80516, 1.3724],
							"size": [0.05786, 0.125, 0.2428],
							"pivot": [0.00292, 1.45313, 1.034],
							"rotation": [45.74373, -9.1526, -99.27166],
							"uv": {
								"north": {"uv": [50, 30], "uv_size": [0.25, 0.25]},
								"east": {"uv": [32, 50], "uv_size": [0.25, 0.25]},
								"south": {"uv": [50, 32], "uv_size": [0.25, 0.25]},
								"west": {"uv": [34, 50], "uv_size": [0.25, 0.25]},
								"up": {"uv": [50, 34], "uv_size": [0.25, 0.25]},
								"down": {"uv": [36, 50.25], "uv_size": [0.25, -0.25]}
							}
						},
						{
							"origin": [-0.24417, 1.80516, 1.32344],
							"size": [0.49188, 0.125, 0.25],
							"pivot": [0.00292, 1.45313, 1.034],
							"rotation": [45, 0, -90],
							"uv": {
								"north": {"uv": [30, 28], "uv_size": [0.5, 0.25]},
								"east": {"uv": [50, 36], "uv_size": [0.25, 0.25]},
								"south": {"uv": [30, 30], "uv_size": [0.5, 0.25]},
								"west": {"uv": [38, 50], "uv_size": [0.25, 0.25]},
								"up": {"uv": [2, 31], "uv_size": [0.5, 0.25]},
								"down": {"uv": [4, 31.25], "uv_size": [0.5, -0.25]}
							}
						},
						{
							"origin": [0.12009, 1.80516, 1.37108],
							"size": [0.05441, 0.125, 0.24359],
							"pivot": [0.00292, 1.45313, 1.034],
							"rotation": [45.74373, 9.1526, -80.72834],
							"uv": {
								"north": {"uv": [50, 38], "uv_size": [0.25, 0.25]},
								"east": {"uv": [40, 50], "uv_size": [0.25, 0.25]},
								"south": {"uv": [50, 40], "uv_size": [0.25, 0.25]},
								"west": {"uv": [42, 50], "uv_size": [0.25, 0.25]},
								"up": {"uv": [50, 42], "uv_size": [0.25, 0.25]},
								"down": {"uv": [44, 50.25], "uv_size": [0.25, -0.25]}
							}
						},
						{
							"origin": [-0.17435, 1.80516, 1.3724],
							"size": [0.05786, 0.125, 0.2428],
							"pivot": [0.00292, 1.45313, 1.034],
							"rotation": [45.74373, -9.1526, -144.27166],
							"uv": {
								"north": {"uv": [50, 44], "uv_size": [0.25, 0.25]},
								"east": {"uv": [46, 50], "uv_size": [0.25, 0.25]},
								"south": {"uv": [50, 46], "uv_size": [0.25, 0.25]},
								"west": {"uv": [48, 50], "uv_size": [0.25, 0.25]},
								"up": {"uv": [50, 48], "uv_size": [0.25, 0.25]},
								"down": {"uv": [50, 50.25], "uv_size": [0.25, -0.25]}
							}
						},
						{
							"origin": [-0.24417, 1.80516, 1.32344],
							"size": [0.49188, 0.125, 0.25],
							"pivot": [0.00292, 1.45313, 1.034],
							"rotation": [45, 0, -135],
							"uv": {
								"north": {"uv": [6, 31], "uv_size": [0.5, 0.25]},
								"east": {"uv": [2, 51], "uv_size": [0.25, 0.25]},
								"south": {"uv": [31, 6], "uv_size": [0.5, 0.25]},
								"west": {"uv": [4, 51], "uv_size": [0.25, 0.25]},
								"up": {"uv": [8, 31], "uv_size": [0.5, 0.25]},
								"down": {"uv": [31, 8.25], "uv_size": [0.5, -0.25]}
							}
						},
						{
							"origin": [0.12009, 1.80516, 1.37108],
							"size": [0.05441, 0.125, 0.24359],
							"pivot": [0.00292, 1.45313, 1.034],
							"rotation": [45.74373, 9.1526, -125.72834],
							"uv": {
								"north": {"uv": [6, 51], "uv_size": [0.25, 0.25]},
								"east": {"uv": [51, 6], "uv_size": [0.25, 0.25]},
								"south": {"uv": [8, 51], "uv_size": [0.25, 0.25]},
								"west": {"uv": [51, 8], "uv_size": [0.25, 0.25]},
								"up": {"uv": [51, 10], "uv_size": [0.25, 0.25]},
								"down": {"uv": [12, 51.25], "uv_size": [0.25, -0.25]}
							}
						},
						{
							"origin": [-0.17435, 1.80516, 1.3724],
							"size": [0.05786, 0.125, 0.2428],
							"pivot": [0.00292, 1.45313, 1.034],
							"rotation": [45.74373, -9.1526, -54.27166],
							"uv": {
								"north": {"uv": [51, 12], "uv_size": [0.25, 0.25]},
								"east": {"uv": [14, 51], "uv_size": [0.25, 0.25]},
								"south": {"uv": [51, 14], "uv_size": [0.25, 0.25]},
								"west": {"uv": [16, 51], "uv_size": [0.25, 0.25]},
								"up": {"uv": [18, 51], "uv_size": [0.25, 0.25]},
								"down": {"uv": [20, 51.25], "uv_size": [0.25, -0.25]}
							}
						},
						{
							"origin": [-0.24417, 1.80516, 1.32344],
							"size": [0.49188, 0.125, 0.25],
							"pivot": [0.00292, 1.45313, 1.034],
							"rotation": [45, 0, -45],
							"uv": {
								"north": {"uv": [31, 10], "uv_size": [0.5, 0.25]},
								"east": {"uv": [51, 20], "uv_size": [0.25, 0.25]},
								"south": {"uv": [12, 31], "uv_size": [0.5, 0.25]},
								"west": {"uv": [51, 22], "uv_size": [0.25, 0.25]},
								"up": {"uv": [31, 12], "uv_size": [0.5, 0.25]},
								"down": {"uv": [14, 31.25], "uv_size": [0.5, -0.25]}
							}
						},
						{
							"origin": [0.12009, 1.80516, 1.37108],
							"size": [0.05441, 0.125, 0.24359],
							"pivot": [0.00292, 1.45313, 1.034],
							"rotation": [45.74373, 9.1526, -35.72834],
							"uv": {
								"north": {"uv": [0, 52], "uv_size": [0.25, 0.25]},
								"east": {"uv": [52, 0], "uv_size": [0.25, 0.25]},
								"south": {"uv": [52, 2], "uv_size": [0.25, 0.25]},
								"west": {"uv": [52, 4], "uv_size": [0.25, 0.25]},
								"up": {"uv": [10, 52], "uv_size": [0.25, 0.25]},
								"down": {"uv": [52, 16.25], "uv_size": [0.25, -0.25]}
							}
						}
					]
				},
				{
					"name": "wedge6",
					"parent": "huan",
					"pivot": [0.00465, 0.86686, 1.03403],
					"rotation": [0, 0, -180],
					"cubes": [
						{
							"origin": [-0.17088, 0.63263, 1.3724],
							"size": [0.05786, 0.125, 0.2428],
							"pivot": [0.00639, 0.2806, 1.034],
							"rotation": [45.74373, -9.1526, -9.27166],
							"uv": {
								"north": {"uv": [52, 18], "uv_size": [0.25, 0.25]},
								"east": {"uv": [22, 52], "uv_size": [0.25, 0.25]},
								"south": {"uv": [24, 52], "uv_size": [0.25, 0.25]},
								"west": {"uv": [52, 24], "uv_size": [0.25, 0.25]},
								"up": {"uv": [26, 52], "uv_size": [0.25, 0.25]},
								"down": {"uv": [52, 26.25], "uv_size": [0.25, -0.25]}
							}
						},
						{
							"origin": [-0.2407, 0.63263, 1.32344],
							"size": [0.49188, 0.125, 0.25],
							"pivot": [0.00639, 0.2806, 1.034],
							"rotation": [45, 0, 0],
							"uv": {
								"north": {"uv": [31, 14], "uv_size": [0.5, 0.25]},
								"east": {"uv": [28, 52], "uv_size": [0.25, 0.25]},
								"south": {"uv": [16, 31], "uv_size": [0.5, 0.25]},
								"west": {"uv": [52, 28], "uv_size": [0.25, 0.25]},
								"up": {"uv": [18, 31], "uv_size": [0.5, 0.25]},
								"down": {"uv": [20, 31.25], "uv_size": [0.5, -0.25]}
							}
						},
						{
							"origin": [0.12356, 0.63263, 1.37108],
							"size": [0.05441, 0.125, 0.24359],
							"pivot": [0.00639, 0.2806, 1.034],
							"rotation": [45.74373, 9.1526, 9.27166],
							"uv": {
								"north": {"uv": [30, 52], "uv_size": [0.25, 0.25]},
								"east": {"uv": [52, 30], "uv_size": [0.25, 0.25]},
								"south": {"uv": [32, 52], "uv_size": [0.25, 0.25]},
								"west": {"uv": [52, 32], "uv_size": [0.25, 0.25]},
								"up": {"uv": [34, 52], "uv_size": [0.25, 0.25]},
								"down": {"uv": [52, 34.25], "uv_size": [0.25, -0.25]}
							}
						},
						{
							"origin": [-0.17088, 0.63263, 1.3724],
							"size": [0.05786, 0.125, 0.2428],
							"pivot": [0.00639, 0.2806, 1.034],
							"rotation": [45.74373, -9.1526, -99.27166],
							"uv": {
								"north": {"uv": [36, 52], "uv_size": [0.25, 0.25]},
								"east": {"uv": [52, 36], "uv_size": [0.25, 0.25]},
								"south": {"uv": [38, 52], "uv_size": [0.25, 0.25]},
								"west": {"uv": [52, 38], "uv_size": [0.25, 0.25]},
								"up": {"uv": [40, 52], "uv_size": [0.25, 0.25]},
								"down": {"uv": [52, 40.25], "uv_size": [0.25, -0.25]}
							}
						},
						{
							"origin": [-0.2407, 0.63263, 1.32344],
							"size": [0.49188, 0.125, 0.25],
							"pivot": [0.00639, 0.2806, 1.034],
							"rotation": [45, 0, -90],
							"uv": {
								"north": {"uv": [31, 20], "uv_size": [0.5, 0.25]},
								"east": {"uv": [42, 52], "uv_size": [0.25, 0.25]},
								"south": {"uv": [31, 22], "uv_size": [0.5, 0.25]},
								"west": {"uv": [52, 42], "uv_size": [0.25, 0.25]},
								"up": {"uv": [0, 32], "uv_size": [0.5, 0.25]},
								"down": {"uv": [32, 0.25], "uv_size": [0.5, -0.25]}
							}
						},
						{
							"origin": [0.12356, 0.63263, 1.37108],
							"size": [0.05441, 0.125, 0.24359],
							"pivot": [0.00639, 0.2806, 1.034],
							"rotation": [45.74373, 9.1526, -80.72834],
							"uv": {
								"north": {"uv": [44, 52], "uv_size": [0.25, 0.25]},
								"east": {"uv": [52, 44], "uv_size": [0.25, 0.25]},
								"south": {"uv": [46, 52], "uv_size": [0.25, 0.25]},
								"west": {"uv": [52, 46], "uv_size": [0.25, 0.25]},
								"up": {"uv": [48, 52], "uv_size": [0.25, 0.25]},
								"down": {"uv": [52, 48.25], "uv_size": [0.25, -0.25]}
							}
						},
						{
							"origin": [-0.17088, 0.63263, 1.3724],
							"size": [0.05786, 0.125, 0.2428],
							"pivot": [0.00639, 0.2806, 1.034],
							"rotation": [45.74373, -9.1526, -144.27166],
							"uv": {
								"north": {"uv": [50, 52], "uv_size": [0.25, 0.25]},
								"east": {"uv": [52, 50], "uv_size": [0.25, 0.25]},
								"south": {"uv": [52, 52], "uv_size": [0.25, 0.25]},
								"west": {"uv": [2, 53], "uv_size": [0.25, 0.25]},
								"up": {"uv": [4, 53], "uv_size": [0.25, 0.25]},
								"down": {"uv": [6, 53.25], "uv_size": [0.25, -0.25]}
							}
						},
						{
							"origin": [-0.2407, 0.63263, 1.32344],
							"size": [0.49188, 0.125, 0.25],
							"pivot": [0.00639, 0.2806, 1.034],
							"rotation": [45, 0, -135],
							"uv": {
								"north": {"uv": [32, 2], "uv_size": [0.5, 0.25]},
								"east": {"uv": [53, 6], "uv_size": [0.25, 0.25]},
								"south": {"uv": [32, 4], "uv_size": [0.5, 0.25]},
								"west": {"uv": [8, 53], "uv_size": [0.25, 0.25]},
								"up": {"uv": [10, 32], "uv_size": [0.5, 0.25]},
								"down": {"uv": [32, 16.25], "uv_size": [0.5, -0.25]}
							}
						},
						{
							"origin": [0.12356, 0.63263, 1.37108],
							"size": [0.05441, 0.125, 0.24359],
							"pivot": [0.00639, 0.2806, 1.034],
							"rotation": [45.74373, 9.1526, -125.72834],
							"uv": {
								"north": {"uv": [53, 8], "uv_size": [0.25, 0.25]},
								"east": {"uv": [53, 10], "uv_size": [0.25, 0.25]},
								"south": {"uv": [12, 53], "uv_size": [0.25, 0.25]},
								"west": {"uv": [53, 12], "uv_size": [0.25, 0.25]},
								"up": {"uv": [14, 53], "uv_size": [0.25, 0.25]},
								"down": {"uv": [53, 14.25], "uv_size": [0.25, -0.25]}
							}
						},
						{
							"origin": [-0.17088, 0.63263, 1.3724],
							"size": [0.05786, 0.125, 0.2428],
							"pivot": [0.00639, 0.2806, 1.034],
							"rotation": [45.74373, -9.1526, -54.27166],
							"uv": {
								"north": {"uv": [16, 53], "uv_size": [0.25, 0.25]},
								"east": {"uv": [18, 53], "uv_size": [0.25, 0.25]},
								"south": {"uv": [20, 53], "uv_size": [0.25, 0.25]},
								"west": {"uv": [53, 20], "uv_size": [0.25, 0.25]},
								"up": {"uv": [53, 22], "uv_size": [0.25, 0.25]},
								"down": {"uv": [0, 54.25], "uv_size": [0.25, -0.25]}
							}
						},
						{
							"origin": [-0.2407, 0.63263, 1.32344],
							"size": [0.49188, 0.125, 0.25],
							"pivot": [0.00639, 0.2806, 1.034],
							"rotation": [45, 0, -45],
							"uv": {
								"north": {"uv": [32, 18], "uv_size": [0.5, 0.25]},
								"east": {"uv": [54, 0], "uv_size": [0.25, 0.25]},
								"south": {"uv": [22, 32], "uv_size": [0.5, 0.25]},
								"west": {"uv": [54, 2], "uv_size": [0.25, 0.25]},
								"up": {"uv": [24, 32], "uv_size": [0.5, 0.25]},
								"down": {"uv": [32, 24.25], "uv_size": [0.5, -0.25]}
							}
						},
						{
							"origin": [0.12356, 0.63263, 1.37108],
							"size": [0.05441, 0.125, 0.24359],
							"pivot": [0.00639, 0.2806, 1.034],
							"rotation": [45.74373, 9.1526, -35.72834],
							"uv": {
								"north": {"uv": [54, 4], "uv_size": [0.25, 0.25]},
								"east": {"uv": [10, 54], "uv_size": [0.25, 0.25]},
								"south": {"uv": [54, 16], "uv_size": [0.25, 0.25]},
								"west": {"uv": [54, 18], "uv_size": [0.25, 0.25]},
								"up": {"uv": [22, 54], "uv_size": [0.25, 0.25]},
								"down": {"uv": [24, 54.25], "uv_size": [0.25, -0.25]}
							}
						}
					]
				},
				{
					"name": "huan2",
					"parent": "octagon",
					"pivot": [0, -27.29687, 4.76563]
				},
				{
					"name": "wedge7",
					"parent": "huan2",
					"pivot": [-0.00229, 2.17187, -1.54687],
					"cubes": [
						{
							"origin": [-0.18344, 1.81122, -2.5301],
							"size": [0.05786, 0.125, 0.2428],
							"pivot": [-0.00618, 1.45918, -1.94891],
							"rotation": [-45.74373, 9.1526, -9.27166],
							"uv": {
								"north": {"uv": [54, 24], "uv_size": [0.25, 0.25]},
								"east": {"uv": [26, 54], "uv_size": [0.25, 0.25]},
								"south": {"uv": [54, 26], "uv_size": [0.25, 0.25]},
								"west": {"uv": [28, 54], "uv_size": [0.25, 0.25]},
								"up": {"uv": [54, 28], "uv_size": [0.25, 0.25]},
								"down": {"uv": [30, 54.25], "uv_size": [0.25, -0.25]}
							}
						},
						{
							"origin": [-0.25327, 1.81122, -2.48834],
							"size": [0.49188, 0.125, 0.25],
							"pivot": [-0.00618, 1.45918, -1.94891],
							"rotation": [-45, 0, 0],
							"uv": {
								"north": {"uv": [26, 32], "uv_size": [0.5, 0.25]},
								"east": {"uv": [54, 30], "uv_size": [0.25, 0.25]},
								"south": {"uv": [32, 26], "uv_size": [0.5, 0.25]},
								"west": {"uv": [32, 54], "uv_size": [0.25, 0.25]},
								"up": {"uv": [28, 32], "uv_size": [0.5, 0.25]},
								"down": {"uv": [32, 28.25], "uv_size": [0.5, -0.25]}
							}
						},
						{
							"origin": [0.11099, 1.81122, -2.52958],
							"size": [0.05441, 0.125, 0.24359],
							"pivot": [-0.00618, 1.45918, -1.94891],
							"rotation": [-45.74373, -9.1526, 9.27166],
							"uv": {
								"north": {"uv": [54, 32], "uv_size": [0.25, 0.25]},
								"east": {"uv": [34, 54], "uv_size": [0.25, 0.25]},
								"south": {"uv": [54, 34], "uv_size": [0.25, 0.25]},
								"west": {"uv": [36, 54], "uv_size": [0.25, 0.25]},
								"up": {"uv": [54, 36], "uv_size": [0.25, 0.25]},
								"down": {"uv": [38, 54.25], "uv_size": [0.25, -0.25]}
							}
						},
						{
							"origin": [-0.18344, 1.81122, -2.5301],
							"size": [0.05786, 0.125, 0.2428],
							"pivot": [-0.00618, 1.45918, -1.94891],
							"rotation": [-45.74373, 9.1526, -99.27166],
							"uv": {
								"north": {"uv": [54, 38], "uv_size": [0.25, 0.25]},
								"east": {"uv": [40, 54], "uv_size": [0.25, 0.25]},
								"south": {"uv": [54, 40], "uv_size": [0.25, 0.25]},
								"west": {"uv": [42, 54], "uv_size": [0.25, 0.25]},
								"up": {"uv": [54, 42], "uv_size": [0.25, 0.25]},
								"down": {"uv": [44, 54.25], "uv_size": [0.25, -0.25]}
							}
						},
						{
							"origin": [-0.25327, 1.81122, -2.48834],
							"size": [0.49188, 0.125, 0.25],
							"pivot": [-0.00618, 1.45918, -1.94891],
							"rotation": [-45, 0, -90],
							"uv": {
								"north": {"uv": [30, 32], "uv_size": [0.5, 0.25]},
								"east": {"uv": [54, 44], "uv_size": [0.25, 0.25]},
								"south": {"uv": [32, 30], "uv_size": [0.5, 0.25]},
								"west": {"uv": [46, 54], "uv_size": [0.25, 0.25]},
								"up": {"uv": [32, 32], "uv_size": [0.5, 0.25]},
								"down": {"uv": [2, 33.25], "uv_size": [0.5, -0.25]}
							}
						},
						{
							"origin": [0.11099, 1.81122, -2.52958],
							"size": [0.05441, 0.125, 0.24359],
							"pivot": [-0.00618, 1.45918, -1.94891],
							"rotation": [-45.74373, -9.1526, -80.72834],
							"uv": {
								"north": {"uv": [54, 46], "uv_size": [0.25, 0.25]},
								"east": {"uv": [48, 54], "uv_size": [0.25, 0.25]},
								"south": {"uv": [54, 48], "uv_size": [0.25, 0.25]},
								"west": {"uv": [50, 54], "uv_size": [0.25, 0.25]},
								"up": {"uv": [54, 50], "uv_size": [0.25, 0.25]},
								"down": {"uv": [52, 54.25], "uv_size": [0.25, -0.25]}
							}
						},
						{
							"origin": [-0.18344, 1.81122, -2.5301],
							"size": [0.05786, 0.125, 0.2428],
							"pivot": [-0.00618, 1.45918, -1.94891],
							"rotation": [-45.74373, 9.1526, -144.27166],
							"uv": {
								"north": {"uv": [54, 52], "uv_size": [0.25, 0.25]},
								"east": {"uv": [54, 54], "uv_size": [0.25, 0.25]},
								"south": {"uv": [2, 55], "uv_size": [0.25, 0.25]},
								"west": {"uv": [4, 55], "uv_size": [0.25, 0.25]},
								"up": {"uv": [6, 55], "uv_size": [0.25, 0.25]},
								"down": {"uv": [55, 6.25], "uv_size": [0.25, -0.25]}
							}
						},
						{
							"origin": [-0.25327, 1.81122, -2.48834],
							"size": [0.49188, 0.125, 0.25],
							"pivot": [-0.00618, 1.45918, -1.94891],
							"rotation": [-45, 0, -135],
							"uv": {
								"north": {"uv": [4, 33], "uv_size": [0.5, 0.25]},
								"east": {"uv": [8, 55], "uv_size": [0.25, 0.25]},
								"south": {"uv": [6, 33], "uv_size": [0.5, 0.25]},
								"west": {"uv": [55, 8], "uv_size": [0.25, 0.25]},
								"up": {"uv": [33, 6], "uv_size": [0.5, 0.25]},
								"down": {"uv": [8, 33.25], "uv_size": [0.5, -0.25]}
							}
						},
						{
							"origin": [0.11099, 1.81122, -2.52958],
							"size": [0.05441, 0.125, 0.24359],
							"pivot": [-0.00618, 1.45918, -1.94891],
							"rotation": [-45.74373, -9.1526, -125.72834],
							"uv": {
								"north": {"uv": [55, 10], "uv_size": [0.25, 0.25]},
								"east": {"uv": [12, 55], "uv_size": [0.25, 0.25]},
								"south": {"uv": [55, 12], "uv_size": [0.25, 0.25]},
								"west": {"uv": [14, 55], "uv_size": [0.25, 0.25]},
								"up": {"uv": [55, 14], "uv_size": [0.25, 0.25]},
								"down": {"uv": [16, 55.25], "uv_size": [0.25, -0.25]}
							}
						},
						{
							"origin": [-0.18344, 1.81122, -2.5301],
							"size": [0.05786, 0.125, 0.2428],
							"pivot": [-0.00618, 1.45918, -1.94891],
							"rotation": [-45.74373, 9.1526, -54.27166],
							"uv": {
								"north": {"uv": [18, 55], "uv_size": [0.25, 0.25]},
								"east": {"uv": [20, 55], "uv_size": [0.25, 0.25]},
								"south": {"uv": [55, 20], "uv_size": [0.25, 0.25]},
								"west": {"uv": [55, 22], "uv_size": [0.25, 0.25]},
								"up": {"uv": [0, 56], "uv_size": [0.25, 0.25]},
								"down": {"uv": [56, 0.25], "uv_size": [0.25, -0.25]}
							}
						},
						{
							"origin": [-0.25327, 1.81122, -2.48834],
							"size": [0.49188, 0.125, 0.25],
							"pivot": [-0.00618, 1.45918, -1.94891],
							"rotation": [-45, 0, -45],
							"uv": {
								"north": {"uv": [33, 8], "uv_size": [0.5, 0.25]},
								"east": {"uv": [56, 2], "uv_size": [0.25, 0.25]},
								"south": {"uv": [33, 10], "uv_size": [0.5, 0.25]},
								"west": {"uv": [56, 4], "uv_size": [0.25, 0.25]},
								"up": {"uv": [12, 33], "uv_size": [0.5, 0.25]},
								"down": {"uv": [33, 12.25], "uv_size": [0.5, -0.25]}
							}
						},
						{
							"origin": [0.11099, 1.81122, -2.52958],
							"size": [0.05441, 0.125, 0.24359],
							"pivot": [-0.00618, 1.45918, -1.94891],
							"rotation": [-45.74373, -9.1526, -35.72834],
							"uv": {
								"north": {"uv": [10, 56], "uv_size": [0.25, 0.25]},
								"east": {"uv": [56, 16], "uv_size": [0.25, 0.25]},
								"south": {"uv": [56, 18], "uv_size": [0.25, 0.25]},
								"west": {"uv": [22, 56], "uv_size": [0.25, 0.25]},
								"up": {"uv": [24, 56], "uv_size": [0.25, 0.25]},
								"down": {"uv": [56, 24.25], "uv_size": [0.25, -0.25]}
							}
						}
					]
				},
				{
					"name": "wedge8",
					"parent": "huan2",
					"pivot": [0.00465, 0.86686, -1.50278],
					"rotation": [0, 0, -180],
					"cubes": [
						{
							"origin": [-0.16178, 0.62657, -2.5301],
							"size": [0.05786, 0.125, 0.2428],
							"pivot": [0.01548, 0.27454, -1.94891],
							"rotation": [-45.74373, 9.1526, -9.27166],
							"uv": {
								"north": {"uv": [26, 56], "uv_size": [0.25, 0.25]},
								"east": {"uv": [56, 26], "uv_size": [0.25, 0.25]},
								"south": {"uv": [28, 56], "uv_size": [0.25, 0.25]},
								"west": {"uv": [56, 28], "uv_size": [0.25, 0.25]},
								"up": {"uv": [30, 56], "uv_size": [0.25, 0.25]},
								"down": {"uv": [56, 30.25], "uv_size": [0.25, -0.25]}
							}
						},
						{
							"origin": [-0.2316, 0.62657, -2.48834],
							"size": [0.49188, 0.125, 0.25],
							"pivot": [0.01548, 0.27454, -1.94891],
							"rotation": [-45, 0, 0],
							"uv": {
								"north": {"uv": [14, 33], "uv_size": [0.5, 0.25]},
								"east": {"uv": [32, 56], "uv_size": [0.25, 0.25]},
								"south": {"uv": [33, 14], "uv_size": [0.5, 0.25]},
								"west": {"uv": [56, 32], "uv_size": [0.25, 0.25]},
								"up": {"uv": [16, 33], "uv_size": [0.5, 0.25]},
								"down": {"uv": [18, 33.25], "uv_size": [0.5, -0.25]}
							}
						},
						{
							"origin": [0.13266, 0.62657, -2.52958],
							"size": [0.05441, 0.125, 0.24359],
							"pivot": [0.01548, 0.27454, -1.94891],
							"rotation": [-45.74373, -9.1526, 9.27166],
							"uv": {
								"north": {"uv": [34, 56], "uv_size": [0.25, 0.25]},
								"east": {"uv": [56, 34], "uv_size": [0.25, 0.25]},
								"south": {"uv": [36, 56], "uv_size": [0.25, 0.25]},
								"west": {"uv": [56, 36], "uv_size": [0.25, 0.25]},
								"up": {"uv": [38, 56], "uv_size": [0.25, 0.25]},
								"down": {"uv": [56, 38.25], "uv_size": [0.25, -0.25]}
							}
						},
						{
							"origin": [-0.16178, 0.62657, -2.5301],
							"size": [0.05786, 0.125, 0.2428],
							"pivot": [0.01548, 0.27454, -1.94891],
							"rotation": [-45.74373, 9.1526, -99.27166],
							"uv": {
								"north": {"uv": [40, 56], "uv_size": [0.25, 0.25]},
								"east": {"uv": [56, 40], "uv_size": [0.25, 0.25]},
								"south": {"uv": [42, 56], "uv_size": [0.25, 0.25]},
								"west": {"uv": [56, 42], "uv_size": [0.25, 0.25]},
								"up": {"uv": [44, 56], "uv_size": [0.25, 0.25]},
								"down": {"uv": [56, 44.25], "uv_size": [0.25, -0.25]}
							}
						},
						{
							"origin": [-0.2316, 0.62657, -2.48834],
							"size": [0.49188, 0.125, 0.25],
							"pivot": [0.01548, 0.27454, -1.94891],
							"rotation": [-45, 0, -90],
							"uv": {
								"north": {"uv": [20, 33], "uv_size": [0.5, 0.25]},
								"east": {"uv": [46, 56], "uv_size": [0.25, 0.25]},
								"south": {"uv": [33, 20], "uv_size": [0.5, 0.25]},
								"west": {"uv": [56, 46], "uv_size": [0.25, 0.25]},
								"up": {"uv": [33, 22], "uv_size": [0.5, 0.25]},
								"down": {"uv": [0, 34.25], "uv_size": [0.5, -0.25]}
							}
						},
						{
							"origin": [0.13266, 0.62657, -2.52958],
							"size": [0.05441, 0.125, 0.24359],
							"pivot": [0.01548, 0.27454, -1.94891],
							"rotation": [-45.74373, -9.1526, -80.72834],
							"uv": {
								"north": {"uv": [48, 56], "uv_size": [0.25, 0.25]},
								"east": {"uv": [56, 48], "uv_size": [0.25, 0.25]},
								"south": {"uv": [50, 56], "uv_size": [0.25, 0.25]},
								"west": {"uv": [56, 50], "uv_size": [0.25, 0.25]},
								"up": {"uv": [52, 56], "uv_size": [0.25, 0.25]},
								"down": {"uv": [56, 52.25], "uv_size": [0.25, -0.25]}
							}
						},
						{
							"origin": [-0.16178, 0.62657, -2.5301],
							"size": [0.05786, 0.125, 0.2428],
							"pivot": [0.01548, 0.27454, -1.94891],
							"rotation": [-45.74373, 9.1526, -144.27166],
							"uv": {
								"north": {"uv": [54, 56], "uv_size": [0.25, 0.25]},
								"east": {"uv": [56, 54], "uv_size": [0.25, 0.25]},
								"south": {"uv": [56, 56], "uv_size": [0.25, 0.25]},
								"west": {"uv": [2, 57], "uv_size": [0.25, 0.25]},
								"up": {"uv": [4, 57], "uv_size": [0.25, 0.25]},
								"down": {"uv": [6, 57.25], "uv_size": [0.25, -0.25]}
							}
						},
						{
							"origin": [-0.2316, 0.62657, -2.48834],
							"size": [0.49188, 0.125, 0.25],
							"pivot": [0.01548, 0.27454, -1.94891],
							"rotation": [-45, 0, -135],
							"uv": {
								"north": {"uv": [34, 0], "uv_size": [0.5, 0.25]},
								"east": {"uv": [57, 6], "uv_size": [0.25, 0.25]},
								"south": {"uv": [34, 2], "uv_size": [0.5, 0.25]},
								"west": {"uv": [8, 57], "uv_size": [0.25, 0.25]},
								"up": {"uv": [34, 4], "uv_size": [0.5, 0.25]},
								"down": {"uv": [10, 34.25], "uv_size": [0.5, -0.25]}
							}
						},
						{
							"origin": [0.13266, 0.62657, -2.52958],
							"size": [0.05441, 0.125, 0.24359],
							"pivot": [0.01548, 0.27454, -1.94891],
							"rotation": [-45.74373, -9.1526, -125.72834],
							"uv": {
								"north": {"uv": [57, 8], "uv_size": [0.25, 0.25]},
								"east": {"uv": [57, 10], "uv_size": [0.25, 0.25]},
								"south": {"uv": [12, 57], "uv_size": [0.25, 0.25]},
								"west": {"uv": [57, 12], "uv_size": [0.25, 0.25]},
								"up": {"uv": [14, 57], "uv_size": [0.25, 0.25]},
								"down": {"uv": [57, 14.25], "uv_size": [0.25, -0.25]}
							}
						},
						{
							"origin": [-0.16178, 0.62657, -2.5301],
							"size": [0.05786, 0.125, 0.2428],
							"pivot": [0.01548, 0.27454, -1.94891],
							"rotation": [-45.74373, 9.1526, -54.27166],
							"uv": {
								"north": {"uv": [16, 57], "uv_size": [0.25, 0.25]},
								"east": {"uv": [18, 57], "uv_size": [0.25, 0.25]},
								"south": {"uv": [20, 57], "uv_size": [0.25, 0.25]},
								"west": {"uv": [57, 20], "uv_size": [0.25, 0.25]},
								"up": {"uv": [57, 22], "uv_size": [0.25, 0.25]},
								"down": {"uv": [0, 58.25], "uv_size": [0.25, -0.25]}
							}
						},
						{
							"origin": [-0.2316, 0.62657, -2.48834],
							"size": [0.49188, 0.125, 0.25],
							"pivot": [0.01548, 0.27454, -1.94891],
							"rotation": [-45, 0, -45],
							"uv": {
								"north": {"uv": [34, 16], "uv_size": [0.5, 0.25]},
								"east": {"uv": [58, 0], "uv_size": [0.25, 0.25]},
								"south": {"uv": [34, 18], "uv_size": [0.5, 0.25]},
								"west": {"uv": [58, 2], "uv_size": [0.25, 0.25]},
								"up": {"uv": [22, 34], "uv_size": [0.5, 0.25]},
								"down": {"uv": [24, 34.25], "uv_size": [0.5, -0.25]}
							}
						},
						{
							"origin": [0.13266, 0.62657, -2.52958],
							"size": [0.05441, 0.125, 0.24359],
							"pivot": [0.01548, 0.27454, -1.94891],
							"rotation": [-45.74373, -9.1526, -35.72834],
							"uv": {
								"north": {"uv": [58, 4], "uv_size": [0.25, 0.25]},
								"east": {"uv": [10, 58], "uv_size": [0.25, 0.25]},
								"south": {"uv": [58, 16], "uv_size": [0.25, 0.25]},
								"west": {"uv": [58, 18], "uv_size": [0.25, 0.25]},
								"up": {"uv": [22, 58], "uv_size": [0.25, 0.25]},
								"down": {"uv": [24, 58.25], "uv_size": [0.25, -0.25]}
							}
						}
					]
				},
				{
					"name": "huan3",
					"parent": "body2",
					"pivot": [0, 1.45313, -3.48437],
					"cubes": [
						{
							"origin": [-0.24594, 1.96388, -2.93652],
							"size": [0.49188, 0.12543, 0.45501],
							"pivot": [0, 1.45312, -2.87197],
							"rotation": [16, 0, 0],
							"uv": {
								"north": {"uv": [34, 24], "uv_size": [0.5, 0.25]},
								"east": {"uv": [26, 34], "uv_size": [0.5, 0.25]},
								"south": {"uv": [34, 26], "uv_size": [0.5, 0.25]},
								"west": {"uv": [28, 34], "uv_size": [0.5, 0.25]},
								"up": {"uv": [22, 26], "uv_size": [0.5, 0.5]},
								"down": {"uv": [24, 26.5], "uv_size": [0.5, -0.5]}
							}
						},
						{
							"origin": [0.20016, 1.96388, -2.90826],
							"size": [0.05144, 0.125, 0.45794],
							"pivot": [0, 1.45312, -2.87197],
							"rotation": [16.09817, 6.24718, 1.79878],
							"uv": {
								"north": {"uv": [58, 24], "uv_size": [0.25, 0.25]},
								"east": {"uv": [34, 28], "uv_size": [0.5, 0.25]},
								"south": {"uv": [26, 58], "uv_size": [0.25, 0.25]},
								"west": {"uv": [30, 34], "uv_size": [0.5, 0.25]},
								"up": {"uv": [34, 30], "uv_size": [0.25, 0.5]},
								"down": {"uv": [32, 34.5], "uv_size": [0.25, -0.5]}
							}
						},
						{
							"origin": [-0.2516, 1.96388, -2.90826],
							"size": [0.05144, 0.125, 0.45794],
							"pivot": [0, 1.45312, -2.87197],
							"rotation": [16.09817, -6.24718, -1.79878],
							"uv": {
								"north": {"uv": [58, 26], "uv_size": [0.25, 0.25]},
								"east": {"uv": [34, 32], "uv_size": [0.5, 0.25]},
								"south": {"uv": [28, 58], "uv_size": [0.25, 0.25]},
								"west": {"uv": [34, 34], "uv_size": [0.5, 0.25]},
								"up": {"uv": [2, 35], "uv_size": [0.25, 0.5]},
								"down": {"uv": [4, 35.5], "uv_size": [0.25, -0.5]}
							}
						},
						{
							"origin": [-0.24594, 1.96388, -2.93652],
							"size": [0.49188, 0.12543, 0.45501],
							"pivot": [0, 1.45312, -2.87197],
							"rotation": [16, 0, 180],
							"uv": {
								"north": {"uv": [6, 35], "uv_size": [0.5, 0.25]},
								"east": {"uv": [35, 6], "uv_size": [0.5, 0.25]},
								"south": {"uv": [8, 35], "uv_size": [0.5, 0.25]},
								"west": {"uv": [35, 8], "uv_size": [0.5, 0.25]},
								"up": {"uv": [26, 24], "uv_size": [0.5, 0.5]},
								"down": {"uv": [26, 26.5], "uv_size": [0.5, -0.5]}
							}
						},
						{
							"origin": [0.20016, 1.96388, -2.90826],
							"size": [0.05144, 0.125, 0.45794],
							"pivot": [0, 1.45312, -2.87197],
							"rotation": [16.09817, 6.24718, -178.20122],
							"uv": {
								"north": {"uv": [58, 28], "uv_size": [0.25, 0.25]},
								"east": {"uv": [35, 10], "uv_size": [0.5, 0.25]},
								"south": {"uv": [30, 58], "uv_size": [0.25, 0.25]},
								"west": {"uv": [12, 35], "uv_size": [0.5, 0.25]},
								"up": {"uv": [35, 12], "uv_size": [0.25, 0.5]},
								"down": {"uv": [14, 35.5], "uv_size": [0.25, -0.5]}
							}
						},
						{
							"origin": [-0.2516, 1.96388, -2.90826],
							"size": [0.05144, 0.125, 0.45794],
							"pivot": [0, 1.45312, -2.87197],
							"rotation": [16.09817, -6.24718, 178.20122],
							"uv": {
								"north": {"uv": [58, 30], "uv_size": [0.25, 0.25]},
								"east": {"uv": [35, 14], "uv_size": [0.5, 0.25]},
								"south": {"uv": [32, 58], "uv_size": [0.25, 0.25]},
								"west": {"uv": [16, 35], "uv_size": [0.5, 0.25]},
								"up": {"uv": [18, 35], "uv_size": [0.25, 0.5]},
								"down": {"uv": [20, 35.5], "uv_size": [0.25, -0.5]}
							}
						},
						{
							"origin": [-0.24594, 1.96388, -2.93652],
							"size": [0.49188, 0.12543, 0.45501],
							"pivot": [0, 1.45312, -2.87197],
							"rotation": [16, 0, 90],
							"uv": {
								"north": {"uv": [35, 20], "uv_size": [0.5, 0.25]},
								"east": {"uv": [35, 22], "uv_size": [0.5, 0.25]},
								"south": {"uv": [0, 36], "uv_size": [0.5, 0.25]},
								"west": {"uv": [36, 0], "uv_size": [0.5, 0.25]},
								"up": {"uv": [2, 27], "uv_size": [0.5, 0.5]},
								"down": {"uv": [4, 27.5], "uv_size": [0.5, -0.5]}
							}
						},
						{
							"origin": [0.20016, 1.96388, -2.90826],
							"size": [0.05144, 0.125, 0.45794],
							"pivot": [0, 1.45312, -2.87197],
							"rotation": [16.09817, 6.24718, 91.79878],
							"uv": {
								"north": {"uv": [58, 32], "uv_size": [0.25, 0.25]},
								"east": {"uv": [36, 2], "uv_size": [0.5, 0.25]},
								"south": {"uv": [34, 58], "uv_size": [0.25, 0.25]},
								"west": {"uv": [36, 4], "uv_size": [0.5, 0.25]},
								"up": {"uv": [10, 36], "uv_size": [0.25, 0.5]},
								"down": {"uv": [36, 16.5], "uv_size": [0.25, -0.5]}
							}
						},
						{
							"origin": [-0.2516, 1.96388, -2.90826],
							"size": [0.05144, 0.125, 0.45794],
							"pivot": [0, 1.45312, -2.87197],
							"rotation": [16.09817, -6.24718, 88.20122],
							"uv": {
								"north": {"uv": [58, 34], "uv_size": [0.25, 0.25]},
								"east": {"uv": [36, 18], "uv_size": [0.5, 0.25]},
								"south": {"uv": [36, 58], "uv_size": [0.25, 0.25]},
								"west": {"uv": [22, 36], "uv_size": [0.5, 0.25]},
								"up": {"uv": [24, 36], "uv_size": [0.25, 0.5]},
								"down": {"uv": [36, 24.5], "uv_size": [0.25, -0.5]}
							}
						},
						{
							"origin": [-0.24594, 1.96388, -2.93652],
							"size": [0.49188, 0.12543, 0.45501],
							"pivot": [0, 1.45312, -2.87197],
							"rotation": [16, 0, -90],
							"uv": {
								"north": {"uv": [26, 36], "uv_size": [0.5, 0.25]},
								"east": {"uv": [36, 26], "uv_size": [0.5, 0.25]},
								"south": {"uv": [28, 36], "uv_size": [0.5, 0.25]},
								"west": {"uv": [36, 28], "uv_size": [0.5, 0.25]},
								"up": {"uv": [6, 27], "uv_size": [0.5, 0.5]},
								"down": {"uv": [27, 6.5], "uv_size": [0.5, -0.5]}
							}
						},
						{
							"origin": [0.20016, 1.96388, -2.90826],
							"size": [0.05144, 0.125, 0.45794],
							"pivot": [0, 1.45312, -2.87197],
							"rotation": [16.09817, 6.24718, -88.20122],
							"uv": {
								"north": {"uv": [58, 36], "uv_size": [0.25, 0.25]},
								"east": {"uv": [30, 36], "uv_size": [0.5, 0.25]},
								"south": {"uv": [38, 58], "uv_size": [0.25, 0.25]},
								"west": {"uv": [36, 30], "uv_size": [0.5, 0.25]},
								"up": {"uv": [32, 36], "uv_size": [0.25, 0.5]},
								"down": {"uv": [36, 32.5], "uv_size": [0.25, -0.5]}
							}
						},
						{
							"origin": [-0.2516, 1.96388, -2.90826],
							"size": [0.05144, 0.125, 0.45794],
							"pivot": [0, 1.45312, -2.87197],
							"rotation": [16.09817, -6.24718, -91.79878],
							"uv": {
								"north": {"uv": [58, 38], "uv_size": [0.25, 0.25]},
								"east": {"uv": [34, 36], "uv_size": [0.5, 0.25]},
								"south": {"uv": [40, 58], "uv_size": [0.25, 0.25]},
								"west": {"uv": [36, 34], "uv_size": [0.5, 0.25]},
								"up": {"uv": [36, 36], "uv_size": [0.25, 0.5]},
								"down": {"uv": [2, 37.5], "uv_size": [0.25, -0.5]}
							}
						},
						{
							"origin": [-0.24594, 1.96388, -2.93652],
							"size": [0.49188, 0.12543, 0.45501],
							"pivot": [0, 1.45312, -2.87197],
							"rotation": [16, 0, 135],
							"uv": {
								"north": {"uv": [4, 37], "uv_size": [0.5, 0.25]},
								"east": {"uv": [6, 37], "uv_size": [0.5, 0.25]},
								"south": {"uv": [37, 6], "uv_size": [0.5, 0.25]},
								"west": {"uv": [8, 37], "uv_size": [0.5, 0.25]},
								"up": {"uv": [8, 27], "uv_size": [0.5, 0.5]},
								"down": {"uv": [27, 8.5], "uv_size": [0.5, -0.5]}
							}
						},
						{
							"origin": [0.20016, 1.96388, -2.90826],
							"size": [0.05144, 0.125, 0.45794],
							"pivot": [0, 1.45312, -2.87197],
							"rotation": [16.09817, 6.24718, 136.79878],
							"uv": {
								"north": {"uv": [58, 40], "uv_size": [0.25, 0.25]},
								"east": {"uv": [37, 8], "uv_size": [0.5, 0.25]},
								"south": {"uv": [42, 58], "uv_size": [0.25, 0.25]},
								"west": {"uv": [37, 10], "uv_size": [0.5, 0.25]},
								"up": {"uv": [12, 37], "uv_size": [0.25, 0.5]},
								"down": {"uv": [37, 12.5], "uv_size": [0.25, -0.5]}
							}
						},
						{
							"origin": [-0.2516, 1.96388, -2.90826],
							"size": [0.05144, 0.125, 0.45794],
							"pivot": [0, 1.45312, -2.87197],
							"rotation": [16.09817, -6.24718, 133.20122],
							"uv": {
								"north": {"uv": [58, 42], "uv_size": [0.25, 0.25]},
								"east": {"uv": [14, 37], "uv_size": [0.5, 0.25]},
								"south": {"uv": [44, 58], "uv_size": [0.25, 0.25]},
								"west": {"uv": [37, 14], "uv_size": [0.5, 0.25]},
								"up": {"uv": [16, 37], "uv_size": [0.25, 0.5]},
								"down": {"uv": [18, 37.5], "uv_size": [0.25, -0.5]}
							}
						},
						{
							"origin": [-0.24594, 1.96388, -2.93652],
							"size": [0.49188, 0.12543, 0.45501],
							"pivot": [0, 1.45312, -2.87197],
							"rotation": [16, 0, -45],
							"uv": {
								"north": {"uv": [20, 37], "uv_size": [0.5, 0.25]},
								"east": {"uv": [37, 20], "uv_size": [0.5, 0.25]},
								"south": {"uv": [37, 22], "uv_size": [0.5, 0.25]},
								"west": {"uv": [0, 38], "uv_size": [0.5, 0.25]},
								"up": {"uv": [27, 10], "uv_size": [0.5, 0.5]},
								"down": {"uv": [12, 27.5], "uv_size": [0.5, -0.5]}
							}
						},
						{
							"origin": [0.20016, 1.96388, -2.90826],
							"size": [0.05144, 0.125, 0.45794],
							"pivot": [0, 1.45312, -2.87197],
							"rotation": [16.09817, 6.24718, -43.20122],
							"uv": {
								"north": {"uv": [58, 44], "uv_size": [0.25, 0.25]},
								"east": {"uv": [38, 0], "uv_size": [0.5, 0.25]},
								"south": {"uv": [46, 58], "uv_size": [0.25, 0.25]},
								"west": {"uv": [38, 2], "uv_size": [0.5, 0.25]},
								"up": {"uv": [38, 4], "uv_size": [0.25, 0.5]},
								"down": {"uv": [10, 38.5], "uv_size": [0.25, -0.5]}
							}
						},
						{
							"origin": [-0.2516, 1.96388, -2.90826],
							"size": [0.05144, 0.125, 0.45794],
							"pivot": [0, 1.45312, -2.87197],
							"rotation": [16.09817, -6.24718, -46.79878],
							"uv": {
								"north": {"uv": [58, 46], "uv_size": [0.25, 0.25]},
								"east": {"uv": [38, 16], "uv_size": [0.5, 0.25]},
								"south": {"uv": [48, 58], "uv_size": [0.25, 0.25]},
								"west": {"uv": [38, 18], "uv_size": [0.5, 0.25]},
								"up": {"uv": [22, 38], "uv_size": [0.25, 0.5]},
								"down": {"uv": [24, 38.5], "uv_size": [0.25, -0.5]}
							}
						},
						{
							"origin": [-0.24594, 1.96388, -2.93652],
							"size": [0.49188, 0.12543, 0.45501],
							"pivot": [0, 1.45312, -2.87197],
							"rotation": [16, 0, 45],
							"uv": {
								"north": {"uv": [38, 24], "uv_size": [0.5, 0.25]},
								"east": {"uv": [26, 38], "uv_size": [0.5, 0.25]},
								"south": {"uv": [38, 26], "uv_size": [0.5, 0.25]},
								"west": {"uv": [28, 38], "uv_size": [0.5, 0.25]},
								"up": {"uv": [27, 12], "uv_size": [0.5, 0.5]},
								"down": {"uv": [14, 27.5], "uv_size": [0.5, -0.5]}
							}
						},
						{
							"origin": [0.20016, 1.96388, -2.90826],
							"size": [0.05144, 0.125, 0.45794],
							"pivot": [0, 1.45312, -2.87197],
							"rotation": [16.09817, 6.24718, 46.79878],
							"uv": {
								"north": {"uv": [58, 48], "uv_size": [0.25, 0.25]},
								"east": {"uv": [38, 28], "uv_size": [0.5, 0.25]},
								"south": {"uv": [50, 58], "uv_size": [0.25, 0.25]},
								"west": {"uv": [30, 38], "uv_size": [0.5, 0.25]},
								"up": {"uv": [38, 30], "uv_size": [0.25, 0.5]},
								"down": {"uv": [32, 38.5], "uv_size": [0.25, -0.5]}
							}
						},
						{
							"origin": [-0.2516, 1.96388, -2.90826],
							"size": [0.05144, 0.125, 0.45794],
							"pivot": [0, 1.45312, -2.87197],
							"rotation": [16.09817, -6.24718, 43.20122],
							"uv": {
								"north": {"uv": [58, 50], "uv_size": [0.25, 0.25]},
								"east": {"uv": [38, 32], "uv_size": [0.5, 0.25]},
								"south": {"uv": [52, 58], "uv_size": [0.25, 0.25]},
								"west": {"uv": [34, 38], "uv_size": [0.5, 0.25]},
								"up": {"uv": [38, 34], "uv_size": [0.25, 0.5]},
								"down": {"uv": [36, 38.5], "uv_size": [0.25, -0.5]}
							}
						},
						{
							"origin": [-0.24594, 1.96388, -2.93652],
							"size": [0.49188, 0.12543, 0.45501],
							"pivot": [0, 1.45312, -2.87197],
							"rotation": [16, 0, -135],
							"uv": {
								"north": {"uv": [38, 36], "uv_size": [0.5, 0.25]},
								"east": {"uv": [38, 38], "uv_size": [0.5, 0.25]},
								"south": {"uv": [2, 39], "uv_size": [0.5, 0.25]},
								"west": {"uv": [4, 39], "uv_size": [0.5, 0.25]},
								"up": {"uv": [27, 14], "uv_size": [0.5, 0.5]},
								"down": {"uv": [16, 27.5], "uv_size": [0.5, -0.5]}
							}
						},
						{
							"origin": [0.20016, 1.96388, -2.90826],
							"size": [0.05144, 0.125, 0.45794],
							"pivot": [0, 1.45312, -2.87197],
							"rotation": [16.09817, 6.24718, -133.20122],
							"uv": {
								"north": {"uv": [58, 52], "uv_size": [0.25, 0.25]},
								"east": {"uv": [6, 39], "uv_size": [0.5, 0.25]},
								"south": {"uv": [54, 58], "uv_size": [0.25, 0.25]},
								"west": {"uv": [39, 6], "uv_size": [0.5, 0.25]},
								"up": {"uv": [8, 39], "uv_size": [0.25, 0.5]},
								"down": {"uv": [39, 8.5], "uv_size": [0.25, -0.5]}
							}
						},
						{
							"origin": [-0.2516, 1.96388, -2.90826],
							"size": [0.05144, 0.125, 0.45794],
							"pivot": [0, 1.45312, -2.87197],
							"rotation": [16.09817, -6.24718, -136.79878],
							"uv": {
								"north": {"uv": [58, 54], "uv_size": [0.25, 0.25]},
								"east": {"uv": [39, 10], "uv_size": [0.5, 0.25]},
								"south": {"uv": [56, 58], "uv_size": [0.25, 0.25]},
								"west": {"uv": [12, 39], "uv_size": [0.5, 0.25]},
								"up": {"uv": [39, 12], "uv_size": [0.25, 0.5]},
								"down": {"uv": [14, 39.5], "uv_size": [0.25, -0.5]}
							}
						}
					]
				},
				{
					"name": "octagon2",
					"parent": "body2",
					"pivot": [0.63083, 0.70313, 0.39063],
					"cubes": [
						{
							"origin": [-0.29772, 0.73438, 1.07813],
							"size": [0.59543, 1.4375, 0.6875],
							"inflate": -0.001,
							"pivot": [0, 1.45313, 1.14063],
							"rotation": [0, 0, 45],
							"uv": {
								"north": {"uv": [0, 18], "uv_size": [0.5, 1.5]},
								"east": {"uv": [14, 13], "uv_size": [0.75, 1.5]},
								"south": {"uv": [4, 18], "uv_size": [0.5, 1.5]},
								"west": {"uv": [0, 15], "uv_size": [0.75, 1.5]},
								"up": {"uv": [10, 22], "uv_size": [0.5, 0.75]},
								"down": {"uv": [8, 23.75], "uv_size": [0.5, -0.75]}
							}
						},
						{
							"origin": [-0.29772, 0.73438, 1.07813],
							"size": [0.59543, 1.4375, 0.6875],
							"uv": {
								"north": {"uv": [6, 18], "uv_size": [0.5, 1.5]},
								"east": {"uv": [15, 10], "uv_size": [0.75, 1.5]},
								"south": {"uv": [8, 18], "uv_size": [0.5, 1.5]},
								"west": {"uv": [2, 16], "uv_size": [0.75, 1.5]},
								"up": {"uv": [23, 9], "uv_size": [0.5, 0.75]},
								"down": {"uv": [12, 23.75], "uv_size": [0.5, -0.75]}
							}
						},
						{
							"origin": [-0.71875, 1.15541, 1.07813],
							"size": [1.4375, 0.59543, 0.6875],
							"inflate": 0.001,
							"pivot": [0, 1.45313, 1.14063],
							"rotation": [0, 0, 45],
							"uv": {
								"north": {"uv": [18, 12], "uv_size": [1.5, 0.5]},
								"east": {"uv": [14, 23], "uv_size": [0.75, 0.5]},
								"south": {"uv": [18, 14], "uv_size": [1.5, 0.5]},
								"west": {"uv": [23, 14], "uv_size": [0.75, 0.5]},
								"up": {"uv": [15, 4], "uv_size": [1.5, 0.75]},
								"down": {"uv": [4, 16.75], "uv_size": [1.5, -0.75]}
							}
						},
						{
							"origin": [-0.71875, 1.15541, 1.07813],
							"size": [1.4375, 0.59543, 0.6875],
							"inflate": -0.002,
							"uv": {
								"north": {"uv": [18, 16], "uv_size": [1.5, 0.5]},
								"east": {"uv": [16, 23], "uv_size": [0.75, 0.5]},
								"south": {"uv": [18, 18], "uv_size": [1.5, 0.5]},
								"west": {"uv": [18, 23], "uv_size": [0.75, 0.5]},
								"up": {"uv": [16, 6], "uv_size": [1.5, 0.75]},
								"down": {"uv": [7, 16.75], "uv_size": [1.5, -0.75]}
							}
						},
						{
							"origin": [-0.29772, 0.73438, -2.67187],
							"size": [0.59543, 1.4375, 0.6875],
							"pivot": [0, 1.45313, -2.79687],
							"rotation": [0, 0, 45],
							"uv": {
								"north": {"uv": [19, 0], "uv_size": [0.5, 1.5]},
								"east": {"uv": [16, 13], "uv_size": [0.75, 1.5]},
								"south": {"uv": [2, 19], "uv_size": [0.5, 1.5]},
								"west": {"uv": [14, 16], "uv_size": [0.75, 1.5]},
								"up": {"uv": [20, 23], "uv_size": [0.5, 0.75]},
								"down": {"uv": [0, 24.75], "uv_size": [0.5, -0.75]}
							}
						},
						{
							"origin": [-0.29772, 0.73438, -2.67187],
							"size": [0.59543, 1.4375, 0.6875],
							"uv": {
								"north": {"uv": [19, 5], "uv_size": [0.5, 1.5]},
								"east": {"uv": [16, 16], "uv_size": [0.75, 1.5]},
								"south": {"uv": [10, 19], "uv_size": [0.5, 1.5]},
								"west": {"uv": [17, 0], "uv_size": [0.75, 1.5]},
								"up": {"uv": [24, 2], "uv_size": [0.5, 0.75]},
								"down": {"uv": [24, 4.75], "uv_size": [0.5, -0.75]}
							}
						},
						{
							"origin": [-0.71875, 1.15541, -2.67187],
							"size": [1.4375, 0.59543, 0.6875],
							"pivot": [0, 1.45313, -2.79687],
							"rotation": [0, 0, 45],
							"uv": {
								"north": {"uv": [19, 8], "uv_size": [1.5, 0.5]},
								"east": {"uv": [10, 24], "uv_size": [0.75, 0.5]},
								"south": {"uv": [12, 19], "uv_size": [1.5, 0.5]},
								"west": {"uv": [24, 16], "uv_size": [0.75, 0.5]},
								"up": {"uv": [16, 8], "uv_size": [1.5, 0.75]},
								"down": {"uv": [10, 17.75], "uv_size": [1.5, -0.75]}
							}
						},
						{
							"origin": [-0.71875, 1.15541, -2.67187],
							"size": [1.4375, 0.59543, 0.6875],
							"uv": {
								"north": {"uv": [15, 19], "uv_size": [1.5, 0.5]},
								"east": {"uv": [24, 18], "uv_size": [0.75, 0.5]},
								"south": {"uv": [20, 10], "uv_size": [1.5, 0.5]},
								"west": {"uv": [22, 24], "uv_size": [0.75, 0.5]},
								"up": {"uv": [17, 10], "uv_size": [1.5, 0.75]},
								"down": {"uv": [18, 3.75], "uv_size": [1.5, -0.75]}
							}
						}
					]
				},
				{
					"name": "octagon3",
					"parent": "body2",
					"pivot": [0.75, 0.70313, -3.79687],
					"cubes": [
						{
							"origin": [-0.24594, 0.85938, -3.10937],
							"size": [0.49188, 0.125, 0.125],
							"pivot": [0, 1.45313, -3.04687],
							"rotation": [0, 0, 45],
							"uv": {
								"north": {"uv": [39, 14], "uv_size": [0.5, 0.25]},
								"east": {"uv": [58, 56], "uv_size": [0.25, 0.25]},
								"south": {"uv": [16, 39], "uv_size": [0.5, 0.25]},
								"west": {"uv": [58, 58], "uv_size": [0.25, 0.25]},
								"up": {"uv": [18, 39], "uv_size": [0.5, 0.25]},
								"down": {"uv": [20, 39.25], "uv_size": [0.5, -0.25]}
							}
						},
						{
							"origin": [-0.24594, 0.85938, -3.10937],
							"size": [0.49188, 0.125, 0.125],
							"uv": {
								"north": {"uv": [39, 20], "uv_size": [0.5, 0.25]},
								"east": {"uv": [2, 59], "uv_size": [0.25, 0.25]},
								"south": {"uv": [39, 22], "uv_size": [0.5, 0.25]},
								"west": {"uv": [4, 59], "uv_size": [0.25, 0.25]},
								"up": {"uv": [0, 40], "uv_size": [0.5, 0.25]},
								"down": {"uv": [40, 0.25], "uv_size": [0.5, -0.25]}
							}
						},
						{
							"origin": [-0.24594, 1.92188, -3.10937],
							"size": [0.49188, 0.125, 0.125],
							"pivot": [0, 1.45313, -3.04687],
							"rotation": [0, 0, 45],
							"uv": {
								"north": {"uv": [40, 2], "uv_size": [0.5, 0.25]},
								"east": {"uv": [6, 59], "uv_size": [0.25, 0.25]},
								"south": {"uv": [40, 4], "uv_size": [0.5, 0.25]},
								"west": {"uv": [59, 6], "uv_size": [0.25, 0.25]},
								"up": {"uv": [10, 40], "uv_size": [0.5, 0.25]},
								"down": {"uv": [40, 16.25], "uv_size": [0.5, -0.25]}
							}
						},
						{
							"origin": [-0.24594, 1.92188, -3.10937],
							"size": [0.49188, 0.125, 0.125],
							"uv": {
								"north": {"uv": [40, 18], "uv_size": [0.5, 0.25]},
								"east": {"uv": [8, 59], "uv_size": [0.25, 0.25]},
								"south": {"uv": [22, 40], "uv_size": [0.5, 0.25]},
								"west": {"uv": [59, 8], "uv_size": [0.25, 0.25]},
								"up": {"uv": [24, 40], "uv_size": [0.5, 0.25]},
								"down": {"uv": [40, 24.25], "uv_size": [0.5, -0.25]}
							}
						},
						{
							"origin": [0.46875, 1.20719, -3.10937],
							"size": [0.125, 0.49188, 0.125],
							"pivot": [0, 1.45313, -3.04687],
							"rotation": [0, 0, 45],
							"uv": {
								"north": {"uv": [26, 40], "uv_size": [0.25, 0.5]},
								"east": {"uv": [40, 26], "uv_size": [0.25, 0.5]},
								"south": {"uv": [28, 40], "uv_size": [0.25, 0.5]},
								"west": {"uv": [40, 28], "uv_size": [0.25, 0.5]},
								"up": {"uv": [59, 10], "uv_size": [0.25, 0.25]},
								"down": {"uv": [12, 59.25], "uv_size": [0.25, -0.25]}
							}
						},
						{
							"origin": [0.46875, 1.20719, -3.10937],
							"size": [0.125, 0.49188, 0.125],
							"uv": {
								"north": {"uv": [30, 40], "uv_size": [0.25, 0.5]},
								"east": {"uv": [40, 30], "uv_size": [0.25, 0.5]},
								"south": {"uv": [32, 40], "uv_size": [0.25, 0.5]},
								"west": {"uv": [40, 32], "uv_size": [0.25, 0.5]},
								"up": {"uv": [59, 12], "uv_size": [0.25, 0.25]},
								"down": {"uv": [14, 59.25], "uv_size": [0.25, -0.25]}
							}
						},
						{
							"origin": [-0.59375, 1.20719, -3.10937],
							"size": [0.125, 0.49188, 0.125],
							"pivot": [0, 1.45313, -3.04687],
							"rotation": [0, 0, 45],
							"uv": {
								"north": {"uv": [34, 40], "uv_size": [0.25, 0.5]},
								"east": {"uv": [40, 34], "uv_size": [0.25, 0.5]},
								"south": {"uv": [36, 40], "uv_size": [0.25, 0.5]},
								"west": {"uv": [40, 36], "uv_size": [0.25, 0.5]},
								"up": {"uv": [59, 14], "uv_size": [0.25, 0.25]},
								"down": {"uv": [16, 59.25], "uv_size": [0.25, -0.25]}
							}
						},
						{
							"origin": [-0.59375, 1.20719, -3.10937],
							"size": [0.125, 0.49188, 0.125],
							"uv": {
								"north": {"uv": [38, 40], "uv_size": [0.25, 0.5]},
								"east": {"uv": [40, 38], "uv_size": [0.25, 0.5]},
								"south": {"uv": [40, 40], "uv_size": [0.25, 0.5]},
								"west": {"uv": [2, 41], "uv_size": [0.25, 0.5]},
								"up": {"uv": [18, 59], "uv_size": [0.25, 0.25]},
								"down": {"uv": [20, 59.25], "uv_size": [0.25, -0.25]}
							}
						}
					]
				},
				{
					"name": "octagon4",
					"parent": "body2",
					"pivot": [0.75, 0.70313, 1.20313],
					"cubes": [
						{
							"origin": [-0.29772, 0.73438, 1.76563],
							"size": [0.59543, 0.125, 0.25],
							"pivot": [0, 1.45313, 1.95313],
							"rotation": [0, 0, 45],
							"uv": {
								"north": {"uv": [4, 41], "uv_size": [0.5, 0.25]},
								"east": {"uv": [59, 20], "uv_size": [0.25, 0.25]},
								"south": {"uv": [6, 41], "uv_size": [0.5, 0.25]},
								"west": {"uv": [59, 22], "uv_size": [0.25, 0.25]},
								"up": {"uv": [41, 6], "uv_size": [0.5, 0.25]},
								"down": {"uv": [8, 41.25], "uv_size": [0.5, -0.25]}
							}
						},
						{
							"origin": [-0.29772, 0.73438, 1.76563],
							"size": [0.59543, 0.125, 0.25],
							"uv": {
								"north": {"uv": [41, 8], "uv_size": [0.5, 0.25]},
								"east": {"uv": [0, 60], "uv_size": [0.25, 0.25]},
								"south": {"uv": [41, 10], "uv_size": [0.5, 0.25]},
								"west": {"uv": [60, 0], "uv_size": [0.25, 0.25]},
								"up": {"uv": [12, 41], "uv_size": [0.5, 0.25]},
								"down": {"uv": [41, 12.25], "uv_size": [0.5, -0.25]}
							}
						},
						{
							"origin": [-0.29772, 2.04688, 1.76563],
							"size": [0.59543, 0.125, 0.25],
							"pivot": [0, 1.45313, 1.95313],
							"rotation": [0, 0, 45],
							"uv": {
								"north": {"uv": [14, 41], "uv_size": [0.5, 0.25]},
								"east": {"uv": [60, 2], "uv_size": [0.25, 0.25]},
								"south": {"uv": [41, 14], "uv_size": [0.5, 0.25]},
								"west": {"uv": [60, 4], "uv_size": [0.25, 0.25]},
								"up": {"uv": [16, 41], "uv_size": [0.5, 0.25]},
								"down": {"uv": [18, 41.25], "uv_size": [0.5, -0.25]}
							}
						},
						{
							"origin": [-0.29772, 2.04688, 1.76563],
							"size": [0.59543, 0.125, 0.25],
							"uv": {
								"north": {"uv": [20, 41], "uv_size": [0.5, 0.25]},
								"east": {"uv": [10, 60], "uv_size": [0.25, 0.25]},
								"south": {"uv": [41, 20], "uv_size": [0.5, 0.25]},
								"west": {"uv": [60, 16], "uv_size": [0.25, 0.25]},
								"up": {"uv": [41, 22], "uv_size": [0.5, 0.25]},
								"down": {"uv": [0, 42.25], "uv_size": [0.5, -0.25]}
							}
						},
						{
							"origin": [0.59375, 1.15541, 1.76563],
							"size": [0.125, 0.59543, 0.25],
							"pivot": [0, 1.45313, 1.95313],
							"rotation": [0, 0, 45],
							"uv": {
								"north": {"uv": [42, 0], "uv_size": [0.25, 0.5]},
								"east": {"uv": [42, 2], "uv_size": [0.25, 0.5]},
								"south": {"uv": [42, 4], "uv_size": [0.25, 0.5]},
								"west": {"uv": [10, 42], "uv_size": [0.25, 0.5]},
								"up": {"uv": [60, 18], "uv_size": [0.25, 0.25]},
								"down": {"uv": [22, 60.25], "uv_size": [0.25, -0.25]}
							}
						},
						{
							"origin": [0.59375, 1.15541, 1.76563],
							"size": [0.125, 0.59543, 0.25],
							"uv": {
								"north": {"uv": [42, 16], "uv_size": [0.25, 0.5]},
								"east": {"uv": [42, 18], "uv_size": [0.25, 0.5]},
								"south": {"uv": [22, 42], "uv_size": [0.25, 0.5]},
								"west": {"uv": [24, 42], "uv_size": [0.25, 0.5]},
								"up": {"uv": [24, 60], "uv_size": [0.25, 0.25]},
								"down": {"uv": [60, 24.25], "uv_size": [0.25, -0.25]}
							}
						},
						{
							"origin": [-0.71875, 1.15541, 1.76563],
							"size": [0.125, 0.59543, 0.25],
							"pivot": [0, 1.45313, 1.95313],
							"rotation": [0, 0, 45],
							"uv": {
								"north": {"uv": [42, 24], "uv_size": [0.25, 0.5]},
								"east": {"uv": [26, 42], "uv_size": [0.25, 0.5]},
								"south": {"uv": [42, 26], "uv_size": [0.25, 0.5]},
								"west": {"uv": [28, 42], "uv_size": [0.25, 0.5]},
								"up": {"uv": [26, 60], "uv_size": [0.25, 0.25]},
								"down": {"uv": [60, 26.25], "uv_size": [0.25, -0.25]}
							}
						},
						{
							"origin": [-0.71875, 1.15541, 1.76563],
							"size": [0.125, 0.59543, 0.25],
							"uv": {
								"north": {"uv": [42, 28], "uv_size": [0.25, 0.5]},
								"east": {"uv": [30, 42], "uv_size": [0.25, 0.5]},
								"south": {"uv": [42, 30], "uv_size": [0.25, 0.5]},
								"west": {"uv": [32, 42], "uv_size": [0.25, 0.5]},
								"up": {"uv": [28, 60], "uv_size": [0.25, 0.25]},
								"down": {"uv": [60, 28.25], "uv_size": [0.25, -0.25]}
							}
						}
					]
				},
				{
					"name": "glass2",
					"parent": "AG_OEG",
					"pivot": [0.75, -27.29687, -5.23437]
				},
				{
					"name": "octagon5",
					"parent": "glass2",
					"pivot": [0.75, 0.70313, -4.42187],
					"cubes": [
						{
							"origin": [-0.1165, 1.17188, -3.67187],
							"size": [0.233, 0.5625, 0.75],
							"pivot": [0, 1.45313, -3.67187],
							"rotation": [0, 0, 45],
							"uv": {
								"north": {"uv": [42, 32], "uv_size": [0.25, 0.5]},
								"east": {"uv": [24, 24], "uv_size": [0.75, 0.5]},
								"south": {"uv": [34, 42], "uv_size": [0.25, 0.5]},
								"west": {"uv": [2, 25], "uv_size": [0.75, 0.5]},
								"up": {"uv": [30, 0], "uv_size": [0.25, 0.75]},
								"down": {"uv": [30, 2.75], "uv_size": [0.25, -0.75]}
							}
						},
						{
							"origin": [-0.1165, 1.17188, -3.67187],
							"size": [0.233, 0.5625, 0.75],
							"uv": {
								"north": {"uv": [42, 34], "uv_size": [0.25, 0.5]},
								"east": {"uv": [4, 25], "uv_size": [0.75, 0.5]},
								"south": {"uv": [36, 42], "uv_size": [0.25, 0.5]},
								"west": {"uv": [6, 25], "uv_size": [0.75, 0.5]},
								"up": {"uv": [30, 4], "uv_size": [0.25, 0.75]},
								"down": {"uv": [10, 30.75], "uv_size": [0.25, -0.75]}
							}
						},
						{
							"origin": [-0.09061, 1.67187, -4.11382],
							"size": [0.18122, 0.0615, 0.44194],
							"pivot": [0.00314, 1.73437, -3.67187],
							"rotation": [8, 0, 0],
							"uv": {
								"north": {"uv": [30, 60], "uv_size": [0.25, 0.25]},
								"east": {"uv": [42, 36], "uv_size": [0.5, 0.25]},
								"south": {"uv": [60, 30], "uv_size": [0.25, 0.25]},
								"west": {"uv": [38, 42], "uv_size": [0.5, 0.25]},
								"up": {"uv": [42, 38], "uv_size": [0.25, 0.5]},
								"down": {"uv": [40, 42.5], "uv_size": [0.25, -0.5]}
							}
						},
						{
							"origin": [0.09047, 1.67187, -4.10815],
							"size": [0.02505, 0.0615, 0.44123],
							"pivot": [0.00314, 1.73437, -3.67187],
							"rotation": [8.01272, 3.21834, 0.45279],
							"uv": {
								"north": {"uv": [32, 60], "uv_size": [0.25, 0.25]},
								"east": {"uv": [42, 40], "uv_size": [0.5, 0.25]},
								"south": {"uv": [60, 32], "uv_size": [0.25, 0.25]},
								"west": {"uv": [42, 42], "uv_size": [0.5, 0.25]},
								"up": {"uv": [2, 43], "uv_size": [0.25, 0.5]},
								"down": {"uv": [4, 43.5], "uv_size": [0.25, -0.5]}
							}
						},
						{
							"origin": [-0.11551, 1.67187, -4.10779],
							"size": [0.02505, 0.0615, 0.44123],
							"pivot": [0.00314, 1.73437, -3.67187],
							"rotation": [8.01272, -3.21834, -0.45279],
							"uv": {
								"north": {"uv": [34, 60], "uv_size": [0.25, 0.25]},
								"east": {"uv": [6, 43], "uv_size": [0.5, 0.25]},
								"south": {"uv": [60, 34], "uv_size": [0.25, 0.25]},
								"west": {"uv": [43, 6], "uv_size": [0.5, 0.25]},
								"up": {"uv": [8, 43], "uv_size": [0.25, 0.5]},
								"down": {"uv": [43, 8.5], "uv_size": [0.25, -0.5]}
							}
						},
						{
							"origin": [-0.09689, 1.10937, -4.11382],
							"size": [0.18122, 0.0615, 0.44194],
							"pivot": [-0.00314, 1.17187, -3.67187],
							"rotation": [8, 0, -180],
							"uv": {
								"north": {"uv": [36, 60], "uv_size": [0.25, 0.25]},
								"east": {"uv": [43, 10], "uv_size": [0.5, 0.25]},
								"south": {"uv": [60, 36], "uv_size": [0.25, 0.25]},
								"west": {"uv": [12, 43], "uv_size": [0.5, 0.25]},
								"up": {"uv": [43, 12], "uv_size": [0.25, 0.5]},
								"down": {"uv": [14, 43.5], "uv_size": [0.25, -0.5]}
							}
						},
						{
							"origin": [-0.12179, 1.10937, -4.10779],
							"size": [0.02505, 0.0615, 0.44123],
							"pivot": [-0.00314, 1.17187, -3.67187],
							"rotation": [8.01272, -3.21834, 179.54721],
							"uv": {
								"north": {"uv": [38, 60], "uv_size": [0.25, 0.25]},
								"east": {"uv": [43, 14], "uv_size": [0.5, 0.25]},
								"south": {"uv": [60, 38], "uv_size": [0.25, 0.25]},
								"west": {"uv": [16, 43], "uv_size": [0.5, 0.25]},
								"up": {"uv": [18, 43], "uv_size": [0.25, 0.5]},
								"down": {"uv": [20, 43.5], "uv_size": [0.25, -0.5]}
							}
						},
						{
							"origin": [0.08419, 1.10937, -4.10815],
							"size": [0.02505, 0.0615, 0.44123],
							"pivot": [-0.00314, 1.17187, -3.67187],
							"rotation": [8.01272, 3.21834, -179.54721],
							"uv": {
								"north": {"uv": [40, 60], "uv_size": [0.25, 0.25]},
								"east": {"uv": [43, 20], "uv_size": [0.5, 0.25]},
								"south": {"uv": [60, 40], "uv_size": [0.25, 0.25]},
								"west": {"uv": [43, 22], "uv_size": [0.5, 0.25]},
								"up": {"uv": [0, 44], "uv_size": [0.25, 0.5]},
								"down": {"uv": [44, 0.5], "uv_size": [0.25, -0.5]}
							}
						},
						{
							"origin": [-0.10126, 1.6393, -4.07132],
							"size": [0.02505, 0.0615, 0.44123],
							"pivot": [0, 1.45312, -3.88628],
							"rotation": [8.01272, -3.21834, 89.54721],
							"uv": {
								"north": {"uv": [42, 60], "uv_size": [0.25, 0.25]},
								"east": {"uv": [44, 2], "uv_size": [0.5, 0.25]},
								"south": {"uv": [60, 42], "uv_size": [0.25, 0.25]},
								"west": {"uv": [44, 4], "uv_size": [0.5, 0.25]},
								"up": {"uv": [10, 44], "uv_size": [0.25, 0.5]},
								"down": {"uv": [44, 16.5], "uv_size": [0.25, -0.5]}
							}
						},
						{
							"origin": [-0.09061, 1.6393, -4.07676],
							"size": [0.18122, 0.0615, 0.44194],
							"pivot": [0, 1.45312, -3.88628],
							"rotation": [8, 0, 90],
							"uv": {
								"north": {"uv": [44, 60], "uv_size": [0.25, 0.25]},
								"east": {"uv": [44, 18], "uv_size": [0.5, 0.25]},
								"south": {"uv": [60, 44], "uv_size": [0.25, 0.25]},
								"west": {"uv": [22, 44], "uv_size": [0.5, 0.25]},
								"up": {"uv": [24, 44], "uv_size": [0.25, 0.5]},
								"down": {"uv": [44, 24.5], "uv_size": [0.25, -0.5]}
							}
						},
						{
							"origin": [0.07621, 1.6393, -4.07132],
							"size": [0.02505, 0.0615, 0.44123],
							"pivot": [0, 1.45312, -3.88628],
							"rotation": [8.01272, 3.21834, 90.45279],
							"uv": {
								"north": {"uv": [46, 60], "uv_size": [0.25, 0.25]},
								"east": {"uv": [26, 44], "uv_size": [0.5, 0.25]},
								"south": {"uv": [60, 46], "uv_size": [0.25, 0.25]},
								"west": {"uv": [44, 26], "uv_size": [0.5, 0.25]},
								"up": {"uv": [28, 44], "uv_size": [0.25, 0.5]},
								"down": {"uv": [44, 28.5], "uv_size": [0.25, -0.5]}
							}
						},
						{
							"origin": [0.07621, 1.6393, -4.07132],
							"size": [0.02505, 0.0615, 0.44123],
							"pivot": [0, 1.45312, -3.88628],
							"rotation": [8.01272, 3.21834, -89.54721],
							"uv": {
								"north": {"uv": [48, 60], "uv_size": [0.25, 0.25]},
								"east": {"uv": [30, 44], "uv_size": [0.5, 0.25]},
								"south": {"uv": [60, 48], "uv_size": [0.25, 0.25]},
								"west": {"uv": [44, 30], "uv_size": [0.5, 0.25]},
								"up": {"uv": [32, 44], "uv_size": [0.25, 0.5]},
								"down": {"uv": [44, 32.5], "uv_size": [0.25, -0.5]}
							}
						},
						{
							"origin": [-0.09061, 1.6393, -4.07676],
							"size": [0.18122, 0.0615, 0.44194],
							"pivot": [0, 1.45312, -3.88628],
							"rotation": [8, 0, -90],
							"uv": {
								"north": {"uv": [50, 60], "uv_size": [0.25, 0.25]},
								"east": {"uv": [34, 44], "uv_size": [0.5, 0.25]},
								"south": {"uv": [60, 50], "uv_size": [0.25, 0.25]},
								"west": {"uv": [44, 34], "uv_size": [0.5, 0.25]},
								"up": {"uv": [36, 44], "uv_size": [0.25, 0.5]},
								"down": {"uv": [44, 36.5], "uv_size": [0.25, -0.5]}
							}
						},
						{
							"origin": [-0.10126, 1.6393, -4.07132],
							"size": [0.02505, 0.0615, 0.44123],
							"pivot": [0, 1.45312, -3.88628],
							"rotation": [8.01272, -3.21834, -90.45279],
							"uv": {
								"north": {"uv": [52, 60], "uv_size": [0.25, 0.25]},
								"east": {"uv": [38, 44], "uv_size": [0.5, 0.25]},
								"south": {"uv": [60, 52], "uv_size": [0.25, 0.25]},
								"west": {"uv": [44, 38], "uv_size": [0.5, 0.25]},
								"up": {"uv": [40, 44], "uv_size": [0.25, 0.5]},
								"down": {"uv": [44, 40.5], "uv_size": [0.25, -0.5]}
							}
						},
						{
							"origin": [-0.10126, 1.6393, -4.07132],
							"size": [0.02505, 0.0615, 0.44123],
							"pivot": [0, 1.45312, -3.88628],
							"rotation": [8.01272, -3.21834, 134.54721],
							"uv": {
								"north": {"uv": [54, 60], "uv_size": [0.25, 0.25]},
								"east": {"uv": [42, 44], "uv_size": [0.5, 0.25]},
								"south": {"uv": [60, 54], "uv_size": [0.25, 0.25]},
								"west": {"uv": [44, 42], "uv_size": [0.5, 0.25]},
								"up": {"uv": [44, 44], "uv_size": [0.25, 0.5]},
								"down": {"uv": [2, 45.5], "uv_size": [0.25, -0.5]}
							}
						},
						{
							"origin": [-0.09061, 1.6393, -4.07676],
							"size": [0.18122, 0.0615, 0.44194],
							"pivot": [0, 1.45312, -3.88628],
							"rotation": [8, 0, 135],
							"uv": {
								"north": {"uv": [56, 60], "uv_size": [0.25, 0.25]},
								"east": {"uv": [4, 45], "uv_size": [0.5, 0.25]},
								"south": {"uv": [60, 56], "uv_size": [0.25, 0.25]},
								"west": {"uv": [6, 45], "uv_size": [0.5, 0.25]},
								"up": {"uv": [45, 6], "uv_size": [0.25, 0.5]},
								"down": {"uv": [8, 45.5], "uv_size": [0.25, -0.5]}
							}
						},
						{
							"origin": [0.07621, 1.6393, -4.07132],
							"size": [0.02505, 0.0615, 0.44123],
							"pivot": [0, 1.45312, -3.88628],
							"rotation": [8.01272, 3.21834, 135.45279],
							"uv": {
								"north": {"uv": [58, 60], "uv_size": [0.25, 0.25]},
								"east": {"uv": [45, 8], "uv_size": [0.5, 0.25]},
								"south": {"uv": [60, 58], "uv_size": [0.25, 0.25]},
								"west": {"uv": [45, 10], "uv_size": [0.5, 0.25]},
								"up": {"uv": [12, 45], "uv_size": [0.25, 0.5]},
								"down": {"uv": [45, 12.5], "uv_size": [0.25, -0.5]}
							}
						},
						{
							"origin": [0.07621, 1.6393, -4.07132],
							"size": [0.02505, 0.0615, 0.44123],
							"pivot": [0, 1.45312, -3.88628],
							"rotation": [8.01272, 3.21834, -44.54721],
							"uv": {
								"north": {"uv": [60, 60], "uv_size": [0.25, 0.25]},
								"east": {"uv": [14, 45], "uv_size": [0.5, 0.25]},
								"south": {"uv": [2, 61], "uv_size": [0.25, 0.25]},
								"west": {"uv": [45, 14], "uv_size": [0.5, 0.25]},
								"up": {"uv": [16, 45], "uv_size": [0.25, 0.5]},
								"down": {"uv": [18, 45.5], "uv_size": [0.25, -0.5]}
							}
						},
						{
							"origin": [-0.09061, 1.6393, -4.07676],
							"size": [0.18122, 0.0615, 0.44194],
							"pivot": [0, 1.45312, -3.88628],
							"rotation": [8, 0, -45],
							"uv": {
								"north": {"uv": [4, 61], "uv_size": [0.25, 0.25]},
								"east": {"uv": [20, 45], "uv_size": [0.5, 0.25]},
								"south": {"uv": [6, 61], "uv_size": [0.25, 0.25]},
								"west": {"uv": [45, 20], "uv_size": [0.5, 0.25]},
								"up": {"uv": [45, 22], "uv_size": [0.25, 0.5]},
								"down": {"uv": [0, 46.5], "uv_size": [0.25, -0.5]}
							}
						},
						{
							"origin": [-0.10126, 1.6393, -4.07132],
							"size": [0.02505, 0.0615, 0.44123],
							"pivot": [0, 1.45312, -3.88628],
							"rotation": [8.01272, -3.21834, -45.45279],
							"uv": {
								"north": {"uv": [61, 6], "uv_size": [0.25, 0.25]},
								"east": {"uv": [46, 0], "uv_size": [0.5, 0.25]},
								"south": {"uv": [8, 61], "uv_size": [0.25, 0.25]},
								"west": {"uv": [46, 2], "uv_size": [0.5, 0.25]},
								"up": {"uv": [46, 4], "uv_size": [0.25, 0.5]},
								"down": {"uv": [10, 46.5], "uv_size": [0.25, -0.5]}
							}
						},
						{
							"origin": [-0.10126, 1.6393, -4.07132],
							"size": [0.02505, 0.0615, 0.44123],
							"pivot": [0, 1.45312, -3.88628],
							"rotation": [8.01272, -3.21834, 44.54721],
							"uv": {
								"north": {"uv": [61, 8], "uv_size": [0.25, 0.25]},
								"east": {"uv": [46, 16], "uv_size": [0.5, 0.25]},
								"south": {"uv": [61, 10], "uv_size": [0.25, 0.25]},
								"west": {"uv": [46, 18], "uv_size": [0.5, 0.25]},
								"up": {"uv": [22, 46], "uv_size": [0.25, 0.5]},
								"down": {"uv": [24, 46.5], "uv_size": [0.25, -0.5]}
							}
						},
						{
							"origin": [-0.09061, 1.6393, -4.07676],
							"size": [0.18122, 0.0615, 0.44194],
							"pivot": [0, 1.45312, -3.88628],
							"rotation": [8, 0, 45],
							"uv": {
								"north": {"uv": [12, 61], "uv_size": [0.25, 0.25]},
								"east": {"uv": [46, 24], "uv_size": [0.5, 0.25]},
								"south": {"uv": [61, 12], "uv_size": [0.25, 0.25]},
								"west": {"uv": [26, 46], "uv_size": [0.5, 0.25]},
								"up": {"uv": [46, 26], "uv_size": [0.25, 0.5]},
								"down": {"uv": [28, 46.5], "uv_size": [0.25, -0.5]}
							}
						},
						{
							"origin": [0.07621, 1.6393, -4.07132],
							"size": [0.02505, 0.0615, 0.44123],
							"pivot": [0, 1.45312, -3.88628],
							"rotation": [8.01272, 3.21834, 45.45279],
							"uv": {
								"north": {"uv": [14, 61], "uv_size": [0.25, 0.25]},
								"east": {"uv": [46, 28], "uv_size": [0.5, 0.25]},
								"south": {"uv": [61, 14], "uv_size": [0.25, 0.25]},
								"west": {"uv": [30, 46], "uv_size": [0.5, 0.25]},
								"up": {"uv": [46, 30], "uv_size": [0.25, 0.5]},
								"down": {"uv": [32, 46.5], "uv_size": [0.25, -0.5]}
							}
						},
						{
							"origin": [0.07621, 1.6393, -4.07132],
							"size": [0.02505, 0.0615, 0.44123],
							"pivot": [0, 1.45312, -3.88628],
							"rotation": [8.01272, 3.21834, -134.54721],
							"uv": {
								"north": {"uv": [16, 61], "uv_size": [0.25, 0.25]},
								"east": {"uv": [46, 32], "uv_size": [0.5, 0.25]},
								"south": {"uv": [18, 61], "uv_size": [0.25, 0.25]},
								"west": {"uv": [34, 46], "uv_size": [0.5, 0.25]},
								"up": {"uv": [46, 34], "uv_size": [0.25, 0.5]},
								"down": {"uv": [36, 46.5], "uv_size": [0.25, -0.5]}
							}
						},
						{
							"origin": [-0.09061, 1.6393, -4.07676],
							"size": [0.18122, 0.0615, 0.44194],
							"pivot": [0, 1.45312, -3.88628],
							"rotation": [8, 0, -135],
							"uv": {
								"north": {"uv": [20, 61], "uv_size": [0.25, 0.25]},
								"east": {"uv": [46, 36], "uv_size": [0.5, 0.25]},
								"south": {"uv": [61, 20], "uv_size": [0.25, 0.25]},
								"west": {"uv": [38, 46], "uv_size": [0.5, 0.25]},
								"up": {"uv": [46, 38], "uv_size": [0.25, 0.5]},
								"down": {"uv": [40, 46.5], "uv_size": [0.25, -0.5]}
							}
						},
						{
							"origin": [-0.10126, 1.6393, -4.07132],
							"size": [0.02505, 0.0615, 0.44123],
							"pivot": [0, 1.45312, -3.88628],
							"rotation": [8.01272, -3.21834, -135.45279],
							"uv": {
								"north": {"uv": [61, 22], "uv_size": [0.25, 0.25]},
								"east": {"uv": [46, 40], "uv_size": [0.5, 0.25]},
								"south": {"uv": [0, 62], "uv_size": [0.25, 0.25]},
								"west": {"uv": [42, 46], "uv_size": [0.5, 0.25]},
								"up": {"uv": [46, 42], "uv_size": [0.25, 0.5]},
								"down": {"uv": [44, 46.5], "uv_size": [0.25, -0.5]}
							}
						},
						{
							"origin": [-0.28125, 1.33663, -3.67187],
							"size": [0.5625, 0.233, 0.75],
							"pivot": [0, 1.45313, -3.67187],
							"rotation": [0, 0, 45],
							"uv": {
								"north": {"uv": [46, 44], "uv_size": [0.5, 0.25]},
								"east": {"uv": [30, 16], "uv_size": [0.75, 0.25]},
								"south": {"uv": [46, 46], "uv_size": [0.5, 0.25]},
								"west": {"uv": [30, 18], "uv_size": [0.75, 0.25]},
								"up": {"uv": [25, 6], "uv_size": [0.5, 0.75]},
								"down": {"uv": [8, 25.75], "uv_size": [0.5, -0.75]}
							}
						},
						{
							"origin": [-0.28125, 1.33663, -3.67187],
							"size": [0.5625, 0.233, 0.75],
							"uv": {
								"north": {"uv": [2, 47], "uv_size": [0.5, 0.25]},
								"east": {"uv": [22, 30], "uv_size": [0.75, 0.25]},
								"south": {"uv": [4, 47], "uv_size": [0.5, 0.25]},
								"west": {"uv": [24, 30], "uv_size": [0.75, 0.25]},
								"up": {"uv": [25, 8], "uv_size": [0.5, 0.75]},
								"down": {"uv": [25, 10.75], "uv_size": [0.5, -0.75]}
							}
						}
					]
				},
				{
					"name": "octagon6",
					"parent": "glass2",
					"pivot": [0.75, 0.70313, -4.79687],
					"cubes": [
						{
							"origin": [-0.09061, 1.23438, -4.10937],
							"size": [0.18122, 0.4375, 0.4375],
							"pivot": [0, 1.45313, -4.04687],
							"rotation": [0, 0, 45],
							"uv": {
								"north": {"uv": [6, 47], "uv_size": [0.25, 0.5]},
								"east": {"uv": [18, 27], "uv_size": [0.5, 0.5]},
								"south": {"uv": [47, 6], "uv_size": [0.25, 0.5]},
								"west": {"uv": [20, 27], "uv_size": [0.5, 0.5]},
								"up": {"uv": [8, 47], "uv_size": [0.25, 0.5]},
								"down": {"uv": [47, 8.5], "uv_size": [0.25, -0.5]}
							}
						},
						{
							"origin": [-0.09061, 1.23438, -4.10937],
							"size": [0.18122, 0.4375, 0.4375],
							"uv": {
								"north": {"uv": [47, 10], "uv_size": [0.25, 0.5]},
								"east": {"uv": [27, 20], "uv_size": [0.5, 0.5]},
								"south": {"uv": [12, 47], "uv_size": [0.25, 0.5]},
								"west": {"uv": [27, 22], "uv_size": [0.5, 0.5]},
								"up": {"uv": [47, 12], "uv_size": [0.25, 0.5]},
								"down": {"uv": [14, 47.5], "uv_size": [0.25, -0.5]}
							}
						},
						{
							"origin": [-0.21875, 1.36252, -4.10937],
							"size": [0.4375, 0.18122, 0.4375],
							"pivot": [0, 1.45313, -4.04687],
							"rotation": [0, 0, 45],
							"uv": {
								"north": {"uv": [47, 14], "uv_size": [0.5, 0.25]},
								"east": {"uv": [16, 47], "uv_size": [0.5, 0.25]},
								"south": {"uv": [18, 47], "uv_size": [0.5, 0.25]},
								"west": {"uv": [20, 47], "uv_size": [0.5, 0.25]},
								"up": {"uv": [0, 28], "uv_size": [0.5, 0.5]},
								"down": {"uv": [28, 0.5], "uv_size": [0.5, -0.5]}
							}
						},
						{
							"origin": [-0.21875, 1.36252, -4.10937],
							"size": [0.4375, 0.18122, 0.4375],
							"uv": {
								"north": {"uv": [47, 20], "uv_size": [0.5, 0.25]},
								"east": {"uv": [47, 22], "uv_size": [0.5, 0.25]},
								"south": {"uv": [0, 48], "uv_size": [0.5, 0.25]},
								"west": {"uv": [48, 0], "uv_size": [0.5, 0.25]},
								"up": {"uv": [28, 2], "uv_size": [0.5, 0.5]},
								"down": {"uv": [28, 4.5], "uv_size": [0.5, -0.5]}
							}
						}
					]
				},
				{
					"name": "button",
					"parent": "AG_OEG",
					"pivot": [0, -27.29687, -5.23437]
				},
				{
					"name": "octagon7",
					"parent": "button",
					"pivot": [0.75, 1.45313, -3.07812],
					"cubes": [
						{
							"origin": [-0.10355, 2.07813, -2.57812],
							"size": [0.20711, 0.375, 0.5],
							"pivot": [0, 2.20313, -2.32812],
							"rotation": [0, -45, 0],
							"uv": {
								"north": {"uv": [48, 2], "uv_size": [0.25, 0.5]},
								"east": {"uv": [10, 28], "uv_size": [0.5, 0.5]},
								"south": {"uv": [48, 4], "uv_size": [0.25, 0.5]},
								"west": {"uv": [28, 16], "uv_size": [0.5, 0.5]},
								"up": {"uv": [10, 48], "uv_size": [0.25, 0.5]},
								"down": {"uv": [48, 16.5], "uv_size": [0.25, -0.5]}
							}
						},
						{
							"origin": [-0.10355, 2.07813, -2.57812],
							"size": [0.20711, 0.375, 0.5],
							"uv": {
								"north": {"uv": [48, 18], "uv_size": [0.25, 0.5]},
								"east": {"uv": [28, 18], "uv_size": [0.5, 0.5]},
								"south": {"uv": [22, 48], "uv_size": [0.25, 0.5]},
								"west": {"uv": [22, 28], "uv_size": [0.5, 0.5]},
								"up": {"uv": [24, 48], "uv_size": [0.25, 0.5]},
								"down": {"uv": [48, 24.5], "uv_size": [0.25, -0.5]}
							}
						},
						{
							"origin": [-0.25, 2.07813, -2.43168],
							"size": [0.5, 0.375, 0.20711],
							"pivot": [0, 2.20313, -2.32812],
							"rotation": [0, -45, 0],
							"uv": {
								"north": {"uv": [24, 28], "uv_size": [0.5, 0.5]},
								"east": {"uv": [26, 48], "uv_size": [0.25, 0.5]},
								"south": {"uv": [28, 24], "uv_size": [0.5, 0.5]},
								"west": {"uv": [48, 26], "uv_size": [0.25, 0.5]},
								"up": {"uv": [28, 48], "uv_size": [0.5, 0.25]},
								"down": {"uv": [48, 28.25], "uv_size": [0.5, -0.25]}
							}
						},
						{
							"origin": [-0.25, 2.07813, -2.43168],
							"size": [0.5, 0.375, 0.20711],
							"uv": {
								"north": {"uv": [26, 28], "uv_size": [0.5, 0.5]},
								"east": {"uv": [30, 48], "uv_size": [0.25, 0.5]},
								"south": {"uv": [28, 26], "uv_size": [0.5, 0.5]},
								"west": {"uv": [48, 30], "uv_size": [0.25, 0.5]},
								"up": {"uv": [32, 48], "uv_size": [0.5, 0.25]},
								"down": {"uv": [48, 32.25], "uv_size": [0.5, -0.25]}
							}
						}
					]
				},
				{
					"name": "octagon8",
					"parent": "button",
					"pivot": [0, 2.20313, -3.07812],
					"rotation": [0, 0, -90],
					"cubes": [
						{
							"origin": [-0.85355, 2.82813, -2.57812],
							"size": [0.20711, 0.375, 0.5],
							"pivot": [-0.75, 2.95313, -2.32812],
							"rotation": [0, -45, 0],
							"uv": {
								"north": {"uv": [34, 48], "uv_size": [0.25, 0.5]},
								"east": {"uv": [28, 28], "uv_size": [0.5, 0.5]},
								"south": {"uv": [48, 34], "uv_size": [0.25, 0.5]},
								"west": {"uv": [2, 29], "uv_size": [0.5, 0.5]},
								"up": {"uv": [36, 48], "uv_size": [0.25, 0.5]},
								"down": {"uv": [48, 36.5], "uv_size": [0.25, -0.5]}
							}
						},
						{
							"origin": [-0.85355, 2.82813, -2.57812],
							"size": [0.20711, 0.375, 0.5],
							"uv": {
								"north": {"uv": [38, 48], "uv_size": [0.25, 0.5]},
								"east": {"uv": [4, 29], "uv_size": [0.5, 0.5]},
								"south": {"uv": [48, 38], "uv_size": [0.25, 0.5]},
								"west": {"uv": [6, 29], "uv_size": [0.5, 0.5]},
								"up": {"uv": [40, 48], "uv_size": [0.25, 0.5]},
								"down": {"uv": [48, 40.5], "uv_size": [0.25, -0.5]}
							}
						},
						{
							"origin": [-1, 2.82813, -2.43168],
							"size": [0.5, 0.375, 0.20711],
							"pivot": [-0.75, 2.95313, -2.32812],
							"rotation": [0, -45, 0],
							"uv": {
								"north": {"uv": [29, 6], "uv_size": [0.5, 0.5]},
								"east": {"uv": [42, 48], "uv_size": [0.25, 0.5]},
								"south": {"uv": [8, 29], "uv_size": [0.5, 0.5]},
								"west": {"uv": [48, 42], "uv_size": [0.25, 0.5]},
								"up": {"uv": [44, 48], "uv_size": [0.5, 0.25]},
								"down": {"uv": [48, 44.25], "uv_size": [0.5, -0.25]}
							}
						},
						{
							"origin": [-1, 2.82813, -2.43168],
							"size": [0.5, 0.375, 0.20711],
							"uv": {
								"north": {"uv": [29, 8], "uv_size": [0.5, 0.5]},
								"east": {"uv": [46, 48], "uv_size": [0.25, 0.5]},
								"south": {"uv": [29, 10], "uv_size": [0.5, 0.5]},
								"west": {"uv": [48, 46], "uv_size": [0.25, 0.5]},
								"up": {"uv": [48, 48], "uv_size": [0.5, 0.25]},
								"down": {"uv": [2, 49.25], "uv_size": [0.5, -0.25]}
							}
						}
					]
				},
				{
					"name": "frame2",
					"parent": "AG_OEG",
					"pivot": [0.84375, -1.01562, -0.28125],
					"cubes": [
						{
							"origin": [-0.75, -0.32812, -1.71875],
							"size": [0.375, 0.625, 0.375],
							"uv": {
								"north": {"uv": [12, 25], "uv_size": [0.5, 0.75]},
								"east": {"uv": [25, 12], "uv_size": [0.5, 0.75]},
								"south": {"uv": [14, 25], "uv_size": [0.5, 0.75]},
								"west": {"uv": [25, 14], "uv_size": [0.5, 0.75]},
								"up": {"uv": [12, 29], "uv_size": [0.5, 0.5]},
								"down": {"uv": [29, 12.5], "uv_size": [0.5, -0.5]}
							}
						},
						{
							"origin": [-0.75193, 0.29688, -1.71874],
							"size": [0.31129, 0.44194, 0.375],
							"pivot": [-0.75, 0.29688, -1.71875],
							"rotation": [0, 0, 45.25],
							"uv": {
								"north": {"uv": [4, 49], "uv_size": [0.25, 0.5]},
								"east": {"uv": [6, 49], "uv_size": [0.25, 0.5]},
								"south": {"uv": [49, 6], "uv_size": [0.25, 0.5]},
								"west": {"uv": [8, 49], "uv_size": [0.25, 0.5]},
								"up": {"uv": [62, 0], "uv_size": [0.25, 0.25]},
								"down": {"uv": [62, 2.25], "uv_size": [0.25, -0.25]}
							}
						},
						{
							"origin": [-0.75193, 0.29688, 0.46876],
							"size": [0.31129, 0.44194, 0.375],
							"pivot": [-0.75, 0.29688, 0.46875],
							"rotation": [0, 0, 45.25],
							"uv": {
								"north": {"uv": [49, 8], "uv_size": [0.25, 0.5]},
								"east": {"uv": [49, 10], "uv_size": [0.25, 0.5]},
								"south": {"uv": [12, 49], "uv_size": [0.25, 0.5]},
								"west": {"uv": [49, 12], "uv_size": [0.25, 0.5]},
								"up": {"uv": [62, 4], "uv_size": [0.25, 0.25]},
								"down": {"uv": [10, 62.25], "uv_size": [0.25, -0.25]}
							}
						},
						{
							"origin": [0.44064, 0.29688, 0.46876],
							"size": [0.31129, 0.44194, 0.375],
							"pivot": [0.75, 0.29688, 0.46875],
							"rotation": [0, 0, -45.25],
							"uv": {
								"north": {"uv": [14, 49], "uv_size": [0.25, 0.5]},
								"east": {"uv": [49, 14], "uv_size": [0.25, 0.5]},
								"south": {"uv": [16, 49], "uv_size": [0.25, 0.5]},
								"west": {"uv": [18, 49], "uv_size": [0.25, 0.5]},
								"up": {"uv": [62, 16], "uv_size": [0.25, 0.25]},
								"down": {"uv": [62, 18.25], "uv_size": [0.25, -0.25]}
							}
						},
						{
							"origin": [0.44064, 0.29688, -1.71874],
							"size": [0.31129, 0.44194, 0.375],
							"pivot": [0.75, 0.29688, -1.71875],
							"rotation": [0, 0, -45.25],
							"uv": {
								"north": {"uv": [20, 49], "uv_size": [0.25, 0.5]},
								"east": {"uv": [49, 20], "uv_size": [0.25, 0.5]},
								"south": {"uv": [49, 22], "uv_size": [0.25, 0.5]},
								"west": {"uv": [0, 50], "uv_size": [0.25, 0.5]},
								"up": {"uv": [22, 62], "uv_size": [0.25, 0.25]},
								"down": {"uv": [24, 62.25], "uv_size": [0.25, -0.25]}
							}
						},
						{
							"origin": [-0.4375, 0.29688, -1.71875],
							"size": [0.875, 0.3125, 2.5625],
							"uv": {
								"north": {"uv": [14, 29], "uv_size": [1, 0.25]},
								"east": {"uv": [12, 21], "uv_size": [2.5, 0.25]},
								"south": {"uv": [29, 14], "uv_size": [1, 0.25]},
								"west": {"uv": [21, 12], "uv_size": [2.5, 0.25]},
								"up": {"uv": [10, 0], "uv_size": [1, 2.5]},
								"down": {"uv": [0, 13.5], "uv_size": [1, -2.5]}
							}
						},
						{
							"origin": [-0.375, 0.60938, -1.71875],
							"size": [0.75, 0.75, 2.5625],
							"pivot": [0, 0.98438, -0.3125],
							"rotation": [0, 0, 40],
							"uv": {
								"north": {"uv": [21, 14], "uv_size": [0.75, 0.75]},
								"east": {"uv": [12, 6], "uv_size": [2.5, 0.75]},
								"south": {"uv": [16, 21], "uv_size": [0.75, 0.75]},
								"west": {"uv": [12, 8], "uv_size": [2.5, 0.75]},
								"up": {"uv": [10, 13], "uv_size": [0.75, 2.5]},
								"down": {"uv": [12, 15.5], "uv_size": [0.75, -2.5]}
							}
						},
						{
							"origin": [-0.75, -0.32812, 0.46875],
							"size": [0.375, 0.625, 0.375],
							"uv": {
								"north": {"uv": [16, 25], "uv_size": [0.5, 0.75]},
								"east": {"uv": [18, 25], "uv_size": [0.5, 0.75]},
								"south": {"uv": [20, 25], "uv_size": [0.5, 0.75]},
								"west": {"uv": [25, 20], "uv_size": [0.5, 0.75]},
								"up": {"uv": [16, 29], "uv_size": [0.5, 0.5]},
								"down": {"uv": [18, 29.5], "uv_size": [0.5, -0.5]}
							}
						},
						{
							"origin": [0.375, -0.32812, -1.71875],
							"size": [0.375, 0.625, 0.375],
							"uv": {
								"north": {"uv": [25, 22], "uv_size": [0.5, 0.75]},
								"east": {"uv": [0, 26], "uv_size": [0.5, 0.75]},
								"south": {"uv": [26, 0], "uv_size": [0.5, 0.75]},
								"west": {"uv": [26, 2], "uv_size": [0.5, 0.75]},
								"up": {"uv": [20, 29], "uv_size": [0.5, 0.5]},
								"down": {"uv": [29, 20.5], "uv_size": [0.5, -0.5]}
							}
						},
						{
							"origin": [0.375, -0.32812, 0.46875],
							"size": [0.375, 0.625, 0.375],
							"uv": {
								"north": {"uv": [26, 4], "uv_size": [0.5, 0.75]},
								"east": {"uv": [10, 26], "uv_size": [0.5, 0.75]},
								"south": {"uv": [26, 16], "uv_size": [0.5, 0.75]},
								"west": {"uv": [26, 18], "uv_size": [0.5, 0.75]},
								"up": {"uv": [29, 22], "uv_size": [0.5, 0.5]},
								"down": {"uv": [0, 30.5], "uv_size": [0.5, -0.5]}
							}
						},
						{
							"origin": [-0.8125, -0.14062, -1.65625],
							"size": [1.625, 0.25, 0.25],
							"pivot": [0, -0.01562, -1.53125],
							"rotation": [45, 0, 0],
							"uv": {
								"north": {"uv": [21, 16], "uv_size": [1.75, 0.25]},
								"east": {"uv": [62, 24], "uv_size": [0.25, 0.25]},
								"south": {"uv": [21, 18], "uv_size": [1.75, 0.25]},
								"west": {"uv": [26, 62], "uv_size": [0.25, 0.25]},
								"up": {"uv": [22, 7], "uv_size": [1.75, 0.25]},
								"down": {"uv": [22, 20.25], "uv_size": [1.75, -0.25]}
							}
						},
						{
							"origin": [-0.8125, -0.14062, 0.53125],
							"size": [1.625, 0.25, 0.25],
							"pivot": [0, -0.01562, 0.65625],
							"rotation": [45, 0, 0],
							"uv": {
								"north": {"uv": [22, 22], "uv_size": [1.75, 0.25]},
								"east": {"uv": [62, 26], "uv_size": [0.25, 0.25]},
								"south": {"uv": [23, 0], "uv_size": [1.75, 0.25]},
								"west": {"uv": [28, 62], "uv_size": [0.25, 0.25]},
								"up": {"uv": [2, 23], "uv_size": [1.75, 0.25]},
								"down": {"uv": [5, 23.25], "uv_size": [1.75, -0.25]}
							}
						}
					]
				},
				{
					"name": "scope_view",
					"pivot": [4, 1.5, 8.375]
				},
				{
					"name": "division",
					"pivot": [4.05, 0.2625, -55.5]
				},
				{
					"name": "division_illuminated",
					"parent": "division",
					"pivot": [4.05, 0.3625, -55.5],
					"cubes": [
						{
							"origin": [3.25, 0.76687, -80.5],
							"size": [1.5, 1.5, 0.3],
							"uv": {
								"south": {"uv": [63, 0], "uv_size": [65, 65]}
							}
						}
					]
				},
				{
					"name": "ocular",
					"pivot": [4.00167, 1.50167, 2.5625],
					"cubes": [
						{
							"origin": [3.8244, 1.37426, 2.55019],
							"size": [0.35901, 0.33741, 0.02463],
							"uv": {
								"south": {"uv": [11.75, 109.25], "uv_size": [0.5, 1.5]}
							}
						}
					]
				}
			]
		}
	]
}