{
	"format_version": "1.12.0",
	"minecraft:geometry": [
		{
			"description": {
				"identifier": "geometry.unknown",
				"texture_width": 32,
				"texture_height": 32,
				"visible_bounds_width": 2,
				"visible_bounds_height": 1.5,
				"visible_bounds_offset": [0, 0.25, 0]
			},
			"bones": [
				{
					"name": "octagon",
					"pivot": [0.00023, -0.29833, -0.14952],
					"rotation": [90, 0, 0],
					"cubes": [
						{
							"origin": [-0.12116, -1.30907, -0.44202],
							"size": [0.24231, 1.495, 0.585],
							"pivot": [0, -1.16607, -0.14952],
							"rotation": [0, -45, 0],
							"uv": {
								"north": {"uv": [0, 16], "uv_size": [1, 3]},
								"east": {"uv": [2, 16], "uv_size": [1, 3]},
								"south": {"uv": [4, 16], "uv_size": [1, 3]},
								"west": {"uv": [6, 16], "uv_size": [1, 3]},
								"up": {"uv": [2, 20], "uv_size": [1, 1]},
								"down": {"uv": [4, 21], "uv_size": [1, -1]}
							}
						},
						{
							"origin": [-0.12116, -1.30907, -0.44202],
							"size": [0.24231, 1.495, 0.585],
							"uv": {
								"north": {"uv": [8, 16], "uv_size": [1, 3]},
								"east": {"uv": [10, 16], "uv_size": [1, 3]},
								"south": {"uv": [12, 16], "uv_size": [1, 3]},
								"west": {"uv": [14, 16], "uv_size": [1, 3]},
								"up": {"uv": [20, 4], "uv_size": [1, 1]},
								"down": {"uv": [6, 21], "uv_size": [1, -1]}
							}
						},
						{
							"origin": [-0.2925, -1.30907, -0.27068],
							"size": [0.585, 1.495, 0.24231],
							"pivot": [0, -1.16607, -0.14952],
							"rotation": [0, -45, 0],
							"uv": {
								"north": {"uv": [16, 16], "uv_size": [1, 3]},
								"east": {"uv": [18, 0], "uv_size": [1, 3]},
								"south": {"uv": [18, 4], "uv_size": [1, 3]},
								"west": {"uv": [18, 8], "uv_size": [1, 3]},
								"up": {"uv": [20, 6], "uv_size": [1, 1]},
								"down": {"uv": [8, 21], "uv_size": [1, -1]}
							}
						},
						{
							"origin": [-0.2925, -1.30907, -0.27068],
							"size": [0.585, 1.495, 0.24231],
							"uv": {
								"north": {"uv": [18, 12], "uv_size": [1, 3]},
								"east": {"uv": [18, 16], "uv_size": [1, 3]},
								"south": {"uv": [0, 20], "uv_size": [1, 3]},
								"west": {"uv": [20, 0], "uv_size": [1, 3]},
								"up": {"uv": [20, 8], "uv_size": [1, 1]},
								"down": {"uv": [10, 21], "uv_size": [1, -1]}
							}
						},
						{
							"origin": [-0.07996, 0.33608, -0.34257],
							"size": [0.15993, 0.4147, 0.3861],
							"pivot": [0, 0.07946, -0.14952],
							"rotation": [0, -45, 0],
							"uv": {
								"north": {"uv": [22, 24], "uv_size": [1, 1]},
								"east": {"uv": [24, 22], "uv_size": [1, 1]},
								"south": {"uv": [24, 24], "uv_size": [1, 1]},
								"west": {"uv": [0, 26], "uv_size": [1, 1]},
								"up": {"uv": [26, 0], "uv_size": [1, 1]},
								"down": {"uv": [2, 27], "uv_size": [1, -1]}
							}
						},
						{
							"origin": [-0.07996, 0.33608, -0.34257],
							"size": [0.15993, 0.4147, 0.3861],
							"uv": {
								"north": {"uv": [16, 24], "uv_size": [1, 1]},
								"east": {"uv": [24, 16], "uv_size": [1, 1]},
								"south": {"uv": [18, 24], "uv_size": [1, 1]},
								"west": {"uv": [24, 18], "uv_size": [1, 1]},
								"up": {"uv": [20, 24], "uv_size": [1, 1]},
								"down": {"uv": [24, 21], "uv_size": [1, -1]}
							}
						},
						{
							"origin": [-0.19305, 0.33608, -0.22949],
							"size": [0.3861, 0.4147, 0.15993],
							"pivot": [0, 0.07946, -0.14952],
							"rotation": [0, -45, 0],
							"uv": {
								"north": {"uv": [10, 24], "uv_size": [1, 1]},
								"east": {"uv": [24, 10], "uv_size": [1, 1]},
								"south": {"uv": [12, 24], "uv_size": [1, 1]},
								"west": {"uv": [24, 12], "uv_size": [1, 1]},
								"up": {"uv": [14, 24], "uv_size": [1, 1]},
								"down": {"uv": [24, 15], "uv_size": [1, -1]}
							}
						},
						{
							"origin": [-0.19305, 0.33608, -0.22949],
							"size": [0.3861, 0.4147, 0.15993],
							"uv": {
								"north": {"uv": [4, 24], "uv_size": [1, 1]},
								"east": {"uv": [24, 4], "uv_size": [1, 1]},
								"south": {"uv": [6, 24], "uv_size": [1, 1]},
								"west": {"uv": [24, 6], "uv_size": [1, 1]},
								"up": {"uv": [8, 24], "uv_size": [1, 1]},
								"down": {"uv": [24, 9], "uv_size": [1, -1]}
							}
						},
						{
							"origin": [-0.12116, -1.51707, -0.44202],
							"size": [0.24231, 0.156, 0.585],
							"pivot": [0, -1.16607, -0.14952],
							"rotation": [0, -45, 0],
							"uv": {
								"north": {"uv": [22, 14], "uv_size": [1, 1]},
								"east": {"uv": [16, 22], "uv_size": [1, 1]},
								"south": {"uv": [22, 16], "uv_size": [1, 1]},
								"west": {"uv": [18, 22], "uv_size": [1, 1]},
								"up": {"uv": [22, 18], "uv_size": [1, 1]},
								"down": {"uv": [20, 23], "uv_size": [1, -1]}
							}
						},
						{
							"origin": [-0.12116, -1.51707, -0.44202],
							"size": [0.24231, 0.156, 0.585],
							"uv": {
								"north": {"uv": [22, 8], "uv_size": [1, 1]},
								"east": {"uv": [10, 22], "uv_size": [1, 1]},
								"south": {"uv": [22, 10], "uv_size": [1, 1]},
								"west": {"uv": [12, 22], "uv_size": [1, 1]},
								"up": {"uv": [22, 12], "uv_size": [1, 1]},
								"down": {"uv": [14, 23], "uv_size": [1, -1]}
							}
						},
						{
							"origin": [-0.2925, -1.51707, -0.27068],
							"size": [0.585, 0.156, 0.24231],
							"pivot": [0, -1.16607, -0.14952],
							"rotation": [0, -45, 0],
							"uv": {
								"north": {"uv": [22, 2], "uv_size": [1, 1]},
								"east": {"uv": [4, 22], "uv_size": [1, 1]},
								"south": {"uv": [22, 4], "uv_size": [1, 1]},
								"west": {"uv": [6, 22], "uv_size": [1, 1]},
								"up": {"uv": [22, 6], "uv_size": [1, 1]},
								"down": {"uv": [8, 23], "uv_size": [1, -1]}
							}
						},
						{
							"origin": [-0.2925, -1.51707, -0.27068],
							"size": [0.585, 0.156, 0.24231],
							"uv": {
								"north": {"uv": [20, 16], "uv_size": [1, 1]},
								"east": {"uv": [18, 20], "uv_size": [1, 1]},
								"south": {"uv": [20, 18], "uv_size": [1, 1]},
								"west": {"uv": [20, 20], "uv_size": [1, 1]},
								"up": {"uv": [22, 0], "uv_size": [1, 1]},
								"down": {"uv": [2, 23], "uv_size": [1, -1]}
							}
						},
						{
							"origin": [-0.2015, -1.51713, -0.34868],
							"size": [0.403, 0.156, 0.39831],
							"uv": {
								"north": {"uv": [22, 20], "uv_size": [1, 1]},
								"east": {"uv": [22, 22], "uv_size": [1, 1]},
								"south": {"uv": [0, 24], "uv_size": [1, 1]},
								"west": {"uv": [24, 0], "uv_size": [1, 1]},
								"up": {"uv": [2, 24], "uv_size": [1, 1]},
								"down": {"uv": [24, 3], "uv_size": [1, -1]}
							}
						},
						{
							"origin": [-0.1469, -1.42139, -0.29935],
							"size": [0.30212, 0.21164, 0.29965],
							"pivot": [0.00416, -1.29607, -0.14952],
							"rotation": [0, -45, 0],
							"uv": {
								"north": {"uv": [20, 10], "uv_size": [1, 1]},
								"east": {"uv": [12, 20], "uv_size": [1, 1]},
								"south": {"uv": [20, 12], "uv_size": [1, 1]},
								"west": {"uv": [14, 20], "uv_size": [1, 1]},
								"up": {"uv": [20, 14], "uv_size": [1, 1]},
								"down": {"uv": [16, 21], "uv_size": [1, -1]}
							}
						}
					]
				},
				{
					"name": "bone10",
					"parent": "octagon",
					"pivot": [-0.39884, 1.55093, -0.16902]
				},
				{
					"name": "bone11",
					"parent": "bone10",
					"pivot": [-0.39884, 1.55093, -0.16902],
					"rotation": [-20.15875, 180, 0]
				},
				{
					"name": "bone12",
					"parent": "bone10",
					"pivot": [-0.39884, 1.55093, -0.16902],
					"rotation": [-20.15875, 135, 0]
				},
				{
					"name": "bone13",
					"parent": "bone10",
					"pivot": [-0.39884, 1.55093, -0.16902],
					"rotation": [-20.15875, 90, 0]
				},
				{
					"name": "bone14",
					"parent": "bone10",
					"pivot": [-0.39884, 1.55093, -0.16902],
					"rotation": [-20.15875, 45, 0]
				},
				{
					"name": "bone15",
					"parent": "bone10",
					"pivot": [-0.39884, 1.55093, -0.16902],
					"rotation": [-20.15875, 0, 0]
				},
				{
					"name": "bone16",
					"parent": "bone10",
					"pivot": [-0.39884, 1.55093, -0.16902],
					"rotation": [-20.15875, -45, 0]
				},
				{
					"name": "bone17",
					"parent": "bone10",
					"pivot": [-0.39884, 1.55093, -0.16902],
					"rotation": [-20.15875, -90, 0]
				},
				{
					"name": "bone18",
					"parent": "bone10",
					"pivot": [-0.39884, 1.55093, -0.16902],
					"rotation": [-20.15875, -135, 0]
				},
				{
					"name": "bone1",
					"parent": "octagon",
					"pivot": [-0.39884, 0.17293, -0.15602]
				},
				{
					"name": "bone2",
					"parent": "bone1",
					"pivot": [-0.39884, 0.17293, -0.15602],
					"rotation": [-29.35775, 180, 0],
					"cubes": [
						{"origin": [-1.18128, -0.34346, -0.80412], "size": [0.88588, 0.9882, 0.76277], "inflate": -0.38112, "pivot": [-0.67652, 0.03767, -0.42299], "rotation": [0, 0.5, -11.47912], "uv": [0, 0]},
						{"origin": [-1.29996, -0.34346, -0.80412], "size": [0.88588, 0.9882, 0.76277], "inflate": -0.38112, "pivot": [-0.91884, 0.03767, -0.42299], "rotation": [0, -0.5, 11.47912], "uv": [0, 2]}
					]
				},
				{
					"name": "bone3",
					"parent": "bone1",
					"pivot": [-0.39884, 0.17293, -0.15602],
					"rotation": [-29.35775, 135, 0],
					"cubes": [
						{"origin": [-1.06906, -0.20426, -0.55665], "size": [0.88588, 0.9882, 0.76277], "inflate": -0.38112, "pivot": [-0.5643, 0.17687, -0.17553], "rotation": [0, 0.5, -11.47912], "uv": [3, 0]},
						{"origin": [-1.18774, -0.20426, -0.55665], "size": [0.88588, 0.9882, 0.76277], "inflate": -0.38112, "pivot": [-0.80662, 0.17687, -0.17553], "rotation": [0, -0.5, 11.47912], "uv": [3, 2]}
					]
				},
				{
					"name": "bone4",
					"parent": "bone1",
					"pivot": [-0.39884, 0.17293, -0.15602],
					"rotation": [-29.35775, 90, 0],
					"cubes": [
						{"origin": [-0.78894, -0.14473, -0.45083], "size": [0.88588, 0.9882, 0.76277], "inflate": -0.38112, "pivot": [-0.28418, 0.23639, -0.06971], "rotation": [0, 0.5, -11.47912], "uv": [0, 4]},
						{"origin": [-0.90762, -0.14473, -0.45083], "size": [0.88588, 0.9882, 0.76277], "inflate": -0.38112, "pivot": [-0.5265, 0.23639, -0.06971], "rotation": [0, -0.5, 11.47912], "uv": [3, 4]}
					]
				},
				{
					"name": "bone5",
					"parent": "bone1",
					"pivot": [-0.39884, 0.17293, -0.15602],
					"rotation": [-29.35775, 45, 0],
					"cubes": [
						{"origin": [-0.50501, -0.19975, -0.54864], "size": [0.88588, 0.9882, 0.76277], "inflate": -0.38112, "pivot": [-0.00025, 0.18137, -0.16752], "rotation": [0, 0.5, -11.47912], "uv": [0, 6]},
						{"origin": [-0.62369, -0.19975, -0.54864], "size": [0.88588, 0.9882, 0.76277], "inflate": -0.38112, "pivot": [-0.24257, 0.18137, -0.16752], "rotation": [0, -0.5, 11.47912], "uv": [6, 0]}
					]
				},
				{
					"name": "bone6",
					"parent": "bone1",
					"pivot": [-0.39884, 0.17293, -0.15602],
					"rotation": [-29.35775, 0, 0],
					"cubes": [
						{"origin": [-0.38359, -0.33708, -0.79279], "size": [0.88588, 0.9882, 0.76277], "inflate": -0.38112, "pivot": [0.12116, 0.04404, -0.41166], "rotation": [0, 0.5, -11.47912], "uv": [6, 2]},
						{"origin": [-0.50228, -0.33708, -0.79279], "size": [0.88588, 0.9882, 0.76277], "inflate": -0.38112, "pivot": [-0.12116, 0.04404, -0.41166], "rotation": [0, -0.5, 11.47912], "uv": [3, 6]}
					]
				},
				{
					"name": "bone7",
					"parent": "bone1",
					"pivot": [-0.39884, 0.17293, -0.15602],
					"rotation": [-29.35775, -45, 0],
					"cubes": [
						{"origin": [-0.49581, -0.47628, -1.04025], "size": [0.88588, 0.9882, 0.76277], "inflate": -0.38112, "pivot": [0.00894, -0.09516, -0.65913], "rotation": [0, 0.5, -11.47912], "uv": [6, 4]},
						{"origin": [-0.6145, -0.47628, -1.04025], "size": [0.88588, 0.9882, 0.76277], "inflate": -0.38112, "pivot": [-0.23338, -0.09516, -0.65913], "rotation": [0, -0.5, 11.47912], "uv": [6, 6]}
					]
				},
				{
					"name": "bone8",
					"parent": "bone1",
					"pivot": [-0.39884, 0.17293, -0.15602],
					"rotation": [-29.35775, -90, 0],
					"cubes": [
						{"origin": [-0.77594, -0.5358, -1.14608], "size": [0.88588, 0.9882, 0.76277], "inflate": -0.38112, "pivot": [-0.27118, -0.15468, -0.76495], "rotation": [0, 0.5, -11.47912], "uv": [0, 8]},
						{"origin": [-0.89462, -0.5358, -1.14608], "size": [0.88588, 0.9882, 0.76277], "inflate": -0.38112, "pivot": [-0.5135, -0.15468, -0.76495], "rotation": [0, -0.5, 11.47912], "uv": [3, 8]}
					]
				},
				{
					"name": "bone9",
					"parent": "bone1",
					"pivot": [-0.39884, 0.17293, -0.15602],
					"rotation": [-29.35775, -135, 0],
					"cubes": [
						{"origin": [-1.05986, -0.48079, -1.04826], "size": [0.88588, 0.9882, 0.76277], "inflate": -0.38112, "pivot": [-0.55511, -0.09966, -0.66714], "rotation": [0, 0.5, -11.47912], "uv": [6, 8]},
						{"origin": [-1.17855, -0.48079, -1.04826], "size": [0.88588, 0.9882, 0.76277], "inflate": -0.38112, "pivot": [-0.79743, -0.09966, -0.66714], "rotation": [0, -0.5, 11.47912], "uv": [9, 0]}
					]
				}
			]
		}
	]
}