{
  "weight": 5.0,
  "movement_speed": {
    "base": 0.0,
    "aim": -0.15,
    "reload": -0.1
  },
  "ammo": "tacz:12g",
  "ammo_amount": 2,
  "bolt": "manual_action",
  "rpm": 140,
  "bullet": {
    "life": 0.5,
    "bullet_amount": 8,
    "damage": 50,
    "tracer_count_interval": 0,
    "extra_damage": {
      "armor_ignore": 0.25,
      "head_shot_multiplier": 1.75,
      "damage_adjust": [
        {"distance": 4, "damage": 50},
        {"distance": 10, "damage": 42.5},
        {"distance": 16, "damage": 32.5},
        {"distance": 22, "damage": 25},
        {"distance": "infinite", "damage": 20}
      ]
    },
    "speed": 200,
    "gravity": 0.0245,
    "knockback": 0,
    "friction": 0.008,
    "ignite": false,
    "pierce": 1
  },
  "reload": {
    "type": "magazine",
    "feed": {
      "empty": 1.25,
      "tactical": 0.9
    },
    "cooldown": {
      "empty": 1.75,
      "tactical": 1.2
    }
  },
  "draw_time": 0.625,
  "put_away_time": 1,
  "aim_time": 0.2,
  "sprint_time": 0.3,
  "bolt_action_time": 0.375,
  "fire_mode": [
    "semi"
  ],
  "recoil": {
    "pitch": [
      {"time": 0, "value": [1.95, 1.95]},
      {"time": 0.26, "value": [1.95, 1.95]},
      {"time": 0.5, "value": [0.1, 0.1]},
      {"time": 0.65, "value": [0.35, 0.35]},
      {"time": 0.85, "value": [0.35, 0.35]}
    ],
    "yaw": [
      {"time": 0, "value": [-0.6, 0.6]},
      {"time": 0.35, "value": [0, 0]},
      {"time": 0.65, "value": [0, 0]}
    ]
  },
  "inaccuracy": {
    "stand": 2.45,
    "move": 2.65,
    "sneak": 2.35,
    "lie": 2.3,
    "aim": 2.25
  },
  "move_speed": {
    "base": 0.76,
    "aim": 0.52
  },
  "allow_attachment_types": [
    "scope",
    "stock",
    "muzzle"
  ]
}