{
	"format_version": "1.8.0",
	"animations": {
		"static_idle": {
			"loop": true,
			"bones": {
				"righthand": {
					"rotation": [80.34786, -14.85172, 3.71825],
					"position": [-5.85937, -7.95312, 10.09375],
					"scale": 1
				},
				"lefthand": {
					"rotation": [82.02039, 16.37292, -6.12223],
					"position": [5.67188, -9.42187, -6.4375],
					"scale": 1
				},
				"constraint": {
					"rotation": [0, 0, 0],
					"position": [0.2, 0.2, 0.2],
					"scale": 1
				}
			}
		},
		"draw": {
			"loop": "hold_on_last_frame",
			"animation_length": 0.8333,
			"bones": {
				"righthand": {
					"rotation": [80.34786, -14.85172, 3.71825],
					"position": [-5.85937, -7.95312, 10.09375],
					"scale": 1
				},
				"lefthand": {
					"rotation": [82.02039, 16.37292, -6.12223],
					"position": [5.67188, -9.42187, -6.4375],
					"scale": 1
				},
				"constraint": {
					"rotation": [0, 0, 0],
					"position": [0.2, 0.2, 0.2],
					"scale": 1
				},
				"root": {
					"rotation": {
						"0.0": {
							"post": [-43.30758, -2.7913, 9.37768],
							"lerp_mode": "catmullrom"
						},
						"0.2083": {
							"post": [-20.81, 4.71, 6.88],
							"lerp_mode": "catmullrom"
						},
						"0.4583": {
							"post": [0, -3, 7],
							"lerp_mode": "catmullrom"
						},
						"0.625": {
							"post": [0, 0, -2],
							"lerp_mode": "catmullrom"
						},
						"0.75": {
							"post": [0, 0, 1.25],
							"lerp_mode": "catmullrom"
						},
						"0.8333": {
							"post": [0, 0, 0],
							"lerp_mode": "catmullrom"
						}
					},
					"position": {
						"0.0": {
							"post": [-3, -42.125, 0],
							"lerp_mode": "catmullrom"
						},
						"0.2083": {
							"post": [-2, -8.92187, -2],
							"lerp_mode": "catmullrom"
						},
						"0.4583": {
							"post": [-0.14062, -0.71875, -2],
							"lerp_mode": "catmullrom"
						},
						"0.7083": {
							"post": [0, 0, 0.45313],
							"lerp_mode": "catmullrom"
						},
						"0.8333": {
							"post": [0, 0, 0],
							"lerp_mode": "catmullrom"
						}
					}
				},
				"camera": {
					"rotation": {
						"0.0": {
							"post": [0, 0, 0],
							"lerp_mode": "catmullrom"
						},
						"0.125": {
							"post": [1, 0, 0],
							"lerp_mode": "catmullrom"
						},
						"0.375": {
							"post": [-1, 0, 0],
							"lerp_mode": "catmullrom"
						},
						"0.75": {
							"post": [0, 0, 0],
							"lerp_mode": "catmullrom"
						}
					}
				}
			}
		},
		"put_away": {
			"loop": "hold_on_last_frame",
			"animation_length": 0.3333,
			"bones": {
				"righthand": {
					"rotation": [80.34786, -14.85172, 3.71825],
					"position": [-5.85937, -7.95312, 10.09375],
					"scale": 1
				},
				"lefthand": {
					"rotation": [82.02039, 16.37292, -6.12223],
					"position": [5.67188, -9.42187, -6.4375],
					"scale": 1
				},
				"constraint": {
					"rotation": [0, 0, 0],
					"position": [0.2, 0.2, 0.2],
					"scale": 1
				},
				"root": {
					"rotation": {
						"0.0": {
							"post": [0, 0, 0],
							"lerp_mode": "catmullrom"
						},
						"0.3333": {
							"post": [5.89114, -18.2484, 20.16534],
							"lerp_mode": "catmullrom"
						}
					},
					"position": {
						"0.0": {
							"post": [0, 0, 0],
							"lerp_mode": "catmullrom"
						},
						"0.3333": {
							"post": [0.84375, -13.23437, 0],
							"lerp_mode": "catmullrom"
						}
					}
				},
				"camera": {
					"rotation": {
						"0.0": {
							"post": [0, 0, 0],
							"lerp_mode": "catmullrom"
						},
						"0.1667": {
							"post": [1, 0, 0],
							"lerp_mode": "catmullrom"
						},
						"0.3333": {
							"post": [0, 0, 0],
							"lerp_mode": "catmullrom"
						}
					}
				}
			}
		},
		"reload_empty": {
			"loop": "hold_on_last_frame",
			"animation_length": 3.8333,
			"bones": {
				"righthand": {
					"rotation": {
						"0.0": [80.34786, -14.85172, 3.71825],
						"0.2917": [80.35, -14.85, 3.72],
						"2.5833": {
							"pre": [80.35, -14.85, 3.72],
							"post": [80.35, -14.85, 3.72],
							"lerp_mode": "catmullrom"
						},
						"2.7917": {
							"post": [80.57223, -8.43967, 2.62078],
							"lerp_mode": "catmullrom"
						},
						"2.875": [80.57, -8.44, 2.62],
						"3.0": [80.57, -8.44, 2.62],
						"3.0833": [80.57, -8.44, 2.62],
						"3.3333": [80.34786, -14.85172, 3.71825]
					},
					"position": {
						"0.0": [-5.85937, -7.95312, 10.09375],
						"0.2917": [-5.78187, -7.95, 11.965],
						"2.5833": {
							"pre": [-5.78, -7.95, 11.97],
							"post": [-5.78, -7.95, 11.97],
							"lerp_mode": "catmullrom"
						},
						"2.7083": {
							"post": [-8.10375, -6.64, 5.89],
							"lerp_mode": "catmullrom"
						},
						"2.7917": {
							"post": [-8.155, -5.85625, 2.22],
							"lerp_mode": "catmullrom"
						},
						"2.875": [-8.16, -5.86, 2.22],
						"3.0": [-8.16, -5.86, 7.22],
						"3.0833": [-8.16, -5.86, 7.4075],
						"3.125": {
							"pre": [-8.80062, -5.11, 9.36062],
							"post": [-8.80062, -5.11, 9.36062],
							"lerp_mode": "catmullrom"
						},
						"3.3333": [-5.85937, -7.95312, 10.09375]
					},
					"scale": 1
				},
				"lefthand": {
					"rotation": {
						"0.0": {
							"post": [82.02039, 16.37292, -6.12223],
							"lerp_mode": "catmullrom"
						},
						"0.1667": {
							"post": [73.93094, 21.45392, -7.53208],
							"lerp_mode": "catmullrom"
						},
						"0.3333": {
							"post": [66.93553, 14.99074, -5.50758],
							"lerp_mode": "catmullrom"
						},
						"1.1667": [66.94, 14.99, -5.51],
						"1.2083": {"pre": [66.94, 14.99, -5.51], "post": [67.76459, 0.90327, 0.4043]},
						"2.2917": {
							"pre": [67.76, 0.9, 0.4],
							"post": [67.76, 0.9, 0.4],
							"lerp_mode": "catmullrom"
						},
						"2.5833": {
							"post": [82.02039, 16.37292, -6.12223],
							"lerp_mode": "catmullrom"
						}
					},
					"position": {
						"0.0": {
							"post": [5.67188, -9.42187, -6.4375],
							"lerp_mode": "catmullrom"
						},
						"0.1667": {
							"post": [6.93438, -11.33, -2.21],
							"lerp_mode": "catmullrom"
						},
						"0.3333": {
							"post": [5.295, -12.65437, 0.7475],
							"lerp_mode": "catmullrom"
						},
						"1.1667": [5.3, -12.65, 0.75],
						"1.2083": {"pre": [5.3, -12.65, 0.75], "post": [5.45625, -12.65, 0.75]},
						"2.2917": {
							"pre": [5.46, -12.65, 0.75],
							"post": [5.46, -12.65, 0.75],
							"lerp_mode": "catmullrom"
						},
						"2.4583": {
							"post": [7.00188, -10.75, -3.48],
							"lerp_mode": "catmullrom"
						},
						"2.5833": {
							"post": [5.67188, -9.42187, -6.4375],
							"lerp_mode": "catmullrom"
						}
					},
					"scale": 1
				},
				"constraint": {
					"rotation": [0, 0, 0],
					"position": [0.2, 0.2, 0.2],
					"scale": 1
				},
				"bolt": {
					"position": {
						"2.875": [0, 0, 0],
						"3.0": [0, 0, 5],
						"3.0833": [0, 0, 5.1875],
						"3.125": [0, 0, 0]
					}
				},
				"root": {
					"rotation": {
						"0.0": {
							"post": [0, 0, 0],
							"lerp_mode": "catmullrom"
						},
						"0.2917": {
							"post": [-10.90771, -11.69173, -41.44255],
							"lerp_mode": "catmullrom"
						},
						"0.5": {
							"post": [-10.90771, -11.69173, -41.44255],
							"lerp_mode": "catmullrom"
						},
						"0.625": {
							"post": [4.8846, -15.02998, -65.1019],
							"lerp_mode": "catmullrom"
						},
						"0.7917": {
							"post": [3.33589, -18.03879, -58.17117],
							"lerp_mode": "catmullrom"
						},
						"0.9583": {
							"post": [-0.88881, -19.02953, -65.03581],
							"lerp_mode": "catmullrom"
						},
						"1.2083": {
							"post": [-0.88881, -19.02953, -65.03581],
							"lerp_mode": "catmullrom"
						},
						"1.5": {
							"post": [3.15027, -18.79729, -77.46075],
							"lerp_mode": "catmullrom"
						},
						"1.9167": {
							"post": [1.00766, -19.02698, -70.85727],
							"lerp_mode": "catmullrom"
						},
						"2.0": {
							"post": [1.01, -19.03, -70.86],
							"lerp_mode": "catmullrom"
						},
						"2.0833": {
							"post": [-7.99434, -15.48547, -43.52737],
							"lerp_mode": "catmullrom"
						},
						"2.2917": {
							"post": [-7.99434, -15.48547, -43.52737],
							"lerp_mode": "catmullrom"
						},
						"2.5833": {
							"post": [-18.92254, -0.68962, 22.26075],
							"lerp_mode": "catmullrom"
						},
						"2.875": {
							"post": [-18.9992, -5.18258, 23.80491],
							"lerp_mode": "catmullrom"
						},
						"3.0": {
							"post": [-26.76508, -2.54975, 16.25186],
							"lerp_mode": "catmullrom"
						},
						"3.125": {
							"post": [-26.76508, -2.54975, 16.25186],
							"lerp_mode": "catmullrom"
						},
						"3.2083": {
							"post": [-21.16632, 0.54386, 19.78532],
							"lerp_mode": "catmullrom"
						},
						"3.4167": {
							"post": [-19.32913, -6.10236, 5.46066],
							"lerp_mode": "catmullrom"
						},
						"3.5417": {
							"post": [-6.25142, -0.48368, -1.06468],
							"lerp_mode": "catmullrom"
						},
						"3.625": {
							"post": [0, 0, -2.75],
							"lerp_mode": "catmullrom"
						},
						"3.75": {
							"post": [0, 0, 1.25],
							"lerp_mode": "catmullrom"
						},
						"3.8333": {
							"post": [0, 0, 0],
							"lerp_mode": "catmullrom"
						}
					},
					"position": {
						"0.0": {
							"post": [0, 0, 0],
							"lerp_mode": "catmullrom"
						},
						"0.25": {
							"post": [-2.09375, -0.125, -3.625],
							"lerp_mode": "catmullrom"
						},
						"0.5": {
							"post": [-2.09375, -0.125, -3.625],
							"lerp_mode": "catmullrom"
						},
						"0.625": {
							"post": [-0.82437, -2.12, -5.6825],
							"lerp_mode": "catmullrom"
						},
						"0.7917": {
							"post": [-1.82, -1.2, -6.77125],
							"lerp_mode": "catmullrom"
						},
						"0.9583": {
							"post": [-1.82, -0.2, -4.645],
							"lerp_mode": "catmullrom"
						},
						"1.2083": {
							"post": [-1.82, -1.2, -4.645],
							"lerp_mode": "catmullrom"
						},
						"1.625": {
							"post": [-1.82, -1.54375, -4.64],
							"lerp_mode": "catmullrom"
						},
						"1.9167": {
							"post": [-1.82, -1.75875, -4.74937],
							"lerp_mode": "catmullrom"
						},
						"2.0": {
							"post": [-1.82, -1.76, -4.75],
							"lerp_mode": "catmullrom"
						},
						"2.0833": {
							"post": [-3.17937, -1.29125, -7.60937],
							"lerp_mode": "catmullrom"
						},
						"2.2917": {
							"post": [-3.17937, -1.29125, -7.60937],
							"lerp_mode": "catmullrom"
						},
						"2.5833": {
							"post": [0.80437, -2.2275, -6.18812],
							"lerp_mode": "catmullrom"
						},
						"2.875": {
							"post": [0.8, -2.55812, -6.19],
							"lerp_mode": "catmullrom"
						},
						"3.0": {
							"post": [0.8, -2.56, -2.53375],
							"lerp_mode": "catmullrom"
						},
						"3.125": {
							"post": [0.8, -2.56, -2.53375],
							"lerp_mode": "catmullrom"
						},
						"3.2083": {
							"post": [0.44063, -3.1225, -6.53],
							"lerp_mode": "catmullrom"
						},
						"3.3333": {
							"post": [0.44063, -3.38812, -6.98312],
							"lerp_mode": "catmullrom"
						},
						"3.5417": {
							"post": [0.13, -0.93, -4.02375],
							"lerp_mode": "catmullrom"
						},
						"3.6667": {
							"post": [0, 0, 0.21875],
							"lerp_mode": "catmullrom"
						},
						"3.8333": {
							"post": [0, 0, 0],
							"lerp_mode": "catmullrom"
						}
					}
				},
				"rh_and_gun": {
					"position": {
						"0.5": [0, 0, 0],
						"0.5417": [1, 0, 0],
						"0.75": [0, 0, 0]
					}
				},
				"lh_and_mag": {
					"rotation": {
						"0.5": {
							"pre": [0, 0, 0],
							"post": [0, 0, 0],
							"lerp_mode": "catmullrom"
						},
						"0.5833": {
							"post": [-15, 0, 0],
							"lerp_mode": "catmullrom"
						},
						"0.9167": {
							"post": [-7.20327, 3.48451, 58.15312],
							"lerp_mode": "catmullrom"
						},
						"1.1667": [-7.2, 3.48, 58.15],
						"1.2083": {"pre": [-7.2, 3.48, 58.15], "post": [-117.36, -63.56, -21.84]},
						"1.25": {
							"pre": [-117.36, -63.56, -21.84],
							"post": [-117.36, -63.56, -21.84],
							"lerp_mode": "catmullrom"
						},
						"1.4167": {
							"post": [-49.43307, -60.49435, -10.0479],
							"lerp_mode": "catmullrom"
						},
						"1.625": {
							"post": [0, 0, 0],
							"lerp_mode": "catmullrom"
						},
						"1.9583": {
							"post": [0, 0, 0],
							"lerp_mode": "catmullrom"
						},
						"2.0417": {
							"post": [0, 0, 0],
							"lerp_mode": "catmullrom"
						}
					},
					"position": {
						"0.5": {
							"pre": [0, 0, 0],
							"post": [0, 0, 0],
							"lerp_mode": "catmullrom"
						},
						"0.5833": {
							"post": [0, -1.5625, -4.89062],
							"lerp_mode": "catmullrom"
						},
						"0.9167": {
							"post": [-18.82812, -17.04438, -4.89],
							"lerp_mode": "catmullrom"
						},
						"1.1667": [-18.83, -17.04, -4.89],
						"1.2083": {"pre": [-18.83, -17.04, -4.89], "post": [-5.53312, -4.68062, 0.57875]},
						"1.25": {
							"pre": [-5.53, -4.68, 0.58],
							"post": [-5.53, -4.68, 0.58],
							"lerp_mode": "catmullrom"
						},
						"1.4167": {
							"post": [4.73563, -0.2425, 2.455],
							"lerp_mode": "catmullrom"
						},
						"1.5417": {
							"post": [1, -3, 0],
							"lerp_mode": "catmullrom"
						},
						"1.6667": {
							"post": [-0.40625, -1.5, 0],
							"lerp_mode": "catmullrom"
						},
						"1.9583": {
							"post": [-0.40625, -1.5, 0],
							"lerp_mode": "catmullrom"
						},
						"2.0417": {
							"post": [0, 0, 0],
							"lerp_mode": "catmullrom"
						}
					}
				},
				"guoup": {
					"position": {
						"2.875": [0, 0, 0],
						"3.0": [0, 0, 2],
						"3.0833": [0, 0, 2],
						"3.125": [0, 0, 0]
					},
					"scale": {
						"2.875": [1, 1, 1],
						"3.0": [1, 1, 0.31406],
						"3.0833": [1, 1, 0.31406],
						"3.125": [1, 1, 1]
					}
				},
				"camera": {
					"rotation": {
						"0.5": {
							"pre": [0, 0, 0],
							"post": [0, 0, 0],
							"lerp_mode": "catmullrom"
						},
						"0.5833": {
							"post": [1, 0, 0],
							"lerp_mode": "catmullrom"
						},
						"0.75": {
							"post": [0, 0, 0],
							"lerp_mode": "catmullrom"
						},
						"2.0833": {
							"post": [0, 0, 0],
							"lerp_mode": "catmullrom"
						},
						"2.1667": {
							"post": [0.75, 0.5, 0],
							"lerp_mode": "catmullrom"
						},
						"2.2917": {
							"post": [0, 0, 0],
							"lerp_mode": "catmullrom"
						},
						"3.0": {
							"post": [0, 0, 0],
							"lerp_mode": "catmullrom"
						},
						"3.0833": {
							"post": [0.5, 0.5, -0.5],
							"lerp_mode": "catmullrom"
						},
						"3.1667": {
							"post": [0, 0, 0],
							"lerp_mode": "catmullrom"
						}
					}
				}
			}
		},
		"reload_tactical": {
			"loop": "hold_on_last_frame",
			"animation_length": 3.0417,
			"bones": {
				"righthand": {
					"rotation": {
						"0.0": [80.34786, -14.85172, 3.71825],
						"0.2917": [80.35, -14.85, 3.72],
						"2.4167": [80.34786, -14.85172, 3.71825]
					},
					"position": {
						"0.0": [-5.85937, -7.95312, 10.09375],
						"0.2917": [-5.78187, -7.95, 11.965],
						"2.4167": [-5.85937, -7.95312, 10.09375]
					},
					"scale": 1
				},
				"lefthand": {
					"rotation": {
						"0.0": {
							"post": [82.02039, 16.37292, -6.12223],
							"lerp_mode": "catmullrom"
						},
						"0.1667": {
							"post": [73.93094, 21.45392, -7.53208],
							"lerp_mode": "catmullrom"
						},
						"0.3333": {
							"post": [66.93553, 14.99074, -5.50758],
							"lerp_mode": "catmullrom"
						},
						"1.1667": [66.94, 14.99, -5.51],
						"1.2083": {"pre": [66.94, 14.99, -5.51], "post": [67.76459, 0.90327, 0.4043]},
						"2.2917": {
							"pre": [67.76, 0.9, 0.4],
							"post": [67.76, 0.9, 0.4],
							"lerp_mode": "catmullrom"
						},
						"2.5833": {
							"post": [82.02039, 16.37292, -6.12223],
							"lerp_mode": "catmullrom"
						}
					},
					"position": {
						"0.0": {
							"post": [5.67188, -9.42187, -6.4375],
							"lerp_mode": "catmullrom"
						},
						"0.1667": {
							"post": [6.93438, -11.33, -2.21],
							"lerp_mode": "catmullrom"
						},
						"0.3333": {
							"post": [5.295, -12.65437, 0.7475],
							"lerp_mode": "catmullrom"
						},
						"1.1667": [5.3, -12.65, 0.75],
						"1.2083": {"pre": [5.3, -12.65, 0.75], "post": [5.45625, -12.65, 0.75]},
						"2.2917": {
							"pre": [5.46, -12.65, 0.75],
							"post": [5.46, -12.65, 0.75],
							"lerp_mode": "catmullrom"
						},
						"2.4583": {
							"post": [7.00188, -10.75, -3.48],
							"lerp_mode": "catmullrom"
						},
						"2.5833": {
							"post": [5.67188, -9.42187, -6.4375],
							"lerp_mode": "catmullrom"
						}
					},
					"scale": 1
				},
				"constraint": {
					"rotation": [0, 0, 0],
					"position": [0.2, 0.2, 0.2],
					"scale": 1
				},
				"root": {
					"rotation": {
						"0.0": {
							"post": [0, 0, 0],
							"lerp_mode": "catmullrom"
						},
						"0.2917": {
							"post": [-10.90771, -11.69173, -41.44255],
							"lerp_mode": "catmullrom"
						},
						"0.5": {
							"post": [-10.90771, -11.69173, -41.44255],
							"lerp_mode": "catmullrom"
						},
						"0.625": {
							"post": [4.8846, -15.02998, -65.1019],
							"lerp_mode": "catmullrom"
						},
						"0.7917": {
							"post": [3.33589, -18.03879, -58.17117],
							"lerp_mode": "catmullrom"
						},
						"0.9583": {
							"post": [-0.88881, -19.02953, -65.03581],
							"lerp_mode": "catmullrom"
						},
						"1.2083": {
							"post": [-0.88881, -19.02953, -65.03581],
							"lerp_mode": "catmullrom"
						},
						"1.5": {
							"post": [3.15027, -18.79729, -77.46075],
							"lerp_mode": "catmullrom"
						},
						"1.9167": {
							"post": [1.00766, -19.02698, -70.85727],
							"lerp_mode": "catmullrom"
						},
						"2.0": {
							"post": [1.01, -19.03, -70.86],
							"lerp_mode": "catmullrom"
						},
						"2.0833": {
							"post": [-7.99434, -15.48547, -43.52737],
							"lerp_mode": "catmullrom"
						},
						"2.1667": {
							"post": [-7.99434, -15.48547, -43.52737],
							"lerp_mode": "catmullrom"
						},
						"2.375": {
							"post": [-7.99434, -15.48547, -43.52737],
							"lerp_mode": "catmullrom"
						},
						"2.5833": {
							"post": [-6.25142, -0.48368, -1.06468],
							"lerp_mode": "catmullrom"
						},
						"2.75": {
							"post": [0, 0, -2.75],
							"lerp_mode": "catmullrom"
						},
						"2.9167": {
							"post": [0, 0, 1.25],
							"lerp_mode": "catmullrom"
						},
						"3.0": {
							"post": [0, 0, 0],
							"lerp_mode": "catmullrom"
						}
					},
					"position": {
						"0.0": {
							"post": [0, 0, 0],
							"lerp_mode": "catmullrom"
						},
						"0.25": {
							"post": [-2.09375, -0.125, -3.625],
							"lerp_mode": "catmullrom"
						},
						"0.5": {
							"post": [-2.09375, -0.125, -3.625],
							"lerp_mode": "catmullrom"
						},
						"0.625": {
							"post": [-0.82437, -2.12, -5.6825],
							"lerp_mode": "catmullrom"
						},
						"0.7917": {
							"post": [-1.82, -1.2, -6.77125],
							"lerp_mode": "catmullrom"
						},
						"0.9583": {
							"post": [-1.82, -0.2, -4.645],
							"lerp_mode": "catmullrom"
						},
						"1.2083": {
							"post": [-1.82, -1.2, -4.645],
							"lerp_mode": "catmullrom"
						},
						"1.625": {
							"post": [-1.82, -1.54375, -4.64],
							"lerp_mode": "catmullrom"
						},
						"1.9167": {
							"post": [-1.82, -1.75875, -4.74937],
							"lerp_mode": "catmullrom"
						},
						"2.0": {
							"post": [-1.82, -1.76, -4.75],
							"lerp_mode": "catmullrom"
						},
						"2.0833": {
							"post": [-3.17937, -1.29125, -7.60937],
							"lerp_mode": "catmullrom"
						},
						"2.1667": {
							"post": [-3.17937, -1.29125, -7.60937],
							"lerp_mode": "catmullrom"
						},
						"2.375": {
							"post": [-3.17937, -1.29125, -7.60937],
							"lerp_mode": "catmullrom"
						},
						"2.5833": {
							"post": [0.13, -0.93, -4.02375],
							"lerp_mode": "catmullrom"
						},
						"2.7917": {
							"post": [0, 0, 0.21875],
							"lerp_mode": "catmullrom"
						},
						"3.0": {
							"post": [0, 0, 0],
							"lerp_mode": "catmullrom"
						}
					}
				},
				"rh_and_gun": {
					"position": {
						"0.5": [0, 0, 0],
						"0.5417": [1, 0, 0],
						"0.75": [0, 0, 0]
					}
				},
				"lh_and_mag": {
					"rotation": {
						"0.5": {
							"pre": [0, 0, 0],
							"post": [0, 0, 0],
							"lerp_mode": "catmullrom"
						},
						"0.5833": {
							"post": [-15, 0, 0],
							"lerp_mode": "catmullrom"
						},
						"0.9167": {
							"post": [-7.20327, 3.48451, 58.15312],
							"lerp_mode": "catmullrom"
						},
						"1.1667": [-7.2, 3.48, 58.15],
						"1.2083": {"pre": [-7.2, 3.48, 58.15], "post": [-117.36, -63.56, -21.84]},
						"1.25": {
							"pre": [-117.36, -63.56, -21.84],
							"post": [-117.36, -63.56, -21.84],
							"lerp_mode": "catmullrom"
						},
						"1.4167": {
							"post": [-49.43307, -60.49435, -10.0479],
							"lerp_mode": "catmullrom"
						},
						"1.625": {
							"post": [0, 0, 0],
							"lerp_mode": "catmullrom"
						},
						"1.9583": {
							"post": [0, 0, 0],
							"lerp_mode": "catmullrom"
						},
						"2.0417": {
							"post": [0, 0, 0],
							"lerp_mode": "catmullrom"
						}
					},
					"position": {
						"0.5": {
							"pre": [0, 0, 0],
							"post": [0, 0, 0],
							"lerp_mode": "catmullrom"
						},
						"0.5833": {
							"post": [0, -1.5625, -4.89062],
							"lerp_mode": "catmullrom"
						},
						"0.9167": {
							"post": [-18.82812, -17.04438, -4.89],
							"lerp_mode": "catmullrom"
						},
						"1.1667": [-18.83, -17.04, -4.89],
						"1.2083": {"pre": [-18.83, -17.04, -4.89], "post": [-5.53312, -4.68062, 0.57875]},
						"1.25": {
							"pre": [-5.53, -4.68, 0.58],
							"post": [-5.53, -4.68, 0.58],
							"lerp_mode": "catmullrom"
						},
						"1.4167": {
							"post": [4.73563, -0.2425, 2.455],
							"lerp_mode": "catmullrom"
						},
						"1.5417": {
							"post": [1, -3, 0],
							"lerp_mode": "catmullrom"
						},
						"1.6667": {
							"post": [-0.40625, -1.5, 0],
							"lerp_mode": "catmullrom"
						},
						"1.9583": {
							"post": [-0.40625, -1.5, 0],
							"lerp_mode": "catmullrom"
						},
						"2.0417": {
							"post": [0, 0, 0],
							"lerp_mode": "catmullrom"
						}
					}
				},
				"camera": {
					"rotation": {
						"0.5": {
							"pre": [0, 0, 0],
							"post": [0, 0, 0],
							"lerp_mode": "catmullrom"
						},
						"0.5833": {
							"post": [1, 0, 0],
							"lerp_mode": "catmullrom"
						},
						"0.75": {
							"post": [0, 0, 0],
							"lerp_mode": "catmullrom"
						},
						"2.0417": {
							"post": [0, 0, 0],
							"lerp_mode": "catmullrom"
						},
						"2.125": {
							"post": [0.75, 0.5, 0],
							"lerp_mode": "catmullrom"
						},
						"2.25": {
							"post": [0, 0, 0],
							"lerp_mode": "catmullrom"
						}
					}
				}
			}
		},
		"inspect_empty": {
			"loop": "hold_on_last_frame",
			"animation_length": 4.5,
			"bones": {
				"righthand": {
					"rotation": [80.34786, -14.85172, 3.71825],
					"position": [-5.85937, -7.95312, 10.09375],
					"scale": 1
				},
				"lefthand": {
					"rotation": {
						"0.0": [82.02039, 16.37292, -6.12223],
						"0.1667": [120.65263, -60.3567, -200.36724],
						"0.2917": [111.55615, -62.4738, -188.40898],
						"1.5": [111.55615, -62.4738, -188.40898],
						"2.0833": [82.02039, 16.37292, -6.12223]
					},
					"position": {
						"0.0": [5.67188, -9.42187, -6.4375],
						"0.1667": [14.3, -27.8, -3.8],
						"0.2917": [9.9, -45.2, 22.9],
						"1.5": [9.9, -45.2, 22.9],
						"1.9583": [8.58, -17.09, -0.15],
						"2.0833": [5.67188, -9.42187, -6.4375]
					},
					"scale": 1
				},
				"constraint": {
					"rotation": [0, 0, 0],
					"position": [0.2, 0.2, 0.2],
					"scale": 1
				},
				"root": {
					"rotation": {
						"0.0": [0, 0, 0],
						"0.1667": {
							"pre": [-3.95432, -0.35524, -7.5593],
							"post": [-3.95432, -0.35524, -7.5593],
							"lerp_mode": "catmullrom"
						},
						"0.375": {
							"post": [-18.77487, -14.73938, -42.6554],
							"lerp_mode": "catmullrom"
						},
						"0.625": {
							"post": [-21.52657, -15.87239, -40.05886],
							"lerp_mode": "catmullrom"
						},
						"0.75": {
							"post": [-20.25861, -16.23715, -41.02775],
							"lerp_mode": "catmullrom"
						},
						"1.0833": {
							"post": [-20.53075, -15.90496, -40.04584],
							"lerp_mode": "catmullrom"
						},
						"1.25": {
							"post": [-20.31, -15.97, -40.25],
							"lerp_mode": "catmullrom"
						},
						"1.3333": {
							"post": [-19.50129, -18.05893, -44.38906],
							"lerp_mode": "catmullrom"
						},
						"1.4583": {
							"post": [-19.4, -17.79, -43.96],
							"lerp_mode": "catmullrom"
						},
						"1.7917": {
							"post": [-19.4, -17.79, -43.96],
							"lerp_mode": "catmullrom"
						},
						"1.9583": {
							"post": [-15.98698, -18.90273, -47.17888],
							"lerp_mode": "catmullrom"
						},
						"2.1667": {
							"post": [-24.36432, -1.6775, -11.65337],
							"lerp_mode": "catmullrom"
						},
						"2.4167": {
							"post": [-23.46652, 12.24383, 43.25953],
							"lerp_mode": "catmullrom"
						},
						"3.0833": {
							"post": [-25.38254, 14.43725, 52.36102],
							"lerp_mode": "catmullrom"
						},
						"3.4167": {
							"post": [-26.67396, -0.07821, 27.51275],
							"lerp_mode": "catmullrom"
						},
						"3.5417": {
							"post": [-11.69726, 0.58548, 26.88017],
							"lerp_mode": "catmullrom"
						},
						"3.6667": {
							"post": [-4.92613, 0.4648, 9.54116],
							"lerp_mode": "catmullrom"
						},
						"3.8333": {
							"post": [-0.48719, -2.12151, -6.94069],
							"lerp_mode": "catmullrom"
						},
						"3.9583": {
							"post": [0, 0, -3],
							"lerp_mode": "catmullrom"
						},
						"4.0417": [1.07546, -0.05235, 0.39954],
						"4.1667": [-0.95, 0, 1.64],
						"4.2917": [0, 0, 0],
						"4.4167": [0, 0, 0]
					},
					"position": {
						"0.0": [0, 0, 0],
						"0.1667": {
							"pre": [-0.3, -0.65, 0],
							"post": [-0.3, -0.65, 0],
							"lerp_mode": "catmullrom"
						},
						"0.375": {
							"post": [-0.6, 0.8, -0.75],
							"lerp_mode": "catmullrom"
						},
						"0.5": {
							"post": [-0.6, 1.2, -1.35],
							"lerp_mode": "catmullrom"
						},
						"0.6667": {
							"post": [-0.6, 0.835, -1.59],
							"lerp_mode": "catmullrom"
						},
						"0.875": {
							"post": [-0.6, 0.55, -1.6],
							"lerp_mode": "catmullrom"
						},
						"1.0833": {
							"post": [-0.6, 0.98, -1.6],
							"lerp_mode": "catmullrom"
						},
						"1.3333": {
							"post": [-0.6, 3.105, -1.6],
							"lerp_mode": "catmullrom"
						},
						"1.625": {
							"post": [-0.6, 3.33, -1.6],
							"lerp_mode": "catmullrom"
						},
						"1.7917": {
							"post": [-0.6, 2.7, -1.6],
							"lerp_mode": "catmullrom"
						},
						"1.9583": {
							"post": [-0.45, -0.64, -0.8],
							"lerp_mode": "catmullrom"
						},
						"2.1667": {
							"post": [0.7, -4.11016, 1.5],
							"lerp_mode": "catmullrom"
						},
						"2.4167": [1.425, -3.36328, 0.64141],
						"2.5417": {
							"pre": [1.87422, -2.99297, 0.30938],
							"post": [1.87422, -2.99297, 0.30938],
							"lerp_mode": "catmullrom"
						},
						"3.0833": {
							"post": [1.87422, -2.99297, 0.30938],
							"lerp_mode": "catmullrom"
						},
						"3.25": {
							"post": [1.84, -4.23719, 1.23359],
							"lerp_mode": "catmullrom"
						},
						"3.3333": {
							"post": [1.81, -5.45562, 0.44],
							"lerp_mode": "catmullrom"
						},
						"3.5": {
							"post": [1.6, -6.10031, -1.06],
							"lerp_mode": "catmullrom"
						},
						"3.625": {
							"post": [1.08, -4.20469, -4.00109],
							"lerp_mode": "catmullrom"
						},
						"3.75": {
							"post": [0.52, -0.355, -4.04109],
							"lerp_mode": "catmullrom"
						},
						"3.9583": {
							"post": [0, -0.3, 0.95],
							"lerp_mode": "catmullrom"
						},
						"4.0833": [0, 0.02, -0.14],
						"4.2083": [0, 0.12, 0.08],
						"4.375": [0, 0, 0]
					}
				},
				"camera": {
					"rotation": {
						"0.0": {
							"post": [0, 0, 0],
							"lerp_mode": "catmullrom"
						},
						"0.1667": {
							"post": [1.72, 0.5, -0.45],
							"lerp_mode": "catmullrom"
						},
						"0.375": {
							"post": [3.175, 0.8, -1.1],
							"lerp_mode": "catmullrom"
						},
						"0.75": {
							"post": [3.125, 0.8, -1.1],
							"lerp_mode": "catmullrom"
						},
						"0.9167": {
							"post": [3.585, 0.8, -1.1],
							"lerp_mode": "catmullrom"
						},
						"1.1667": {
							"post": [5.295, 1.625, -1.55],
							"lerp_mode": "catmullrom"
						},
						"1.3333": {
							"post": [7.335, 2.7, -1.55],
							"lerp_mode": "catmullrom"
						},
						"1.5833": {
							"post": [8.425, 3.1, -1.55],
							"lerp_mode": "catmullrom"
						},
						"1.8333": {
							"post": [2.7, 1.7, -1.55],
							"lerp_mode": "catmullrom"
						},
						"2.0833": {
							"post": [3.1, -0.4, -1.55],
							"lerp_mode": "catmullrom"
						},
						"2.3333": {
							"post": [3.5, -0.5, -1.55],
							"lerp_mode": "catmullrom"
						},
						"2.8333": {
							"post": [4.22, -0.46, -1.35],
							"lerp_mode": "catmullrom"
						},
						"3.0": {
							"post": [3.85, -0.4, -1.1],
							"lerp_mode": "catmullrom"
						},
						"3.375": {
							"post": [2.37781, -0.43, -0.99],
							"lerp_mode": "catmullrom"
						},
						"3.5417": {
							"post": [2.54953, -0.40234, -0.88672],
							"lerp_mode": "catmullrom"
						},
						"3.6667": {
							"post": [2.92234, -0.25734, 0.51859],
							"lerp_mode": "catmullrom"
						},
						"3.75": {
							"post": [1.97109, -0.1775, 0.57359],
							"lerp_mode": "catmullrom"
						},
						"3.9583": {
							"post": [0.03, 0, 0],
							"lerp_mode": "catmullrom"
						},
						"4.0": {
							"post": [-0.15, 0, 1.6],
							"lerp_mode": "catmullrom"
						},
						"4.0833": {
							"post": [0.05, 0, -0.63984],
							"lerp_mode": "catmullrom"
						},
						"4.25": {
							"post": [0, 0, 0.09375],
							"lerp_mode": "catmullrom"
						},
						"4.5": {
							"post": [0, 0, 0],
							"lerp_mode": "catmullrom"
						}
					}
				}
			}
		},
		"inspect": {
			"loop": "hold_on_last_frame",
			"animation_length": 4.5,
			"bones": {
				"righthand": {
					"rotation": [80.34786, -14.85172, 3.71825],
					"position": [-5.85937, -7.95312, 10.09375],
					"scale": 1
				},
				"lefthand": {
					"rotation": {
						"0.0": [82.02039, 16.37292, -6.12223],
						"0.1667": [120.65263, -60.3567, -200.36724],
						"0.2917": [111.55615, -62.4738, -188.40898],
						"1.5": [111.55615, -62.4738, -188.40898],
						"2.0833": [82.02039, 16.37292, -6.12223]
					},
					"position": {
						"0.0": [5.67188, -9.42187, -6.4375],
						"0.1667": [14.3, -27.8, -3.8],
						"0.2917": [9.9, -45.2, 22.9],
						"1.5": [9.9, -45.2, 22.9],
						"1.9583": [8.58, -17.09, -0.15],
						"2.0833": [5.67188, -9.42187, -6.4375]
					},
					"scale": 1
				},
				"constraint": {
					"rotation": [0, 0, 0],
					"position": [0.2, 0.2, 0.2],
					"scale": 1
				},
				"root": {
					"rotation": {
						"0.0": [0, 0, 0],
						"0.1667": {
							"pre": [-3.95432, -0.35524, -7.5593],
							"post": [-3.95432, -0.35524, -7.5593],
							"lerp_mode": "catmullrom"
						},
						"0.375": {
							"post": [-18.77487, -14.73938, -42.6554],
							"lerp_mode": "catmullrom"
						},
						"0.625": {
							"post": [-21.52657, -15.87239, -40.05886],
							"lerp_mode": "catmullrom"
						},
						"0.75": {
							"post": [-20.25861, -16.23715, -41.02775],
							"lerp_mode": "catmullrom"
						},
						"1.0833": {
							"post": [-20.53075, -15.90496, -40.04584],
							"lerp_mode": "catmullrom"
						},
						"1.25": {
							"post": [-20.31, -15.97, -40.25],
							"lerp_mode": "catmullrom"
						},
						"1.3333": {
							"post": [-19.50129, -18.05893, -44.38906],
							"lerp_mode": "catmullrom"
						},
						"1.4583": {
							"post": [-19.4, -17.79, -43.96],
							"lerp_mode": "catmullrom"
						},
						"1.7917": {
							"post": [-19.4, -17.79, -43.96],
							"lerp_mode": "catmullrom"
						},
						"1.9583": {
							"post": [-15.98698, -18.90273, -47.17888],
							"lerp_mode": "catmullrom"
						},
						"2.1667": {
							"post": [-24.36432, -1.6775, -11.65337],
							"lerp_mode": "catmullrom"
						},
						"2.4167": {
							"post": [-23.46652, 12.24383, 43.25953],
							"lerp_mode": "catmullrom"
						},
						"3.0833": {
							"post": [-25.38254, 14.43725, 52.36102],
							"lerp_mode": "catmullrom"
						},
						"3.4167": {
							"post": [-26.67396, -0.07821, 27.51275],
							"lerp_mode": "catmullrom"
						},
						"3.5417": {
							"post": [-11.69726, 0.58548, 26.88017],
							"lerp_mode": "catmullrom"
						},
						"3.6667": {
							"post": [-4.92613, 0.4648, 9.54116],
							"lerp_mode": "catmullrom"
						},
						"3.8333": {
							"post": [-0.48719, -2.12151, -6.94069],
							"lerp_mode": "catmullrom"
						},
						"3.9583": {
							"post": [0, 0, -3],
							"lerp_mode": "catmullrom"
						},
						"4.0417": [1.07546, -0.05235, 0.39954],
						"4.1667": [-0.95, 0, 1.64],
						"4.2917": [0, 0, 0],
						"4.4167": [0, 0, 0]
					},
					"position": {
						"0.0": [0, 0, 0],
						"0.1667": {
							"pre": [-0.3, -0.65, 0],
							"post": [-0.3, -0.65, 0],
							"lerp_mode": "catmullrom"
						},
						"0.375": {
							"post": [-0.6, 0.8, -0.75],
							"lerp_mode": "catmullrom"
						},
						"0.5": {
							"post": [-0.6, 1.2, -1.35],
							"lerp_mode": "catmullrom"
						},
						"0.6667": {
							"post": [-0.6, 0.835, -1.59],
							"lerp_mode": "catmullrom"
						},
						"0.875": {
							"post": [-0.6, 0.55, -1.6],
							"lerp_mode": "catmullrom"
						},
						"1.0833": {
							"post": [-0.6, 0.98, -1.6],
							"lerp_mode": "catmullrom"
						},
						"1.3333": {
							"post": [-0.6, 3.105, -1.6],
							"lerp_mode": "catmullrom"
						},
						"1.625": {
							"post": [-0.6, 3.33, -1.6],
							"lerp_mode": "catmullrom"
						},
						"1.7917": {
							"post": [-0.6, 2.7, -1.6],
							"lerp_mode": "catmullrom"
						},
						"1.9583": {
							"post": [-0.45, -0.64, -0.8],
							"lerp_mode": "catmullrom"
						},
						"2.1667": {
							"post": [0.7, -4.11016, 1.5],
							"lerp_mode": "catmullrom"
						},
						"2.4167": [1.425, -3.36328, 0.64141],
						"2.5417": {
							"pre": [1.87422, -2.99297, 0.30938],
							"post": [1.87422, -2.99297, 0.30938],
							"lerp_mode": "catmullrom"
						},
						"3.0833": {
							"post": [1.87422, -2.99297, 0.30938],
							"lerp_mode": "catmullrom"
						},
						"3.25": {
							"post": [1.84, -4.23719, 1.23359],
							"lerp_mode": "catmullrom"
						},
						"3.3333": {
							"post": [1.81, -5.45562, 0.44],
							"lerp_mode": "catmullrom"
						},
						"3.5": {
							"post": [1.6, -6.10031, -1.06],
							"lerp_mode": "catmullrom"
						},
						"3.625": {
							"post": [1.08, -4.20469, -4.00109],
							"lerp_mode": "catmullrom"
						},
						"3.75": {
							"post": [0.52, -0.355, -4.04109],
							"lerp_mode": "catmullrom"
						},
						"3.9583": {
							"post": [0, -0.3, 0.95],
							"lerp_mode": "catmullrom"
						},
						"4.0833": [0, 0.02, -0.14],
						"4.2083": [0, 0.12, 0.08],
						"4.375": [0, 0, 0]
					}
				},
				"camera": {
					"rotation": {
						"0.0": {
							"post": [0, 0, 0],
							"lerp_mode": "catmullrom"
						},
						"0.1667": {
							"post": [1.72, 0.5, -0.45],
							"lerp_mode": "catmullrom"
						},
						"0.375": {
							"post": [3.175, 0.8, -1.1],
							"lerp_mode": "catmullrom"
						},
						"0.75": {
							"post": [3.125, 0.8, -1.1],
							"lerp_mode": "catmullrom"
						},
						"0.9167": {
							"post": [3.585, 0.8, -1.1],
							"lerp_mode": "catmullrom"
						},
						"1.1667": {
							"post": [5.295, 1.625, -1.55],
							"lerp_mode": "catmullrom"
						},
						"1.3333": {
							"post": [7.335, 2.7, -1.55],
							"lerp_mode": "catmullrom"
						},
						"1.5833": {
							"post": [8.425, 3.1, -1.55],
							"lerp_mode": "catmullrom"
						},
						"1.8333": {
							"post": [2.7, 1.7, -1.55],
							"lerp_mode": "catmullrom"
						},
						"2.0833": {
							"post": [3.1, -0.4, -1.55],
							"lerp_mode": "catmullrom"
						},
						"2.3333": {
							"post": [3.5, -0.5, -1.55],
							"lerp_mode": "catmullrom"
						},
						"2.8333": {
							"post": [4.22, -0.46, -1.35],
							"lerp_mode": "catmullrom"
						},
						"3.0": {
							"post": [3.85, -0.4, -1.1],
							"lerp_mode": "catmullrom"
						},
						"3.375": {
							"post": [2.37781, -0.43, -0.99],
							"lerp_mode": "catmullrom"
						},
						"3.5417": {
							"post": [2.54953, -0.40234, -0.88672],
							"lerp_mode": "catmullrom"
						},
						"3.6667": {
							"post": [2.92234, -0.25734, 0.51859],
							"lerp_mode": "catmullrom"
						},
						"3.75": {
							"post": [1.97109, -0.1775, 0.57359],
							"lerp_mode": "catmullrom"
						},
						"3.9583": {
							"post": [0.03, 0, 0],
							"lerp_mode": "catmullrom"
						},
						"4.0": {
							"post": [-0.15, 0, 1.6],
							"lerp_mode": "catmullrom"
						},
						"4.0833": {
							"post": [0.05, 0, -0.63984],
							"lerp_mode": "catmullrom"
						},
						"4.25": {
							"post": [0, 0, 0.09375],
							"lerp_mode": "catmullrom"
						},
						"4.5": {
							"post": [0, 0, 0],
							"lerp_mode": "catmullrom"
						}
					}
				}
			}
		},
		"shoot": {
			"loop": true,
			"animation_length": 0.6667,
			"bones": {
				"constraint": {
					"rotation": [0, 0, 0],
					"position": [0.2, 0.2, 0.2],
					"scale": 1
				},
				"root": {
					"rotation": {
						"0.0": [0, 0, 0],
						"0.0417": [-2.47, 0, -1.225],
						"0.0833": [1.225, 0, 0.725],
						"0.2083": [0.18, 0, 0.525],
						"0.2917": [0.45, 0, -0.25],
						"0.4167": [0.225, -0.2, 0.25],
						"0.5417": [0.055, -0.075, -0.075],
						"0.6667": [0, 0, 0]
					},
					"position": {
						"0.0": [0, 0, 0],
						"0.0417": [0, -0.12812, 3.11438],
						"0.0833": [0, -0.025, 1.725],
						"0.1667": [0, -0.05, -0.045],
						"0.2917": [0, -0.025, 0.1],
						"0.4167": [0, 0, 0]
					}
				},
				"bolt": {
					"position": {
						"0.0": [0, 0, 0],
						"0.0417": [0, 0, 5],
						"0.0833": [0, 0, 0],
						"0.125": [0, 0, 0.5],
						"0.2083": [0, 0, 0]
					}
				},
				"guoup": {
					"position": {
						"0.0": [0, 0, 0],
						"0.0417": [0, 0, 2],
						"0.0833": [0, 0, 0]
					},
					"scale": {
						"0.0": [1, 1, 1],
						"0.0417": [1, 1, 0.31406],
						"0.0833": [1, 1, 1]
					}
				},
				"camera": {
					"rotation": {
						"0.0": {
							"post": [0, 0, 0],
							"lerp_mode": "catmullrom"
						},
						"0.0417": {
							"post": [0, 0, 1],
							"lerp_mode": "catmullrom"
						},
						"0.0833": {
							"post": [0, 0, -0.6],
							"lerp_mode": "catmullrom"
						},
						"0.125": {
							"post": [0, 0, 0.4],
							"lerp_mode": "catmullrom"
						},
						"0.2083": {
							"post": [0, 0, -0.3],
							"lerp_mode": "catmullrom"
						},
						"0.25": {
							"post": [0, 0, 0],
							"lerp_mode": "catmullrom"
						},
						"0.375": {
							"post": [0, 0, 0],
							"lerp_mode": "catmullrom"
						}
					}
				}
			}
		},
		"run": {
			"loop": true,
			"animation_length": 0.625,
			"bones": {
				"root": {
					"rotation": {
						"0.0": [-32.5, -45, 20],
						"0.1667": {
							"pre": [-30, -47.5, 20],
							"post": [-30, -47.5, 20],
							"lerp_mode": "catmullrom"
						},
						"0.3333": {
							"post": [-30, -45, 20],
							"lerp_mode": "catmullrom"
						},
						"0.5": {
							"post": [-32.5, -42.5, 22.5],
							"lerp_mode": "catmullrom"
						},
						"0.625": [-32.5, -45, 20]
					},
					"position": {
						"0.0": [3.25, 0, 1],
						"0.125": {
							"pre": [1.25, -1, 1],
							"post": [1.25, -1, 1],
							"lerp_mode": "catmullrom"
						},
						"0.2917": {
							"post": [3, 0.25, 1],
							"lerp_mode": "catmullrom"
						},
						"0.4583": {
							"post": [5, -1, 1],
							"lerp_mode": "catmullrom"
						},
						"0.625": [3.25, 0, 1]
					}
				}
			}
		},
		"run_start": {
			"animation_length": 1.0417,
			"bones": {
				"root": {
					"rotation": {
						"0.0": {
							"post": [0, 0, 0],
							"lerp_mode": "catmullrom"
						},
						"0.3333": {
							"post": [12.5, -12, 25],
							"lerp_mode": "catmullrom"
						},
						"0.5417": {
							"post": [12.5, -7.5, 25],
							"lerp_mode": "catmullrom"
						},
						"0.7083": {
							"post": [4.67, -12.28, 25.52],
							"lerp_mode": "catmullrom"
						},
						"1.0": [-32.5, -45, 20]
					},
					"position": {
						"0.0": {
							"post": [0, 0, 0],
							"lerp_mode": "catmullrom"
						},
						"0.1667": {
							"post": [0, -2, 0],
							"lerp_mode": "catmullrom"
						},
						"0.3333": {
							"post": [0, -2, 0],
							"lerp_mode": "catmullrom"
						},
						"0.5": {
							"post": [-0.75, -3, -0.25],
							"lerp_mode": "catmullrom"
						},
						"0.6667": {
							"post": [-1, -2, 0],
							"lerp_mode": "catmullrom"
						},
						"0.8333": {
							"post": [-0.75, -3, -0.25],
							"lerp_mode": "catmullrom"
						},
						"1.0": [2.75, 0, 1]
					}
				}
			}
		},
		"run_hold": {
			"loop": true,
			"bones": {
				"root": {
					"rotation": [-32.5, -45, 20],
					"position": [3.25, 0, 1]
				}
			}
		}
	}
}