{
	"format_version": "1.8.0",
	"animations": {
		"static_idle": {
			"loop": true,
			"bones": {
				"lefthand": {
					"rotation": [99.74, -18.25, 198.8],
					"position": [7.73, -8.2, -1.33],
					"scale": 1
				},
				"constraint": {
					"rotation": [0, 0, 0],
					"position": [0.2, 0.2, 0.2],
					"scale": 1
				},
				"righthand": {
					"rotation": [95.04, 16.45, -175.7],
					"position": [-6.55, -9.19, 13.41],
					"scale": 1
				}
			}
		},
		"draw": {
			"loop": "hold_on_last_frame",
			"animation_length": 0.8333,
			"bones": {
				"lefthand": {
					"rotation": [99.74, -18.25, 198.8],
					"position": [7.73, -8.2, -1.33],
					"scale": 1
				},
				"constraint": {
					"rotation": [0, 0, 0],
					"position": [0.2, 0.2, 0.2],
					"scale": 1
				},
				"righthand": {
					"rotation": [95.04, 16.45, -175.7],
					"position": [-6.55, -9.19, 13.41],
					"scale": 1
				},
				"root": {
					"rotation": {
						"0.0": {
							"post": [28.53765, -58.81054, 2.66615],
							"lerp_mode": "catmullrom"
						},
						"0.2083": [-1.32429, -12.35973, 29.57835],
						"0.5": [-0.49846, 1.03923, -0.00017],
						"0.625": [0, 0, 0]
					},
					"position": {
						"0.0": {
							"post": [11.60938, -22.34375, -9.45312],
							"lerp_mode": "catmullrom"
						},
						"0.2083": {
							"post": [3.15, -2.24, -5.8475],
							"lerp_mode": "catmullrom"
						},
						"0.5": [-0.04687, 0.09375, 0.5],
						"0.625": [0.01, 0, -0.32438],
						"0.75": [0, 0, 0]
					}
				},
				"group10": {
					"rotation": {
						"0.0": [0, 0, 0],
						"0.1667": [-22.5, 0, 0],
						"0.25": [-39, 0, 0],
						"0.375": [-61.5, 0, 0],
						"0.5": [-61.5, 0, 0],
						"0.5833": [46, 0, 0],
						"0.6667": [-26.5, 0, 0],
						"0.75": [8.5, 0, 0],
						"0.8333": [0, 0, 0]
					}
				},
				"camera": {
					"rotation": {
						"0.0": {
							"post": [0, 0, 0],
							"lerp_mode": "catmullrom"
						},
						"0.1667": {
							"post": [1.25, 0, 0],
							"lerp_mode": "catmullrom"
						},
						"0.5": {
							"post": [0, 0, 0],
							"lerp_mode": "catmullrom"
						}
					}
				}
			},
			"sound_effects": {
				"0.0": {
					"effect": "battlefield1:ljjbq/ljjbq_hand1"
				},
				"0.25": {
					"effect": "battlefield1:ljjbq/ljjbq_draw2"
				}
			}
		},
		"put_away": {
			"loop": "hold_on_last_frame",
			"animation_length": 0.5,
			"bones": {
				"lefthand": {
					"rotation": [99.74, -18.25, 198.8],
					"position": [7.73, -8.2, -1.33],
					"scale": 1
				},
				"constraint": {
					"rotation": [0, 0, 0],
					"position": [0.2, 0.2, 0.2],
					"scale": 1
				},
				"righthand": {
					"rotation": [95.04, 16.45, -175.7],
					"position": [-6.55, -9.19, 13.41],
					"scale": 1
				},
				"root": {
					"rotation": {
						"0.0": {
							"post": [0, 0, 0],
							"lerp_mode": "catmullrom"
						},
						"0.5": {
							"post": [19.45183, -58.86234, 21.81113],
							"lerp_mode": "catmullrom"
						}
					},
					"position": {
						"0.0": {
							"post": [0, 0, 0],
							"lerp_mode": "catmullrom"
						},
						"0.5": {
							"post": [10.42188, -27.67187, 0],
							"lerp_mode": "catmullrom"
						}
					}
				},
				"camera": {
					"rotation": {
						"0.0": {
							"post": [0, 0, 0],
							"lerp_mode": "catmullrom"
						},
						"0.2083": {
							"post": [1.25, 0, 0],
							"lerp_mode": "catmullrom"
						},
						"0.5": {
							"post": [0, 0, 0],
							"lerp_mode": "catmullrom"
						}
					}
				}
			},
			"sound_effects": {
				"0.0": {
					"effect": "battlefield1:ljjbq/ljjbq_hand2"
				}
			}
		},
		"reload_empty": {
			"loop": "hold_on_last_frame",
			"animation_length": 5,
			"bones": {
				"lefthand": {
					"rotation": [99.74, -18.25, 198.8],
					"position": [7.73, -8.2, -1.33],
					"scale": 1
				},
				"constraint": {
					"rotation": [0, 0, 0],
					"position": [0.2, 0.2, 0.2],
					"scale": 1
				},
				"righthand": {
					"rotation": {
						"0.0": [95.04, 16.45, -175.7],
						"0.2917": [95.04, 16.45, -175.7],
						"0.4583": [94.85981, 0.04352, -171.60723],
						"0.8333": [117.14605, 10.97526, -166.05459],
						"1.0": [104.65, 10.98, -166.05],
						"1.0833": {
							"pre": [108.87, 13.45, -143.63],
							"post": [108.87, 13.45, -143.63],
							"lerp_mode": "catmullrom"
						},
						"1.25": {
							"post": [123.31397, 18.39315, -98.781],
							"lerp_mode": "catmullrom"
						},
						"1.375": [124.11581, 29.80617, -91.94887],
						"1.7083": [124.12, 29.81, -91.95],
						"1.8333": {
							"pre": [127.8459, 37.50746, -85.24797],
							"post": [127.8459, 37.50746, -85.24797],
							"lerp_mode": "catmullrom"
						},
						"2.0": {
							"post": [127.85, 37.51, -85.25],
							"lerp_mode": "catmullrom"
						},
						"2.3333": {
							"post": [142.75858, -4.45734, -119.38622],
							"lerp_mode": "catmullrom"
						},
						"2.4583": {
							"post": [142.76, -4.46, -119.39],
							"lerp_mode": "catmullrom"
						},
						"2.5833": {
							"post": [130.31204, 17.73173, -161.99174],
							"lerp_mode": "catmullrom"
						},
						"2.75": {
							"post": [66.3054, 29.66704, -288.49115],
							"lerp_mode": "catmullrom"
						},
						"2.875": {
							"post": [56.25332, 36.85053, -298.71535],
							"lerp_mode": "catmullrom"
						},
						"3.0": {
							"post": [56.25332, 36.85053, -298.71535],
							"lerp_mode": "catmullrom"
						},
						"3.25": {
							"post": [137.98004, -6.29847, -154.98411],
							"lerp_mode": "catmullrom"
						},
						"3.4583": {
							"post": [110.20576, -5.73924, -164.26433],
							"lerp_mode": "catmullrom"
						},
						"3.75": {
							"post": [119.21, -5.74, -164.26],
							"lerp_mode": "catmullrom"
						},
						"3.875": {
							"post": [122.71, -5.74, -164.26],
							"lerp_mode": "catmullrom"
						},
						"4.0417": {
							"post": [122.71, -5.74, -164.26],
							"lerp_mode": "catmullrom"
						},
						"4.0833": [122.71, -5.74, -164.26],
						"4.2083": {
							"pre": [122.71, -5.74, -164.26],
							"post": [122.71, -5.74, -164.26],
							"lerp_mode": "catmullrom"
						},
						"4.4167": {
							"post": [95.04, 16.45, -175.7],
							"lerp_mode": "catmullrom"
						}
					},
					"position": {
						"0.0": [-6.55, -9.19, 13.41],
						"0.2917": [-6.55, -9.19, 13.41],
						"0.4583": [-10.55, -10.19, 24.41],
						"0.8333": [-10.50312, -10.19, 24.41],
						"1.0": [-10.5, -10.19, 24.41],
						"1.0833": {
							"pre": [-10.58, -9.32, 23.99],
							"post": [-10.58, -9.32, 23.99],
							"lerp_mode": "catmullrom"
						},
						"1.1667": {
							"post": [-10.66375, -8.44875, 23.07],
							"lerp_mode": "catmullrom"
						},
						"1.25": {
							"post": [-9.64062, -8.26812, 22.7225],
							"lerp_mode": "catmullrom"
						},
						"1.375": [-9.64, -9.52, 22.54813],
						"1.7083": [-9.64, -9.52, 22.55],
						"1.8333": {
							"pre": [-9.64, -10.52, 21.94063],
							"post": [-9.64, -10.52, 21.94063],
							"lerp_mode": "catmullrom"
						},
						"2.0": {
							"post": [-9.64, -10.52, 21.94],
							"lerp_mode": "catmullrom"
						},
						"2.1667": {
							"post": [-10.6275, -9.36, 22.53313],
							"lerp_mode": "catmullrom"
						},
						"2.3333": {
							"post": [-9.3275, -8.5825, 24.17438],
							"lerp_mode": "catmullrom"
						},
						"2.4583": {
							"post": [-9.3275, -7.3325, 24.17438],
							"lerp_mode": "catmullrom"
						},
						"2.5833": {
							"post": [-11.33, -6.83, 24.17],
							"lerp_mode": "catmullrom"
						},
						"2.75": {
							"post": [-12.83, -6.58, 24.17],
							"lerp_mode": "catmullrom"
						},
						"2.875": {
							"post": [-13.7675, -5.92375, 24.17],
							"lerp_mode": "catmullrom"
						},
						"3.0": {
							"post": [-13.7675, -5.92375, 24.17],
							"lerp_mode": "catmullrom"
						},
						"3.25": {
							"post": [-11.77, -8.24812, 24.17],
							"lerp_mode": "catmullrom"
						},
						"3.4583": {
							"post": [-12.27, -11.5, 26.67],
							"lerp_mode": "catmullrom"
						},
						"3.75": {
							"post": [-12.27, -11.5, 26.67],
							"lerp_mode": "catmullrom"
						},
						"3.875": {
							"post": [-12.27, -11.5, 27.42],
							"lerp_mode": "catmullrom"
						},
						"4.0417": {
							"post": [-12.27, -11.5, 27.42],
							"lerp_mode": "catmullrom"
						},
						"4.0833": [-13.27, -12, 28.42],
						"4.2083": {
							"pre": [-12.77, -11.75, 27.92],
							"post": [-12.77, -11.75, 27.92],
							"lerp_mode": "catmullrom"
						},
						"4.4167": {
							"post": [-6.55, -9.19, 13.41],
							"lerp_mode": "catmullrom"
						}
					},
					"scale": 1
				},
				"root": {
					"rotation": {
						"0.0": {
							"post": [0, 0, 0],
							"lerp_mode": "catmullrom"
						},
						"0.3333": {
							"post": [-25.67485, -13.76259, 6.9529],
							"lerp_mode": "catmullrom"
						},
						"0.8333": {
							"post": [-25.07395, -16.49653, 0.84155],
							"lerp_mode": "catmullrom"
						},
						"0.9583": {
							"post": [-25.07, -16.5, 0.84],
							"lerp_mode": "catmullrom"
						},
						"1.0833": {
							"post": [-25.83951, -15.21034, 3.65587],
							"lerp_mode": "catmullrom"
						},
						"1.25": {
							"post": [-25.84, -15.21, 3.66],
							"lerp_mode": "catmullrom"
						},
						"1.4167": {
							"post": [-28.59, -15.21, 3.66],
							"lerp_mode": "catmullrom"
						},
						"1.5417": {
							"post": [-27.34, -15.21, 3.66],
							"lerp_mode": "catmullrom"
						},
						"1.7083": {
							"post": [-27.34, -15.21, 3.66],
							"lerp_mode": "catmullrom"
						},
						"1.9167": {
							"post": [-33.09, -15.21, 3.66],
							"lerp_mode": "catmullrom"
						},
						"2.125": {
							"post": [-29.59, -15.21, 3.66],
							"lerp_mode": "catmullrom"
						},
						"2.3333": {
							"post": [-29.59, -15.21, 3.66],
							"lerp_mode": "catmullrom"
						},
						"2.4583": {
							"post": [-29.59, -15.21, 3.66],
							"lerp_mode": "catmullrom"
						},
						"2.75": {
							"post": [-31.1559, -15.21, 3.66],
							"lerp_mode": "catmullrom"
						},
						"3.4583": {
							"post": [-31.1559, -15.21, 3.66],
							"lerp_mode": "catmullrom"
						},
						"3.75": [3.36782, -16.01596, 13.74995],
						"3.9583": [3.38748, -17.01826, 13.68853],
						"4.0417": [3.39, -17.02, 13.69],
						"4.2083": [3.38551, -16.77044, 13.70544],
						"4.5417": [0, 0, 5.25],
						"4.6667": [0, 0, 0]
					},
					"position": {
						"0.0": {
							"post": [0, 0, 0],
							"lerp_mode": "catmullrom"
						},
						"0.1667": {
							"post": [1.7, -0.71875, -0.86],
							"lerp_mode": "catmullrom"
						},
						"0.3333": {
							"post": [3.39063, 0.35938, -1.71875],
							"lerp_mode": "catmullrom"
						},
						"0.8333": {
							"post": [3.03063, 0.53188, -1.72],
							"lerp_mode": "catmullrom"
						},
						"0.9583": {
							"post": [3.03, 0.53, -1.72],
							"lerp_mode": "catmullrom"
						},
						"1.0833": {
							"post": [3.10813, 0.42063, -1.72],
							"lerp_mode": "catmullrom"
						},
						"1.25": {
							"post": [3.11, 0.42, -1.72],
							"lerp_mode": "catmullrom"
						},
						"1.375": {
							"post": [3.31313, 0.21688, -1.72],
							"lerp_mode": "catmullrom"
						},
						"1.5417": {
							"post": [3.31, 0.17, -1.72],
							"lerp_mode": "catmullrom"
						},
						"1.7083": {
							"post": [3.31, 0.17, -1.72],
							"lerp_mode": "catmullrom"
						},
						"1.8333": {
							"post": [3.31, -0.15812, -1.72],
							"lerp_mode": "catmullrom"
						},
						"2.125": {
							"post": [3.31, 0.1525, -1.72],
							"lerp_mode": "catmullrom"
						},
						"2.3333": {
							"post": [3.31, 0.15, -1.72],
							"lerp_mode": "catmullrom"
						},
						"2.4583": {
							"post": [3.20063, 0.4, -1.72],
							"lerp_mode": "catmullrom"
						},
						"2.75": {
							"post": [3.05938, 0.025, -1.72],
							"lerp_mode": "catmullrom"
						},
						"3.3333": [3.32563, 0.24875, -1.72],
						"3.4583": [3.32563, 0.24875, -1.72],
						"3.625": {
							"pre": [4.39, -1.21062, -3.17],
							"post": [4.39, -1.21062, -3.17],
							"lerp_mode": "catmullrom"
						},
						"3.75": {
							"post": [6.3425, -2.84375, -4.18875],
							"lerp_mode": "catmullrom"
						},
						"3.9583": {
							"post": [6.09, -2.84, -3.69],
							"lerp_mode": "catmullrom"
						},
						"4.0417": {
							"post": [6.09, -2.84, -3.69],
							"lerp_mode": "catmullrom"
						},
						"4.2083": {
							"post": [6.34, -3.34, -4.19],
							"lerp_mode": "catmullrom"
						},
						"4.375": {
							"post": [3.19, -0.99687, -2.13],
							"lerp_mode": "catmullrom"
						},
						"4.5417": [-0.17187, -0.10937, -1.0625],
						"4.6667": [-0.04687, 0.04688, 0.3125],
						"4.75": [0, 0, -0.14312],
						"4.875": [0, 0, 0.09375],
						"5.0": [0, 0, 0]
					}
				},
				"magazine": {
					"rotation": {
						"0.0": [0, 0, 0],
						"0.0417": [-7.75, 0, 8.75]
					},
					"position": {
						"0.0": [0, 0, 0],
						"0.0417": [-2.57812, -3.34375, 19.40625]
					}
				},
				"bullet_in_mag": {
					"position": {
						"1.25": {
							"pre": [0, 0, 0],
							"post": [0, 0, 0],
							"lerp_mode": "catmullrom"
						},
						"1.375": [0, -1.25, 0],
						"1.7083": [0, -1.25, 0],
						"1.8333": {
							"pre": [0, -2.25, 0],
							"post": [0, -2.25, 0],
							"lerp_mode": "catmullrom"
						},
						"4.1667": [0, -2.17187, 0],
						"4.2083": [0.90625, -0.65625, 0],
						"4.25": [0.91, 0.01188, -7.29687],
						"4.2917": [1.5975, 0.9475, -10.25313],
						"4.3333": [1.6, 1.34063, -14.75],
						"4.375": [1.6, 1.85563, -18.3125]
					}
				},
				"bolt": {
					"rotation": [0, 0, 0],
					"position": {
						"0.0": [0, 0, 5],
						"3.75": [0, 0, 5],
						"3.875": [0, 0, 5.75],
						"4.0417": [0, 0, 5.75],
						"4.125": [0, 0, 0]
					}
				},
				"rh_and_mag": {
					"rotation": {
						"0.625": {
							"pre": [0, 0, 0],
							"post": [0, 0, 0],
							"lerp_mode": "catmullrom"
						},
						"0.7917": {
							"post": [0, 0, -35.5],
							"lerp_mode": "catmullrom"
						},
						"1.0": [8, 0, -8.25],
						"4.125": [8, 0, -8.25],
						"4.1667": [8, 0, -8.25],
						"4.375": [0, 0, 0]
					},
					"position": {
						"0.4583": {
							"pre": [0, 0, 0],
							"post": [0, 0, 0],
							"lerp_mode": "catmullrom"
						},
						"0.625": {
							"post": [-2.62, -0.89062, -10.76562],
							"lerp_mode": "catmullrom"
						},
						"0.7917": {
							"post": [0.75, 7.17188, -19.28125],
							"lerp_mode": "catmullrom"
						},
						"1.0": [2.57813, 5.70125, -18.87375],
						"4.125": [2.57813, 5.70125, -18.87375],
						"4.1667": [2.58, 5.7, -18.87],
						"4.375": [0, 0, 0]
					}
				},
				"mag_standard": {
					"rotation": {
						"2.3333": [0, 0, 0],
						"2.4583": [0, 0, 0],
						"2.5833": [40.85649, -23.58601, -119.22025],
						"2.7083": {
							"pre": [30.00144, 36.83711, -190.12589],
							"post": [30.00144, 36.83711, -190.12589],
							"lerp_mode": "catmullrom"
						},
						"2.9167": {
							"post": [-30, -36.84, -370.13],
							"lerp_mode": "catmullrom"
						},
						"3.25": {
							"post": [30, 36.84, -550.13],
							"lerp_mode": "catmullrom"
						}
					},
					"position": {
						"2.3333": [0, 0, 0],
						"2.4583": [0, 1.25, 0],
						"2.5833": [-1.25, 3.75, 1],
						"2.7083": {
							"pre": [-6.75, 6, -0.5],
							"post": [-6.75, 6, -0.5],
							"lerp_mode": "catmullrom"
						},
						"2.9167": {
							"post": [-16, 3.25, -0.5],
							"lerp_mode": "catmullrom"
						},
						"3.25": {
							"post": [-22, -26.75, 4.5],
							"lerp_mode": "catmullrom"
						}
					}
				},
				"group10": {
					"rotation": {
						"0.0": [0, 0, 0],
						"0.0833": [-6.5, 0, 0],
						"0.25": [-31.25, 0, 0],
						"0.375": [-31.25, 0, 0],
						"0.5417": [38.5, 0, 0],
						"0.7083": [11.25, 0, 0],
						"0.8333": [32, 0, 0],
						"0.9167": [24.5, 0, 0],
						"1.3333": [24.5, 0, 0],
						"1.4167": [36.75, 0, 0],
						"1.5833": [17.75, 0, 0],
						"1.6667": [24.5, 0, 0],
						"1.7083": [24.5, 0, 0],
						"1.8333": [47, 0, 0],
						"1.9167": [47, 0, 0],
						"1.9583": [47, 0, 0],
						"2.125": [18.25, 0, 0],
						"2.2083": [28, 0, 0],
						"2.4583": [28, 0, 0],
						"2.5417": [39, 0, 0],
						"2.75": [18, 0, 0],
						"2.7917": [18, 0, 0],
						"2.9583": [29.75, 0, 0],
						"3.0833": [29.75, 0, 0],
						"3.25": [29.75, 0, 0],
						"3.3333": [29.75, 0, 0],
						"3.5": [55.5, 0, 0],
						"3.625": [90.75, 0, 0],
						"3.75": [90.75, 0, 0],
						"3.875": [-38.5, 0, 0],
						"4.0": [16.25, 0, 0],
						"4.125": [-7.25, 0, 0],
						"4.5417": [-37.75, 0, 0],
						"4.625": [-61.75, 0, 0],
						"4.7083": [26.75, 0, 0],
						"4.8333": [-10.75, 0, 0],
						"4.9583": [2.25, 0, 0],
						"5.0": [0, 0, 0]
					}
				},
				"camera": {
					"rotation": {
						"0.0": {
							"post": [0, 0, 0],
							"lerp_mode": "catmullrom"
						},
						"0.375": {
							"post": [2.5, -0.5, 0],
							"lerp_mode": "catmullrom"
						},
						"1.25": {
							"post": [2.5, -0.5, 0],
							"lerp_mode": "catmullrom"
						},
						"1.4167": {
							"post": [3, -0.5, 0],
							"lerp_mode": "catmullrom"
						},
						"1.4583": {
							"post": [3, -0.5, 0.75],
							"lerp_mode": "catmullrom"
						},
						"1.5417": {
							"post": [3, -0.5, 0],
							"lerp_mode": "catmullrom"
						},
						"1.7083": {
							"post": [3, -0.5, 0],
							"lerp_mode": "catmullrom"
						},
						"1.8333": {
							"post": [3.5, -0.5, 0],
							"lerp_mode": "catmullrom"
						},
						"1.875": {
							"post": [3.5, -0.5, -0.75],
							"lerp_mode": "catmullrom"
						},
						"1.9167": {
							"post": [3.5, -0.5, 0],
							"lerp_mode": "catmullrom"
						},
						"2.4583": {
							"post": [3.5, -0.5, 0],
							"lerp_mode": "catmullrom"
						},
						"2.7083": {
							"post": [3.5, 0, 0],
							"lerp_mode": "catmullrom"
						},
						"3.4583": {
							"post": [3.5, 0, 0],
							"lerp_mode": "catmullrom"
						},
						"3.75": {
							"post": [3.5, -0.75, 0],
							"lerp_mode": "catmullrom"
						},
						"4.0833": {
							"post": [3.5, -0.75, 0],
							"lerp_mode": "catmullrom"
						},
						"4.125": {
							"post": [3.5, -0.75, 0.75],
							"lerp_mode": "catmullrom"
						},
						"4.1667": {
							"post": [3.5, -0.75, 0],
							"lerp_mode": "catmullrom"
						},
						"4.5417": {
							"post": [0, 0, 0],
							"lerp_mode": "catmullrom"
						}
					}
				}
			},
			"sound_effects": {
				"0.0": {
					"effect": "battlefield1:ljjbq/ljjbq_hand2"
				},
				"0.875": {
					"effect": "battlefield1:ljjbq/ljjbq_hand3"
				},
				"1.25": {
					"effect": "battlefield1:ljjbq/ljjbq_cilp1"
				},
				"1.625": {
					"effect": "battlefield1:ljjbq/ljjbq_clip"
				},
				"2.3333": {
					"effect": "battlefield1:ljjbq/ljjbq_cilp3"
				},
				"3.4583": {
					"effect": "battlefield1:ljjbq/ljjbq_hand2"
				},
				"3.9583": {
					"effect": "battlefield1:ljjbq/ljjbq_bolt_forward"
				},
				"4.2917": {
					"effect": "battlefield1:ljjbq/ljjbq_putaway2"
				}
			}
		},
		"inspect": {
			"loop": "hold_on_last_frame",
			"animation_length": 4.7917,
			"bones": {
				"lefthand": {
					"rotation": {
						"0.0": [99.74, -18.25, 198.8],
						"0.4583": [63.78845, -12.53172, 197.99323],
						"0.625": [64.18806, -8.03587, 195.76206],
						"2.0": [64.19, -8.04, 195.76],
						"2.4583": [75.00826, -27.21106, 248.086],
						"3.75": [75.01, -27.21, 248.09],
						"3.875": [84.37527, -24.48951, 228.93174],
						"4.125": [99.74, -18.25, 198.8]
					},
					"position": {
						"0.0": [7.73, -8.2, -1.33],
						"0.4583": [7.73, -8.2, -1.33],
						"0.625": [7.73, -8.2, -1.33],
						"2.0": [7.73, -8.2, -1.33],
						"2.25": {
							"pre": [8.31, -10.47, 0.39],
							"post": [8.31, -10.47, 0.39],
							"lerp_mode": "catmullrom"
						},
						"2.4583": [6.94875, -9.6375, 1.8575],
						"3.75": [6.95, -9.64, 1.86],
						"3.875": [7.21, -10.86312, 0.8],
						"4.125": [7.73, -8.2, -1.33]
					},
					"scale": 1
				},
				"constraint": {
					"rotation": [0, 0, 0],
					"position": [0.2, 0.2, 0.2],
					"scale": 1
				},
				"righthand": {
					"rotation": [95.04, 16.45, -175.7],
					"position": [-6.55, -9.19, 13.41],
					"scale": 1
				},
				"root": {
					"rotation": {
						"0.0": {
							"post": [0, 0, 0],
							"lerp_mode": "catmullrom"
						},
						"0.5": [-24.45195, 16.07041, 69.40989],
						"0.625": [-26.82195, 17.52105, 72.4478],
						"1.1667": {
							"pre": [-26.89227, 17.96607, 72.21284],
							"post": [-26.89227, 17.96607, 72.21284],
							"lerp_mode": "catmullrom"
						},
						"1.4167": {
							"post": [-27.4151, 20.85807, 70.64037],
							"lerp_mode": "catmullrom"
						},
						"1.75": {
							"post": [-27.4151, 20.85807, 70.64037],
							"lerp_mode": "catmullrom"
						},
						"1.9167": [-27.4151, 20.85807, 70.64037],
						"1.9583": [-27.4151, 20.85807, 70.64037],
						"2.0": [-27.4151, 20.85807, 70.64037],
						"2.25": {
							"pre": [-36.15, -3.11, 21.86],
							"post": [-36.15, -3.11, 21.86],
							"lerp_mode": "catmullrom"
						},
						"2.4583": {
							"post": [-33.31612, -22.86914, -18.36866],
							"lerp_mode": "catmullrom"
						},
						"2.75": {
							"post": [-33.32, -22.87, -18.37],
							"lerp_mode": "catmullrom"
						},
						"3.0417": {
							"post": [-33.32, -22.87, -18.37],
							"lerp_mode": "catmullrom"
						},
						"3.2917": {
							"post": [-31.02588, -28.11442, -25.8522],
							"lerp_mode": "catmullrom"
						},
						"3.5417": {
							"post": [-31.02588, -28.11442, -25.8522],
							"lerp_mode": "catmullrom"
						},
						"3.6667": {
							"post": [-31.02588, -28.11442, -25.8522],
							"lerp_mode": "catmullrom"
						},
						"3.7083": [-31.02588, -28.11442, -25.8522],
						"3.75": [-31.03, -28.11, -25.85],
						"4.1667": [-0.49846, 0.03923, 4.49983],
						"4.2917": [0, 0, 0],
						"4.375": [0, 0, 0]
					},
					"position": {
						"0.0": {
							"post": [0, 0, 0],
							"lerp_mode": "catmullrom"
						},
						"0.25": {
							"post": [2.75, -1.91187, -2.16],
							"lerp_mode": "catmullrom"
						},
						"0.4583": {
							"post": [5.5, 0.51563, -4.32812],
							"lerp_mode": "catmullrom"
						},
						"0.625": {
							"post": [6, 0.07813, -4.32812],
							"lerp_mode": "catmullrom"
						},
						"1.1667": {
							"post": [6, -0.07625, -4.33],
							"lerp_mode": "catmullrom"
						},
						"1.2917": {
							"post": [5.64, -0.13062, -3.56],
							"lerp_mode": "catmullrom"
						},
						"1.4167": {
							"post": [5.28125, 0.43938, -2.79875],
							"lerp_mode": "catmullrom"
						},
						"2.0": {
							"post": [5.28, 0.44, -2.8],
							"lerp_mode": "catmullrom"
						},
						"2.25": {
							"post": [1.44, 3.91, -3.67],
							"lerp_mode": "catmullrom"
						},
						"2.4583": {
							"post": [-1.71875, 2.20313, -4.39062],
							"lerp_mode": "catmullrom"
						},
						"2.6667": {
							"post": [-1.71875, 1.20313, -4.39062],
							"lerp_mode": "catmullrom"
						},
						"3.0417": {
							"post": [-1.72, 1.2, -4.39],
							"lerp_mode": "catmullrom"
						},
						"3.1667": {
							"post": [-1.72, 0.985, -4],
							"lerp_mode": "catmullrom"
						},
						"3.2917": {
							"post": [-1.72, 1.5125, -3.60875],
							"lerp_mode": "catmullrom"
						},
						"3.75": {
							"post": [-1.72, 1.51, -3.61],
							"lerp_mode": "catmullrom"
						},
						"3.9583": {
							"post": [-0.86, -1.25, -1.81],
							"lerp_mode": "catmullrom"
						},
						"4.1667": {
							"post": [0, 0.26563, -1.14062],
							"lerp_mode": "catmullrom"
						},
						"4.2917": [0, 0, 0],
						"4.375": [0.03125, -0.04687, 0.25],
						"4.4583": [0.03, -0.05, -0.07812],
						"4.5417": [0, 0, 0]
					}
				},
				"group10": {
					"rotation": {
						"0.0": [0, 0, 0],
						"0.1667": [32.75, 0, 0],
						"0.4583": [57, 0, 0],
						"0.5": [57, 0, 0],
						"0.7083": [-56.25, 0, 0],
						"0.9167": [33, 0, 0],
						"1.125": [-17, 0, 0],
						"1.375": [-53, 0, 0],
						"1.5417": [39.75, 0, 0],
						"1.7917": [-18.5, 0, 0],
						"2.0": [11.25, 0, 0],
						"2.4583": [39.25, 0, 0],
						"2.5417": [28.75, 0, 0],
						"2.7083": [49.25, 0, 0],
						"2.8333": [29.75, 0, 0],
						"2.9167": [43.5, 0, 0],
						"3.0": [39.25, 0, 0],
						"3.0833": [39.25, 0, 0],
						"3.2917": [6, 0, 0],
						"3.4167": [39.25, 0, 0],
						"3.5": [31.25, 0, 0],
						"3.5833": [39.25, 0, 0],
						"3.6667": [39.25, 0, 0],
						"3.75": [45, 0, 0],
						"3.875": [91, 0, 0],
						"4.0": [91, 0, 0],
						"4.1667": [53.5, 0, 0],
						"4.3333": [-64, 0, 0],
						"4.4583": [43.5, 0, 0],
						"4.5833": [-18.5, 0, 0],
						"4.7083": [3.75, 0, 0],
						"4.7917": [0, 0, 0]
					}
				},
				"camera": {
					"rotation": {
						"0.0": {
							"post": [0, 0, 0],
							"lerp_mode": "catmullrom"
						},
						"0.5417": {
							"post": [-1.5, 0, 0],
							"lerp_mode": "catmullrom"
						},
						"1.9583": {
							"post": [-1.5, 0, 0],
							"lerp_mode": "catmullrom"
						},
						"2.5": {
							"post": [2.25, 0, 0],
							"lerp_mode": "catmullrom"
						},
						"3.75": {
							"post": [2.25, 0, 0],
							"lerp_mode": "catmullrom"
						},
						"4.2083": {
							"post": [0, 0, 0],
							"lerp_mode": "catmullrom"
						}
					}
				}
			},
			"sound_effects": {
				"0.0833": {
					"effect": "battlefield1:ljjbq/ljjbq_hand3"
				},
				"2.0833": {
					"effect": "battlefield1:ljjbq/ljjbq_hand2"
				},
				"3.875": {
					"effect": "battlefield1:ljjbq/ljjbq_hand1"
				}
			}
		},
		"shoot": {
			"loop": true,
			"animation_length": 1.1667,
			"bones": {
				"constraint": {
					"rotation": [0, 0, 0],
					"position": [0.2, 0.2, 0.2],
					"scale": 1
				},
				"root": {
					"rotation": {
						"0.0": {
							"post": [0, 0, 0],
							"lerp_mode": "catmullrom"
						},
						"0.0417": {
							"post": [0.203, -0.00709, 0.42499],
							"lerp_mode": "catmullrom"
						},
						"0.0833": {
							"post": [-1.03676, -0.22272, -1.1938],
							"lerp_mode": "catmullrom"
						},
						"0.125": {
							"post": [-0.49333, 0.0345, -0.46515],
							"lerp_mode": "catmullrom"
						},
						"0.25": {
							"post": [0.26625, 0.0093, 0.5883],
							"lerp_mode": "catmullrom"
						},
						"0.2917": {
							"post": [0.05, 0.15, -0.175],
							"lerp_mode": "catmullrom"
						},
						"0.375": {
							"post": [-0.175, 0.13, -0.265],
							"lerp_mode": "catmullrom"
						},
						"0.4583": {
							"post": [0, -0.075, 0.35],
							"lerp_mode": "catmullrom"
						},
						"0.5417": {
							"post": [0.05, -0.075, 0.24],
							"lerp_mode": "catmullrom"
						},
						"0.5833": {
							"post": [0.15, -0.05, -0.3],
							"lerp_mode": "catmullrom"
						},
						"0.7083": {
							"post": [0.03, 0, -0.065],
							"lerp_mode": "catmullrom"
						},
						"0.8333": {
							"post": [0, 0, 0],
							"lerp_mode": "catmullrom"
						}
					},
					"position": {
						"0.0": {
							"post": [0, 0, 0],
							"lerp_mode": "catmullrom"
						},
						"0.0417": {
							"post": [0, -0.16875, 1.42734],
							"lerp_mode": "catmullrom"
						},
						"0.0833": {
							"post": [0, -0.015, 1.14],
							"lerp_mode": "catmullrom"
						},
						"0.2083": {
							"post": [0, -0.00156, -0.09609],
							"lerp_mode": "catmullrom"
						},
						"0.2917": {
							"post": [0, -0.075, 0.05703],
							"lerp_mode": "catmullrom"
						},
						"0.4167": {
							"post": [0, 0.005, 0.04],
							"lerp_mode": "catmullrom"
						},
						"0.4583": {
							"post": [0, 0.05, 0],
							"lerp_mode": "catmullrom"
						},
						"0.5833": {
							"post": [0, 0.03, 0],
							"lerp_mode": "catmullrom"
						},
						"0.6667": {
							"post": [0, 0, 0],
							"lerp_mode": "catmullrom"
						},
						"0.75": {
							"post": [0, 0, 0],
							"lerp_mode": "catmullrom"
						}
					}
				},
				"camera": {
					"rotation": {
						"0.0": [0, 0, 0],
						"0.0417": [-0.87, 0, 0],
						"0.0833": [-1.75, 0, 0],
						"0.125": [-1.31, 0, 0],
						"0.1667": [-0.88, 0, 0],
						"0.2083": [-0.44, 0, 0],
						"0.25": [0, 0, 0]
					}
				},
				"bolt": {
					"position": {
						"0.0": [0, 0, 0],
						"0.0417": [0.00074, -0.02126, 4.99996],
						"0.0833": [0, 0, 0]
					}
				},
				"group10": {
					"rotation": {
						"0.0": [0, 0, 0],
						"0.0417": [-78, 0, 0],
						"0.125": [47, 0, 0],
						"0.25": [-30.5, 0, 0],
						"0.375": [15, 0, 0],
						"0.5": [-8, 0, 0],
						"0.5833": [0, 0, 0]
					}
				},
				"shell_ejection": {
					"rotation": {
						"0.0417": [0, 0, 0],
						"0.5833": [0, 720, 0],
						"0.625": [0, 0, 0]
					},
					"position": {
						"0.0": [0, 0, 0],
						"0.0417": [0, 0, 5.25],
						"0.2083": {
							"pre": [-13.73437, 2.07813, 3.5],
							"post": [-13.73437, 2.07813, 3.5],
							"lerp_mode": "catmullrom"
						},
						"0.3333": {
							"post": [-27.82562, -15.52937, -6.65625],
							"lerp_mode": "catmullrom"
						},
						"0.5833": [-27.83, -15.53, -6.66],
						"0.625": [0, 0, 0]
					}
				}
			},
			"sound_effects": {
				"0.0": {
					"effect": "battlefield1:ljjbq/ljjbq_shoot"
				}
			}
		},
		"static_bolt_caught": {
			"loop": true,
			"bones": {
				"bolt": {
					"position": [0, 0, 5]
				}
			}
		},
		"inspect_empty": {
			"loop": "hold_on_last_frame",
			"animation_length": 4.7917,
			"bones": {
				"lefthand": {
					"rotation": {
						"0.0": [99.74, -18.25, 198.8],
						"0.4583": [63.78845, -12.53172, 197.99323],
						"0.625": [64.18806, -8.03587, 195.76206],
						"2.0": [64.19, -8.04, 195.76],
						"2.4583": [75.00826, -27.21106, 248.086],
						"3.75": [75.01, -27.21, 248.09],
						"3.875": [84.37527, -24.48951, 228.93174],
						"4.125": [99.74, -18.25, 198.8]
					},
					"position": {
						"0.0": [7.73, -8.2, -1.33],
						"0.4583": [7.73, -8.2, -1.33],
						"0.625": [7.73, -8.2, -1.33],
						"2.0": [7.73, -8.2, -1.33],
						"2.25": {
							"pre": [8.31, -10.47, 0.39],
							"post": [8.31, -10.47, 0.39],
							"lerp_mode": "catmullrom"
						},
						"2.4583": [6.94875, -9.6375, 1.8575],
						"3.75": [6.95, -9.64, 1.86],
						"3.875": [7.21, -10.86312, 0.8],
						"4.125": [7.73, -8.2, -1.33]
					},
					"scale": 1
				},
				"constraint": {
					"rotation": [0, 0, 0],
					"position": [0.2, 0.2, 0.2],
					"scale": 1
				},
				"righthand": {
					"rotation": [95.04, 16.45, -175.7],
					"position": [-6.55, -9.19, 13.41],
					"scale": 1
				},
				"root": {
					"rotation": {
						"0.0": {
							"post": [0, 0, 0],
							"lerp_mode": "catmullrom"
						},
						"0.5": [-24.45195, 16.07041, 69.40989],
						"0.625": [-26.82195, 17.52105, 72.4478],
						"1.1667": {
							"pre": [-26.89227, 17.96607, 72.21284],
							"post": [-26.89227, 17.96607, 72.21284],
							"lerp_mode": "catmullrom"
						},
						"1.4167": {
							"post": [-27.4151, 20.85807, 70.64037],
							"lerp_mode": "catmullrom"
						},
						"1.75": {
							"post": [-27.4151, 20.85807, 70.64037],
							"lerp_mode": "catmullrom"
						},
						"1.9167": [-27.4151, 20.85807, 70.64037],
						"1.9583": [-27.4151, 20.85807, 70.64037],
						"2.0": [-27.4151, 20.85807, 70.64037],
						"2.25": {
							"pre": [-36.15, -3.11, 21.86],
							"post": [-36.15, -3.11, 21.86],
							"lerp_mode": "catmullrom"
						},
						"2.4583": {
							"post": [-33.31612, -22.86914, -18.36866],
							"lerp_mode": "catmullrom"
						},
						"2.75": {
							"post": [-33.32, -22.87, -18.37],
							"lerp_mode": "catmullrom"
						},
						"3.0417": {
							"post": [-33.32, -22.87, -18.37],
							"lerp_mode": "catmullrom"
						},
						"3.2917": {
							"post": [-31.02588, -28.11442, -25.8522],
							"lerp_mode": "catmullrom"
						},
						"3.5417": {
							"post": [-31.02588, -28.11442, -25.8522],
							"lerp_mode": "catmullrom"
						},
						"3.6667": {
							"post": [-31.02588, -28.11442, -25.8522],
							"lerp_mode": "catmullrom"
						},
						"3.7083": [-31.02588, -28.11442, -25.8522],
						"3.75": [-31.03, -28.11, -25.85],
						"4.1667": [-0.49846, 0.03923, 4.49983],
						"4.2917": [0, 0, 0],
						"4.375": [0, 0, 0]
					},
					"position": {
						"0.0": {
							"post": [0, 0, 0],
							"lerp_mode": "catmullrom"
						},
						"0.25": {
							"post": [2.75, -1.91187, -2.16],
							"lerp_mode": "catmullrom"
						},
						"0.4583": {
							"post": [5.5, 0.51563, -4.32812],
							"lerp_mode": "catmullrom"
						},
						"0.625": {
							"post": [6, 0.07813, -4.32812],
							"lerp_mode": "catmullrom"
						},
						"1.1667": {
							"post": [6, -0.07625, -4.33],
							"lerp_mode": "catmullrom"
						},
						"1.2917": {
							"post": [5.64, -0.13062, -3.56],
							"lerp_mode": "catmullrom"
						},
						"1.4167": {
							"post": [5.28125, 0.43938, -2.79875],
							"lerp_mode": "catmullrom"
						},
						"2.0": {
							"post": [5.28, 0.44, -2.8],
							"lerp_mode": "catmullrom"
						},
						"2.25": {
							"post": [1.44, 3.91, -3.67],
							"lerp_mode": "catmullrom"
						},
						"2.4583": {
							"post": [-1.71875, 2.20313, -4.39062],
							"lerp_mode": "catmullrom"
						},
						"2.6667": {
							"post": [-1.71875, 1.20313, -4.39062],
							"lerp_mode": "catmullrom"
						},
						"3.0417": {
							"post": [-1.72, 1.2, -4.39],
							"lerp_mode": "catmullrom"
						},
						"3.1667": {
							"post": [-1.72, 0.985, -4],
							"lerp_mode": "catmullrom"
						},
						"3.2917": {
							"post": [-1.72, 1.5125, -3.60875],
							"lerp_mode": "catmullrom"
						},
						"3.75": {
							"post": [-1.72, 1.51, -3.61],
							"lerp_mode": "catmullrom"
						},
						"3.9583": {
							"post": [-0.86, -1.25, -1.81],
							"lerp_mode": "catmullrom"
						},
						"4.1667": {
							"post": [0, 0.26563, -1.14062],
							"lerp_mode": "catmullrom"
						},
						"4.2917": [0, 0, 0],
						"4.375": [0.03125, -0.04687, 0.25],
						"4.4583": [0.03, -0.05, -0.07812],
						"4.5": [0, 0, 0]
					}
				},
				"group10": {
					"rotation": {
						"0.0": [0, 0, 0],
						"0.1667": [32.75, 0, 0],
						"0.4583": [57, 0, 0],
						"0.5": [57, 0, 0],
						"0.7083": [-56.25, 0, 0],
						"0.9167": [33, 0, 0],
						"1.125": [-17, 0, 0],
						"1.375": [-53, 0, 0],
						"1.5417": [39.75, 0, 0],
						"1.7917": [-18.5, 0, 0],
						"2.0": [11.25, 0, 0],
						"2.4583": [39.25, 0, 0],
						"2.5417": [28.75, 0, 0],
						"2.7083": [49.25, 0, 0],
						"2.8333": [29.75, 0, 0],
						"2.9167": [43.5, 0, 0],
						"3.0": [39.25, 0, 0],
						"3.0833": [39.25, 0, 0],
						"3.2917": [6, 0, 0],
						"3.4167": [39.25, 0, 0],
						"3.5": [31.25, 0, 0],
						"3.5833": [39.25, 0, 0],
						"3.6667": [39.25, 0, 0],
						"3.75": [45, 0, 0],
						"3.875": [91, 0, 0],
						"4.0": [91, 0, 0],
						"4.1667": [53.5, 0, 0],
						"4.3333": [-64, 0, 0],
						"4.4583": [43.5, 0, 0],
						"4.5833": [-18.5, 0, 0],
						"4.7083": [3.75, 0, 0],
						"4.7917": [0, 0, 0]
					}
				},
				"camera": {
					"rotation": {
						"0.0": {
							"post": [0, 0, 0],
							"lerp_mode": "catmullrom"
						},
						"0.5417": {
							"post": [-1.5, 0, 0],
							"lerp_mode": "catmullrom"
						},
						"1.9583": {
							"post": [-1.5, 0, 0],
							"lerp_mode": "catmullrom"
						},
						"2.5": {
							"post": [2.25, 0, 0],
							"lerp_mode": "catmullrom"
						},
						"3.75": {
							"post": [2.25, 0, 0],
							"lerp_mode": "catmullrom"
						},
						"4.2083": {
							"post": [0, 0, 0],
							"lerp_mode": "catmullrom"
						}
					}
				}
			},
			"sound_effects": {
				"0.0833": {
					"effect": "battlefield1:ljjbq/ljjbq_hand3"
				},
				"2.0833": {
					"effect": "battlefield1:ljjbq/ljjbq_hand2"
				},
				"3.875": {
					"effect": "battlefield1:ljjbq/ljjbq_hand1"
				}
			}
		},
		"reload_intro": {
			"loop": "hold_on_last_frame",
			"animation_length": 1.1667,
			"bones": {
				"1": {
					"rotation": {
						"0.75": [0, 0, 0],
						"0.875": [0, -5, 16.25]
					},
					"position": {
						"0.75": [0, 0, 0],
						"0.875": [-2.57812, -9.57812, 7],
						"1.1667": [-1.58, 2.42, 0]
					}
				},
				"lefthand": {
					"rotation": {
						"0.0": [99.74, -18.25, 198.8],
						"0.0417": [82.92771, -43.17777, 237.76369],
						"0.0833": [59.716, -36.66649, 284.76256],
						"0.1667": [-0.41213, 0.40972, 340.23948],
						"0.3333": [-0.41, 0.41, 340.24],
						"0.4583": [-0.41, 0.41, 340.24],
						"0.75": [99.74, -18.25, 198.8]
					},
					"position": {
						"0.0": [7.73, -8.2, -1.33],
						"0.0833": [6.05, -10.5625, -0.49],
						"0.1667": [4.37063, -6.80937, 0.34188],
						"0.3333": [4.44813, -7.81, 4.34],
						"0.4583": [4.44813, -7.81, 4.34],
						"0.5833": [5.54, -11.44, 2.45],
						"0.6667": [6.64, -11.07, 0.56],
						"0.75": [7.73, -8.2, -1.33]
					},
					"scale": 1
				},
				"constraint": {
					"rotation": [0, 0, 0],
					"position": [0.2, 0.2, 0.2],
					"scale": 1
				},
				"righthand": {
					"rotation": {
						"0.0": [95.04, 16.45, -175.7],
						"0.1667": [107.16053, -3.82927, -163.66704],
						"0.25": [111.66053, -3.82927, -163.66704],
						"0.375": [112.90213, 3.54097, -160.55836],
						"0.4583": [112.90213, 3.54097, -160.55836],
						"0.5833": [95.04, 16.45, -175.7],
						"0.7083": [95.04, 16.45, -175.7],
						"0.8333": [100.07693, 2.90206, -163.12057]
					},
					"position": {
						"0.0": [-6.55, -9.19, 13.41],
						"0.0833": [-9.64125, -8.34, 8.29],
						"0.1667": [-9.67625, -6.5, 3.17],
						"0.25": [-9.67625, -6.5, 3.17],
						"0.375": [-9.68, -6.5, 8.17],
						"0.4583": [-9.68, -6.5, 8.17],
						"0.5833": [-6.55, -9.19, 13.41],
						"0.7083": [-6.55, -9.19, 13.41],
						"0.8333": [-10.01875, -17.36188, 11.81625],
						"1.125": [-9.02, -6.36, 4.82]
					},
					"scale": 1
				},
				"root": {
					"rotation": {
						"0.0": {
							"post": [0, 0, 0],
							"lerp_mode": "catmullrom"
						},
						"0.2917": {
							"post": [4.17723, -9.74063, 19.85675],
							"lerp_mode": "catmullrom"
						},
						"0.4167": {
							"post": [-13.97029, -5.09791, 5.90598],
							"lerp_mode": "catmullrom"
						},
						"0.6667": [-13.97029, -5.09791, 5.90598],
						"1.0": {
							"pre": [-24.01922, -0.04987, -3.35808],
							"post": [-24.01922, -0.04987, -3.35808],
							"lerp_mode": "catmullrom"
						}
					},
					"position": {
						"0.0": {
							"post": [0, 0, 0],
							"lerp_mode": "catmullrom"
						},
						"0.2917": {
							"post": [3.0625, -2.48437, -4.20312],
							"lerp_mode": "catmullrom"
						},
						"0.4167": {
							"post": [1.5625, 0.60938, 0],
							"lerp_mode": "catmullrom"
						},
						"0.6667": [1.5625, 0.60938, 0],
						"0.8333": {
							"pre": [-0.79, 0.61563, 0.46],
							"post": [-0.79, 0.61563, 0.46],
							"lerp_mode": "catmullrom"
						},
						"1.0": {
							"post": [-2.28375, 1.97063, -0.10937],
							"lerp_mode": "catmullrom"
						}
					}
				},
				"group10": {
					"rotation": {
						"0.0": [0, 0, 0],
						"0.125": [57.25, 0, 0],
						"0.25": [57.25, 0, 0],
						"0.2917": [30.75, 0, 0],
						"0.375": [-77, 0, 0],
						"0.4583": [-77, 0, 0],
						"0.5417": [37.25, 0, 0],
						"0.625": [-18.25, 0, 0],
						"0.7083": [24.5, 0, 0],
						"0.75": [14.25, 0, 0],
						"0.8333": [-18.5, 0, 0],
						"0.875": [-18.5, 0, 0],
						"0.9583": [34.25, 0, 0],
						"1.0417": [4, 0, 0],
						"1.125": [24, 0, 0]
					}
				},
				"bolt": {
					"position": {
						"0.25": [0, 0, 0],
						"0.375": [0, 0, 5]
					}
				}
			},
			"sound_effects": {
				"0.0": {
					"effect": "battlefield1:ljjbq/ljjbq_hand1"
				},
				"0.2083": {
					"effect": "battlefield1:ljjbq/ljjbq_bolt_backward"
				}
			}
		},
		"reload_loop": {
			"loop": true,
			"animation_length": 0.5417,
			"bones": {
				"1": {
					"rotation": {
						"0.0": [0, -5, 16.25],
						"0.125": [-2.23887, -3.26918, -1.37154],
						"0.25": [0, 0, 0]
					},
					"position": {
						"0.0": [-1.58, 2.42, 0],
						"0.125": [-0.87687, 2.42, 0],
						"0.1667": [-0.61, 2.51563, 0],
						"0.2083": [-0.34, 2.37625, 0],
						"0.25": [-0.0675, 1.92, 0]
					}
				},
				"lefthand": {
					"rotation": [99.74, -18.25, 198.8],
					"position": [7.73, -8.2, -1.33],
					"scale": 1
				},
				"constraint": {
					"rotation": [0, 0, 0],
					"position": [0.2, 0.2, 0.2],
					"scale": 1
				},
				"righthand": {
					"rotation": {
						"0.0": [100.07693, 2.90206, -163.12057],
						"0.125": {
							"pre": [100.08, 2.9, -163.12],
							"post": [100.08, 2.9, -163.12],
							"lerp_mode": "catmullrom"
						},
						"0.25": {
							"post": [96.94863, 14.20329, -148.66719],
							"lerp_mode": "catmullrom"
						},
						"0.2917": {
							"post": [96.94863, 14.20329, -148.66719],
							"lerp_mode": "catmullrom"
						},
						"0.5417": {
							"post": [100.07693, 2.90206, -163.12057],
							"lerp_mode": "catmullrom"
						}
					},
					"position": {
						"0.0": [-9.02, -6.36, 4.82],
						"0.125": {
							"pre": [-9.02, -6.36, 4.82],
							"post": [-9.02, -6.36, 4.82],
							"lerp_mode": "catmullrom"
						},
						"0.25": {
							"post": [-8.52, -7.11, 4.57],
							"lerp_mode": "catmullrom"
						},
						"0.2917": {
							"post": [-8.52, -7.11, 4.57],
							"lerp_mode": "catmullrom"
						},
						"0.5417": {
							"post": [-9.02, -6.36, 4.82],
							"lerp_mode": "catmullrom"
						}
					}
				},
				"root": {
					"rotation": {
						"0.0": {
							"post": [-24.01922, -0.04987, -3.35808],
							"lerp_mode": "catmullrom"
						},
						"0.2083": {
							"post": [-24.02, -0.05, -3.36],
							"lerp_mode": "catmullrom"
						},
						"0.3333": {
							"post": [-26.71772, -1.73799, -6.70914],
							"lerp_mode": "catmullrom"
						},
						"0.5417": {
							"post": [-24.02, -0.05, -3.36],
							"lerp_mode": "catmullrom"
						}
					},
					"position": {
						"0.0": {
							"post": [-2.28375, 1.97063, -0.10937],
							"lerp_mode": "catmullrom"
						},
						"0.2083": {
							"post": [-2.28, 1.97, -0.11],
							"lerp_mode": "catmullrom"
						},
						"0.375": {
							"post": [-2.07687, 1.57938, -0.11],
							"lerp_mode": "catmullrom"
						},
						"0.5417": {
							"post": [-2.28, 1.97, -0.11],
							"lerp_mode": "catmullrom"
						}
					}
				},
				"group10": {
					"rotation": {
						"0.0": [24, 0, 0],
						"0.2083": [24, 0, 0],
						"0.375": [-2.75, 0, 0],
						"0.4583": [49.25, 0, 0],
						"0.5417": [24, 0, 0]
					}
				},
				"bolt": {
					"position": [0, 0, 5]
				}
			},
			"sound_effects": {
				"0.0833": {
					"effect": "battlefield1:ljjbq/ljjbq_ammo"
				}
			}
		},
		"reload_end": {
			"loop": "hold_on_last_frame",
			"animation_length": 1.5,
			"bones": {
				"1": {
					"rotation": {
						"0.0": [0, -5, 16.25],
						"0.0417": [0, 0, 0]
					},
					"position": {
						"0.0": [-1.58, 2.42, 0],
						"0.0417": [0, 0, 0]
					}
				},
				"lefthand": {
					"rotation": [99.74, -18.25, 198.8],
					"position": [7.73, -8.2, -1.33],
					"scale": 1
				},
				"constraint": {
					"rotation": [0, 0, 0],
					"position": [0.2, 0.2, 0.2],
					"scale": 1
				},
				"righthand": {
					"rotation": {
						"0.0": [100.07693, 2.90206, -163.12057],
						"0.2917": [111.66053, -3.82927, -163.66704],
						"0.5833": [111.66053, -3.82927, -163.66704],
						"0.625": [124.06033, -5.79958, -170.60695],
						"0.7083": [124.06033, -5.79958, -170.60695],
						"0.8333": [95.04, 16.45, -175.7]
					},
					"position": {
						"0.0": [-9.02, -6.36, 4.82],
						"0.2917": [-9.67625, -6.5, 8.17],
						"0.4167": [-9.68, -6.5, 8.67],
						"0.5": [-9.68, -6.5, 8.6075],
						"0.5833": [-9.68, -6.5, 8.67],
						"0.625": [-10.68, -7, 10.67],
						"0.7083": [-10.68, -7, 10.67],
						"0.75": [-9.8, -7.73, 11.58],
						"0.7917": [-8.93, -8.46, 12.5],
						"0.8333": [-6.55, -9.19, 13.41]
					}
				},
				"root": {
					"rotation": {
						"0.0": {
							"post": [-24.01922, -0.04987, -3.35808],
							"lerp_mode": "catmullrom"
						},
						"0.2917": [4.17723, -9.74063, 19.85675],
						"0.375": [4.17723, -9.74063, 19.85675],
						"0.5833": {
							"pre": [3.93298, -9.98941, 19.8426],
							"post": [3.93298, -9.98941, 19.8426],
							"lerp_mode": "catmullrom"
						},
						"0.6667": {
							"post": [3.93, -9.99, 19.84],
							"lerp_mode": "catmullrom"
						},
						"0.8333": {
							"post": [3.93, -9.99, 19.84],
							"lerp_mode": "catmullrom"
						},
						"1.0417": {
							"post": [0, 0, 3],
							"lerp_mode": "catmullrom"
						},
						"1.1667": {
							"post": [0, 0, 0],
							"lerp_mode": "catmullrom"
						}
					},
					"position": {
						"0.0": {
							"post": [-2.28375, 1.97063, -0.10937],
							"lerp_mode": "catmullrom"
						},
						"0.1667": {
							"post": [0.86, -2.10312, -2.52],
							"lerp_mode": "catmullrom"
						},
						"0.2917": [3.0625, -2.48437, -4.20312],
						"0.375": [3.0625, -2.48437, -4.20312],
						"0.5833": {
							"pre": [2.56, -2.23, -3.2],
							"post": [2.56, -2.23, -3.2],
							"lerp_mode": "catmullrom"
						},
						"0.6667": {
							"post": [3.31, -2.73, -5.95],
							"lerp_mode": "catmullrom"
						},
						"0.8333": {
							"post": [3.31, -2.73, -5.95],
							"lerp_mode": "catmullrom"
						},
						"1.0417": {
							"post": [0.10938, -0.3125, -2],
							"lerp_mode": "catmullrom"
						},
						"1.1667": {
							"post": [0, 0, 0],
							"lerp_mode": "catmullrom"
						},
						"1.25": {
							"post": [0, 0, 0.29688],
							"lerp_mode": "catmullrom"
						},
						"1.375": {
							"post": [0, 0, -0.16875],
							"lerp_mode": "catmullrom"
						},
						"1.5": {
							"post": [0, 0, 0],
							"lerp_mode": "catmullrom"
						}
					}
				},
				"bolt": {
					"position": {
						"0.0": [0, 0, 5],
						"0.2917": [0, 0, 5],
						"0.4167": [0, 0, 5.5],
						"0.5": [0, 0, 5.4375],
						"0.5833": [0, 0, 5.5],
						"0.6667": [0, 0, 0]
					}
				},
				"group10": {
					"rotation": {
						"0.0": [24, 0, 0],
						"0.125": [90.75, 0, 0],
						"0.25": [90.75, 0, 0],
						"0.3333": [-43.75, 0, 0],
						"0.4167": [19.75, 0, 0],
						"0.5": [-6.75, 0, 0],
						"0.5833": [10, 0, 0],
						"0.6667": [88.5, 0, 0],
						"0.75": [-54, 0, 0],
						"0.8333": [30.5, 0, 0],
						"0.9583": [-57.25, 0, 0],
						"1.0417": [42, 0, 0],
						"1.125": [-60.5, 0, 0],
						"1.25": [-68, 0, 0],
						"1.3333": [19.5, 0, 0],
						"1.4167": [-27, 0, 0],
						"1.5": [0, 0, 0]
					}
				}
			},
			"sound_effects": {
				"0.0": {
					"effect": "battlefield1:ljjbq/ljjbq_hand2"
				},
				"0.5": {
					"effect": "battlefield1:ljjbq/ljjbq_bolt_forward"
				},
				"0.8333": {
					"effect": "battlefield1:ljjbq/ljjbq_putaway2"
				}
			}
		},
		"run_start": {
			"animation_length": 1.0417,
			"bones": {
				"root": {
					"rotation": {
						"0.0": {
							"post": [0, 0, 0],
							"lerp_mode": "catmullrom"
						},
						"0.3333": {
							"post": [3.25, -12, 25],
							"lerp_mode": "catmullrom"
						},
						"0.5417": [3.15753, -13.68826, 29.99225],
						"0.7083": [3.92323, -11.0481, 21.73757],
						"1.0": [-32.5, -45, 20]
					},
					"position": {
						"0.0": {
							"post": [0, 0, 0],
							"lerp_mode": "catmullrom"
						},
						"0.1667": {
							"post": [0.25, -2, 0],
							"lerp_mode": "catmullrom"
						},
						"0.3333": {
							"post": [0.75, -2, 0],
							"lerp_mode": "catmullrom"
						},
						"0.5": {
							"post": [0.75, -3, -0.25],
							"lerp_mode": "catmullrom"
						},
						"0.6667": {
							"post": [0.25, -2, 0],
							"lerp_mode": "catmullrom"
						},
						"0.8333": {
							"post": [0, -3, -0.25],
							"lerp_mode": "catmullrom"
						},
						"1.0": [3.75, 0, 1]
					}
				},
				"group10": {
					"rotation": {
						"0.0": [0, 0, 0],
						"0.1667": [-89.75, 0, 0],
						"0.375": [-72.25, 0, 0],
						"0.5": [50.5, 0, 0],
						"0.625": [-38.5, 0, 0],
						"0.7083": [44.25, 0, 0],
						"0.8333": [72.25, 0, 0]
					}
				}
			}
		},
		"run": {
			"loop": true,
			"animation_length": 0.625,
			"bones": {
				"root": {
					"rotation": {
						"0.0": [-32.5, -45, 20],
						"0.1667": {
							"pre": [-30, -47.5, 20],
							"post": [-30, -47.5, 20],
							"lerp_mode": "catmullrom"
						},
						"0.3333": {
							"post": [-30, -45, 20],
							"lerp_mode": "catmullrom"
						},
						"0.5": {
							"post": [-32.5, -42.5, 22.5],
							"lerp_mode": "catmullrom"
						},
						"0.625": [-32.5, -45, 20]
					},
					"position": {
						"0.0": [4.25, 0, 1],
						"0.125": {
							"pre": [2.25, -1, 1],
							"post": [2.25, -1, 1],
							"lerp_mode": "catmullrom"
						},
						"0.2917": {
							"post": [4, 0.25, 1],
							"lerp_mode": "catmullrom"
						},
						"0.4583": {
							"post": [6, -1, 1],
							"lerp_mode": "catmullrom"
						},
						"0.625": [4.25, 0, 1]
					}
				},
				"group10": {
					"rotation": {
						"0.0": [72.25, 0, 0],
						"0.0833": [-33.75, 0, 0],
						"0.1667": [-84, 0, 0],
						"0.2917": [32.75, 0, 0],
						"0.375": [44.75, 0, 0],
						"0.4583": [81.5, 0, 0],
						"0.5833": [72.25, 0, 0]
					}
				}
			}
		},
		"run_hold": {
			"loop": true,
			"bones": {
				"root": {
					"rotation": [-32.5, -45, 20],
					"position": [3.25, 0, 1]
				},
				"group10": {
					"rotation": [72.25, 0, 0]
				}
			}
		}
	}
}