{
	"format_version": "1.8.0",
	"animations": {
		"static_idle": {
			"loop": true,
			"bones": {
				"lefthand": {
					"rotation": [95.58, -19.66, -181.88],
					"position": [6.69, -13.86, -1.2],
					"scale": [1, 1.2, 1]
				},
				"righthand": {
					"rotation": [99.17, 23.59, 183.7],
					"position": [-6.72, -10.73, 16.28],
					"scale": [1, 1.2, 1]
				},
				"constraint": {
					"rotation": [0, 0, 0],
					"position": [0.2, 0.2, 0.2],
					"scale": 1
				}
			}
		},
		"static_bolt_caught": {
			"loop": true,
			"bones": {
				"lefthand": {
					"rotation": [95.58, -19.66, -181.88],
					"position": [6.69, -13.86, -1.2],
					"scale": [1, 1.2, 1]
				},
				"righthand": {
					"rotation": [99.17, 23.59, 183.7],
					"position": [-6.72, -10.73, 16.28],
					"scale": [1, 1.2, 1]
				},
				"constraint": {
					"rotation": [0, 0, 0],
					"position": [0.2, 0.2, 0.2],
					"scale": 1
				},
				"bolt2": {
					"position": [0, 0, -3]
				}
			}
		},
		"draw": {
			"loop": "hold_on_last_frame",
			"animation_length": 0.875,
			"bones": {
				"lefthand": {
					"rotation": [95.58, -19.66, -181.88],
					"position": [6.69, -13.86, -1.2],
					"scale": [1, 1.2, 1]
				},
				"righthand": {
					"rotation": [99.17, 23.59, 183.7],
					"position": [-6.72, -10.73, 16.28],
					"scale": [1, 1.2, 1]
				},
				"constraint": {
					"rotation": [0, 0, 0],
					"position": [0.2, 0.2, 0.2],
					"scale": 1
				},
				"root": {
					"rotation": {
						"0.0": {
							"post": [-40.27, -1.73, 6.21],
							"lerp_mode": "catmullrom"
						},
						"0.2917": {
							"post": [-3.4205, 0.74218, 12.22784],
							"lerp_mode": "catmullrom"
						},
						"0.5417": {
							"post": [0, 0, 1],
							"lerp_mode": "catmullrom"
						},
						"0.7083": {
							"post": [0, 0, -1],
							"lerp_mode": "catmullrom"
						},
						"0.8333": {
							"post": [0, 0, 0],
							"lerp_mode": "catmullrom"
						}
					},
					"position": {
						"0.0": {
							"post": [-6.84, -39.96875, 16.20313],
							"lerp_mode": "catmullrom"
						},
						"0.3333": [1.4375, -4.06375, -4.40938],
						"0.375": [1.18, -2.5, -4.55312],
						"0.4167": [0.92, -1.33312, -4.28187],
						"0.4583": [0.66438, -0.51, -3.49],
						"0.5833": {
							"pre": [-0.0625, 0.03125, 0.20313],
							"post": [-0.0625, 0.03125, 0.20313],
							"lerp_mode": "catmullrom"
						},
						"0.7083": {
							"post": [0.01563, -0.01562, -0.15625],
							"lerp_mode": "catmullrom"
						},
						"0.8333": {
							"post": [0, 0, 0],
							"lerp_mode": "catmullrom"
						}
					}
				},
				"camera": {
					"rotation": {
						"0.0": {
							"post": [0, 0, 0],
							"lerp_mode": "catmullrom"
						},
						"0.25": {
							"post": [0.75, 0, 0],
							"lerp_mode": "catmullrom"
						},
						"0.4583": {
							"post": [0, 0, 0],
							"lerp_mode": "catmullrom"
						}
					}
				}
			},
			"sound_effects": {
				"0.0417": {
					"effect": "battlefield1:m1918/m1918_draw1"
				},
				"0.5417": {
					"effect": "battlefield1:m1918/m1918_draw2"
				}
			}
		},
		"put_away": {
			"loop": "hold_on_last_frame",
			"animation_length": 0.5833,
			"bones": {
				"lefthand": {
					"rotation": [95.58, -19.66, -181.88],
					"position": [6.69, -13.86, -1.2],
					"scale": [1, 1.2, 1]
				},
				"righthand": {
					"rotation": [99.17, 23.59, 183.7],
					"position": [-6.72, -10.73, 16.28],
					"scale": [1, 1.2, 1]
				},
				"constraint": {
					"rotation": [0, 0, 0],
					"position": [0.2, 0.2, 0.2],
					"scale": 1
				},
				"root": {
					"rotation": {
						"0.0": {
							"post": [0, 0, 0],
							"lerp_mode": "catmullrom"
						},
						"0.5833": {
							"post": [19.75884, -75.89952, 43.07966],
							"lerp_mode": "catmullrom"
						}
					},
					"position": {
						"0.0": {
							"post": [0, 0, 0],
							"lerp_mode": "catmullrom"
						},
						"0.5833": {
							"post": [16.42188, -23.14062, 0],
							"lerp_mode": "catmullrom"
						}
					}
				},
				"camera": {
					"rotation": {
						"0.0": {
							"post": [0, 0, 0],
							"lerp_mode": "catmullrom"
						},
						"0.25": {
							"post": [0.5, 0, 0],
							"lerp_mode": "catmullrom"
						},
						"0.5833": {
							"post": [0, 0, 0],
							"lerp_mode": "catmullrom"
						}
					}
				}
			},
			"sound_effects": {
				"0.0417": {
					"effect": "battlefield1:m1918/m1918_putaway"
				}
			}
		},
		"reload_tactical": {
			"loop": "hold_on_last_frame",
			"animation_length": 2.9167,
			"bones": {
				"lefthand": {
					"rotation": {
						"0.0": [95.58, -19.66, -181.88],
						"0.3333": {
							"pre": [76.34747, -13.49361, -115.28137],
							"post": [76.34747, -13.49361, -115.28137],
							"lerp_mode": "catmullrom"
						},
						"0.7083": {
							"post": [76.34747, -13.49361, -115.28137],
							"lerp_mode": "catmullrom"
						},
						"0.875": {
							"post": [79.3108, -15.92289, -126.90275],
							"lerp_mode": "catmullrom"
						},
						"0.9583": [79.31, -15.92, -126.9],
						"1.0": [76.34747, -13.49361, -115.28137],
						"2.2083": [76.35, -13.49, -115.28],
						"2.4583": [95.58, -19.66, -181.88]
					},
					"position": {
						"0.0": [6.69, -13.86, -1.2],
						"0.2083": [9.39, -14.5, 6.07],
						"0.25": [8.8375, -15.85, 5.58],
						"0.2917": [7.4, -17.2, 5.09],
						"0.3333": {
							"pre": [6.41188, -17.045, 4.59812],
							"post": [6.41188, -17.045, 4.59812],
							"lerp_mode": "catmullrom"
						},
						"0.6667": {
							"post": [6.41188, -17.045, 4.59812],
							"lerp_mode": "catmullrom"
						},
						"0.875": {
							"post": [1.58188, -23.05, 12.24063],
							"lerp_mode": "catmullrom"
						},
						"0.9583": [1.58, -23.05, 12.24],
						"1.0": [6.41188, -17.045, 4.59812],
						"2.2083": [6.41, -17.05, 4.6],
						"2.3333": [8.55, -16.45, 1.7],
						"2.4583": [6.69, -13.86, -1.2]
					},
					"scale": [1, 1.2, 1]
				},
				"righthand": {
					"rotation": [99.17, 23.59, 183.7],
					"position": [-6.72, -10.73, 16.28],
					"scale": [1, 1.2, 1]
				},
				"constraint": {
					"rotation": [0, 0, 0],
					"position": [0.2, 0.2, 0.2],
					"scale": 1
				},
				"root": {
					"rotation": {
						"0.0": {
							"post": [0, 0, 0],
							"lerp_mode": "catmullrom"
						},
						"0.25": {
							"post": [-22.61816, -6.14263, -12.11933],
							"lerp_mode": "catmullrom"
						},
						"0.375": {
							"post": [-23.21, -6.28, -12.44],
							"lerp_mode": "catmullrom"
						},
						"0.4167": {
							"post": [-23.19, -6.28, -12.43],
							"lerp_mode": "catmullrom"
						},
						"0.5833": {
							"post": [-22.28678, -9.08557, -19.17649],
							"lerp_mode": "catmullrom"
						},
						"0.75": {
							"post": [-22.10698, -7.85549, -16.31201],
							"lerp_mode": "catmullrom"
						},
						"1.0417": {
							"post": [-22.62, -6.14, -12.12],
							"lerp_mode": "catmullrom"
						},
						"1.2083": {
							"post": [-20.42075, -11.67085, -26.23998],
							"lerp_mode": "catmullrom"
						},
						"1.4167": {
							"post": [-20.42, -11.67, -26.24],
							"lerp_mode": "catmullrom"
						},
						"1.4583": {
							"post": [-20.42, -11.67, -26.24],
							"lerp_mode": "catmullrom"
						},
						"1.75": {
							"post": [-19.54167, -13.12288, -30.32945],
							"lerp_mode": "catmullrom"
						},
						"1.8333": {
							"post": [-20.56343, -11.40744, -25.52297],
							"lerp_mode": "catmullrom"
						},
						"1.9167": {
							"post": [-20.37783, -11.7032, -26.35926],
							"lerp_mode": "catmullrom"
						},
						"2.0": {
							"post": [-20.47629, -11.52548, -25.88165],
							"lerp_mode": "catmullrom"
						},
						"2.0417": {
							"post": [-19.42, -11.67, -26.24],
							"lerp_mode": "catmullrom"
						},
						"2.125": {
							"post": [-19.88836, -10.82902, -23.83954],
							"lerp_mode": "catmullrom"
						},
						"2.2083": {
							"post": [-19.07161, -12.24795, -27.92928],
							"lerp_mode": "catmullrom"
						},
						"2.2917": {
							"post": [-20.42, -11.67, -26.24],
							"lerp_mode": "catmullrom"
						},
						"2.5833": {
							"post": [0, 0, 5.25],
							"lerp_mode": "catmullrom"
						},
						"2.75": {
							"post": [0, 0, -0.75],
							"lerp_mode": "catmullrom"
						},
						"2.8333": {
							"post": [0, 0, 0],
							"lerp_mode": "catmullrom"
						}
					},
					"position": {
						"0.0": {
							"post": [0, 0, 0],
							"lerp_mode": "catmullrom"
						},
						"0.125": {
							"post": [-0.48, -0.18625, -0.82],
							"lerp_mode": "catmullrom"
						},
						"0.25": {
							"post": [-0.5475, 1.23875, -1.48],
							"lerp_mode": "catmullrom"
						},
						"0.375": {
							"post": [-0.51, 1.32, -1.48],
							"lerp_mode": "catmullrom"
						},
						"0.4167": {
							"post": [-0.51, 0.86688, -1.6675],
							"lerp_mode": "catmullrom"
						},
						"0.5833": {
							"post": [-0.27562, 0.35125, -1.6675],
							"lerp_mode": "catmullrom"
						},
						"0.875": {
							"post": [-0.5475, 1.23875, -1.48],
							"lerp_mode": "catmullrom"
						},
						"1.0417": {
							"post": [-0.55, 1.24, -1.48],
							"lerp_mode": "catmullrom"
						},
						"1.2083": {
							"post": [-0.33125, 1.13063, -1.48],
							"lerp_mode": "catmullrom"
						},
						"1.4167": {
							"post": [-0.33, 1.13, -1.48],
							"lerp_mode": "catmullrom"
						},
						"1.4583": {
							"post": [-0.33, 1.13, -1.48],
							"lerp_mode": "catmullrom"
						},
						"1.75": {
							"post": [-0.205, 0.95812, -1.48],
							"lerp_mode": "catmullrom"
						},
						"1.8333": {
							"post": [-0.42375, 1.255, -1.48],
							"lerp_mode": "catmullrom"
						},
						"1.9167": {
							"post": [-0.46687, 1.3125, -1.48],
							"lerp_mode": "catmullrom"
						},
						"2.0": {
							"post": [-0.54812, 1.38813, -1.48],
							"lerp_mode": "catmullrom"
						},
						"2.0417": {
							"post": [-0.18937, 0.97375, -1.48],
							"lerp_mode": "catmullrom"
						},
						"2.125": {
							"post": [-0.2525, 0.95438, -1.48],
							"lerp_mode": "catmullrom"
						},
						"2.2083": {
							"post": [-0.21875, 0.93438, -1.48],
							"lerp_mode": "catmullrom"
						},
						"2.2917": {
							"post": [-0.26687, 0.88313, -1.48],
							"lerp_mode": "catmullrom"
						},
						"2.4583": {
							"post": [-0.11, -0.29625, -0.61],
							"lerp_mode": "catmullrom"
						},
						"2.5833": {
							"post": [0, -0.125, -1.34375],
							"lerp_mode": "catmullrom"
						},
						"2.75": {
							"post": [-0.04687, -0.03125, 0.17188],
							"lerp_mode": "catmullrom"
						},
						"2.8333": {
							"post": [0.0125, 0.00125, -0.0175],
							"lerp_mode": "catmullrom"
						},
						"2.9167": {
							"post": [0, 0, 0],
							"lerp_mode": "catmullrom"
						}
					}
				},
				"lh_and_mag": {
					"rotation": {
						"0.375": [0, 0, 0],
						"0.4583": [0, 0, 0],
						"0.6667": {
							"pre": [0, 0, -89.75],
							"post": [0, 0, -89.75],
							"lerp_mode": "catmullrom"
						},
						"0.9583": [0, 0, -89.75],
						"1.0": [-139.6206, -49.02547, -76.1739],
						"1.125": [-106.70529, -47.10628, -45.79821],
						"1.2083": [-106.70529, -47.10628, -45.79821],
						"1.4167": {
							"pre": [-0.13896, -11.65895, 17.03513],
							"post": [-0.13896, -11.65895, 17.03513],
							"lerp_mode": "catmullrom"
						},
						"1.5833": {
							"post": [0, 0, 0],
							"lerp_mode": "catmullrom"
						},
						"1.7083": [0, 0, -3],
						"1.7917": [0, 0, 0],
						"1.875": [0, 0, 0.19],
						"1.9583": [0, 0, -0.3],
						"2.0": [0, 0, 0],
						"2.0417": [0, 0, 0]
					},
					"position": {
						"0.375": [0, 0, 0],
						"0.5": [0, -4, 0],
						"0.6667": {
							"pre": [6.71875, -5.59375, 0],
							"post": [6.71875, -5.59375, 0],
							"lerp_mode": "catmullrom"
						},
						"0.9583": [6.72, -5.59, 0],
						"1.0": [6.72, -5.59, 14.125],
						"1.125": {
							"pre": [6.72, -1.5275, 6.4425],
							"post": [6.72, -1.5275, 6.4425],
							"lerp_mode": "catmullrom"
						},
						"1.2083": {
							"post": [6.7, 0.38, 2.97],
							"lerp_mode": "catmullrom"
						},
						"1.3333": {
							"post": [6.6575, -2.56125, -1.31],
							"lerp_mode": "catmullrom"
						},
						"1.4167": {
							"post": [4.66, -6.77875, -3.31],
							"lerp_mode": "catmullrom"
						},
						"1.5": {
							"post": [2.21, -7.48, -1.78],
							"lerp_mode": "catmullrom"
						},
						"1.5833": {
							"post": [0, -4, 0],
							"lerp_mode": "catmullrom"
						},
						"1.7083": [0, -1.76875, 0],
						"1.7917": [0, -1.12937, 0],
						"1.875": [0, -0.995, 0],
						"1.9583": [0, -0.87, 0],
						"2.0": [0, -0.87, 0],
						"2.0417": [0, 0, 0]
					}
				},
				"mag_and_bullet": {
					"rotation": {
						"0.6667": {
							"pre": [0, 0, 0],
							"post": [0, 0, 0],
							"lerp_mode": "catmullrom"
						},
						"0.7917": {
							"post": [0, 0, -95],
							"lerp_mode": "catmullrom"
						},
						"0.9583": [0, 0, -97.23],
						"1.0": [-11.75, 12, -24.75],
						"1.2917": [-11.75, 12, -24.75],
						"1.3333": [0, 0, 0]
					},
					"position": {
						"0.6667": {
							"pre": [0, 0, 0],
							"post": [0, 0, 0],
							"lerp_mode": "catmullrom"
						},
						"0.7917": {
							"post": [-12, -5, 0],
							"lerp_mode": "catmullrom"
						},
						"0.9583": [-12.28, -5.12, 0],
						"1.0": [-0.46875, 0, 0],
						"1.2917": [-0.47, 0, 0],
						"1.3333": [0, 0, 0]
					}
				},
				"camera": {
					"rotation": {
						"0.0": {
							"post": [0, 0, 0],
							"lerp_mode": "catmullrom"
						},
						"0.3333": {
							"post": [-1.75, 0, 0],
							"lerp_mode": "catmullrom"
						},
						"0.375": {
							"post": [-1.75, 0, 0.5],
							"lerp_mode": "catmullrom"
						},
						"0.4167": {
							"post": [-1.54, 0, 0],
							"lerp_mode": "catmullrom"
						},
						"0.625": {
							"post": [0, -1.5, 0],
							"lerp_mode": "catmullrom"
						},
						"1.2917": {
							"post": [-1, -1.5, 0],
							"lerp_mode": "catmullrom"
						},
						"1.4167": {
							"post": [-1, -1.5, 0],
							"lerp_mode": "catmullrom"
						},
						"1.625": {
							"post": [-1, 0, 0],
							"lerp_mode": "catmullrom"
						},
						"2.0": {
							"post": [-1, 0.01, 0],
							"lerp_mode": "catmullrom"
						},
						"2.0417": {
							"post": [-1, 0, 1.5],
							"lerp_mode": "catmullrom"
						},
						"2.0833": {
							"post": [-1, 0, -0.75],
							"lerp_mode": "catmullrom"
						},
						"2.125": {
							"post": [-1, 0, 0],
							"lerp_mode": "catmullrom"
						},
						"2.25": {
							"post": [-1, 0, 0],
							"lerp_mode": "catmullrom"
						},
						"2.5417": {
							"post": [0, 0, 0],
							"lerp_mode": "catmullrom"
						}
					}
				}
			},
			"sound_effects": {
				"0.0": {
					"effect": "battlefield1:m1918/m1918_hand"
				},
				"0.375": {
					"effect": "battlefield1:m1918/m1918_magout"
				},
				"0.9583": {
					"effect": "battlefield1:m1918/m1918_takeoutmag"
				},
				"1.7083": {
					"effect": "battlefield1:m1918/m1918_magin"
				},
				"2.4167": {
					"effect": "battlefield1:m1918/m1918_putaway"
				}
			}
		},
		"reload_empty": {
			"loop": "hold_on_last_frame",
			"animation_length": 3.5,
			"bones": {
				"lefthand": {
					"rotation": {
						"0.0": [95.58, -19.66, -181.88],
						"0.25": [109.30182, -10.34798, -194.80071],
						"0.3333": [109.3, -10.35, -194.8],
						"0.4167": [110.88526, -24.21262, -200.094],
						"0.5": [110.88526, -24.21262, -200.094],
						"0.625": [109.3, -10.35, -194.8],
						"0.7083": [109.3, -10.35, -194.8],
						"0.9167": {
							"pre": [76.34747, -13.49361, -115.28137],
							"post": [76.34747, -13.49361, -115.28137],
							"lerp_mode": "catmullrom"
						},
						"1.2917": {
							"post": [76.34747, -13.49361, -115.28137],
							"lerp_mode": "catmullrom"
						},
						"1.4583": {
							"post": [79.3108, -15.92289, -126.90275],
							"lerp_mode": "catmullrom"
						},
						"1.5417": [79.31, -15.92, -126.9],
						"1.5833": [76.34747, -13.49361, -115.28137],
						"2.7917": [76.35, -13.49, -115.28],
						"3.0417": [95.58, -19.66, -181.88]
					},
					"position": {
						"0.0": [6.69, -13.86, -1.2],
						"0.125": [9.29, -12.74312, 4.21],
						"0.25": [9.48688, -10.6725, 8.26875],
						"0.3333": [9.49, -10.67, 8.27],
						"0.4167": [9.49, -10.67, 15.27],
						"0.5": [9.49, -10.67, 15.27],
						"0.625": [9.49, -10.67, 8.27],
						"0.7083": [9.49, -10.67, 8.27],
						"0.7917": [9.39, -14.5, 6.07],
						"0.8333": [8.8375, -15.85, 5.58],
						"0.875": [7.4, -17.2, 5.09],
						"0.9167": {
							"pre": [6.41188, -17.045, 4.59812],
							"post": [6.41188, -17.045, 4.59812],
							"lerp_mode": "catmullrom"
						},
						"1.25": {
							"post": [6.41188, -17.045, 4.59812],
							"lerp_mode": "catmullrom"
						},
						"1.4583": {
							"post": [1.58188, -23.05, 12.24063],
							"lerp_mode": "catmullrom"
						},
						"1.5417": [1.58, -23.05, 12.24],
						"1.5833": [6.41188, -17.045, 4.59812],
						"2.7917": [6.41, -17.05, 4.6],
						"2.9167": [8.55, -16.45, 1.7],
						"3.0417": [6.69, -13.86, -1.2]
					},
					"scale": [1, 1.2, 1]
				},
				"righthand": {
					"rotation": [99.17, 23.59, 183.7],
					"position": [-6.72, -10.73, 16.28],
					"scale": [1, 1.2, 1]
				},
				"constraint": {
					"rotation": [0, 0, 0],
					"position": [0.2, 0.2, 0.2],
					"scale": 1
				},
				"root": {
					"rotation": {
						"0.0": {
							"post": [0, 0, 0],
							"lerp_mode": "catmullrom"
						},
						"0.2083": {
							"post": [-11.53658, -3.17475, -3.37613],
							"lerp_mode": "catmullrom"
						},
						"0.3333": {
							"post": [-12.34554, -3.81493, -6.57131],
							"lerp_mode": "catmullrom"
						},
						"0.4583": {
							"post": [-12.54177, -4.28361, -7.4878],
							"lerp_mode": "catmullrom"
						},
						"0.5417": {
							"post": [-13.2169, -4.51289, -8.46403],
							"lerp_mode": "catmullrom"
						},
						"0.6667": {
							"post": [-12.34554, -3.81493, -6.57131],
							"lerp_mode": "catmullrom"
						},
						"0.8333": {
							"post": [-22.61816, -6.14263, -12.11933],
							"lerp_mode": "catmullrom"
						},
						"0.9583": {
							"post": [-23.21, -6.28, -12.44],
							"lerp_mode": "catmullrom"
						},
						"1.0": {
							"post": [-23.19, -6.28, -12.43],
							"lerp_mode": "catmullrom"
						},
						"1.1667": {
							"post": [-22.28678, -9.08557, -19.17649],
							"lerp_mode": "catmullrom"
						},
						"1.3333": {
							"post": [-22.10698, -7.85549, -16.31201],
							"lerp_mode": "catmullrom"
						},
						"1.625": {
							"post": [-22.62, -6.14, -12.12],
							"lerp_mode": "catmullrom"
						},
						"1.7917": {
							"post": [-20.42075, -11.67085, -26.23998],
							"lerp_mode": "catmullrom"
						},
						"2.0": {
							"post": [-20.42, -11.67, -26.24],
							"lerp_mode": "catmullrom"
						},
						"2.0417": {
							"post": [-20.42, -11.67, -26.24],
							"lerp_mode": "catmullrom"
						},
						"2.3333": {
							"post": [-19.54167, -13.12288, -30.32945],
							"lerp_mode": "catmullrom"
						},
						"2.4167": {
							"post": [-20.56343, -11.40744, -25.52297],
							"lerp_mode": "catmullrom"
						},
						"2.5": {
							"post": [-20.37783, -11.7032, -26.35926],
							"lerp_mode": "catmullrom"
						},
						"2.5833": {
							"post": [-20.47629, -11.52548, -25.88165],
							"lerp_mode": "catmullrom"
						},
						"2.625": {
							"post": [-19.42, -11.67, -26.24],
							"lerp_mode": "catmullrom"
						},
						"2.7083": {
							"post": [-19.88836, -10.82902, -23.83954],
							"lerp_mode": "catmullrom"
						},
						"2.7917": {
							"post": [-19.07161, -12.24795, -27.92928],
							"lerp_mode": "catmullrom"
						},
						"2.875": {
							"post": [-20.42, -11.67, -26.24],
							"lerp_mode": "catmullrom"
						},
						"3.1667": {
							"post": [0, 0, 5.25],
							"lerp_mode": "catmullrom"
						},
						"3.3333": {
							"post": [0, 0, -0.75],
							"lerp_mode": "catmullrom"
						},
						"3.4167": {
							"post": [0, 0, 0],
							"lerp_mode": "catmullrom"
						}
					},
					"position": {
						"0.0": {
							"post": [0, 0, 0],
							"lerp_mode": "catmullrom"
						},
						"0.125": {
							"post": [-0.48, -0.18625, -0.82],
							"lerp_mode": "catmullrom"
						},
						"0.25": {
							"post": [-0.96875, -0.0625, -1.64062],
							"lerp_mode": "catmullrom"
						},
						"0.3333": {
							"post": [-1.11062, -0.23187, -1.48375],
							"lerp_mode": "catmullrom"
						},
						"0.4583": {
							"post": [-1.01625, -0.48, -0.99562],
							"lerp_mode": "catmullrom"
						},
						"0.5417": {
							"post": [-1.11, -0.355, -1.19875],
							"lerp_mode": "catmullrom"
						},
						"0.6667": {
							"post": [-1.11062, -0.23187, -1.48375],
							"lerp_mode": "catmullrom"
						},
						"0.8333": {
							"post": [-0.5475, 1.23875, -1.48],
							"lerp_mode": "catmullrom"
						},
						"0.9583": {
							"post": [-0.51, 1.32, -1.48],
							"lerp_mode": "catmullrom"
						},
						"1.0": {
							"post": [-0.51, 0.86688, -1.6675],
							"lerp_mode": "catmullrom"
						},
						"1.1667": {
							"post": [-0.27562, 0.35125, -1.6675],
							"lerp_mode": "catmullrom"
						},
						"1.4583": {
							"post": [-0.5475, 1.23875, -1.48],
							"lerp_mode": "catmullrom"
						},
						"1.625": {
							"post": [-0.55, 1.24, -1.48],
							"lerp_mode": "catmullrom"
						},
						"1.7917": {
							"post": [-0.33125, 1.13063, -1.48],
							"lerp_mode": "catmullrom"
						},
						"2.0": {
							"post": [-0.33, 1.13, -1.48],
							"lerp_mode": "catmullrom"
						},
						"2.0417": {
							"post": [-0.33, 1.13, -1.48],
							"lerp_mode": "catmullrom"
						},
						"2.3333": {
							"post": [-0.205, 0.95812, -1.48],
							"lerp_mode": "catmullrom"
						},
						"2.4167": {
							"post": [-0.42375, 1.255, -1.48],
							"lerp_mode": "catmullrom"
						},
						"2.5": {
							"post": [-0.46687, 1.3125, -1.48],
							"lerp_mode": "catmullrom"
						},
						"2.5833": {
							"post": [-0.54812, 1.38813, -1.48],
							"lerp_mode": "catmullrom"
						},
						"2.625": {
							"post": [-0.18937, 0.97375, -1.48],
							"lerp_mode": "catmullrom"
						},
						"2.7083": {
							"post": [-0.2525, 0.95438, -1.48],
							"lerp_mode": "catmullrom"
						},
						"2.7917": {
							"post": [-0.21875, 0.93438, -1.48],
							"lerp_mode": "catmullrom"
						},
						"2.875": {
							"post": [-0.26687, 0.88313, -1.48],
							"lerp_mode": "catmullrom"
						},
						"3.0417": {
							"post": [-0.11, -0.29625, -0.61],
							"lerp_mode": "catmullrom"
						},
						"3.1667": {
							"post": [0, -0.125, -1.34375],
							"lerp_mode": "catmullrom"
						},
						"3.3333": {
							"post": [-0.04687, -0.03125, 0.17188],
							"lerp_mode": "catmullrom"
						},
						"3.4167": {
							"post": [0.0125, 0.00125, -0.0175],
							"lerp_mode": "catmullrom"
						},
						"3.5": {
							"post": [0, 0, 0],
							"lerp_mode": "catmullrom"
						}
					}
				},
				"charge": {
					"position": {
						"0.3333": [0, 0, 0],
						"0.4167": [0, 0, 7],
						"0.5": [0, 0, 7],
						"0.625": [0, 0, 0]
					}
				},
				"bolt2": {
					"position": {
						"0.0": [0, 0, -3],
						"0.3333": [0, 0, -3],
						"0.4167": [0, 0, 0]
					}
				},
				"lh_and_mag": {
					"rotation": {
						"0.9583": [0, 0, 0],
						"1.0417": [0, 0, 0],
						"1.25": {
							"pre": [0, 0, -89.75],
							"post": [0, 0, -89.75],
							"lerp_mode": "catmullrom"
						},
						"1.5417": [0, 0, -89.75],
						"1.5833": [-139.6206, -49.02547, -76.1739],
						"1.7083": [-106.70529, -47.10628, -45.79821],
						"1.7917": [-106.70529, -47.10628, -45.79821],
						"2.0": {
							"pre": [-0.13896, -11.65895, 17.03513],
							"post": [-0.13896, -11.65895, 17.03513],
							"lerp_mode": "catmullrom"
						},
						"2.1667": {
							"post": [0, 0, 0],
							"lerp_mode": "catmullrom"
						},
						"2.2917": [0, 0, -3],
						"2.375": [0, 0, 0],
						"2.4583": [0, 0, 0.19],
						"2.5417": [0, 0, -0.3],
						"2.5833": [0, 0, 0],
						"2.625": [0, 0, 0]
					},
					"position": {
						"0.9583": [0, 0, 0],
						"1.0833": [0, -4, 0],
						"1.25": {
							"pre": [6.71875, -5.59375, 0],
							"post": [6.71875, -5.59375, 0],
							"lerp_mode": "catmullrom"
						},
						"1.5417": [6.72, -5.59, 0],
						"1.5833": [6.72, -5.59, 14.125],
						"1.7083": {
							"pre": [6.72, -1.5275, 6.4425],
							"post": [6.72, -1.5275, 6.4425],
							"lerp_mode": "catmullrom"
						},
						"1.7917": {
							"post": [6.7, 0.38, 2.97],
							"lerp_mode": "catmullrom"
						},
						"1.9167": {
							"post": [6.6575, -2.56125, -1.31],
							"lerp_mode": "catmullrom"
						},
						"2.0": {
							"post": [4.66, -6.77875, -3.31],
							"lerp_mode": "catmullrom"
						},
						"2.0833": {
							"post": [2.21, -7.48, -1.78],
							"lerp_mode": "catmullrom"
						},
						"2.1667": {
							"post": [0, -4, 0],
							"lerp_mode": "catmullrom"
						},
						"2.2917": [0, -1.76875, 0],
						"2.375": [0, -1.12937, 0],
						"2.4583": [0, -0.995, 0],
						"2.5417": [0, -0.87, 0],
						"2.5833": [0, -0.87, 0],
						"2.625": [0, 0, 0]
					}
				},
				"mag_and_bullet": {
					"rotation": {
						"1.25": {
							"pre": [0, 0, 0],
							"post": [0, 0, 0],
							"lerp_mode": "catmullrom"
						},
						"1.375": {
							"post": [0, 0, -95],
							"lerp_mode": "catmullrom"
						},
						"1.5417": [0, 0, -97.23],
						"1.5833": [-11.75, 12, -24.75],
						"1.875": [-11.75, 12, -24.75],
						"1.9167": [0, 0, 0]
					},
					"position": {
						"1.25": {
							"pre": [0, 0, 0],
							"post": [0, 0, 0],
							"lerp_mode": "catmullrom"
						},
						"1.375": {
							"post": [-12, -5, 0],
							"lerp_mode": "catmullrom"
						},
						"1.5417": [-12.28, -5.12, 0],
						"1.5833": [-0.46875, 0, 0],
						"1.875": [-0.47, 0, 0],
						"1.9167": [0, 0, 0]
					}
				},
				"camera": {
					"rotation": {
						"0.0": {
							"post": [0, 0, 0],
							"lerp_mode": "catmullrom"
						},
						"0.25": {
							"post": [-0.5, 0, 0],
							"lerp_mode": "catmullrom"
						},
						"0.3333": {
							"post": [-0.53, 0, 0],
							"lerp_mode": "catmullrom"
						},
						"0.375": {
							"post": [-0.27, 0, 0],
							"lerp_mode": "catmullrom"
						},
						"0.4167": {
							"post": [0, 0, 0],
							"lerp_mode": "catmullrom"
						},
						"0.4583": {
							"post": [0.05, 0, 0.75],
							"lerp_mode": "catmullrom"
						},
						"0.5": {
							"post": [0, 0, 0],
							"lerp_mode": "catmullrom"
						},
						"0.5833": {
							"post": [-0.35, 0, -0.02],
							"lerp_mode": "catmullrom"
						},
						"0.625": {
							"post": [-0.5, 0, 0.75],
							"lerp_mode": "catmullrom"
						},
						"0.6667": {
							"post": [-0.5, 0, 0],
							"lerp_mode": "catmullrom"
						},
						"0.7083": {
							"post": [-0.5, 0, 0],
							"lerp_mode": "catmullrom"
						},
						"0.9167": {
							"post": [-1.75, 0, 0],
							"lerp_mode": "catmullrom"
						},
						"0.9583": {
							"post": [-1.75, 0, 0.5],
							"lerp_mode": "catmullrom"
						},
						"1.0": {
							"post": [-1.54, 0, 0],
							"lerp_mode": "catmullrom"
						},
						"1.2083": {
							"post": [0, -1.5, 0],
							"lerp_mode": "catmullrom"
						},
						"1.875": {
							"post": [-1, -1.5, 0],
							"lerp_mode": "catmullrom"
						},
						"2.0": {
							"post": [-1, -1.5, 0],
							"lerp_mode": "catmullrom"
						},
						"2.2083": {
							"post": [-1, 0, 0],
							"lerp_mode": "catmullrom"
						},
						"2.5833": {
							"post": [-1, 0.01, 0],
							"lerp_mode": "catmullrom"
						},
						"2.625": {
							"post": [-1, 0, 1.5],
							"lerp_mode": "catmullrom"
						},
						"2.6667": {
							"post": [-1, 0, -0.75],
							"lerp_mode": "catmullrom"
						},
						"2.7083": {
							"post": [-1, 0, 0],
							"lerp_mode": "catmullrom"
						},
						"2.8333": {
							"post": [-1, 0, 0],
							"lerp_mode": "catmullrom"
						},
						"3.125": {
							"post": [0, 0, 0],
							"lerp_mode": "catmullrom"
						}
					}
				}
			},
			"sound_effects": {
				"0.2917": {
					"effect": "battlefield1:m1918/m1918_bolt_backward"
				},
				"0.5": {
					"effect": "battlefield1:m1918/m1918_bolt_forward"
				},
				"0.6667": {
					"effect": "battlefield1:m1918/m1918_hand"
				},
				"0.9583": {
					"effect": "battlefield1:m1918/m1918_magout"
				},
				"1.5417": {
					"effect": "battlefield1:m1918/m1918_takeoutmag"
				},
				"2.2917": {
					"effect": "battlefield1:m1918/m1918_magin"
				},
				"3.0": {
					"effect": "battlefield1:m1918/m1918_putaway"
				}
			}
		},
		"inspect": {
			"loop": "hold_on_last_frame",
			"animation_length": 6.125,
			"bones": {
				"lefthand": {
					"rotation": {
						"0.0417": [95.58, -19.66, -181.88],
						"0.375": [73.60331, -12.31853, -111.63093],
						"2.9583": [73.6, -12.32, -111.63],
						"3.0833": [84.5245, -19.93903, -144.79418],
						"3.2083": [92.44223, -36.21785, -170.6968],
						"3.4167": [92.44, -36.22, -170.7],
						"3.6667": [69.50146, -23.58482, -171.30613],
						"5.25": [69.5, -23.58, -171.31],
						"5.3333": [78.33754, -19.74424, -164.72996],
						"5.4167": [95.58, -19.66, -181.88]
					},
					"position": {
						"0.0417": [6.69, -13.86, -1.2],
						"0.2083": [8.69, -15.63, 2.03],
						"0.375": [6.69, -17.39125, 5.26875],
						"2.9583": [6.69, -17.39, 5.27],
						"3.0833": [9.11188, -15.42, 4.62],
						"3.2083": [6.69, -13.86, 4.1125],
						"3.4167": {
							"pre": [6.69, -13.86, 4.11],
							"post": [6.69, -13.86, 4.11],
							"lerp_mode": "catmullrom"
						},
						"3.5417": {
							"post": [8.58, -12.76, 3.11],
							"lerp_mode": "catmullrom"
						},
						"3.6667": {
							"post": [8.47125, -11.65687, 2.11],
							"lerp_mode": "catmullrom"
						},
						"5.25": [8.47, -11.66, 2.11],
						"5.3333": [8.92375, -13.76, 0.46],
						"5.4167": [6.69, -13.86, -1.2]
					},
					"scale": [1, 1.2, 1]
				},
				"righthand": {
					"rotation": [99.17, 23.59, 183.7],
					"position": [-6.72, -10.73, 16.28],
					"scale": [1, 1.2, 1]
				},
				"constraint": {
					"rotation": [0, 0, 0],
					"position": [0.2, 0.2, 0.2],
					"scale": 1
				},
				"root": {
					"rotation": {
						"0.0": {
							"post": [0, 0, 0],
							"lerp_mode": "catmullrom"
						},
						"0.25": {
							"post": [-30.33377, -15.39065, -16.23571],
							"lerp_mode": "catmullrom"
						},
						"0.4167": {
							"post": [-30.21135, -16.65979, -18.48065],
							"lerp_mode": "catmullrom"
						},
						"0.5417": {
							"post": [-27.68457, -20.78083, -26.33248],
							"lerp_mode": "catmullrom"
						},
						"0.7917": {
							"post": [-38.31043, -20.97812, -26.70782],
							"lerp_mode": "catmullrom"
						},
						"1.0417": {
							"post": [-38.31043, -20.97812, -26.70782],
							"lerp_mode": "catmullrom"
						},
						"1.3333": {
							"post": [-39.73878, -20.69026, -24.22698],
							"lerp_mode": "catmullrom"
						},
						"1.8333": {
							"post": [-38.31, -20.98, -26.71],
							"lerp_mode": "catmullrom"
						},
						"1.875": {
							"post": [-38.88999, -19.73215, -25.04287],
							"lerp_mode": "catmullrom"
						},
						"1.9583": {
							"post": [-38.31, -20.98, -26.71],
							"lerp_mode": "catmullrom"
						},
						"2.0833": {
							"post": [-38.31, -20.98, -26.71],
							"lerp_mode": "catmullrom"
						},
						"2.125": {
							"post": [-38.88999, -19.73215, -25.04287],
							"lerp_mode": "catmullrom"
						},
						"2.2083": {
							"post": [-38.31, -20.98, -26.71],
							"lerp_mode": "catmullrom"
						},
						"2.4583": {
							"post": [-34.90481, -23.62424, -30.41624],
							"lerp_mode": "catmullrom"
						},
						"2.5833": {
							"post": [-36.93, -23.58, -30.35],
							"lerp_mode": "catmullrom"
						},
						"2.6667": {
							"post": [-36.93, -23.58, -30.35],
							"lerp_mode": "catmullrom"
						},
						"2.7917": {
							"post": [-37.44041, -22.67337, -29.05055],
							"lerp_mode": "catmullrom"
						},
						"2.8333": {
							"post": [-37.44, -22.67, -29.05],
							"lerp_mode": "catmullrom"
						},
						"2.875": [-38.24771, -18.4951, -23.0831],
						"2.9583": [-35.82714, -23.21028, -29.84921],
						"3.0833": [-38.19163, -18.95821, -23.85457],
						"3.1667": [-38.19163, -18.95821, -23.85457],
						"3.6667": [-24.45195, 16.07041, 69.40989],
						"4.4167": {
							"pre": [-26.82195, 17.52105, 72.4478],
							"post": [-26.82195, 17.52105, 72.4478],
							"lerp_mode": "catmullrom"
						},
						"4.625": [-25.74094, 21.41895, 75.43461],
						"5.25": [-26.84135, 19.98012, 72.31513],
						"5.4583": {
							"pre": [-8.61, 7.9, 41.07],
							"post": [-8.61, 7.9, 41.07],
							"lerp_mode": "catmullrom"
						},
						"5.6667": [-2, 0, 9],
						"5.75": {
							"pre": [0, 0, -0.75],
							"post": [0, 0, -0.75],
							"lerp_mode": "catmullrom"
						},
						"5.875": {
							"post": [0, 0, -0.75],
							"lerp_mode": "catmullrom"
						},
						"6.0": {
							"post": [0, 0, 0.5],
							"lerp_mode": "catmullrom"
						},
						"6.125": {
							"post": [0, 0, 0],
							"lerp_mode": "catmullrom"
						}
					},
					"position": {
						"0.0": {
							"post": [0, 0, 0],
							"lerp_mode": "catmullrom"
						},
						"0.1667": {
							"post": [-1.58125, 0.21188, -2.53],
							"lerp_mode": "catmullrom"
						},
						"0.3333": {
							"post": [-1.78125, 0.92188, -4.29687],
							"lerp_mode": "catmullrom"
						},
						"0.4583": {
							"post": [-1.9675, 0.43563, -4.3],
							"lerp_mode": "catmullrom"
						},
						"0.5833": {
							"post": [-1.73562, -0.45062, -4.3],
							"lerp_mode": "catmullrom"
						},
						"0.7083": {
							"post": [-1.88625, 0, -4.3],
							"lerp_mode": "catmullrom"
						},
						"0.8333": {
							"post": [-1.74, 0.34688, -4.3],
							"lerp_mode": "catmullrom"
						},
						"1.0417": {
							"post": [-1.74, 0.34688, -4.3],
							"lerp_mode": "catmullrom"
						},
						"1.25": {
							"post": [-1.51125, 0.37, -4.3],
							"lerp_mode": "catmullrom"
						},
						"1.8333": {
							"post": [-1.74, 0.35, -4.3],
							"lerp_mode": "catmullrom"
						},
						"1.875": {
							"post": [-1.70875, 0.225, -4.2375],
							"lerp_mode": "catmullrom"
						},
						"1.9583": {
							"post": [-1.74, 0.35, -4.3],
							"lerp_mode": "catmullrom"
						},
						"2.0833": {
							"post": [-1.74, 0.35, -4.3],
							"lerp_mode": "catmullrom"
						},
						"2.125": {
							"post": [-1.70875, 0.225, -4.2375],
							"lerp_mode": "catmullrom"
						},
						"2.2083": {
							"post": [-1.74, 0.35, -4.3],
							"lerp_mode": "catmullrom"
						},
						"2.4583": {
							"post": [-1.45875, 0.11562, -4.45625],
							"lerp_mode": "catmullrom"
						},
						"2.5833": {
							"post": [-1.45875, 0.11562, -4.45625],
							"lerp_mode": "catmullrom"
						},
						"2.6667": {
							"post": [-1.58, 0.18, -4.46],
							"lerp_mode": "catmullrom"
						},
						"2.8333": {
							"post": [-1.61125, 0.2425, -4.46],
							"lerp_mode": "catmullrom"
						},
						"2.875": [-1.23625, -0.03875, -4.585],
						"3.0833": [-1.31437, 0.08625, -4.46],
						"3.1667": [-1.08, -0.10125, -4.46],
						"3.4167": {
							"pre": [2.75, -1.91187, -2.16],
							"post": [2.75, -1.91187, -2.16],
							"lerp_mode": "catmullrom"
						},
						"3.625": {
							"post": [5.5, 0, -4.32812],
							"lerp_mode": "catmullrom"
						},
						"3.7917": {
							"post": [6, -0.67187, -4.32812],
							"lerp_mode": "catmullrom"
						},
						"3.9583": {
							"post": [6.1025, -0.74562, -4.33],
							"lerp_mode": "catmullrom"
						},
						"4.125": {
							"post": [6, -0.67187, -4.32812],
							"lerp_mode": "catmullrom"
						},
						"4.2917": {
							"post": [6, -0.67187, -4.32812],
							"lerp_mode": "catmullrom"
						},
						"4.4167": {
							"post": [6, -0.67187, -4.32812],
							"lerp_mode": "catmullrom"
						},
						"4.5417": {
							"post": [5.91, -0.74625, -4.14],
							"lerp_mode": "catmullrom"
						},
						"4.625": [5.85938, -0.545, -4.03312],
						"4.9583": [5.9225, -0.64375, -4.03],
						"5.25": [5.86, -0.55, -4.03],
						"5.4583": {
							"pre": [2.93, -2.07688, -2.01],
							"post": [2.93, -2.07688, -2.01],
							"lerp_mode": "catmullrom"
						},
						"5.625": [0, 0, -1.73437],
						"5.7083": [0, 0, -1.73437],
						"5.8333": {
							"pre": [-0.03125, 0, 0.1875],
							"post": [-0.03125, 0, 0.1875],
							"lerp_mode": "catmullrom"
						},
						"5.9583": {
							"post": [-0.03, 0, -0.09125],
							"lerp_mode": "catmullrom"
						},
						"6.0833": {
							"post": [0, 0, 0],
							"lerp_mode": "catmullrom"
						}
					}
				},
				"lh_and_mag": {
					"rotation": {
						"0.375": [0, 0, 0],
						"0.4583": [0, 0, -2],
						"0.625": {
							"pre": [0, 0, 0],
							"post": [0, 0, 0],
							"lerp_mode": "catmullrom"
						},
						"0.8333": {
							"post": [-12, 0, 6],
							"lerp_mode": "catmullrom"
						},
						"1.0833": {
							"post": [-12, 0, 6],
							"lerp_mode": "catmullrom"
						},
						"1.25": {
							"post": [-11.67767, 2.782, 19.21545],
							"lerp_mode": "catmullrom"
						},
						"1.625": {
							"post": [-11.68, 2.78, 19.22],
							"lerp_mode": "catmullrom"
						},
						"1.7083": {
							"post": [-12.91883, 7.92946, 15.01425],
							"lerp_mode": "catmullrom"
						},
						"1.7917": [-7.2313, 9.5981, 30.83218],
						"1.875": [-10.57701, 1.75306, -8.49986],
						"1.9167": [-10.22226, 3.24479, -0.37788],
						"2.0417": [-7.2313, 9.5981, 30.83218],
						"2.125": [-10.57701, 1.75306, -8.49986],
						"2.1667": [-10.22226, 3.24479, -0.37788],
						"2.2083": [-10.22226, 3.24479, -0.37788],
						"2.3333": {
							"pre": [-2.6825, 5.2716, 3.29742],
							"post": [-2.6825, 5.2716, 3.29742],
							"lerp_mode": "catmullrom"
						},
						"2.4583": [0, 5.25, -14.5],
						"2.5417": [0, 0, -3],
						"2.625": [0, 0, 0],
						"2.7083": [0, 0, 0.19],
						"2.7917": [0, 0, -0.3],
						"2.8333": [0, 0, 0],
						"2.875": [0, 0, 0]
					},
					"position": {
						"0.375": [0, 0, 0],
						"0.4583": [0.15625, -0.03125, 0],
						"0.625": {
							"pre": [0, -3.10937, 0],
							"post": [0, -3.10937, 0],
							"lerp_mode": "catmullrom"
						},
						"0.75": {
							"post": [4.42, -4.32, 2.07],
							"lerp_mode": "catmullrom"
						},
						"0.8333": {
							"post": [7.07813, -1.61, 3.3125],
							"lerp_mode": "catmullrom"
						},
						"1.0833": {
							"post": [7.08, -1.61, 3.31],
							"lerp_mode": "catmullrom"
						},
						"1.1667": {
							"post": [6.99125, -2.00125, 3.31],
							"lerp_mode": "catmullrom"
						},
						"1.25": {
							"post": [6.83, -1.32875, 3.31],
							"lerp_mode": "catmullrom"
						},
						"1.625": {
							"post": [6.83, -1.33, 3.31],
							"lerp_mode": "catmullrom"
						},
						"1.7083": {
							"post": [5.24875, -0.8, 1.69],
							"lerp_mode": "catmullrom"
						},
						"1.7917": {
							"post": [3.17375, 0.295, -1.0025],
							"lerp_mode": "catmullrom"
						},
						"1.8333": [1.70813, 0.75, -1.25],
						"1.9167": [1.05187, 0.75, -1.25],
						"2.0417": {
							"pre": [1.73625, -0.09563, -1.2525],
							"post": [1.73625, -0.09563, -1.2525],
							"lerp_mode": "catmullrom"
						},
						"2.0833": [1.70813, 0.75, -1.25],
						"2.1667": [1.05187, 0.75, -1.25],
						"2.2083": [1.05187, 0.75, -1.25],
						"2.3333": {
							"pre": [2.07688, -1.03938, -0.5],
							"post": [2.07688, -1.03938, -0.5],
							"lerp_mode": "catmullrom"
						},
						"2.4583": [1.03125, -2.32812, 0],
						"2.5417": [0, -1.76875, 0],
						"2.625": [0, -1.12937, 0],
						"2.7083": [0, -0.995, 0],
						"2.7917": [0, -0.87, 0],
						"2.8333": [0, -0.87, 0],
						"2.875": [0, 0, 0]
					}
				},
				"rh_ang_gun": {
					"rotation": {
						"1.875": [0, 0, 0],
						"1.9167": [0, -0.5, 4],
						"2.0": [0, 0, 0],
						"2.125": [0, 0, 0],
						"2.1667": [0, -0.5, 4],
						"2.25": [0, 0, 0]
					},
					"position": {
						"1.875": [0, 0, 0],
						"1.9167": [-0.14062, 0, 0],
						"2.0": [0, 0, 0],
						"2.125": [0, 0, 0],
						"2.1667": [-0.14062, 0, 0],
						"2.25": [0, 0, 0]
					}
				},
				"camera": {
					"rotation": {
						"0.0": {
							"post": [0, 0, 0],
							"lerp_mode": "catmullrom"
						},
						"0.5417": {
							"post": [-0.5, 0, 0],
							"lerp_mode": "catmullrom"
						},
						"0.875": {
							"post": [0, -0.5, 0],
							"lerp_mode": "catmullrom"
						},
						"1.0": {
							"post": [0, -0.5, 0],
							"lerp_mode": "catmullrom"
						},
						"1.2917": {
							"post": [0, -1.5, 0],
							"lerp_mode": "catmullrom"
						},
						"1.8333": {
							"post": [0, -0.07, 0],
							"lerp_mode": "catmullrom"
						},
						"1.875": {
							"post": [0, 0.25, 0.75],
							"lerp_mode": "catmullrom"
						},
						"1.9167": {
							"post": [0, 0, 0],
							"lerp_mode": "catmullrom"
						},
						"2.0833": {
							"post": [0, 0, -0.01],
							"lerp_mode": "catmullrom"
						},
						"2.125": {
							"post": [0, 0.25, 0.75],
							"lerp_mode": "catmullrom"
						},
						"2.1667": {
							"post": [0, 0, 0],
							"lerp_mode": "catmullrom"
						},
						"2.5417": {
							"post": [0.5, 0, 0],
							"lerp_mode": "catmullrom"
						},
						"2.8333": {
							"post": [0.05, 0, 0],
							"lerp_mode": "catmullrom"
						},
						"2.875": {
							"post": [0, 0, 1],
							"lerp_mode": "catmullrom"
						},
						"2.9167": {
							"post": [0, 0, 0],
							"lerp_mode": "catmullrom"
						},
						"3.375": {
							"post": [0.5, 0, 0],
							"lerp_mode": "catmullrom"
						},
						"3.875": {
							"post": [0, 0, 0],
							"lerp_mode": "catmullrom"
						},
						"4.375": {
							"post": [0, 0, 0],
							"lerp_mode": "catmullrom"
						},
						"4.6667": {
							"post": [0.5, 0, 0],
							"lerp_mode": "catmullrom"
						},
						"5.2917": {
							"post": [0.5, 0, 0],
							"lerp_mode": "catmullrom"
						},
						"5.4583": {
							"post": [0.75, 0, 0],
							"lerp_mode": "catmullrom"
						},
						"5.6667": {
							"post": [0, 0, 0],
							"lerp_mode": "catmullrom"
						}
					}
				}
			},
			"sound_effects": {
				"0.0833": {
					"effect": "battlefield1:m1918/m1918_hand"
				},
				"0.4167": {
					"effect": "battlefield1:m1918/m1918_magout"
				},
				"1.7917": {
					"effect": "battlefield1:m1918/m1918_tap1"
				},
				"2.0833": {
					"effect": "battlefield1:m1918/m1918_tap1"
				},
				"2.75": {
					"effect": "battlefield1:m1918/m1918_magin1"
				},
				"3.2917": {
					"effect": "battlefield1:m1918/m1918_draw1"
				},
				"5.2917": {
					"effect": "battlefield1:m1918/m1918_putaway"
				},
				"5.7083": {
					"effect": "battlefield1:m1918/m1918_draw2"
				}
			}
		},
		"shoot": {
			"loop": true,
			"animation_length": 1,
			"bones": {
				"constraint": {
					"rotation": [0, 0, 0],
					"position": [0.2, 0.2, 0.2],
					"scale": 1
				},
				"root": {
					"rotation": {
						"0.0": [0, 0, 0],
						"0.0417": [1.225, 0, 0.725],
						"0.0833": [-0.72, 0, -1.225],
						"0.1667": [0.18, 0, 0.525],
						"0.25": [0.45, 0, -0.25],
						"0.375": [0.225, -0.2, 0.25],
						"0.5": [0.055, -0.075, -0.075],
						"0.625": [0, 0, 0]
					},
					"position": {
						"0.0": [0, 0, 0],
						"0.0417": [0, -0.025, 1.725],
						"0.0833": [0, -0.05, 1.38],
						"0.125": [0, -0.05, -0.045],
						"0.25": [0, -0.025, 0.1],
						"0.375": [0, 0, 0]
					}
				},
				"bolt2": {
					"position": {
						"0.0": [0, 0, 0],
						"0.0417": [0, 0, -3],
						"0.125": [0, 0, 0]
					}
				},
				"camera": {
					"rotation": {
						"0.0": {
							"post": [0, 0, 0],
							"lerp_mode": "catmullrom"
						},
						"0.0417": {
							"post": [0, 0, 0.6],
							"lerp_mode": "catmullrom"
						},
						"0.0833": {
							"post": [0, 0, -0.4],
							"lerp_mode": "catmullrom"
						},
						"0.125": {
							"post": [0, 0, 0.325],
							"lerp_mode": "catmullrom"
						},
						"0.2083": {
							"post": [0, 0, -0.225],
							"lerp_mode": "catmullrom"
						},
						"0.25": {
							"post": [0, 0, 0],
							"lerp_mode": "catmullrom"
						},
						"0.375": {
							"post": [0, 0, 0],
							"lerp_mode": "catmullrom"
						}
					}
				}
			},
			"sound_effects": {
				"0.0": {
					"effect": "battlefield1:m1918/m1918_shoot"
				}
			}
		},
		"inspect_empty": {
			"loop": "hold_on_last_frame",
			"animation_length": 6.125,
			"bones": {
				"lefthand": {
					"rotation": {
						"0.0417": [95.58, -19.66, -181.88],
						"0.375": [73.60331, -12.31853, -111.63093],
						"2.9583": [73.6, -12.32, -111.63],
						"3.0833": [84.5245, -19.93903, -144.79418],
						"3.2083": [92.44223, -36.21785, -170.6968],
						"3.4167": [92.44, -36.22, -170.7],
						"3.6667": [69.50146, -23.58482, -171.30613],
						"5.25": [69.5, -23.58, -171.31],
						"5.3333": [78.33754, -19.74424, -164.72996],
						"5.4167": [95.58, -19.66, -181.88]
					},
					"position": {
						"0.0417": [6.69, -13.86, -1.2],
						"0.2083": [8.69, -15.63, 2.03],
						"0.375": [6.69, -17.39125, 5.26875],
						"2.9583": [6.69, -17.39, 5.27],
						"3.0833": [9.11188, -15.42, 4.62],
						"3.2083": [6.69, -13.86, 4.1125],
						"3.4167": {
							"pre": [6.69, -13.86, 4.11],
							"post": [6.69, -13.86, 4.11],
							"lerp_mode": "catmullrom"
						},
						"3.5417": {
							"post": [8.58, -12.76, 3.11],
							"lerp_mode": "catmullrom"
						},
						"3.6667": {
							"post": [8.47125, -11.65687, 2.11],
							"lerp_mode": "catmullrom"
						},
						"5.25": [8.47, -11.66, 2.11],
						"5.3333": [8.92375, -13.76, 0.46],
						"5.4167": [6.69, -13.86, -1.2]
					},
					"scale": [1, 1.2, 1]
				},
				"righthand": {
					"rotation": [99.17, 23.59, 183.7],
					"position": [-6.72, -10.73, 16.28],
					"scale": [1, 1.2, 1]
				},
				"constraint": {
					"rotation": [0, 0, 0],
					"position": [0.2, 0.2, 0.2],
					"scale": 1
				},
				"root": {
					"rotation": {
						"0.0": {
							"post": [0, 0, 0],
							"lerp_mode": "catmullrom"
						},
						"0.25": {
							"post": [-30.33377, -15.39065, -16.23571],
							"lerp_mode": "catmullrom"
						},
						"0.4167": {
							"post": [-30.21135, -16.65979, -18.48065],
							"lerp_mode": "catmullrom"
						},
						"0.5417": {
							"post": [-27.68457, -20.78083, -26.33248],
							"lerp_mode": "catmullrom"
						},
						"0.7917": {
							"post": [-38.31043, -20.97812, -26.70782],
							"lerp_mode": "catmullrom"
						},
						"1.0417": {
							"post": [-38.31043, -20.97812, -26.70782],
							"lerp_mode": "catmullrom"
						},
						"1.3333": {
							"post": [-39.73878, -20.69026, -24.22698],
							"lerp_mode": "catmullrom"
						},
						"1.8333": {
							"post": [-38.31, -20.98, -26.71],
							"lerp_mode": "catmullrom"
						},
						"1.875": {
							"post": [-38.88999, -19.73215, -25.04287],
							"lerp_mode": "catmullrom"
						},
						"1.9583": {
							"post": [-38.31, -20.98, -26.71],
							"lerp_mode": "catmullrom"
						},
						"2.0833": {
							"post": [-38.31, -20.98, -26.71],
							"lerp_mode": "catmullrom"
						},
						"2.125": {
							"post": [-38.88999, -19.73215, -25.04287],
							"lerp_mode": "catmullrom"
						},
						"2.2083": {
							"post": [-38.31, -20.98, -26.71],
							"lerp_mode": "catmullrom"
						},
						"2.4583": {
							"post": [-34.90481, -23.62424, -30.41624],
							"lerp_mode": "catmullrom"
						},
						"2.5833": {
							"post": [-36.93, -23.58, -30.35],
							"lerp_mode": "catmullrom"
						},
						"2.6667": {
							"post": [-36.93, -23.58, -30.35],
							"lerp_mode": "catmullrom"
						},
						"2.7917": {
							"post": [-37.44041, -22.67337, -29.05055],
							"lerp_mode": "catmullrom"
						},
						"2.8333": {
							"post": [-37.44, -22.67, -29.05],
							"lerp_mode": "catmullrom"
						},
						"2.875": [-38.24771, -18.4951, -23.0831],
						"2.9583": [-35.82714, -23.21028, -29.84921],
						"3.0833": [-38.19163, -18.95821, -23.85457],
						"3.1667": [-38.19163, -18.95821, -23.85457],
						"3.6667": [-24.45195, 16.07041, 69.40989],
						"4.4167": {
							"pre": [-26.82195, 17.52105, 72.4478],
							"post": [-26.82195, 17.52105, 72.4478],
							"lerp_mode": "catmullrom"
						},
						"4.625": [-25.74094, 21.41895, 75.43461],
						"5.25": [-26.84135, 19.98012, 72.31513],
						"5.4583": {
							"pre": [-8.61, 7.9, 41.07],
							"post": [-8.61, 7.9, 41.07],
							"lerp_mode": "catmullrom"
						},
						"5.6667": [-2, 0, 9],
						"5.75": {
							"pre": [0, 0, -0.75],
							"post": [0, 0, -0.75],
							"lerp_mode": "catmullrom"
						},
						"5.875": {
							"post": [0, 0, -0.75],
							"lerp_mode": "catmullrom"
						},
						"6.0": {
							"post": [0, 0, 0.5],
							"lerp_mode": "catmullrom"
						},
						"6.125": {
							"post": [0, 0, 0],
							"lerp_mode": "catmullrom"
						}
					},
					"position": {
						"0.0": {
							"post": [0, 0, 0],
							"lerp_mode": "catmullrom"
						},
						"0.1667": {
							"post": [-1.58125, 0.21188, -2.53],
							"lerp_mode": "catmullrom"
						},
						"0.3333": {
							"post": [-1.78125, 0.92188, -4.29687],
							"lerp_mode": "catmullrom"
						},
						"0.4583": {
							"post": [-1.9675, 0.43563, -4.3],
							"lerp_mode": "catmullrom"
						},
						"0.5833": {
							"post": [-1.73562, -0.45062, -4.3],
							"lerp_mode": "catmullrom"
						},
						"0.7083": {
							"post": [-1.88625, 0, -4.3],
							"lerp_mode": "catmullrom"
						},
						"0.8333": {
							"post": [-1.74, 0.34688, -4.3],
							"lerp_mode": "catmullrom"
						},
						"1.0417": {
							"post": [-1.74, 0.34688, -4.3],
							"lerp_mode": "catmullrom"
						},
						"1.25": {
							"post": [-1.51125, 0.37, -4.3],
							"lerp_mode": "catmullrom"
						},
						"1.8333": {
							"post": [-1.74, 0.35, -4.3],
							"lerp_mode": "catmullrom"
						},
						"1.875": {
							"post": [-1.70875, 0.225, -4.2375],
							"lerp_mode": "catmullrom"
						},
						"1.9583": {
							"post": [-1.74, 0.35, -4.3],
							"lerp_mode": "catmullrom"
						},
						"2.0833": {
							"post": [-1.74, 0.35, -4.3],
							"lerp_mode": "catmullrom"
						},
						"2.125": {
							"post": [-1.70875, 0.225, -4.2375],
							"lerp_mode": "catmullrom"
						},
						"2.2083": {
							"post": [-1.74, 0.35, -4.3],
							"lerp_mode": "catmullrom"
						},
						"2.4583": {
							"post": [-1.45875, 0.11562, -4.45625],
							"lerp_mode": "catmullrom"
						},
						"2.5833": {
							"post": [-1.45875, 0.11562, -4.45625],
							"lerp_mode": "catmullrom"
						},
						"2.6667": {
							"post": [-1.58, 0.18, -4.46],
							"lerp_mode": "catmullrom"
						},
						"2.8333": {
							"post": [-1.61125, 0.2425, -4.46],
							"lerp_mode": "catmullrom"
						},
						"2.875": [-1.23625, -0.03875, -4.585],
						"3.0833": [-1.31437, 0.08625, -4.46],
						"3.1667": [-1.08, -0.10125, -4.46],
						"3.4167": {
							"pre": [2.75, -1.91187, -2.16],
							"post": [2.75, -1.91187, -2.16],
							"lerp_mode": "catmullrom"
						},
						"3.625": {
							"post": [5.5, 0, -4.32812],
							"lerp_mode": "catmullrom"
						},
						"3.7917": {
							"post": [6, -0.67187, -4.32812],
							"lerp_mode": "catmullrom"
						},
						"3.9583": {
							"post": [6.1025, -0.74562, -4.33],
							"lerp_mode": "catmullrom"
						},
						"4.125": {
							"post": [6, -0.67187, -4.32812],
							"lerp_mode": "catmullrom"
						},
						"4.2917": {
							"post": [6, -0.67187, -4.32812],
							"lerp_mode": "catmullrom"
						},
						"4.4167": {
							"post": [6, -0.67187, -4.32812],
							"lerp_mode": "catmullrom"
						},
						"4.5417": {
							"post": [5.91, -0.74625, -4.14],
							"lerp_mode": "catmullrom"
						},
						"4.625": [5.85938, -0.545, -4.03312],
						"4.9583": [5.9225, -0.64375, -4.03],
						"5.25": [5.86, -0.55, -4.03],
						"5.4583": {
							"pre": [2.93, -2.07688, -2.01],
							"post": [2.93, -2.07688, -2.01],
							"lerp_mode": "catmullrom"
						},
						"5.625": [0, 0, -1.73437],
						"5.7083": [0, 0, -1.73437],
						"5.8333": {
							"pre": [-0.03125, 0, 0.1875],
							"post": [-0.03125, 0, 0.1875],
							"lerp_mode": "catmullrom"
						},
						"5.9583": {
							"post": [-0.03, 0, -0.09125],
							"lerp_mode": "catmullrom"
						},
						"6.0833": {
							"post": [0, 0, 0],
							"lerp_mode": "catmullrom"
						}
					}
				},
				"lh_and_mag": {
					"rotation": {
						"0.375": [0, 0, 0],
						"0.4583": [0, 0, -2],
						"0.625": {
							"pre": [0, 0, 0],
							"post": [0, 0, 0],
							"lerp_mode": "catmullrom"
						},
						"0.8333": {
							"post": [-12, 0, 6],
							"lerp_mode": "catmullrom"
						},
						"1.0833": {
							"post": [-12, 0, 6],
							"lerp_mode": "catmullrom"
						},
						"1.25": {
							"post": [-11.67767, 2.782, 19.21545],
							"lerp_mode": "catmullrom"
						},
						"1.625": {
							"post": [-11.68, 2.78, 19.22],
							"lerp_mode": "catmullrom"
						},
						"1.7083": {
							"post": [-12.91883, 7.92946, 15.01425],
							"lerp_mode": "catmullrom"
						},
						"1.7917": [-7.2313, 9.5981, 30.83218],
						"1.875": [-10.57701, 1.75306, -8.49986],
						"1.9167": [-10.22226, 3.24479, -0.37788],
						"2.0417": [-7.2313, 9.5981, 30.83218],
						"2.125": [-10.57701, 1.75306, -8.49986],
						"2.1667": [-10.22226, 3.24479, -0.37788],
						"2.2083": [-10.22226, 3.24479, -0.37788],
						"2.3333": {
							"pre": [-2.6825, 5.2716, 3.29742],
							"post": [-2.6825, 5.2716, 3.29742],
							"lerp_mode": "catmullrom"
						},
						"2.4583": [0, 5.25, -14.5],
						"2.5417": [0, 0, -3],
						"2.625": [0, 0, 0],
						"2.7083": [0, 0, 0.19],
						"2.7917": [0, 0, -0.3],
						"2.8333": [0, 0, 0],
						"2.875": [0, 0, 0]
					},
					"position": {
						"0.375": [0, 0, 0],
						"0.4583": [0.15625, -0.03125, 0],
						"0.625": {
							"pre": [0, -3.10937, 0],
							"post": [0, -3.10937, 0],
							"lerp_mode": "catmullrom"
						},
						"0.75": {
							"post": [4.42, -4.32, 2.07],
							"lerp_mode": "catmullrom"
						},
						"0.8333": {
							"post": [7.07813, -1.61, 3.3125],
							"lerp_mode": "catmullrom"
						},
						"1.0833": {
							"post": [7.08, -1.61, 3.31],
							"lerp_mode": "catmullrom"
						},
						"1.1667": {
							"post": [6.99125, -2.00125, 3.31],
							"lerp_mode": "catmullrom"
						},
						"1.25": {
							"post": [6.83, -1.32875, 3.31],
							"lerp_mode": "catmullrom"
						},
						"1.625": {
							"post": [6.83, -1.33, 3.31],
							"lerp_mode": "catmullrom"
						},
						"1.7083": {
							"post": [5.24875, -0.8, 1.69],
							"lerp_mode": "catmullrom"
						},
						"1.7917": {
							"post": [3.17375, 0.295, -1.0025],
							"lerp_mode": "catmullrom"
						},
						"1.8333": [1.70813, 0.75, -1.25],
						"1.9167": [1.05187, 0.75, -1.25],
						"2.0417": {
							"pre": [1.73625, -0.09563, -1.2525],
							"post": [1.73625, -0.09563, -1.2525],
							"lerp_mode": "catmullrom"
						},
						"2.0833": [1.70813, 0.75, -1.25],
						"2.1667": [1.05187, 0.75, -1.25],
						"2.2083": [1.05187, 0.75, -1.25],
						"2.3333": {
							"pre": [2.07688, -1.03938, -0.5],
							"post": [2.07688, -1.03938, -0.5],
							"lerp_mode": "catmullrom"
						},
						"2.4583": [1.03125, -2.32812, 0],
						"2.5417": [0, -1.76875, 0],
						"2.625": [0, -1.12937, 0],
						"2.7083": [0, -0.995, 0],
						"2.7917": [0, -0.87, 0],
						"2.8333": [0, -0.87, 0],
						"2.875": [0, 0, 0]
					}
				},
				"rh_ang_gun": {
					"rotation": {
						"1.875": [0, 0, 0],
						"1.9167": [0, -0.5, 4],
						"2.0": [0, 0, 0],
						"2.125": [0, 0, 0],
						"2.1667": [0, -0.5, 4],
						"2.25": [0, 0, 0]
					},
					"position": {
						"1.875": [0, 0, 0],
						"1.9167": [-0.14062, 0, 0],
						"2.0": [0, 0, 0],
						"2.125": [0, 0, 0],
						"2.1667": [-0.14062, 0, 0],
						"2.25": [0, 0, 0]
					}
				},
				"camera": {
					"rotation": {
						"0.0": {
							"post": [0, 0, 0],
							"lerp_mode": "catmullrom"
						},
						"0.5417": {
							"post": [-0.5, 0, 0],
							"lerp_mode": "catmullrom"
						},
						"0.875": {
							"post": [0, -0.5, 0],
							"lerp_mode": "catmullrom"
						},
						"1.0": {
							"post": [0, -0.5, 0],
							"lerp_mode": "catmullrom"
						},
						"1.2917": {
							"post": [0, -1.5, 0],
							"lerp_mode": "catmullrom"
						},
						"1.8333": {
							"post": [0, -0.07, 0],
							"lerp_mode": "catmullrom"
						},
						"1.875": {
							"post": [0, 0.25, 0.75],
							"lerp_mode": "catmullrom"
						},
						"1.9167": {
							"post": [0, 0, 0],
							"lerp_mode": "catmullrom"
						},
						"2.0833": {
							"post": [0, 0, -0.01],
							"lerp_mode": "catmullrom"
						},
						"2.125": {
							"post": [0, 0.25, 0.75],
							"lerp_mode": "catmullrom"
						},
						"2.1667": {
							"post": [0, 0, 0],
							"lerp_mode": "catmullrom"
						},
						"2.5417": {
							"post": [0.5, 0, 0],
							"lerp_mode": "catmullrom"
						},
						"2.8333": {
							"post": [0.05, 0, 0],
							"lerp_mode": "catmullrom"
						},
						"2.875": {
							"post": [0, 0, 1],
							"lerp_mode": "catmullrom"
						},
						"2.9167": {
							"post": [0, 0, 0],
							"lerp_mode": "catmullrom"
						},
						"3.375": {
							"post": [0.5, 0, 0],
							"lerp_mode": "catmullrom"
						},
						"3.875": {
							"post": [0, 0, 0],
							"lerp_mode": "catmullrom"
						},
						"4.375": {
							"post": [0, 0, 0],
							"lerp_mode": "catmullrom"
						},
						"4.6667": {
							"post": [0.5, 0, 0],
							"lerp_mode": "catmullrom"
						},
						"5.2917": {
							"post": [0.5, 0, 0],
							"lerp_mode": "catmullrom"
						},
						"5.4583": {
							"post": [0.75, 0, 0],
							"lerp_mode": "catmullrom"
						},
						"5.6667": {
							"post": [0, 0, 0],
							"lerp_mode": "catmullrom"
						}
					}
				},
				"bullet_in_mag": {
					"position": {
						"0.0": [0, -1, 0],
						"2.9167": [0, -1, 0],
						"2.9583": [0, 0, 0]
					}
				},
				"bolt2": {
					"position": [0, 0, -3]
				}
			},
			"sound_effects": {
				"0.0833": {
					"effect": "battlefield1:m1918/m1918_hand"
				},
				"0.4583": {
					"effect": "battlefield1:m1918/m1918_magout"
				},
				"1.7917": {
					"effect": "battlefield1:m1918/m1918_tap1"
				},
				"2.0833": {
					"effect": "battlefield1:m1918/m1918_tap1"
				},
				"2.75": {
					"effect": "battlefield1:m1918/m1918_magin1"
				},
				"3.2917": {
					"effect": "battlefield1:m1918/m1918_draw1"
				},
				"5.2917": {
					"effect": "battlefield1:m1918/m1918_putaway"
				},
				"5.7083": {
					"effect": "battlefield1:m1918/m1918_draw2"
				}
			}
		}
	}
}