{
	"format_version": "1.8.0",
	"animations": {
		"static_idle": {
			"loop": true,
			"bones": {
				"constraint": {
					"rotation": [0.2, 0.2, 0.2],
					"position": [0.2, 0.2, 0.2]
				},
				"lefthand": {
					"rotation": [91.3824, -31.37238, -139.91981],
					"position": [7.5, -8.5, 3]
				},
				"righthand": {
					"rotation": [95.61723, 11.32515, -174.29749],
					"position": [-7, -8.73437, 15.32813]
				}
			}
		},
		"static_bolt_caught": {
			"loop": true,
			"animation_length": 8.5,
			"bones": {
				"constraint": {
					"rotation": [0.2, 0.2, 0.2],
					"position": [0.2, 0.2, 0.2],
					"scale": 1
				},
				"lefthand": {
					"rotation": [91.3824, -31.37238, -139.91981],
					"position": [7.5, -8.5, 3]
				},
				"righthand": {
					"rotation": [95.61723, 11.32515, -174.29749],
					"position": [-7, -8.73437, 15.32813]
				},
				"group3": {
					"position": [0, 0, -0.25]
				}
			}
		},
		"bolt": {
			"loop": "hold_on_last_frame",
			"animation_length": 1.5833,
			"bones": {
				"7": {
					"rotation": {
						"0.625": [0, 0, 0],
						"0.6667": [-11.5, 0, 0],
						"0.7083": [0, 0, 0],
						"0.75": [0, 0, 0],
						"0.7917": [0, 0, 0]
					},
					"position": {
						"0.5833": [0, 0, 0],
						"0.625": [-0.25, 0, 0],
						"0.6667": [-0.25, 0.70313, -2.75],
						"0.7083": [-0.3125, 0.56437, -4.85688],
						"0.75": [-0.31, 0.56, -3.86],
						"0.7917": [0, 0, 0]
					}
				},
				"11111": {
					"position": {
						"0.0": [0, 0, 0],
						"0.5417": [0, 0, 0],
						"0.5833": [0, 0.25, 0],
						"0.7083": [0, 0.25, 0],
						"0.75": [0, 0, 0]
					}
				},
				"constraint": {
					"rotation": {
						"0.2083": {
							"pre": [1, 1, 1],
							"post": [1, 1, 1],
							"lerp_mode": "catmullrom"
						},
						"0.9167": {
							"post": [0.2, 0.2, 0.2],
							"lerp_mode": "catmullrom"
						}
					},
					"position": {
						"0.2083": {
							"pre": [1, 1, 1],
							"post": [1, 1, 1],
							"lerp_mode": "catmullrom"
						},
						"0.9167": {
							"post": [0.2, 0.2, 0.2],
							"lerp_mode": "catmullrom"
						}
					}
				},
				"lefthand": {
					"rotation": {
						"0.0": [91.3824, -31.37238, -139.91981],
						"0.1667": [82.26756, -29.516, -122.30567],
						"0.3333": [82.27, -29.52, -122.31],
						"0.4583": [74.52, -29.52, -122.31],
						"0.5833": [74.52, -29.52, -122.31],
						"0.75": [82.26756, -29.516, -122.30567],
						"0.875": [90.21535, -34.28623, -130.63778],
						"0.9583": [90.21535, -34.28623, -130.63778],
						"1.1667": [91.3824, -31.37238, -139.91981]
					},
					"position": {
						"0.0": [7.5, -8.5, 3],
						"0.1667": [7.14063, -8.875, 3],
						"0.3333": [7.14, -8.87, 3],
						"0.4583": [7.14, -8.87, 2.59375],
						"0.5833": [7.14, -8.87, 2.59375],
						"0.75": [7.14063, -8.625, 3],
						"0.875": [7.14063, -8.875, 3],
						"0.9583": [7.14063, -8.875, 3],
						"1.1667": [7.5, -8.5, 3]
					}
				},
				"righthand": {
					"rotation": {
						"0.0": [95.61723, 11.32515, -174.29749],
						"0.125": [102.35941, 10.8113, -188.71865],
						"0.1667": [102.36, 10.81, -188.72],
						"0.375": [132.77773, 14.99735, -163.5022],
						"0.4583": [132.78, 15, -163.5],
						"0.5833": [132.78, 15, -163.5],
						"0.6667": [132.77773, 14.99735, -163.5022],
						"0.75": [132.77773, 14.99735, -163.5022],
						"0.875": [102.35941, 10.8113, -188.71865],
						"0.9167": [102.35941, 10.8113, -188.71865],
						"1.0417": {
							"pre": [98.15, 11.13, -179.72],
							"post": [98.15, 11.13, -179.72],
							"lerp_mode": "catmullrom"
						},
						"1.125": {
							"post": [95.61723, 11.32515, -174.29749],
							"lerp_mode": "catmullrom"
						}
					},
					"position": {
						"0.0": [-7, -8.73437, 15.32813],
						"0.125": [-9.625, -6.51125, 13.08],
						"0.1667": [-9.625, -6.51125, 13.08],
						"0.25": [-9.2425, -4.69062, 13.08],
						"0.375": [-7.6875, -2.86937, 13.08],
						"0.4583": [-7.69, -2.87, 18.33],
						"0.5833": [-7.69, -2.87, 18.33],
						"0.6667": [-7.6875, -2.86937, 13.08],
						"0.75": [-7.6875, -2.86937, 13.08],
						"0.7917": [-8.86125, -3.37687, 13.08],
						"0.8333": [-9.8025, -4.73688, 13.08],
						"0.875": [-9.625, -6.51125, 13.08],
						"0.9167": [-9.625, -6.51125, 13.08],
						"1.0417": {
							"pre": [-8.99, -8.9, 14.48],
							"post": [-8.99, -8.9, 14.48],
							"lerp_mode": "catmullrom"
						},
						"1.125": {
							"post": [-7, -8.73437, 15.32813],
							"lerp_mode": "catmullrom"
						}
					}
				},
				"root": {
					"rotation": {
						"0.0": {
							"post": [0, 0, 0],
							"lerp_mode": "catmullrom"
						},
						"0.1667": {
							"post": [0, -1.5, 3.75],
							"lerp_mode": "catmullrom"
						},
						"0.3333": {
							"post": [-0.25408, -3.72833, 13.50328],
							"lerp_mode": "catmullrom"
						},
						"0.375": [-3.02781, -1.60536, 14.8381],
						"0.4583": {
							"pre": [-9.347, -4.25815, 8.81164],
							"post": [-9.347, -4.25815, 8.81164],
							"lerp_mode": "catmullrom"
						},
						"0.625": {
							"post": [-9.347, -5.25815, 8.81164],
							"lerp_mode": "catmullrom"
						},
						"0.75": {
							"post": [-4.76628, -1.27467, 11.67634],
							"lerp_mode": "catmullrom"
						},
						"0.9583": {
							"post": [-5.50868, -2.49744, -3.78003],
							"lerp_mode": "catmullrom"
						},
						"1.125": {
							"post": [0, 0, 0],
							"lerp_mode": "catmullrom"
						}
					},
					"position": {
						"0.0": {
							"post": [0, 0, 0],
							"lerp_mode": "catmullrom"
						},
						"0.1667": {
							"post": [-0.125, -1.5, 0.3125],
							"lerp_mode": "catmullrom"
						},
						"0.2917": {
							"post": [0.23938, -1.25, 0.31],
							"lerp_mode": "catmullrom"
						},
						"0.3333": [0.16063, -1.22, 0.53],
						"0.4583": {
							"pre": [-1.26, -1.34375, 1.38813],
							"post": [-1.26, -1.34375, 1.38813],
							"lerp_mode": "catmullrom"
						},
						"0.625": {
							"post": [-1.51, -1.34375, 1.38813],
							"lerp_mode": "catmullrom"
						},
						"0.75": {
							"post": [-0.01, -1.16812, -1.86],
							"lerp_mode": "catmullrom"
						},
						"0.9167": {
							"post": [0.24, -1.09187, -1.28188],
							"lerp_mode": "catmullrom"
						},
						"1.0417": {
							"post": [0.24, 0, -0.75],
							"lerp_mode": "catmullrom"
						},
						"1.1667": {
							"post": [0, 0, 0],
							"lerp_mode": "catmullrom"
						},
						"1.2917": {
							"post": [-0.07812, -0.07812, 0.09375],
							"lerp_mode": "catmullrom"
						},
						"1.4167": {
							"post": [0.01, -0.04, -0.07625],
							"lerp_mode": "catmullrom"
						},
						"1.5833": {
							"post": [0, 0, 0],
							"lerp_mode": "catmullrom"
						}
					}
				},
				"body2": {
					"rotation": {
						"0.4583": [0, 0, 0],
						"0.625": [-270, 0, 0],
						"1.125": [-967.5, 0, 0],
						"1.2083": [0, 0, 0]
					},
					"position": {
						"0.375": [0, 0, 0],
						"0.4167": [0, 0, 2.3125],
						"0.4583": [0, 0, 4],
						"0.625": [-3.10937, 8.70313, 6.23438],
						"0.7083": [-6.5, 9.64063, 2],
						"0.7917": [-8, 5, -3],
						"1.125": [-10.01562, -26, -16],
						"1.1667": [-5.01, -27, 35],
						"1.2083": [0, 0, 0]
					}
				},
				"bolt": {
					"position": {
						"0.375": {
							"pre": [0, 0, 0],
							"post": [0, 0, 0],
							"lerp_mode": "catmullrom"
						},
						"0.4583": [0, 0, 5.75],
						"0.5833": [0, 0, 5.75],
						"0.6667": {
							"pre": [0, 0, 0],
							"post": [0, 0, 0],
							"lerp_mode": "catmullrom"
						}
					}
				},
				"group": {
					"rotation": {
						"0.1667": [0, 0, 0],
						"0.3333": [0, 0, 90],
						"0.75": [0, 0, 90],
						"0.875": [0, 0, 0]
					}
				},
				"lever": {
					"position": {
						"0.5417": [0, 0, 0],
						"0.5833": [0, 0.25, 0],
						"0.7083": [0, 0.25, 0],
						"0.75": [0, 0, 0]
					}
				},
				"group3": {
					"position": {
						"0.0": [0, 0, -0.25],
						"0.375": [0, 0, -0.25],
						"0.4583": [0, 0, 0]
					}
				},
				"camera": {
					"rotation": {
						"0.0": {
							"post": [0, 0, 0],
							"lerp_mode": "catmullrom"
						},
						"0.375": {
							"post": [-1, 0, 0],
							"lerp_mode": "catmullrom"
						},
						"0.4167": {
							"post": [-1, 0, 1],
							"lerp_mode": "catmullrom"
						},
						"0.4583": {
							"post": [-1, 0, 0],
							"lerp_mode": "catmullrom"
						},
						"0.6667": {
							"post": [-0.58, 0, 0],
							"lerp_mode": "catmullrom"
						},
						"0.7083": {
							"post": [-0.5, 0, 1],
							"lerp_mode": "catmullrom"
						},
						"0.75": {
							"post": [-0.58, 0, 0],
							"lerp_mode": "catmullrom"
						},
						"0.9167": {
							"post": [0, 0, 0],
							"lerp_mode": "catmullrom"
						}
					}
				}
			}
		},
		"reload_intro": {
			"loop": "hold_on_last_frame",
			"animation_length": 1.4167,
			"bones": {
				"7": {
					"position": {
						"0.7083": [0, 0, 0],
						"0.75": [-0.5, 0, 0]
					}
				},
				"8": {
					"rotation": {
						"0.7083": [0, 0, 0],
						"0.75": [-8.23637, -5.50569, 17.64847],
						"1.0417": {
							"pre": [0, 0, 16.36105],
							"post": [0, 0, 16.36105],
							"lerp_mode": "catmullrom"
						},
						"1.4167": {
							"post": [0, 0, 16.36105],
							"lerp_mode": "catmullrom"
						}
					},
					"position": {
						"0.7083": [0, 0, 0],
						"0.75": [-3.90625, -11, 14.78125],
						"1.0417": {
							"pre": [-4.40625, -11, 15.28125],
							"post": [-4.40625, -11, 15.28125],
							"lerp_mode": "catmullrom"
						},
						"1.4167": {
							"post": [-1.41, 2.5, 1.53],
							"lerp_mode": "catmullrom"
						}
					}
				},
				"constraint": {
					"rotation": [0.2, 0.2, 0.2],
					"position": [0.2, 0.2, 0.2],
					"scale": 1
				},
				"lefthand": {
					"rotation": {
						"0.0": {
							"post": [91.3824, -31.37238, -139.91981],
							"lerp_mode": "catmullrom"
						},
						"0.2083": {
							"post": [83.51242, -30.78689, -124.74453],
							"lerp_mode": "catmullrom"
						},
						"0.3333": {
							"post": [83.51242, -30.78689, -124.74453],
							"lerp_mode": "catmullrom"
						},
						"0.5417": {
							"post": [12.1494, 2.20715, -41.94195],
							"lerp_mode": "catmullrom"
						},
						"0.9583": {
							"post": [12.1494, 2.20715, -41.94195],
							"lerp_mode": "catmullrom"
						},
						"1.2083": {
							"post": [83.51242, -30.78689, -124.74453],
							"lerp_mode": "catmullrom"
						}
					},
					"position": {
						"0.0": {
							"post": [7.5, -8.5, 3],
							"lerp_mode": "catmullrom"
						},
						"0.2083": {
							"post": [7.28125, -9.04687, 7.57813],
							"lerp_mode": "catmullrom"
						},
						"0.3333": {
							"post": [7.28125, -9.04687, 7.57813],
							"lerp_mode": "catmullrom"
						},
						"0.5417": {
							"post": [4.88563, -6.90938, 10.73625],
							"lerp_mode": "catmullrom"
						},
						"0.9583": {
							"post": [4.88563, -6.90938, 10.73625],
							"lerp_mode": "catmullrom"
						},
						"1.2083": {
							"post": [7.28125, -9.04687, 7.57813],
							"lerp_mode": "catmullrom"
						}
					}
				},
				"righthand": {
					"rotation": {
						"0.0": [95.61723, 11.32515, -174.29749],
						"0.2083": {
							"pre": [95.61723, 11.32515, -174.29749],
							"post": [95.61723, 11.32515, -174.29749],
							"lerp_mode": "catmullrom"
						},
						"0.4167": [102.36, 10.81, -188.72],
						"0.5833": [132.77773, 14.99735, -163.5022],
						"0.8333": [153.03, 15, -163.5],
						"1.0417": [120.05242, 2.39483, -158.24921],
						"1.4167": [116.98528, -1.2789, -170.44972]
					},
					"position": {
						"0.0": [-7, -8.73437, 15.32813],
						"0.2083": {
							"pre": [-7, -8.73437, 15.32813],
							"post": [-7, -8.73437, 15.32813],
							"lerp_mode": "catmullrom"
						},
						"0.4167": [-9.625, -6.51125, 13.08],
						"0.5": [-9.2425, -4.69062, 13.08],
						"0.5833": [-7.6875, -3.61937, 12.58],
						"0.8333": [-7.69, -2.87, 18.33],
						"1.0417": [-12.23437, -17.79687, 25.92188],
						"1.4167": [-8.98, -4.3, 12.17]
					}
				},
				"root": {
					"rotation": {
						"0.0": {
							"post": [0, 0, 0],
							"lerp_mode": "catmullrom"
						},
						"0.2083": {
							"post": [1.66975, -2.909, -3.33168],
							"lerp_mode": "catmullrom"
						},
						"0.4167": {
							"post": [2.42817, -23.09294, 10.03266],
							"lerp_mode": "catmullrom"
						},
						"0.5833": {
							"post": [-18.50789, -17.48671, 69.17582],
							"lerp_mode": "catmullrom"
						},
						"0.8333": {
							"post": [-12.97106, -24.52842, 27.62275],
							"lerp_mode": "catmullrom"
						},
						"1.0417": {
							"post": [-15.69773, -26.48505, 34.04089],
							"lerp_mode": "catmullrom"
						}
					},
					"position": {
						"0.0": {
							"post": [0, 0, 0],
							"lerp_mode": "catmullrom"
						},
						"0.2083": {
							"post": [0, -0.4375, 0.60938],
							"lerp_mode": "catmullrom"
						},
						"0.4167": {
							"post": [3.1875, -1.72125, 0.61],
							"lerp_mode": "catmullrom"
						},
						"0.5833": {
							"post": [4.59625, -2.82937, 0.61],
							"lerp_mode": "catmullrom"
						},
						"0.8333": {
							"post": [4.25, -0.8125, 2.42188],
							"lerp_mode": "catmullrom"
						},
						"1.0417": {
							"post": [5, -1.95312, 0],
							"lerp_mode": "catmullrom"
						}
					}
				},
				"body2": {
					"position": {
						"0.5417": [0, 0, 0],
						"0.5833": [0, 0, -2]
					}
				},
				"bolt": {
					"position": {
						"0.5833": [0, 0, 0],
						"0.8333": [0, 0, 5.75]
					}
				},
				"group": {
					"rotation": {
						"0.4167": [0, 0, 0],
						"0.5833": [0, 0, 90]
					}
				},
				"camera": {
					"rotation": {
						"0.0": {
							"post": [0, 0, 0],
							"lerp_mode": "catmullrom"
						},
						"0.5": {
							"post": [1.25, 0, 0],
							"lerp_mode": "catmullrom"
						},
						"0.75": [0.13, 0, 0],
						"0.7917": [0, 0, -0.5],
						"0.8333": [0, 0, 0]
					}
				}
			},
			"sound_effects": {
				"0.0": {
					"effect": "battlefield1:type38/type38_reload_intro"
				}
			}
		},
		"reload_loop": {
			"loop": true,
			"animation_length": 0.5417,
			"bones": {
				"7": {
					"position": {
						"0.125": [-0.4375, 0, 0],
						"0.25": [-0.4375, 0, 0],
						"0.3333": [-0.4375, -0.1875, 0]
					}
				},
				"8": {
					"rotation": {
						"0.125": {
							"pre": [0, 0, 16.36105],
							"post": [0, 0, 16.36105],
							"lerp_mode": "catmullrom"
						},
						"0.25": {
							"post": [0, 0, 16.36],
							"lerp_mode": "catmullrom"
						}
					},
					"position": {
						"0.0": {
							"post": [-1.41, 2.5, 1.53],
							"lerp_mode": "catmullrom"
						},
						"0.125": {
							"post": [-0.3475, 2.5, 1.03],
							"lerp_mode": "catmullrom"
						},
						"0.1667": {
							"post": [-0.31, 1.57, -0.0025],
							"lerp_mode": "catmullrom"
						},
						"0.25": {
							"post": [0.09, 0.25, 0.03],
							"lerp_mode": "catmullrom"
						}
					}
				},
				"constraint": {
					"rotation": [0.2, 0.2, 0.2],
					"position": [0.2, 0.2, 0.2],
					"scale": 1
				},
				"lefthand": {
					"rotation": {
						"0.0": {
							"post": [83.51242, -30.78689, -124.74453],
							"lerp_mode": "catmullrom"
						}
					},
					"position": {
						"0.0": {
							"post": [7.28125, -9.04687, 7.57813],
							"lerp_mode": "catmullrom"
						}
					}
				},
				"righthand": {
					"rotation": {
						"0.0": [116.98528, -1.2789, -170.44972],
						"0.125": [116.60691, 4.82954, -182.50486],
						"0.25": [112.26183, 6.411, -156.6888],
						"0.3333": [121.76183, 6.411, -156.6888],
						"0.4167": [121.76183, 6.411, -156.6888],
						"0.5417": [116.98528, -1.2789, -170.44972]
					},
					"position": {
						"0.0": [-8.98, -4.3, 12.17],
						"0.125": [-8.6675, -4.3, 12.17],
						"0.1667": [-8.62, -5.25, 11.1375],
						"0.25": [-8.23, -6.3, 11.17],
						"0.3333": [-7.98, -6.55, 11.17],
						"0.4167": [-8.23, -6.3, 11.17],
						"0.5417": [-8.98, -4.3, 12.17]
					}
				},
				"root": {
					"rotation": {
						"0.0": {
							"post": [-15.69773, -26.48505, 34.04089],
							"lerp_mode": "catmullrom"
						},
						"0.2083": {
							"post": [-16.94773, -26.48505, 34.04089],
							"lerp_mode": "catmullrom"
						},
						"0.2917": {
							"post": [-16.94773, -26.48505, 34.04089],
							"lerp_mode": "catmullrom"
						},
						"0.375": {
							"post": [-18.45, -26.49, 34.04],
							"lerp_mode": "catmullrom"
						},
						"0.5417": {
							"post": [-15.69773, -26.48505, 34.04089],
							"lerp_mode": "catmullrom"
						}
					},
					"position": {
						"0.0": {
							"post": [5, -1.95312, 0],
							"lerp_mode": "catmullrom"
						},
						"0.2083": {
							"post": [5, -1.84062, 0],
							"lerp_mode": "catmullrom"
						},
						"0.2917": {
							"post": [5, -1.84, 0],
							"lerp_mode": "catmullrom"
						},
						"0.4167": {
							"post": [5, -2.59, 0],
							"lerp_mode": "catmullrom"
						},
						"0.5417": {
							"post": [5, -1.95312, 0],
							"lerp_mode": "catmullrom"
						}
					}
				},
				"body2": {
					"position": [0, 0, -2]
				},
				"bolt": {
					"position": [0, 0, 5.75]
				},
				"group": {
					"rotation": [0, 0, 90]
				},
				"lever": {
					"position": {
						"0.2917": [0, 0, 0],
						"0.4583": [0, -0.5, 0]
					}
				},
				"camera": {
					"rotation": {
						"0.25": [0, 0, 0],
						"0.3333": [0, 0, -0.5],
						"0.375": [0, 0, 0]
					}
				}
			},
			"sound_effects": {
				"0.0": {
					"effect": "battlefield1:type38/type38_reload_loop"
				}
			}
		},
		"reload_end": {
			"loop": "hold_on_last_frame",
			"animation_length": 1.4167,
			"bones": {
				"7": {
					"rotation": {
						"0.1667": [0, 0, 0],
						"0.2083": [-11.5, 0, 0],
						"0.25": [0, 0, 0],
						"0.2917": [0, 0, 0],
						"0.3333": [0, 0, 0]
					},
					"position": {
						"0.0": [0, -0.5, 0],
						"0.125": [0, 0, 0],
						"0.1667": [-0.25, 0, 0],
						"0.2083": [-0.25, 0.57813, -1],
						"0.25": [-0.3125, 0.56437, -2.73188],
						"0.2917": [-0.31, 0.56, -3.86],
						"0.3333": [0, 0, 0]
					}
				},
				"8": {
					"rotation": {
						"0.0": {
							"post": [0, 0, 0],
							"lerp_mode": "catmullrom"
						}
					},
					"position": {
						"0.0": {
							"post": [-0.00375, 0.25, 0.03],
							"lerp_mode": "catmullrom"
						},
						"0.125": {
							"post": [0, 0.25, 0.03],
							"lerp_mode": "catmullrom"
						},
						"0.1667": {
							"post": [0, 0, 0],
							"lerp_mode": "catmullrom"
						}
					}
				},
				"11111": {
					"position": {
						"0.125": [0, 0, 0],
						"0.1667": [0, 0.25, 0],
						"0.2917": [0, 0.25, 0],
						"0.3333": [0, 0, 0]
					}
				},
				"constraint": {
					"rotation": [0.2, 0.2, 0.2],
					"position": [0.2, 0.2, 0.2],
					"scale": 1
				},
				"lefthand": {
					"rotation": {
						"0.0": {
							"post": [83.51242, -30.78689, -124.74453],
							"lerp_mode": "catmullrom"
						},
						"0.7917": {
							"post": [83.51, -30.79, -124.74],
							"lerp_mode": "catmullrom"
						},
						"1.0833": [91.3824, -31.37238, -139.91981]
					},
					"position": {
						"0.0": {
							"post": [7.28125, -9.04687, 7.57813],
							"lerp_mode": "catmullrom"
						},
						"0.7917": {
							"post": [7.28, -9.05, 7.58],
							"lerp_mode": "catmullrom"
						},
						"0.9583": {
							"post": [7.39, -9.53, 5.29],
							"lerp_mode": "catmullrom"
						},
						"1.0833": [7.5, -8.5, 3]
					}
				},
				"righthand": {
					"rotation": {
						"0.0": [116.98528, -1.2789, -170.44972],
						"0.1667": [132.78, 15, -163.5],
						"0.3333": [132.77773, 14.99735, -163.5022],
						"0.4583": [102.35941, 10.8113, -188.71865],
						"0.5": [102.35941, 10.8113, -188.71865],
						"0.5417": [102.35941, 10.8113, -188.71865],
						"0.625": [100.11, 10.98, -183.91],
						"0.7083": [97.86, 11.15, -179.1],
						"0.7917": [95.61723, 11.32515, -174.29749]
					},
					"position": {
						"0.0": [-8.98, -4.3, 12.17],
						"0.1667": [-7.69, -2.87, 18.33],
						"0.3333": [-7.6875, -2.86937, 13.08],
						"0.375": [-8.86125, -3.37687, 13.08],
						"0.4167": [-9.8025, -4.73688, 13.08],
						"0.4583": [-9.625, -6.51125, 13.08],
						"0.5": [-9.625, -6.51125, 13.08],
						"0.5417": [-9.625, -6.51125, 13.08],
						"0.625": [-10.77375, -7.57, 13.83],
						"0.7083": [-9.22938, -8.63062, 14.58],
						"0.7917": [-7, -8.73437, 15.32813]
					}
				},
				"root": {
					"rotation": {
						"0.0": {
							"post": [-15.69773, -26.48505, 34.04089],
							"lerp_mode": "catmullrom"
						},
						"0.1667": {
							"post": [-6.38, -22.32, 7.57],
							"lerp_mode": "catmullrom"
						},
						"0.3333": {
							"post": [3.37, -22.32, 7.57],
							"lerp_mode": "catmullrom"
						},
						"0.4583": {
							"post": [9.21646, -23.05588, -9.43733],
							"lerp_mode": "catmullrom"
						},
						"0.625": {
							"post": [5.77665, -17.68104, 8.82156],
							"lerp_mode": "catmullrom"
						},
						"0.7917": {
							"post": [6.90281, -5.24297, 3.98467],
							"lerp_mode": "catmullrom"
						},
						"1.0": {
							"post": [-1.50855, 0.47358, -1.01278],
							"lerp_mode": "catmullrom"
						},
						"1.1667": {
							"post": [0, 0, 0],
							"lerp_mode": "catmullrom"
						}
					},
					"position": {
						"0.0": {
							"post": [5, -1.95312, 0],
							"lerp_mode": "catmullrom"
						},
						"0.1667": {
							"post": [5, -1.18, -0.95312],
							"lerp_mode": "catmullrom"
						},
						"0.3333": {
							"post": [5.75, -1.68, -1.95],
							"lerp_mode": "catmullrom"
						},
						"0.4583": {
							"post": [5.75, -1.68, -1.95],
							"lerp_mode": "catmullrom"
						},
						"0.625": {
							"post": [2.25, -2.93, -1.95],
							"lerp_mode": "catmullrom"
						},
						"0.7917": {
							"post": [0, -0.5625, 0],
							"lerp_mode": "catmullrom"
						},
						"1.0": {
							"post": [-0.15625, 0.07813, 0.26563],
							"lerp_mode": "catmullrom"
						},
						"1.1667": {
							"post": [0.01563, -0.125, -0.40625],
							"lerp_mode": "catmullrom"
						},
						"1.3333": {
							"post": [0, -0.03125, 0.125],
							"lerp_mode": "catmullrom"
						},
						"1.4167": {
							"post": [0, 0, 0],
							"lerp_mode": "catmullrom"
						}
					}
				},
				"body2": {
					"position": {
						"0.9583": [0, 0, -2],
						"1.0": [0, 0, 0]
					}
				},
				"bolt": {
					"position": {
						"0.0": [0, 0, 5.75],
						"0.1667": [0, 0, 5.75],
						"0.3333": {
							"pre": [0, 0, 0],
							"post": [0, 0, 0],
							"lerp_mode": "catmullrom"
						}
					}
				},
				"group": {
					"rotation": {
						"0.0": [0, 0, 90],
						"0.3333": [0, 0, 90],
						"0.4583": [0, 0, 0]
					}
				},
				"lever": {
					"position": {
						"0.0": [0, -0.5, 0],
						"0.125": [0, 0, 0],
						"0.1667": [0, 0.25, 0],
						"0.2917": [0, 0.25, 0],
						"0.3333": [0, 0, 0]
					}
				},
				"camera": {
					"rotation": {
						"0.0": {
							"post": [0, 0, 0],
							"lerp_mode": "catmullrom"
						},
						"0.0833": {
							"post": [-0.25, 0, -0.03],
							"lerp_mode": "catmullrom"
						},
						"0.4167": {
							"post": [0, 0, 0],
							"lerp_mode": "catmullrom"
						},
						"0.4583": {
							"post": [0, 0, 0.5],
							"lerp_mode": "catmullrom"
						},
						"0.5": {
							"post": [0, 0, 0],
							"lerp_mode": "catmullrom"
						},
						"0.6667": {
							"post": [0.5, 0, 0],
							"lerp_mode": "catmullrom"
						},
						"1.0": {
							"post": [0, 0, 0],
							"lerp_mode": "catmullrom"
						}
					}
				}
			},
			"sound_effects": {
				"0.0": {
					"effect": "battlefield1:type38/type38_reload_end"
				}
			}
		},
		"reload_empty": {
			"loop": "hold_on_last_frame",
			"animation_length": 3.7917,
			"bones": {
				"5": {
					"position": {
						"1.875": [0, 0, 0],
						"1.9583": [0, 1, 0],
						"3.4167": [0, 1, 0],
						"3.4583": [0, 0, 0]
					}
				},
				"11111": {
					"position": {
						"0.0": [0, 0, 0],
						"0.0417": [0, -1, 0],
						"0.75": [0, -1, 0],
						"0.7917": [0.57813, -3.14062, 0],
						"0.8333": [0.97063, -6.62437, 4.42188],
						"0.875": [0.97, -10.35438, 7.46688],
						"0.9167": [0.00125, -14.13125, 10.67313],
						"0.9583": [-1.71875, -17.3175, 12.84188],
						"1.0": [-2.75125, -18.64812, 14.82438],
						"1.0417": [-3.75, -19.36875, 16.195],
						"1.0833": [-3.75, -18.08875, 16.2],
						"1.125": [-3.89062, -16.84, 16.2],
						"1.1667": [-4.04625, -16.18375, 14.84063],
						"1.2083": [-4.05, -15.1175, 14.84],
						"2.875": [-4.05, -15.12, 14.84],
						"2.9167": [-4.05, -14.13687, 14.84],
						"2.9583": [-4.05, -12.0575, 14.84],
						"3.0": [-2.51875, -9.81, 14.69938],
						"3.0417": [-2.36375, -8.31, 19.62188],
						"3.0833": [-1.00062, -7.13812, 19.62],
						"3.125": [0.0625, -3.12437, 17.08875]
					}
				},
				"constraint": {
					"rotation": [0.2, 0.2, 0.2],
					"position": [0.2, 0.2, 0.2],
					"scale": 1
				},
				"lefthand": {
					"rotation": [91.3824, -31.37238, -139.91981],
					"position": [7.5, -8.5, 3]
				},
				"righthand": {
					"rotation": {
						"0.0": [95.61723, 11.32515, -174.29749],
						"0.125": [102.35941, 10.8113, -188.71865],
						"0.1667": [102.36, 10.81, -188.72],
						"0.3333": [132.77773, 14.99735, -163.5022],
						"0.4583": [132.78, 15, -163.5],
						"0.75": [103.95904, -1.53189, -178.89271],
						"1.0": [121.21, -1.53, -178.89],
						"1.2083": {
							"pre": [105.99163, 10.739, -175.40294],
							"post": [105.99163, 10.739, -175.40294],
							"lerp_mode": "catmullrom"
						},
						"1.4583": [117.26454, 22.57647, -101.45098],
						"1.5417": [117.26454, 22.57647, -101.45098],
						"1.6667": {
							"pre": [120.08156, 32.46092, -95.37077],
							"post": [120.08156, 32.46092, -95.37077],
							"lerp_mode": "catmullrom"
						},
						"1.875": {
							"post": [120.08, 32.46, -95.37],
							"lerp_mode": "catmullrom"
						},
						"1.9583": {
							"post": [114.25833, 36.53605, -92.40905],
							"lerp_mode": "catmullrom"
						},
						"2.0417": {
							"post": [114.25833, 36.53605, -92.40905],
							"lerp_mode": "catmullrom"
						},
						"2.2083": {
							"post": [114.26, 36.54, -92.41],
							"lerp_mode": "catmullrom"
						},
						"2.5": [132.77773, 14.99735, -163.5022],
						"2.7083": [132.77773, 14.99735, -163.5022],
						"2.8333": [113.48783, 9.27871, -166.07459],
						"2.9167": [113.48783, 9.27871, -166.07459],
						"3.125": [95.61723, 11.32515, -174.29749]
					},
					"position": {
						"0.0": [-7, -8.73437, 15.32813],
						"0.125": [-9.625, -6.51125, 13.08],
						"0.1667": [-9.625, -6.51125, 13.08],
						"0.25": [-9.2425, -4.69062, 13.08],
						"0.3333": [-7.6875, -2.86937, 13.08],
						"0.4583": [-7.69, -2.87, 18.33],
						"0.75": [-12.23437, -17.79687, 25.92188],
						"1.2083": {
							"pre": [-12.23, -17.8, 25.92],
							"post": [-12.23, -17.8, 25.92],
							"lerp_mode": "catmullrom"
						},
						"1.3333": {
							"post": [-12.55125, -16.43188, 24.65313],
							"lerp_mode": "catmullrom"
						},
						"1.4583": [-11.48, -16.06562, 24.42],
						"1.5417": [-11.48, -16.06562, 24.42],
						"1.6667": {
							"pre": [-11.48, -17.81562, 24.42],
							"post": [-11.48, -17.81562, 24.42],
							"lerp_mode": "catmullrom"
						},
						"1.875": {
							"post": [-11.48, -17.82, 24.42],
							"lerp_mode": "catmullrom"
						},
						"1.9583": {
							"post": [-11.48, -19.07, 24.42],
							"lerp_mode": "catmullrom"
						},
						"2.0417": {
							"post": [-11.48, -19.07, 24.42],
							"lerp_mode": "catmullrom"
						},
						"2.2083": {
							"post": [-11.48, -19.07, 24.42],
							"lerp_mode": "catmullrom"
						},
						"2.5": [-11.9375, -16.61937, 34.33],
						"2.625": [-11.94, -16.62, 28.58],
						"2.7083": [-11.94, -16.62, 28.58],
						"2.75": [-12.86187, -16.62, 28.58],
						"2.7917": [-13.70375, -17.71375, 28.58],
						"2.8333": [-14.7, -19.46, 28.58],
						"2.9167": [-14.7, -19.46, 28.58],
						"3.125": [-7, -8.73437, 15.32813]
					}
				},
				"root": {
					"rotation": {
						"0.0": {
							"post": [0, 0, 0],
							"lerp_mode": "catmullrom"
						},
						"0.1667": {
							"post": [0, -1.5, 3.75],
							"lerp_mode": "catmullrom"
						},
						"0.3333": {
							"post": [-0.25408, -1.47833, 13.50328],
							"lerp_mode": "catmullrom"
						},
						"0.375": [-3.02781, -1.60536, 14.8381],
						"0.4583": {
							"pre": [-9.347, -2.25815, 8.81164],
							"post": [-9.347, -2.25815, 8.81164],
							"lerp_mode": "catmullrom"
						},
						"0.6667": {
							"post": [-9.347, -2.25815, 8.81164],
							"lerp_mode": "catmullrom"
						},
						"1.0": {
							"post": [-26.9469, -26.64698, 19.19219],
							"lerp_mode": "catmullrom"
						},
						"1.1667": [-27.23, -27.04, 19.36],
						"1.25": [-26.95, -26.65, 19.19],
						"1.5417": {
							"pre": [-26.95, -26.65, 19.19],
							"post": [-26.95, -26.65, 19.19],
							"lerp_mode": "catmullrom"
						},
						"1.7083": {
							"post": [-20.96302, -31.44155, 6.90546],
							"lerp_mode": "catmullrom"
						},
						"1.8333": {
							"post": [-20.96302, -31.44155, 6.90546],
							"lerp_mode": "catmullrom"
						},
						"1.9583": {
							"post": [-22.22, -30.61, 9.35],
							"lerp_mode": "catmullrom"
						},
						"2.0417": {
							"post": [-24.47, -30.61, 9.35],
							"lerp_mode": "catmullrom"
						},
						"2.125": [-22.22, -30.61, 9.35],
						"2.2083": [-22.22, -30.61, 9.35],
						"2.5": {
							"pre": [-1.73734, -12.05682, -11.68044],
							"post": [-1.73734, -12.05682, -11.68044],
							"lerp_mode": "catmullrom"
						},
						"2.625": {
							"post": [3.50073, -4.45454, -2.12488],
							"lerp_mode": "catmullrom"
						},
						"2.7083": {
							"post": [3.5, -4.45, -2.12],
							"lerp_mode": "catmullrom"
						},
						"2.8333": {
							"post": [4.35507, -6.88535, -14.11904],
							"lerp_mode": "catmullrom"
						},
						"2.9167": {
							"post": [4.35507, -6.88535, -14.11904],
							"lerp_mode": "catmullrom"
						},
						"3.1667": {
							"post": [6.03157, -5.31663, -5.5086],
							"lerp_mode": "catmullrom"
						},
						"3.4167": {
							"post": [-1.50867, 0.19084, -2.25579],
							"lerp_mode": "catmullrom"
						},
						"3.625": {
							"post": [0, 0, 0],
							"lerp_mode": "catmullrom"
						}
					},
					"position": {
						"0.0": {
							"post": [0, 0, 0],
							"lerp_mode": "catmullrom"
						},
						"0.1667": {
							"post": [-0.125, 0, 0.3125],
							"lerp_mode": "catmullrom"
						},
						"0.2917": {
							"post": [0.23938, 0, 0.31],
							"lerp_mode": "catmullrom"
						},
						"0.3333": [0.41063, 0.03, 0.53],
						"0.4583": {
							"pre": [0.24, 0.15625, 1.38813],
							"post": [0.24, 0.15625, 1.38813],
							"lerp_mode": "catmullrom"
						},
						"0.6667": {
							"post": [0.24, -0.09375, 2.70063],
							"lerp_mode": "catmullrom"
						},
						"0.8333": {
							"post": [1.97, -0.43375, 2.14],
							"lerp_mode": "catmullrom"
						},
						"1.0": {
							"post": [3.69313, 0.16, 2.89],
							"lerp_mode": "catmullrom"
						},
						"1.1667": [3.72, 0.17, 2.9],
						"1.25": [3.69, -0.13687, 2.89],
						"1.3333": [3.69, 0.16, 2.89],
						"1.5417": {
							"pre": [3.7, 0.19, 2.88],
							"post": [3.7, 0.19, 2.88],
							"lerp_mode": "catmullrom"
						},
						"1.7083": {
							"post": [4.29813, -0.53875, 2.86],
							"lerp_mode": "catmullrom"
						},
						"1.8333": {
							"post": [4.11063, -0.21062, 2.86],
							"lerp_mode": "catmullrom"
						},
						"1.9583": {
							"post": [3.35, 0, 3.17],
							"lerp_mode": "catmullrom"
						},
						"2.0417": {
							"post": [3.35, -0.875, 3.17],
							"lerp_mode": "catmullrom"
						},
						"2.125": [3.35, -1.375, 3.17],
						"2.2083": [3.35, -1, 3.17],
						"2.5": {
							"pre": [0, -0.02625, 0],
							"post": [0, -0.02625, 0],
							"lerp_mode": "catmullrom"
						},
						"2.625": {
							"post": [0, -0.03, -3],
							"lerp_mode": "catmullrom"
						},
						"2.7083": {
							"post": [0, -0.03, -3],
							"lerp_mode": "catmullrom"
						},
						"2.8333": [0, -1.29562, -3],
						"2.9167": {
							"pre": [0, -1.29562, -3],
							"post": [0, -1.29562, -3],
							"lerp_mode": "catmullrom"
						},
						"3.0417": {
							"post": [0, -1.29, -2.13],
							"lerp_mode": "catmullrom"
						},
						"3.25": {
							"post": [0, 0.10938, -1],
							"lerp_mode": "catmullrom"
						},
						"3.4167": {
							"post": [-0.10937, 0.01563, 0.3125],
							"lerp_mode": "catmullrom"
						},
						"3.625": {
							"post": [0, 0.01563, -0.14062],
							"lerp_mode": "catmullrom"
						},
						"3.7917": {
							"post": [0, 0, 0],
							"lerp_mode": "catmullrom"
						}
					}
				},
				"body2": {
					"rotation": {
						"0.4583": [0, 0, 0],
						"0.625": [-270, 0, 0],
						"1.125": [-967.5, 0, 0],
						"3.5417": [0, 0, 0]
					},
					"position": {
						"0.375": [0, 0, 0],
						"0.4167": [0, 0, 2.3125],
						"0.4583": [0, 0, 4],
						"0.625": [-3.10937, 8.70313, 6.23438],
						"0.7083": [-6.5, 9.64063, 2],
						"0.7917": [-8, 5, -3],
						"1.125": [-10.01562, -26, -16],
						"3.5": [-5.01, -27, 35],
						"3.5417": [0, 0, 0]
					}
				},
				"bolt": {
					"position": {
						"0.3333": {
							"pre": [0, 0, 0],
							"post": [0, 0, 0],
							"lerp_mode": "catmullrom"
						},
						"0.4583": [0, 0, 5.75],
						"2.5": [0, 0, 5.75],
						"2.625": [0, 0, 0]
					}
				},
				"group": {
					"rotation": {
						"0.1667": [0, 0, 0],
						"0.3333": [0, 0, 90],
						"2.7083": [0, 0, 90],
						"2.8333": [0, 0, 0]
					}
				},
				"mag_and_rh": {
					"rotation": {
						"0.75": {
							"pre": [0, 0, 0],
							"post": [0, 0, 0],
							"lerp_mode": "catmullrom"
						},
						"1.0": {
							"post": [0, 0, -26.5],
							"lerp_mode": "catmullrom"
						},
						"1.2083": {
							"post": [0, 0, 0],
							"lerp_mode": "catmullrom"
						},
						"2.9167": [0, 0, 0],
						"3.125": [0, 0, 0]
					},
					"position": {
						"0.75": {
							"pre": [0, 0, 0],
							"post": [0, 0, 0],
							"lerp_mode": "catmullrom"
						},
						"1.0": {
							"post": [0, 18.59375, -15.03125],
							"lerp_mode": "catmullrom"
						},
						"1.1667": [4.04313, 15.71, -14.975],
						"1.2083": [4.1875, 14.43375, -14.98312],
						"2.9167": [4.19, 14.43, -14.98],
						"3.125": [0, 0, 0]
					}
				},
				"mag_and_bullet": {
					"rotation": {
						"2.9167": [0, 0, 0],
						"3.125": [0, 0, 0],
						"3.4167": [0, 0, 0]
					},
					"position": {
						"0.5833": [0, 0, 0],
						"0.75": [-4.1875, -8.89062, 0.9375],
						"2.9167": [-4.19, -8.89, 0.94],
						"3.125": [-0.0025, 5.5475, -14.06],
						"3.4167": [0, 5.55, -14.06],
						"3.4583": [0, 0, 0]
					}
				},
				"bullet_in_mag": {
					"position": {
						"1.5417": [0, 0, 0],
						"1.6667": [0, -1.75, 0],
						"1.875": [0, -1.75, 0],
						"1.9583": [0, -3, 0],
						"3.4167": [0, -3, 0],
						"3.4583": [0, 3.25, -15]
					}
				},
				"clip": {
					"rotation": {
						"2.5417": {
							"pre": [0, 0, 0],
							"post": [0, 0, 0],
							"lerp_mode": "catmullrom"
						},
						"3.1667": {
							"post": [-855, 0, 0],
							"lerp_mode": "catmullrom"
						},
						"3.4167": [-855, 0, 0],
						"3.4583": [0, 0, 0]
					},
					"position": {
						"2.5417": {
							"pre": [0, 0, 0],
							"post": [0, 0, 0],
							"lerp_mode": "catmullrom"
						},
						"2.7917": {
							"post": [-4, 7.75, -21],
							"lerp_mode": "catmullrom"
						},
						"3.1667": {
							"post": [-16, -32, -59],
							"lerp_mode": "catmullrom"
						},
						"3.4167": [-16, -32, -59],
						"3.4583": [0, 0, 0]
					}
				},
				"camera": {
					"rotation": {
						"0.25": {
							"pre": [0, 0, 0],
							"post": [0, 0, 0],
							"lerp_mode": "catmullrom"
						},
						"0.4167": {
							"post": [-0.75, 0, 0],
							"lerp_mode": "catmullrom"
						},
						"0.4583": {
							"post": [-0.75, 0, 0.5],
							"lerp_mode": "catmullrom"
						},
						"0.5": {
							"post": [-0.75, 0, 0],
							"lerp_mode": "catmullrom"
						},
						"1.9167": {
							"post": [-0.75, 0, 0],
							"lerp_mode": "catmullrom"
						},
						"1.9583": {
							"post": [-0.5, 0, -0.75],
							"lerp_mode": "catmullrom"
						},
						"2.0": {
							"post": [-0.25, 0, 0],
							"lerp_mode": "catmullrom"
						},
						"2.5833": {
							"post": [-0.01, 0, 0],
							"lerp_mode": "catmullrom"
						},
						"2.625": {
							"post": [0, 0, 0.5],
							"lerp_mode": "catmullrom"
						},
						"2.6667": {
							"post": [0, 0, 0],
							"lerp_mode": "catmullrom"
						},
						"2.7917": {
							"post": [0, 0, -0.01],
							"lerp_mode": "catmullrom"
						},
						"2.8333": {
							"post": [0, 0, -0.5],
							"lerp_mode": "catmullrom"
						},
						"2.875": {
							"post": [0, 0, 0],
							"lerp_mode": "catmullrom"
						}
					}
				},
				"group3": {
					"position": {
						"0.0": [0, 0, -0.25],
						"0.3333": [0, 0, -0.25],
						"0.4583": [0, 0, 0]
					}
				}
			}
		},
		"draw2": {
			"loop": "hold_on_last_frame",
			"animation_length": 0.8333,
			"bones": {
				"constraint": {
					"rotation": [0.2, 0.2, 0.2],
					"position": [0.2, 0.2, 0.2],
					"scale": 1
				},
				"lefthand": {
					"rotation": {
						"0.0": [91.3824, -31.37238, -139.91981],
						"0.25": [95.01023, -32.57336, -149.91813],
						"0.5": [91.3824, -31.37238, -139.91981]
					},
					"position": {
						"0.0": [7.5, -8.5, 3],
						"0.25": [10.5, -11.5, 3],
						"0.5": [7.5, -8.5, 3]
					}
				},
				"righthand": {
					"rotation": [95.61723, 11.32515, -174.29749],
					"position": {
						"0.0": [-7, -8.73437, 15.32813],
						"0.25": [-6.75, -7.48, 15.33],
						"0.375": [-6.75, -8.23, 15.33],
						"0.4583": [-7, -7.98, 15.33],
						"0.5417": [-7, -8.73437, 15.32813]
					}
				},
				"root": {
					"rotation": {
						"0.0": {
							"post": [-2.24026, -53.04702, 12.16238],
							"lerp_mode": "catmullrom"
						},
						"0.2917": {
							"post": [-1.77903, -40.8044, 11.53456],
							"lerp_mode": "catmullrom"
						},
						"0.5833": {
							"post": [1, 0, 0],
							"lerp_mode": "catmullrom"
						},
						"0.8333": {
							"post": [0, 0, 0],
							"lerp_mode": "catmullrom"
						}
					},
					"position": {
						"0.0": {
							"post": [7.45313, -16.84375, 0],
							"lerp_mode": "catmullrom"
						},
						"0.2917": {
							"post": [3.84375, 0.15625, 0],
							"lerp_mode": "catmullrom"
						},
						"0.5833": {
							"post": [0, -0.32812, 0.28125],
							"lerp_mode": "catmullrom"
						},
						"0.8333": {
							"post": [0, 0, 0],
							"lerp_mode": "catmullrom"
						}
					}
				},
				"camera": {
					"rotation": {
						"0.0": {
							"post": [0, 0, 0],
							"lerp_mode": "catmullrom"
						},
						"0.375": {
							"post": [-0.75, 0, 0],
							"lerp_mode": "catmullrom"
						},
						"0.75": {
							"post": [0, 0, 0],
							"lerp_mode": "catmullrom"
						}
					}
				},
				"type38": {
					"rotation": {
						"0.0": [0, 0, 0],
						"0.25": [-8, 0, 0],
						"0.4583": [0, 0, 0]
					},
					"position": {
						"0.0": [0, 0, 0],
						"0.25": [0, 3.75, 0],
						"0.375": [0, 1.5, 0],
						"0.5417": [0, 0, 0]
					}
				}
			}
		},
		"draw": {
			"loop": "hold_on_last_frame",
			"animation_length": 1.2083,
			"bones": {
				"constraint": {
					"rotation": [0.2, 0.2, 0.2],
					"position": [0.2, 0.2, 0.2],
					"scale": 1
				},
				"lefthand": {
					"rotation": [91.3824, -31.37238, -139.91981],
					"position": [7.5, -8.5, 3]
				},
				"righthand": {
					"rotation": [95.61723, 11.32515, -174.29749],
					"position": [-7, -8.73437, 15.32813]
				},
				"root": {
					"rotation": {
						"0.0": {
							"post": [-2.24026, -53.04702, 12.16238],
							"lerp_mode": "catmullrom"
						},
						"0.2917": {
							"post": [-1.77903, -40.8044, 11.53456],
							"lerp_mode": "catmullrom"
						},
						"0.5833": {
							"post": [1, 0, 0],
							"lerp_mode": "catmullrom"
						},
						"0.9167": {
							"post": [0, 0, 0],
							"lerp_mode": "catmullrom"
						}
					},
					"position": {
						"0.0": {
							"post": [7.45313, -16.84375, 0],
							"lerp_mode": "catmullrom"
						},
						"0.2917": {
							"post": [3.84375, 0.15625, -0.625],
							"lerp_mode": "catmullrom"
						},
						"0.5833": {
							"post": [0, -0.32812, -0.65625],
							"lerp_mode": "catmullrom"
						},
						"0.8333": {
							"post": [-0.07812, 0.07813, 0.25],
							"lerp_mode": "catmullrom"
						},
						"1.0417": {
							"post": [0.0019, 0, 0.23443],
							"lerp_mode": "catmullrom"
						},
						"1.2083": {
							"post": [0, 0, 0],
							"lerp_mode": "catmullrom"
						}
					}
				},
				"camera": {
					"rotation": {
						"0.0": {
							"post": [0, 0, 0],
							"lerp_mode": "catmullrom"
						},
						"0.375": {
							"post": [-0.75, 0, 0],
							"lerp_mode": "catmullrom"
						},
						"0.75": {
							"post": [0, 0, 0],
							"lerp_mode": "catmullrom"
						}
					}
				}
			}
		},
		"put_away": {
			"loop": "hold_on_last_frame",
			"animation_length": 0.5,
			"bones": {
				"constraint": {
					"rotation": [0.2, 0.2, 0.2],
					"position": [0.2, 0.2, 0.2],
					"scale": 1
				},
				"lefthand": {
					"rotation": [91.3824, -31.37238, -139.91981],
					"position": [7.5, -8.5, 3]
				},
				"righthand": {
					"rotation": [95.61723, 11.32515, -174.29749],
					"position": [-7, -8.73437, 15.32813]
				},
				"root": {
					"rotation": {
						"0.0": {
							"post": [0, 0, 0],
							"lerp_mode": "catmullrom"
						},
						"0.5": {
							"post": [22.90734, -44.86601, -3.47868],
							"lerp_mode": "catmullrom"
						}
					},
					"position": {
						"0.0": {
							"post": [0, 0, 0],
							"lerp_mode": "catmullrom"
						},
						"0.5": {
							"post": [4.40625, -16.95312, 0],
							"lerp_mode": "catmullrom"
						}
					}
				},
				"camera": {
					"rotation": {
						"0.0": {
							"post": [0, 0, 0],
							"lerp_mode": "catmullrom"
						},
						"0.25": {
							"post": [0.75, 0, 0],
							"lerp_mode": "catmullrom"
						},
						"0.5": {
							"post": [0, 0, 0],
							"lerp_mode": "catmullrom"
						}
					}
				}
			}
		},
		"inspect": {
			"loop": "hold_on_last_frame",
			"animation_length": 3.3333,
			"bones": {
				"constraint": {
					"rotation": [0.2, 0.2, 0.2],
					"position": [0.2, 0.2, 0.2],
					"scale": 1
				},
				"lefthand": {
					"rotation": {
						"0.0": [91.3824, -31.37238, -139.91981],
						"1.375": {
							"pre": [91.38, -31.37, -139.92],
							"post": [91.38, -31.37, -139.92],
							"lerp_mode": "catmullrom"
						},
						"1.9167": {
							"post": [73.37977, -12.15894, -150.71861],
							"lerp_mode": "catmullrom"
						},
						"2.7083": {
							"post": [73.37977, -12.15894, -150.71861],
							"lerp_mode": "catmullrom"
						},
						"3.0": {
							"post": [91.3824, -31.37238, -139.91981],
							"lerp_mode": "catmullrom"
						}
					},
					"position": {
						"0.0": [7.5, -8.5, 3],
						"1.375": {
							"pre": [7.5, -8.5, 3],
							"post": [7.5, -8.5, 3],
							"lerp_mode": "catmullrom"
						},
						"1.9167": {
							"post": [7.5, -7.73437, 3],
							"lerp_mode": "catmullrom"
						},
						"2.7083": {
							"post": [7.5, -7.73437, 3],
							"lerp_mode": "catmullrom"
						},
						"3.0": {
							"post": [7.5, -8.5, 3],
							"lerp_mode": "catmullrom"
						}
					}
				},
				"righthand": {
					"rotation": [95.61723, 11.32515, -174.29749],
					"position": [-7, -8.73437, 15.32813]
				},
				"root": {
					"rotation": {
						"0.0": {
							"post": [0, 0, 0],
							"lerp_mode": "catmullrom"
						},
						"0.4583": {
							"post": [-22.5, -45, 0],
							"lerp_mode": "catmullrom"
						},
						"1.375": {
							"post": [-24.91701, -50.03756, 3.27373],
							"lerp_mode": "catmullrom"
						},
						"1.9167": {
							"post": [-10.83232, 13.7947, 61.67677],
							"lerp_mode": "catmullrom"
						},
						"2.75": {
							"post": [-10.83232, 13.7947, 61.67677],
							"lerp_mode": "catmullrom"
						},
						"3.0417": [-0.75, 0, -3],
						"3.1667": [0, 0, 0]
					},
					"position": {
						"0.0": {
							"post": [0, 0, 0],
							"lerp_mode": "catmullrom"
						},
						"0.2083": {
							"post": [1.8125, -0.9375, 0],
							"lerp_mode": "catmullrom"
						},
						"0.4583": {
							"post": [2.75, 1.25, 0],
							"lerp_mode": "catmullrom"
						},
						"1.375": {
							"post": [2.54688, 1.42188, 0],
							"lerp_mode": "catmullrom"
						},
						"1.625": {
							"post": [2.54, -1.195, 0],
							"lerp_mode": "catmullrom"
						},
						"1.9167": {
							"post": [2.55, 0.2, -1.2375],
							"lerp_mode": "catmullrom"
						},
						"2.75": {
							"post": [2.55, 0.2, -1.2375],
							"lerp_mode": "catmullrom"
						},
						"3.0417": {
							"post": [0, 0, -1.0625],
							"lerp_mode": "catmullrom"
						},
						"3.1667": {
							"post": [0, 0, 0.14063],
							"lerp_mode": "catmullrom"
						},
						"3.2917": {
							"post": [0, 0, 0],
							"lerp_mode": "catmullrom"
						}
					}
				},
				"camera": {
					"rotation": {
						"0.0": {
							"post": [0, 0, 0],
							"lerp_mode": "catmullrom"
						},
						"0.25": {
							"post": [1.25, -1.5, 0],
							"lerp_mode": "catmullrom"
						},
						"0.5": {
							"post": [-1.25, -3.5, 0],
							"lerp_mode": "catmullrom"
						},
						"0.8333": {
							"post": [-2, -4, 0],
							"lerp_mode": "catmullrom"
						},
						"1.3333": {
							"post": [-2, -4, 0],
							"lerp_mode": "catmullrom"
						},
						"1.5833": {
							"post": [-1, -2, 0],
							"lerp_mode": "catmullrom"
						},
						"1.9583": {
							"post": [-2, 0, 0],
							"lerp_mode": "catmullrom"
						},
						"2.7917": {
							"post": [-2, 0, 0],
							"lerp_mode": "catmullrom"
						},
						"3.0": {
							"post": [0, 0, 0],
							"lerp_mode": "catmullrom"
						}
					}
				}
			}
		},
		"inspect_empty": {
			"loop": "hold_on_last_frame",
			"animation_length": 3.3333,
			"bones": {
				"constraint": {
					"rotation": [0.2, 0.2, 0.2],
					"position": [0.2, 0.2, 0.2],
					"scale": 1
				},
				"lefthand": {
					"rotation": {
						"0.0": [91.3824, -31.37238, -139.91981],
						"1.375": {
							"pre": [91.38, -31.37, -139.92],
							"post": [91.38, -31.37, -139.92],
							"lerp_mode": "catmullrom"
						},
						"1.9167": {
							"post": [73.37977, -12.15894, -150.71861],
							"lerp_mode": "catmullrom"
						},
						"2.7083": {
							"post": [73.37977, -12.15894, -150.71861],
							"lerp_mode": "catmullrom"
						},
						"3.0": {
							"post": [91.3824, -31.37238, -139.91981],
							"lerp_mode": "catmullrom"
						}
					},
					"position": {
						"0.0": [7.5, -8.5, 3],
						"1.375": {
							"pre": [7.5, -8.5, 3],
							"post": [7.5, -8.5, 3],
							"lerp_mode": "catmullrom"
						},
						"1.9167": {
							"post": [7.5, -7.73437, 3],
							"lerp_mode": "catmullrom"
						},
						"2.7083": {
							"post": [7.5, -7.73437, 3],
							"lerp_mode": "catmullrom"
						},
						"3.0": {
							"post": [7.5, -8.5, 3],
							"lerp_mode": "catmullrom"
						}
					}
				},
				"righthand": {
					"rotation": [95.61723, 11.32515, -174.29749],
					"position": [-7, -8.73437, 15.32813]
				},
				"root": {
					"rotation": {
						"0.0": {
							"post": [0, 0, 0],
							"lerp_mode": "catmullrom"
						},
						"0.4583": {
							"post": [-22.5, -45, 0],
							"lerp_mode": "catmullrom"
						},
						"1.375": {
							"post": [-24.91701, -50.03756, 3.27373],
							"lerp_mode": "catmullrom"
						},
						"1.9167": {
							"post": [-10.83232, 13.7947, 61.67677],
							"lerp_mode": "catmullrom"
						},
						"2.75": {
							"post": [-10.83232, 13.7947, 61.67677],
							"lerp_mode": "catmullrom"
						},
						"3.0417": [-0.75, 0, -3],
						"3.1667": [0, 0, 0]
					},
					"position": {
						"0.0": {
							"post": [0, 0, 0],
							"lerp_mode": "catmullrom"
						},
						"0.2083": {
							"post": [1.8125, -0.9375, 0],
							"lerp_mode": "catmullrom"
						},
						"0.4583": {
							"post": [2.75, 1.25, 0],
							"lerp_mode": "catmullrom"
						},
						"1.375": {
							"post": [2.54688, 1.42188, 0],
							"lerp_mode": "catmullrom"
						},
						"1.625": {
							"post": [2.54, -1.195, 0],
							"lerp_mode": "catmullrom"
						},
						"1.9167": {
							"post": [2.55, 0.2, -1.2375],
							"lerp_mode": "catmullrom"
						},
						"2.75": {
							"post": [2.55, 0.2, -1.2375],
							"lerp_mode": "catmullrom"
						},
						"3.0417": {
							"post": [0, 0, -1.0625],
							"lerp_mode": "catmullrom"
						},
						"3.1667": {
							"post": [0, 0, 0.14063],
							"lerp_mode": "catmullrom"
						},
						"3.2917": {
							"post": [0, 0, 0],
							"lerp_mode": "catmullrom"
						}
					}
				},
				"camera": {
					"rotation": {
						"0.0": {
							"post": [0, 0, 0],
							"lerp_mode": "catmullrom"
						},
						"0.25": {
							"post": [1.25, -1.5, 0],
							"lerp_mode": "catmullrom"
						},
						"0.5": {
							"post": [-1.25, -3.5, 0],
							"lerp_mode": "catmullrom"
						},
						"0.8333": {
							"post": [-2, -4, 0],
							"lerp_mode": "catmullrom"
						},
						"1.3333": {
							"post": [-2, -4, 0],
							"lerp_mode": "catmullrom"
						},
						"1.5833": {
							"post": [-1, -2, 0],
							"lerp_mode": "catmullrom"
						},
						"1.9583": {
							"post": [-2, 0, 0],
							"lerp_mode": "catmullrom"
						},
						"2.7917": {
							"post": [-2, 0, 0],
							"lerp_mode": "catmullrom"
						},
						"3.0": {
							"post": [0, 0, 0],
							"lerp_mode": "catmullrom"
						}
					}
				}
			}
		},
		"run_start": {
			"animation_length": 1.125,
			"bones": {
				"root": {
					"rotation": {
						"0.0": {
							"post": [0, 0, 0],
							"lerp_mode": "catmullrom"
						},
						"0.25": {
							"post": [-3.57872, -6.28269, 8.88183],
							"lerp_mode": "catmullrom"
						},
						"0.625": {
							"post": [-6.53502, -8.01298, 13.79395],
							"lerp_mode": "catmullrom"
						},
						"0.8333": {
							"post": [-6.54, -8.01, 13.79],
							"lerp_mode": "catmullrom"
						},
						"1.125": {
							"post": [-30.11607, -16.49134, 28.62002],
							"lerp_mode": "catmullrom"
						}
					},
					"position": {
						"0.0": {
							"post": [0, 0, 0],
							"lerp_mode": "catmullrom"
						},
						"0.1667": {
							"post": [0.5, -1, 0],
							"lerp_mode": "catmullrom"
						},
						"0.3333": {
							"post": [0.75, -0.5, 0],
							"lerp_mode": "catmullrom"
						},
						"0.5": {
							"post": [-0.75, -1.75, 0],
							"lerp_mode": "catmullrom"
						},
						"0.6667": {
							"post": [-0.75, -0.75, 0],
							"lerp_mode": "catmullrom"
						},
						"0.8333": {
							"post": [0.25, -2.5, 0],
							"lerp_mode": "catmullrom"
						},
						"1.125": {
							"post": [1.75, -1, 0],
							"lerp_mode": "catmullrom"
						}
					}
				}
			}
		},
		"run": {
			"loop": true,
			"animation_length": 0.6667,
			"bones": {
				"root": {
					"rotation": {
						"0.0": {
							"post": [-34.349, -17.78735, 29.41037],
							"lerp_mode": "catmullrom"
						},
						"0.125": {
							"post": [-33.01572, -18.64958, 29.94362],
							"lerp_mode": "catmullrom"
						},
						"0.375": {
							"post": [-32.19146, -16.92369, 28.88225],
							"lerp_mode": "catmullrom"
						},
						"0.5": {
							"post": [-30.11607, -16.49134, 28.62002],
							"lerp_mode": "catmullrom"
						},
						"0.6667": {
							"post": [-34.349, -17.78735, 29.41037],
							"lerp_mode": "catmullrom"
						}
					},
					"position": {
						"0.0": {
							"post": [0, -2.25, -0.75],
							"lerp_mode": "catmullrom"
						},
						"0.1667": {
							"post": [1.75, -0.75, -1.25],
							"lerp_mode": "catmullrom"
						},
						"0.3333": {
							"post": [2.5, -2.25, -0.75],
							"lerp_mode": "catmullrom"
						},
						"0.5": {
							"post": [1.75, -1, 0],
							"lerp_mode": "catmullrom"
						},
						"0.6667": {
							"post": [0, -2.25, -0.75],
							"lerp_mode": "catmullrom"
						}
					}
				}
			}
		},
		"run_hold": {
			"loop": true,
			"bones": {
				"root": {
					"rotation": {
						"0.0": {
							"post": [-30.11607, -16.49134, 28.62002],
							"lerp_mode": "catmullrom"
						}
					},
					"position": {
						"0.0": {
							"post": [1.75, -1, 0],
							"lerp_mode": "catmullrom"
						}
					}
				}
			}
		},
		"shoot": {
			"loop": true,
			"animation_length": 0.75,
			"bones": {
				"root": {
					"rotation": {
						"0.0": {
							"post": [0, 0, 0],
							"lerp_mode": "catmullrom"
						},
						"0.0417": {
							"post": [-9.49481, 0.25816, -2.53638],
							"lerp_mode": "catmullrom"
						},
						"0.0833": {
							"post": [-11.49428, 0.29361, 2.23077],
							"lerp_mode": "catmullrom"
						},
						"0.3333": {
							"post": [0, 0, 0],
							"lerp_mode": "catmullrom"
						},
						"0.5417": {
							"post": [0, 0, 0],
							"lerp_mode": "catmullrom"
						},
						"0.625": {
							"post": [0, 0, -0.25],
							"lerp_mode": "catmullrom"
						},
						"0.75": {
							"post": [0, 0, 0],
							"lerp_mode": "catmullrom"
						}
					},
					"position": {
						"0.0": {
							"post": [0, 0, 0],
							"lerp_mode": "catmullrom"
						},
						"0.0417": {
							"post": [0, 0.65625, 4.625],
							"lerp_mode": "catmullrom"
						},
						"0.0833": {
							"post": [0, 0.07813, 3.5675],
							"lerp_mode": "catmullrom"
						},
						"0.25": {
							"post": [0, -0.17187, 2],
							"lerp_mode": "catmullrom"
						},
						"0.4167": {
							"post": [0, 0, 0],
							"lerp_mode": "catmullrom"
						},
						"0.5833": {
							"post": [0, -0.04687, 0],
							"lerp_mode": "catmullrom"
						},
						"0.75": {
							"post": [0, 0, 0],
							"lerp_mode": "catmullrom"
						}
					}
				},
				"camera": {
					"rotation": {
						"0.0417": {
							"pre": [0, 0, 0],
							"post": [0, 0, 0],
							"lerp_mode": "catmullrom"
						},
						"0.0833": {
							"post": [-4.5, 0.25, 3],
							"lerp_mode": "catmullrom"
						},
						"0.125": {
							"post": [-4.42, 0.14, -1.19],
							"lerp_mode": "catmullrom"
						},
						"0.25": {
							"post": [-0.25, 0, 0],
							"lerp_mode": "catmullrom"
						},
						"0.75": {
							"post": [0, 0, 0],
							"lerp_mode": "catmullrom"
						}
					}
				},
				"group3": {
					"position": {
						"0.0": [0, 0, 0],
						"0.0417": [0, 0, -0.25]
					}
				},
				"constraint": {
					"rotation": {
						"0.375": {
							"pre": [1, 1, 1],
							"post": [1, 1, 1],
							"lerp_mode": "catmullrom"
						},
						"0.75": {
							"post": [0.2, 0.2, 0.2],
							"lerp_mode": "catmullrom"
						}
					},
					"position": {
						"0.375": {
							"pre": [1, 1, 1],
							"post": [1, 1, 1],
							"lerp_mode": "catmullrom"
						},
						"0.75": {
							"post": [0.2, 0.2, 0.2],
							"lerp_mode": "catmullrom"
						}
					}
				}
			}
		}
	}
}