{
	"format_version": "1.8.0",
	"animations": {
		"static_idle": {
			"animation_length": 0.0417,
			"bones": {
				"right_hand": {
					"rotation": [97.56397, -352.56453, -179.01552],
					"position": [-6, -9, 6]
				},
				"left_hand": {
					"rotation": [96.72601, -378.15233, -189.15396],
					"position": [6, -10, -9],
					"scale": [1, 1.5, 1]
				},
				"constraint": {
					"rotation": [0.5, 0.5, 0.5],
					"position": [0.5, 0.5, 0.5]
				},
				"root": {
					"position": [0, 0, 0]
				}
			}
		},
		"inspect_empty": {
			"animation_length": 5.5,
			"bones": {
				"right_hand": {
					"rotation": {
						"0.0": [97.56397, -352.56453, -179.01552],
						"0.4167": [97.56397, -352.56453, -179.01552],
						"2.3333": [97.56397, -352.56453, -179.01552],
						"5.5": [97.56397, -352.56453, -179.01552]
					},
					"position": {
						"0.0": [-6, -9, 6],
						"0.4167": [-6, -9, 6],
						"2.3333": [-6, -9, 6],
						"5.5": [-6, -9, 6]
					}
				},
				"left_hand": {
					"rotation": {
						"0.0": [96.72601, -378.15233, -189.15396],
						"0.4167": [96.72601, -378.15233, -189.15396],
						"0.5": [96.72601, -378.15233, -189.15396],
						"0.5417": [96.73, -378.15, -189.15],
						"0.5833": [96.7586, -377.89364, -189.22924],
						"0.625": [96.97895, -378.83861, -189.8397],
						"0.6667": [97.00755, -384.10703, -189.91895],
						"0.7083": [96.98063, -383.61075, -189.85237],
						"1.7917": [96.9548, -383.26904, -189.77999],
						"1.875": [96.75583, -378.81215, -189.22238],
						"1.9583": [96.73, -378.15, -189.15],
						"2.3333": [96.72601, -378.15233, -189.15396],
						"3.0": [27.61486, -390.79975, -156.06573],
						"3.0417": [33.40205, -395.10696, -162.94313],
						"3.0833": [63.29477, -420.85126, -198.46721],
						"3.125": [93.18749, -425.9211, -233.99129],
						"3.1667": [98.97467, -426.23292, -240.8687],
						"3.2083": [93.86624, -424.04184, -234.49566],
						"3.25": [75.46155, -417.38048, -211.53481],
						"3.2917": [47.86069, -399.99889, -177.10125],
						"3.3333": [29.456, -379.20258, -154.1404],
						"3.375": [24.34757, -375.03859, -147.76736],
						"3.4167": [32.03796, -381.48408, -157.36153],
						"3.4583": [91.28429, -423.28618, -231.27453],
						"3.5": [98.97467, -426.23292, -240.8687],
						"3.5417": [94.70029, -425.53367, -235.78908],
						"3.5833": [81.95994, -422.91981, -220.64863],
						"3.625": [63.29477, -416.94094, -198.46721],
						"3.6667": [44.6296, -405.08798, -176.28579],
						"3.7083": [31.88925, -393.61366, -161.14534],
						"3.75": [27.61486, -390.79975, -156.06573],
						"4.125": [110.23822, -385.21094, -191.87351],
						"4.5": {
							"pre": [110.51, -385.36, -191.93],
							"post": [110.51, -385.36, -191.93],
							"lerp_mode": "catmullrom"
						},
						"4.5417": {
							"post": [109.95, -385.07, -191.82],
							"lerp_mode": "catmullrom"
						},
						"4.5833": {
							"post": [109.26, -384.71, -191.68],
							"lerp_mode": "catmullrom"
						},
						"4.6667": {
							"post": [115.16983, -390.45929, -193.60214],
							"lerp_mode": "catmullrom"
						},
						"4.7917": {
							"post": [105.46, -389.09, -193.1],
							"lerp_mode": "catmullrom"
						},
						"5.5": [96.72601, -378.15233, -189.15396]
					},
					"position": {
						"0.0": [6, -10, -9],
						"0.4167": [6, -10, -9],
						"0.5": [6, -10, -9],
						"0.5417": [6, -10, -9],
						"0.5833": [6, -10, -8.836],
						"0.625": [6, -10, -8.03794],
						"0.6667": [6, -10, -5.5],
						"0.7083": [6, -10, -5.5],
						"1.7917": [6, -10, -5.7176],
						"1.875": [6, -10, -8.57441],
						"1.9583": [6, -10, -9],
						"3.0": [6, -20, 5],
						"3.375": [6, -20, 5],
						"3.75": [6, -20, 5],
						"4.125": [6, -10, -9],
						"4.5417": {
							"pre": [6, -10, -5],
							"post": [6, -10, -5],
							"lerp_mode": "catmullrom"
						},
						"4.5833": {
							"post": [6, -8, -4.465],
							"lerp_mode": "catmullrom"
						},
						"4.6667": {
							"post": [6, -8.01, -6.08],
							"lerp_mode": "catmullrom"
						},
						"4.7917": {
							"post": [6, -10.1, -8.76],
							"lerp_mode": "catmullrom"
						},
						"4.875": {
							"post": [6, -10.15, -8.33],
							"lerp_mode": "catmullrom"
						},
						"4.9583": {
							"post": [6, -10.15, -8.59],
							"lerp_mode": "catmullrom"
						},
						"5.0417": {
							"post": [6, -10.14, -8.61],
							"lerp_mode": "catmullrom"
						},
						"5.5": [6, -10, -9]
					},
					"scale": {
						"0.0": [1, 1.5, 1],
						"0.4167": [1, 1.5, 1],
						"0.5": [1, 1.5, 1],
						"2.3333": [1, 1.5, 1],
						"5.5": [1, 1.5, 1]
					}
				},
				"constraint": {
					"rotation": {
						"0.0": [0.5, 0.5, 0.5],
						"0.4167": [0.5, 0.5, 0.5],
						"2.3333": [0.5, 0.5, 0.5]
					}
				},
				"root": {
					"rotation": {
						"0.0": [0, 0, 0],
						"0.25": {
							"pre": [-5, 0, 0],
							"post": [-5, 0, 0],
							"lerp_mode": "catmullrom"
						},
						"0.375": {
							"post": [-14, 8, 44],
							"lerp_mode": "catmullrom"
						},
						"0.5": {
							"post": [-30.51441, 23.69828, 45.2959],
							"lerp_mode": "catmullrom"
						},
						"0.5833": {
							"post": [-30.51, 23.7, 45.3],
							"lerp_mode": "catmullrom"
						},
						"1.5": {
							"post": [-30.51, 23.7, 45.3],
							"lerp_mode": "catmullrom"
						},
						"1.75": [-23.21, -13.83, -21.65],
						"2.0": [-23.21, -13.83, -21.65],
						"2.3333": {
							"pre": [-67.20412, -28.02432, -11.17023],
							"post": [-67.20412, -28.02432, -11.17023],
							"lerp_mode": "catmullrom"
						},
						"3.75": {
							"post": [-67.20412, -28.02432, -11.17023],
							"lerp_mode": "catmullrom"
						},
						"4.125": {
							"post": [0.06, 0, 0],
							"lerp_mode": "catmullrom"
						},
						"4.5": {
							"post": [20.05254, -25.03652, 37.47778],
							"lerp_mode": "catmullrom"
						},
						"5.0417": {
							"post": [20.05, -25.04, 37.48],
							"lerp_mode": "catmullrom"
						},
						"5.5": {
							"post": [0, 0, 0],
							"lerp_mode": "catmullrom"
						}
					},
					"position": {
						"0.0": [0, 0, 0],
						"2.3333": [0, 0, 0],
						"3.0": {
							"pre": [-2, 1, 0],
							"post": [-2, 1, 0],
							"lerp_mode": "catmullrom"
						},
						"3.75": {
							"post": [-2, 1, 0],
							"lerp_mode": "catmullrom"
						},
						"4.125": {
							"post": [0, 0, 0],
							"lerp_mode": "catmullrom"
						},
						"4.5": {
							"post": [-2, 7.8125, 0],
							"lerp_mode": "catmullrom"
						},
						"5.0417": {
							"post": [-1.64, 6.41, 0],
							"lerp_mode": "catmullrom"
						},
						"5.5": [0, 0, 0]
					}
				},
				"gun_and_righthand": {
					"rotation": {
						"4.5": {
							"pre": [0, 0, 0],
							"post": [0, 0, 0],
							"lerp_mode": "catmullrom"
						},
						"4.5417": {
							"post": [-5, 0, 5],
							"lerp_mode": "catmullrom"
						},
						"4.5833": {
							"post": [-12.5, 0, 12],
							"lerp_mode": "catmullrom"
						},
						"4.6667": {
							"post": [-7.5, 0, 3],
							"lerp_mode": "catmullrom"
						},
						"4.7917": {
							"post": [0, 0, 0],
							"lerp_mode": "catmullrom"
						},
						"4.875": {
							"post": [0, 0, 0],
							"lerp_mode": "catmullrom"
						},
						"4.9583": {
							"post": [-1, 0, 1],
							"lerp_mode": "catmullrom"
						},
						"5.0417": {
							"post": [0, 0, 0],
							"lerp_mode": "catmullrom"
						}
					},
					"position": {
						"4.5": {
							"pre": [0, 0, 0],
							"post": [0, 0, 0],
							"lerp_mode": "catmullrom"
						},
						"4.5417": {
							"post": [0, 0, 4.3],
							"lerp_mode": "catmullrom"
						},
						"4.5833": {
							"post": [0, 0, 4.7],
							"lerp_mode": "catmullrom"
						},
						"4.6667": {
							"post": [0, 0, 2.7],
							"lerp_mode": "catmullrom"
						},
						"4.7917": {
							"post": [0, 0, -0.08],
							"lerp_mode": "catmullrom"
						},
						"4.875": {
							"post": [0, 0, 0],
							"lerp_mode": "catmullrom"
						},
						"4.9583": {
							"post": [0, 0, 0.3125],
							"lerp_mode": "catmullrom"
						},
						"5.0417": {
							"post": [0, 0, 0],
							"lerp_mode": "catmullrom"
						}
					}
				},
				"pump": {
					"position": {
						"0.5417": [0, 0, 0],
						"0.5833": [0, 0, 0.16799],
						"0.625": [0, 0, 1.03971],
						"0.6667": [0, 0, 3.5],
						"0.7083": [0, 0, 3.5],
						"0.75": [0, 0, 3.30287],
						"1.7917": [0, 0, 3.30287],
						"1.875": [0, 0, 0.44222],
						"1.9583": [0, 0, 0]
					}
				},
				"shell_ejection": {
					"scale": 0
				},
				"magazine": {
					"scale": 0
				},
				"camera": {
					"rotation": {
						"0.25": [0, 0, 0],
						"0.5": {
							"pre": [0, 0, -7.5],
							"post": [0, 0, -7.5],
							"lerp_mode": "catmullrom"
						},
						"0.6667": {
							"post": [0, 0, -7],
							"lerp_mode": "catmullrom"
						},
						"0.7917": {
							"post": [-2, 0, -6],
							"lerp_mode": "catmullrom"
						},
						"0.9167": {
							"post": [0, 0, -3],
							"lerp_mode": "catmullrom"
						},
						"1.0833": {
							"post": [0, 0, -1],
							"lerp_mode": "catmullrom"
						},
						"1.25": {
							"post": [0, 0, 0],
							"lerp_mode": "catmullrom"
						},
						"1.875": {
							"post": [0, 0, 0],
							"lerp_mode": "catmullrom"
						},
						"2.0": {
							"post": [1, 0, 1],
							"lerp_mode": "catmullrom"
						},
						"2.125": {
							"post": [0.01, 0, 0],
							"lerp_mode": "catmullrom"
						},
						"2.2917": {
							"post": [0.06, 0, 0],
							"lerp_mode": "catmullrom"
						},
						"3.0": {
							"post": [4.02769, -1.99805, 1.14173],
							"lerp_mode": "catmullrom"
						},
						"3.375": {
							"post": [4.02769, -1.99805, 1.14173],
							"lerp_mode": "catmullrom"
						},
						"3.625": {
							"post": [3.6, 2.21, 4.02],
							"lerp_mode": "catmullrom"
						},
						"3.875": {
							"post": [3.11, -6.62, -2.12],
							"lerp_mode": "catmullrom"
						},
						"4.125": {
							"post": [4.02769, -1.99805, 1.14173],
							"lerp_mode": "catmullrom"
						},
						"4.5": [0, 0, 0],
						"4.5833": {
							"pre": [0.53, 0, 0.5],
							"post": [0.53, 0, 0.5],
							"lerp_mode": "catmullrom"
						},
						"4.625": {
							"post": [1, 0, 1.25],
							"lerp_mode": "catmullrom"
						},
						"4.7083": {
							"post": [0, 0, 0],
							"lerp_mode": "catmullrom"
						},
						"4.7917": {
							"post": [0, 0, 0],
							"lerp_mode": "catmullrom"
						}
					}
				}
			}
		},
		"inspect": {
			"animation_length": 5.5,
			"bones": {
				"right_hand": {
					"rotation": {
						"0.0": [97.56397, -352.56453, -179.01552],
						"0.4167": [97.56397, -352.56453, -179.01552]
					},
					"position": {
						"0.0": [-6, -9, 6],
						"0.4167": [-6, -9, 6]
					}
				},
				"left_hand": {
					"rotation": {
						"0.0": [96.72601, -378.15233, -189.15396],
						"0.4167": [96.72601, -378.15233, -189.15396],
						"0.5": [96.72601, -378.15233, -189.15396],
						"0.5417": [96.73, -378.15, -189.15],
						"0.5833": [96.7586, -377.89364, -189.22924],
						"0.625": [96.97895, -378.83861, -189.8397],
						"0.6667": [97.00755, -384.10703, -189.91895],
						"0.7083": [96.98063, -383.61075, -189.85237],
						"1.7917": [96.9548, -383.26904, -189.77999],
						"1.875": [96.75583, -378.81215, -189.22238],
						"1.9583": [96.73, -378.15, -189.15],
						"2.625": {
							"pre": [98.39311, -387.55954, -191.20891],
							"post": [98.39311, -387.55954, -191.20891],
							"lerp_mode": "catmullrom"
						},
						"2.875": {
							"post": [100.62, -407.46, -195.1],
							"lerp_mode": "catmullrom"
						},
						"3.0833": {
							"post": [124.93, -404.21, -183.7],
							"lerp_mode": "catmullrom"
						},
						"3.25": {
							"post": [131.0637, -401.07195, -151.24035],
							"lerp_mode": "catmullrom"
						},
						"3.4583": {
							"post": [134.13, -401.03, -150.86],
							"lerp_mode": "catmullrom"
						},
						"3.5": {
							"post": [131.06, -401.07, -151.24],
							"lerp_mode": "catmullrom"
						},
						"4.25": {
							"post": [131.06, -401.07, -151.24],
							"lerp_mode": "catmullrom"
						},
						"4.75": [100.62136, -407.45688, -195.09818],
						"4.8333": {
							"pre": [98.39311, -387.55954, -191.20891],
							"post": [98.39311, -387.55954, -191.20891],
							"lerp_mode": "catmullrom"
						},
						"5.0": {
							"post": [97.86039, -381.96711, -190.25359],
							"lerp_mode": "catmullrom"
						},
						"5.0833": {
							"post": [97.42443, -373.94536, -189.08215],
							"lerp_mode": "catmullrom"
						},
						"5.25": [96.72601, -378.15233, -189.15396]
					},
					"position": {
						"0.0": [6, -10, -9],
						"0.4167": [6, -10, -9],
						"0.5417": [6, -10, -9],
						"0.5833": [6, -10, -8.96288],
						"0.625": [6, -10, -8.80675],
						"0.6667": [6, -10, -8.3431],
						"0.7083": [6, -10, -7.63622],
						"0.75": [6, -10, -7.5],
						"1.7917": [6, -10, -5.7176],
						"1.875": [6, -10, -8.57441],
						"1.9583": [6, -10, -9],
						"2.5": [5.07, -9, -4.4696],
						"2.625": [4.99634, -9, -1.10967],
						"2.75": [5.11598, -10, 0.67339],
						"2.875": {
							"pre": [5.15, -10, 0.93],
							"post": [5.15, -10, 0.93],
							"lerp_mode": "catmullrom"
						},
						"3.25": {
							"post": [14.15, -11, 1.93],
							"lerp_mode": "catmullrom"
						},
						"3.4583": {
							"post": [14.75, -11.01, 1.94],
							"lerp_mode": "catmullrom"
						},
						"3.5": {
							"post": [14.15, -11, 1.93],
							"lerp_mode": "catmullrom"
						},
						"3.5833": {
							"post": [13.15, -11, 1.93],
							"lerp_mode": "catmullrom"
						},
						"3.9167": {
							"post": [13.13, -11, 1.93],
							"lerp_mode": "catmullrom"
						},
						"4.0": {
							"post": [14.15, -11, 1.93],
							"lerp_mode": "catmullrom"
						},
						"4.25": {
							"post": [14.15, -11, 1.93],
							"lerp_mode": "catmullrom"
						},
						"4.75": [5.15, -10, 0.93],
						"4.7917": [5.11598, -10, 0.67339],
						"4.8333": [4.99634, -10, -1.10967],
						"4.875": [5.07, -10, -4.4696],
						"4.9167": [5.3, -10, -6.88],
						"4.9583": [4.8415, -10, -9.40135],
						"5.0": {
							"pre": [6.23, -10, -8.47],
							"post": [6.23, -10, -8.47],
							"lerp_mode": "catmullrom"
						},
						"5.0833": {
							"post": [9.43, -10, -7.28],
							"lerp_mode": "catmullrom"
						},
						"5.25": [6, -10, -9]
					},
					"scale": {
						"0.0": [1, 1.5, 1],
						"0.4167": [1, 1.5, 1],
						"0.5": [1, 1.5, 1],
						"2.875": {
							"pre": [1, 1.5, 1],
							"post": [1, 1.5, 1],
							"lerp_mode": "catmullrom"
						},
						"3.25": {
							"post": [1, 1.5, 1],
							"lerp_mode": "catmullrom"
						},
						"4.75": [1, 1.5, 1],
						"5.0": [1, 1.7, 1],
						"5.25": [1, 1.5, 1]
					}
				},
				"constraint": {
					"rotation": {
						"0.0": [0.5, 0.5, 0.5],
						"0.4167": [0.5, 0.5, 0.5]
					}
				},
				"root": {
					"rotation": {
						"0.0": [0, 0, 0],
						"0.25": {
							"pre": [-5, 0, 0],
							"post": [-5, 0, 0],
							"lerp_mode": "catmullrom"
						},
						"0.375": {
							"post": [-14, 8, 44],
							"lerp_mode": "catmullrom"
						},
						"0.5": {
							"post": [-30.51441, 23.69828, 45.2959],
							"lerp_mode": "catmullrom"
						},
						"0.5833": {
							"post": [-30.51, 23.7, 45.3],
							"lerp_mode": "catmullrom"
						},
						"1.5": {
							"post": [-30.51, 23.7, 45.3],
							"lerp_mode": "catmullrom"
						},
						"1.75": [-23.21, -13.83, -21.65],
						"2.0": [-23.21, -13.83, -21.65],
						"5.25": [-23.21, -13.83, -21.65],
						"5.375": {
							"pre": [2.5, 0, 2.5],
							"post": [2.5, 0, 2.5],
							"lerp_mode": "catmullrom"
						},
						"5.5": {
							"post": [0, 0, 0],
							"lerp_mode": "catmullrom"
						}
					},
					"position": [0, 0, 0]
				},
				"pump": {
					"position": {
						"0.5417": [0, 0, 0],
						"0.5833": [0, 0, 0.03172],
						"0.625": [0, 0, 0.16025],
						"0.6667": [0, 0, 0.52829],
						"0.7083": [0, 0, 1.76564],
						"0.75": [0, 0, 2],
						"0.9167": {
							"pre": [0, 0, 2.015],
							"post": [0, 0, 2.015],
							"lerp_mode": "catmullrom"
						},
						"1.0833": {
							"post": [0, 0, 1.8825],
							"lerp_mode": "catmullrom"
						},
						"1.25": {
							"post": [0, 0, 2.0025],
							"lerp_mode": "catmullrom"
						},
						"1.7917": [0, 0, 2],
						"1.8333": [0, 0, 1.75728],
						"1.875": [0, 0, 0.32511],
						"1.9167": [0, 0, 0.05356],
						"1.9583": [0, 0, 0]
					}
				},
				"camera": {
					"rotation": {
						"0.25": [0, 0, 0],
						"0.5": {
							"pre": [0, 0, -7.5],
							"post": [0, 0, -7.5],
							"lerp_mode": "catmullrom"
						},
						"0.6667": {
							"post": [0, 0, -7],
							"lerp_mode": "catmullrom"
						},
						"0.7917": {
							"post": [-2, 0, -6],
							"lerp_mode": "catmullrom"
						},
						"0.9167": {
							"post": [0, 0, -3],
							"lerp_mode": "catmullrom"
						},
						"1.0833": {
							"post": [0, 0, -1],
							"lerp_mode": "catmullrom"
						},
						"1.25": {
							"post": [0, 0, 0],
							"lerp_mode": "catmullrom"
						},
						"1.875": {
							"post": [0, 0, 0],
							"lerp_mode": "catmullrom"
						},
						"2.0": {
							"post": [1, 0, 1],
							"lerp_mode": "catmullrom"
						},
						"2.125": {
							"post": [0.01, 0, 0],
							"lerp_mode": "catmullrom"
						},
						"2.5": {
							"post": [-0.04, 0, -0.05],
							"lerp_mode": "catmullrom"
						},
						"3.2917": {
							"post": [-0.03, -3, -0.04],
							"lerp_mode": "catmullrom"
						},
						"3.5": {
							"post": [-0.03, -3.26, -2.03],
							"lerp_mode": "catmullrom"
						},
						"3.75": {
							"post": [-0.02, -3.31, -0.02],
							"lerp_mode": "catmullrom"
						},
						"3.9583": {
							"post": [-0.02, -3.35, 1.99],
							"lerp_mode": "catmullrom"
						},
						"4.2083": {
							"post": [-0.01, -3, 0],
							"lerp_mode": "catmullrom"
						},
						"4.75": {
							"post": [0, 0, 0.02],
							"lerp_mode": "catmullrom"
						},
						"4.875": {
							"post": [0.04, 0, 0.09],
							"lerp_mode": "catmullrom"
						},
						"4.9167": {
							"post": [1, 0, 0.85],
							"lerp_mode": "catmullrom"
						},
						"4.9583": {
							"post": [-0.4, 0, -0.44],
							"lerp_mode": "catmullrom"
						},
						"5.0833": [0, 0, 0],
						"5.25": [0, 0, 0],
						"5.375": {
							"pre": [1, 0, 2],
							"post": [1, 0, 2],
							"lerp_mode": "catmullrom"
						},
						"5.5": {
							"post": [0, 0, 0],
							"lerp_mode": "catmullrom"
						}
					}
				},
				"gun_and_righthand": {
					"position": {
						"4.875": {
							"pre": [0, 0, 0],
							"post": [0, 0, 0],
							"lerp_mode": "catmullrom"
						},
						"4.9167": {
							"post": [0, 0, -0.25],
							"lerp_mode": "catmullrom"
						},
						"4.9583": {
							"post": [0, 0, -0.22],
							"lerp_mode": "catmullrom"
						},
						"5.25": {
							"post": [0, 0, 0],
							"lerp_mode": "catmullrom"
						}
					}
				},
				"shell_ejection": {
					"position": {
						"0.5417": [0, 0, 0],
						"0.5833": [0, 0, 0.03172],
						"0.625": [0, 0, 0.16025],
						"0.6667": [0, 0, 0.52829],
						"0.7083": [0, 0, 1.76564],
						"0.75": [0, 0, 2],
						"0.9167": {
							"pre": [0, 0, 2.015],
							"post": [0, 0, 2.015],
							"lerp_mode": "catmullrom"
						},
						"1.0833": {
							"post": [0, 0, 1.8825],
							"lerp_mode": "catmullrom"
						},
						"1.25": {
							"post": [0, 0, 2.0025],
							"lerp_mode": "catmullrom"
						},
						"1.7917": [0, 0, 2],
						"1.8333": [0, 0, 1.75728],
						"1.875": [0, 0, 0.32511],
						"1.9167": [0, 0, 0.05356],
						"1.9583": [0, 0, 0]
					}
				},
				"magazine": {
					"rotation": {
						"2.5": {
							"pre": [0, 0, 0],
							"post": [0, 0, 0],
							"lerp_mode": "catmullrom"
						},
						"2.875": {
							"post": [-20, 0, 0],
							"lerp_mode": "catmullrom"
						},
						"3.25": {
							"post": [-59.1, 0, 0],
							"lerp_mode": "catmullrom"
						},
						"3.5": {
							"post": [-59.1, 0, 0],
							"lerp_mode": "catmullrom"
						},
						"3.625": {
							"post": [-118.46, 0, -180],
							"lerp_mode": "catmullrom"
						},
						"3.75": {
							"post": [-59.1, 0, -359],
							"lerp_mode": "catmullrom"
						},
						"3.9167": {
							"post": [-59.1, 0, -359],
							"lerp_mode": "catmullrom"
						},
						"4.125": {
							"post": [-118.46, 0, -180],
							"lerp_mode": "catmullrom"
						},
						"4.25": {
							"post": [-59.1, 0, 0],
							"lerp_mode": "catmullrom"
						},
						"4.75": {
							"post": [-20, 0, 0],
							"lerp_mode": "catmullrom"
						},
						"4.9167": {
							"post": [0, 0, 0],
							"lerp_mode": "catmullrom"
						}
					},
					"position": {
						"2.5": [0, 0, 0],
						"2.625": [0, -0.12165, 0.2433],
						"2.75": [0, -1.37835, 2.7567],
						"2.875": {
							"pre": [0, -1.5, 3],
							"post": [0, -1.5, 3],
							"lerp_mode": "catmullrom"
						},
						"3.25": {
							"post": [8.92, -4.18, 5.36],
							"lerp_mode": "catmullrom"
						},
						"3.5": {
							"post": [8.92, -4.18, 5.36],
							"lerp_mode": "catmullrom"
						},
						"3.625": {
							"post": [6.62, -2.88, 4.09],
							"lerp_mode": "catmullrom"
						},
						"3.75": {
							"post": [5.17, -4.68, 4.61],
							"lerp_mode": "catmullrom"
						},
						"3.9167": {
							"post": [5.17, -4.68, 4.61],
							"lerp_mode": "catmullrom"
						},
						"4.125": {
							"post": [6.62, -2.88, 4.09],
							"lerp_mode": "catmullrom"
						},
						"4.25": {
							"post": [8.92, -4.18, 5.36],
							"lerp_mode": "catmullrom"
						},
						"4.75": [0, -1.5, 3],
						"4.7917": [0, -1.37835, 2.7567],
						"4.875": [0, -0.12165, 0.2433],
						"4.9167": [0, 0, 0]
					}
				}
			}
		},
		"shoot": {
			"animation_length": 0.6667,
			"bones": {
				"constraint": {
					"rotation": [0.5, 0.5, 0.5],
					"position": [0.5, 0.5, 0.5]
				},
				"root": {
					"rotation": {
						"0.0": [0, 0, 0],
						"0.0417": {
							"pre": [-5, 0, 5],
							"post": [-5, 0, 5],
							"lerp_mode": "catmullrom"
						},
						"0.0833": {
							"post": [-12.5, 0, 12],
							"lerp_mode": "catmullrom"
						},
						"0.1667": {
							"post": [-7.5, 0, 3],
							"lerp_mode": "catmullrom"
						},
						"0.2917": {
							"post": [0, 0, 0],
							"lerp_mode": "catmullrom"
						},
						"0.375": {
							"post": [0, 0, 0],
							"lerp_mode": "catmullrom"
						},
						"0.4583": {
							"post": [-1, 0, 1],
							"lerp_mode": "catmullrom"
						},
						"0.5417": {
							"post": [0, 0, 0],
							"lerp_mode": "catmullrom"
						}
					},
					"position": {
						"0.0": [0, 0, 0],
						"0.0417": {
							"pre": [0, 0, 4.3],
							"post": [0, 0, 4.3],
							"lerp_mode": "catmullrom"
						},
						"0.0833": {
							"post": [0, 0, 4.7],
							"lerp_mode": "catmullrom"
						},
						"0.1667": {
							"post": [0, 0, 2.7],
							"lerp_mode": "catmullrom"
						},
						"0.2917": {
							"post": [0, 0, -0.08],
							"lerp_mode": "catmullrom"
						},
						"0.375": {
							"post": [0, 0, 0],
							"lerp_mode": "catmullrom"
						},
						"0.4583": {
							"post": [0, 0, 0.3125],
							"lerp_mode": "catmullrom"
						},
						"0.5417": {
							"post": [0, 0, 0],
							"lerp_mode": "catmullrom"
						}
					}
				},
				"camera": {
					"rotation": {
						"0.0": {
							"post": [0, 0, 0],
							"lerp_mode": "catmullrom"
						},
						"0.0417": {
							"post": [0, 0, 1.5],
							"lerp_mode": "catmullrom"
						},
						"0.0833": {
							"post": [0, 0, -1.5],
							"lerp_mode": "catmullrom"
						},
						"0.125": {
							"post": [0, 0, 1],
							"lerp_mode": "catmullrom"
						},
						"0.2083": {
							"post": [0, 0, -1],
							"lerp_mode": "catmullrom"
						},
						"0.2917": {
							"post": [0, 0, 0.5],
							"lerp_mode": "catmullrom"
						},
						"0.375": {
							"post": [0, 0, -0.5],
							"lerp_mode": "catmullrom"
						},
						"0.5": {
							"post": [0, 0, 0],
							"lerp_mode": "catmullrom"
						}
					}
				}
			}
		},
		"bolt": {
			"animation_length": 0.5,
			"bones": {
				"left_hand": {
					"rotation": {
						"0.0": [96.72601, -378.15233, -189.15396],
						"0.0417": [96.73, -378.15, -189.15],
						"0.0833": [96.7586, -377.89364, -189.22924],
						"0.125": [96.97895, -378.83861, -189.8397],
						"0.1667": [97.00755, -384.10703, -189.91895],
						"0.2083": [96.98063, -383.61075, -189.85237],
						"0.25": [96.9548, -383.26904, -189.77999],
						"0.2917": [96.75583, -378.81215, -189.22238],
						"0.3333": [96.73, -378.15, -189.15]
					},
					"position": {
						"0.0": [6, -10, -9],
						"0.0417": [6, -10, -9],
						"0.0833": [6, -10, -8.836],
						"0.125": [6, -10, -8.03794],
						"0.1667": [6, -10, -5.5],
						"0.2083": [6, -10, -5.5],
						"0.25": [6, -10, -5.7176],
						"0.2917": [6, -10, -8.57441],
						"0.3333": [6, -10, -9]
					},
					"scale": [1, 1.5, 1]
				},
				"root": {
					"rotation": {
						"0.0833": [0, 0, 0],
						"0.125": {
							"pre": [-7.5, 0, 10],
							"post": [-7.5, 0, 10],
							"lerp_mode": "catmullrom"
						},
						"0.25": {
							"post": [-7.5175, 0, 10],
							"lerp_mode": "catmullrom"
						},
						"0.375": {
							"post": [0.0625, 0, -4.75],
							"lerp_mode": "catmullrom"
						},
						"0.4167": {
							"post": [0.06, 0, 0],
							"lerp_mode": "catmullrom"
						},
						"0.4583": [0.06, 0, 0]
					},
					"position": {
						"0.0": {
							"post": [0, 0, 0],
							"lerp_mode": "catmullrom"
						},
						"0.1667": {
							"post": [0, 0, 0],
							"lerp_mode": "catmullrom"
						},
						"0.2083": {
							"post": [0, 0, 0.75],
							"lerp_mode": "catmullrom"
						},
						"0.25": {
							"post": [0, 0, 0.7675],
							"lerp_mode": "catmullrom"
						},
						"0.3333": {
							"post": [0, 0, -0.25],
							"lerp_mode": "catmullrom"
						},
						"0.375": {
							"post": [0, 0, 0],
							"lerp_mode": "catmullrom"
						},
						"0.4167": {
							"post": [0, 0, 0],
							"lerp_mode": "catmullrom"
						}
					}
				},
				"pump": {
					"position": {
						"0.0417": [0, 0, 0],
						"0.0833": [0, 0, 0.16799],
						"0.125": [0, 0, 1.03971],
						"0.1667": [0, 0, 3.5],
						"0.2083": [0, 0, 3.5],
						"0.25": [0, 0, 3.30287],
						"0.2917": [0, 0, 0.44222],
						"0.3333": [0, 0, 0]
					}
				},
				"shell_ejection": {
					"rotation": {
						"0.1667": [0, 0, 0],
						"0.2083": [0, 120, 0],
						"0.2917": [0, 240, 0],
						"0.375": [0, 0, 0],
						"0.4583": [0, 120, 0],
						"0.5": [0, 0, 0]
					},
					"position": {
						"0.0417": [0, 0, 0],
						"0.0833": [0, 0, 0.16958],
						"0.125": [0, 0, 1.07417],
						"0.1667": [0, 0, 3.5],
						"0.2083": {
							"pre": [-2, 0, 3.5],
							"post": [-2, 0, 3.5],
							"lerp_mode": "catmullrom"
						},
						"0.2917": {
							"post": [-11, -5, 5.5],
							"lerp_mode": "catmullrom"
						},
						"0.375": {
							"post": [-19, -18, 7.5],
							"lerp_mode": "catmullrom"
						},
						"0.4167": {
							"post": [-18.12, -34.56, 9.22],
							"lerp_mode": "catmullrom"
						},
						"0.4583": {
							"post": [-18, -44, 9.5],
							"lerp_mode": "catmullrom"
						},
						"0.5": [0, 0, 0]
					},
					"scale": {
						"0.4167": [1, 1, 1],
						"0.4583": [0, 0, 0],
						"0.5": [1, 1, 1]
					}
				},
				"camera": {
					"rotation": {
						"0.0833": [0, 0, 0],
						"0.1667": {
							"pre": [0.53, 0, 0.5],
							"post": [0.53, 0, 0.5],
							"lerp_mode": "catmullrom"
						},
						"0.2083": {
							"post": [1, 0, 1.25],
							"lerp_mode": "catmullrom"
						},
						"0.2917": {
							"post": [0, 0, 0],
							"lerp_mode": "catmullrom"
						},
						"0.375": {
							"post": [0, 0, 0],
							"lerp_mode": "catmullrom"
						}
					}
				}
			}
		},
		"reload_empty": {
			"animation_length": 2,
			"bones": {
				"left_hand": {
					"rotation": {
						"0.0": [96.73, -378.15, -189.15],
						"0.2917": [102.92329, -420.13698, -198.29913],
						"0.5": [100.62136, -407.45688, -195.09818],
						"0.5833": {
							"pre": [98.39311, -387.55954, -191.20891],
							"post": [98.39311, -387.55954, -191.20891],
							"lerp_mode": "catmullrom"
						},
						"0.75": {
							"post": [97.86039, -381.96711, -190.25359],
							"lerp_mode": "catmullrom"
						},
						"0.8333": {
							"post": [97.42443, -373.94536, -189.08215],
							"lerp_mode": "catmullrom"
						},
						"1.0": [100.62136, -407.45688, -195.09818],
						"1.0833": {
							"pre": [98.39311, -387.55954, -191.20891],
							"post": [98.39311, -387.55954, -191.20891],
							"lerp_mode": "catmullrom"
						},
						"1.25": {
							"post": [97.86039, -381.96711, -190.25359],
							"lerp_mode": "catmullrom"
						},
						"1.3333": {
							"post": [97.42443, -373.94536, -189.08215],
							"lerp_mode": "catmullrom"
						},
						"1.4167": [96.72601, -378.15233, -189.15396],
						"1.4583": [96.73, -378.15, -189.15],
						"1.5": [96.7586, -377.89364, -189.22924],
						"1.5417": [96.97895, -378.83861, -189.8397],
						"1.5833": [97.00755, -384.10703, -189.91895],
						"1.625": [96.98063, -383.61075, -189.85237],
						"1.6667": [96.9548, -383.26904, -189.77999],
						"1.7083": [96.75583, -378.81215, -189.22238],
						"1.75": [96.73, -378.15, -189.15]
					},
					"position": {
						"0.0": [6, -10, -9],
						"0.2917": [16, -10, 13],
						"0.5": [5.15, -10, 0.93],
						"0.5417": [5.11598, -10, 0.67339],
						"0.5833": [4.99634, -10, -1.10967],
						"0.625": [5.07, -10, -4.4696],
						"0.6667": [5.3, -10, -6.88],
						"0.7083": [4.8415, -10, -9.40135],
						"0.75": {
							"pre": [6.23, -10, -8.47],
							"post": [6.23, -10, -8.47],
							"lerp_mode": "catmullrom"
						},
						"0.8333": {
							"post": [9.43, -10, -7.28],
							"lerp_mode": "catmullrom"
						},
						"1.0": [5.15, -10, 0.93],
						"1.0417": [5.16216, -10, 0.29662],
						"1.125": [5.28784, -10, -6.24662],
						"1.1667": [5.3, -10, -6.88],
						"1.25": {
							"pre": [6.23, -10, -8.47],
							"post": [6.23, -10, -8.47],
							"lerp_mode": "catmullrom"
						},
						"1.3333": {
							"post": [9.43, -10, -7.28],
							"lerp_mode": "catmullrom"
						},
						"1.4167": [6, -10, -9],
						"1.4583": [6, -10, -9],
						"1.5": [6, -10, -8.836],
						"1.5417": [6, -10, -8.03794],
						"1.5833": [6, -10, -5.5],
						"1.625": [6, -10, -5.5],
						"1.6667": [6, -10, -5.7176],
						"1.7083": [6, -10, -8.57441],
						"1.75": [6, -10, -9]
					},
					"scale": {
						"0.5": [1, 1.5, 1],
						"0.75": [1, 1.7, 1],
						"1.0": [1, 1.5, 1],
						"1.25": [1, 1.7, 1],
						"1.4167": [1, 1.5, 1]
					}
				},
				"root": {
					"rotation": {
						"0.0": [0, 0, 0],
						"0.0417": [-1.03908, -0.61915, -1.41117],
						"0.0833": [-3.39886, -2.02526, -3.33636],
						"0.125": [-6.45057, -3.84366, -5.77339],
						"0.1667": [-9.85104, -5.86988, -8.68037],
						"0.2083": [-13.35896, -7.96012, -11.94247],
						"0.25": [-16.75943, -9.98634, -15.32914],
						"0.2917": [-19.81114, -11.80474, -18.45092],
						"0.3333": [-22.17092, -13.21085, -20.76012],
						"0.375": [-23.21, -13.83, -21.65],
						"1.4167": [-23.21, -13.83, -21.65],
						"1.5": [0, 0, 0],
						"1.5417": {
							"pre": [-7.5, 0, 10],
							"post": [-7.5, 0, 10],
							"lerp_mode": "catmullrom"
						},
						"1.6667": {
							"post": [-7.5175, 0, 10],
							"lerp_mode": "catmullrom"
						},
						"1.7917": {
							"post": [0.0625, 0, -4.75],
							"lerp_mode": "catmullrom"
						},
						"1.8333": {
							"post": [0.06, 0, 0],
							"lerp_mode": "catmullrom"
						},
						"1.875": [0.06, 0, 0]
					},
					"position": {
						"1.4167": {
							"pre": [0, 0, 0],
							"post": [0, 0, 0],
							"lerp_mode": "catmullrom"
						},
						"1.5833": {
							"post": [0, 0, 0],
							"lerp_mode": "catmullrom"
						},
						"1.625": {
							"post": [0, 0, 0.75],
							"lerp_mode": "catmullrom"
						},
						"1.6667": {
							"post": [0, 0, 0.7675],
							"lerp_mode": "catmullrom"
						},
						"1.75": {
							"post": [0, 0, -0.25],
							"lerp_mode": "catmullrom"
						},
						"1.7917": {
							"post": [0, 0, 0],
							"lerp_mode": "catmullrom"
						},
						"1.8333": {
							"post": [0, 0, 0],
							"lerp_mode": "catmullrom"
						}
					}
				},
				"pump": {
					"position": {
						"1.4583": [0, 0, 0],
						"1.5": [0, 0, 0.16799],
						"1.5417": [0, 0, 1.03971],
						"1.5833": [0, 0, 3.5],
						"1.625": [0, 0, 3.5],
						"1.6667": [0, 0, 3.30287],
						"1.7083": [0, 0, 0.44222],
						"1.75": [0, 0, 0]
					}
				},
				"magazine": {
					"rotation": {
						"0.2917": {
							"pre": [0, 0, 0],
							"post": [0, 0, 0],
							"lerp_mode": "catmullrom"
						},
						"0.5": {
							"post": [-20, 0, 0],
							"lerp_mode": "catmullrom"
						},
						"0.6667": {
							"post": [0, 0, 0],
							"lerp_mode": "catmullrom"
						}
					},
					"position": {
						"0.2083": [0, 0, 0],
						"0.2917": [10, -0.5, 17],
						"0.5": [0, -1.5, 3],
						"0.5417": [0, -1.37835, 2.7567],
						"0.625": [0, -0.12165, 0.2433],
						"0.6667": [0, 0, 0]
					},
					"scale": {
						"0.1667": [1, 1, 1],
						"0.2083": [0, 0, 0],
						"0.2917": [0, 0, 0],
						"0.3333": [1, 1, 1]
					}
				},
				"camera": {
					"rotation": {
						"0.0": {
							"post": [0, 0, 0],
							"lerp_mode": "catmullrom"
						},
						"0.0833": {
							"post": [1, 0, 1],
							"lerp_mode": "catmullrom"
						},
						"0.25": {
							"post": [-1, 0, -1],
							"lerp_mode": "catmullrom"
						},
						"0.5": {
							"post": [0, 0, 0.02],
							"lerp_mode": "catmullrom"
						},
						"0.625": {
							"post": [0.04, 0, 0.09],
							"lerp_mode": "catmullrom"
						},
						"0.6667": {
							"post": [1, 0, 0.85],
							"lerp_mode": "catmullrom"
						},
						"0.7083": {
							"post": [-0.4, 0, -0.44],
							"lerp_mode": "catmullrom"
						},
						"0.8333": [0, 0, 0],
						"1.0": {
							"pre": [0, 0, 0.02],
							"post": [0, 0, 0.02],
							"lerp_mode": "catmullrom"
						},
						"1.125": {
							"post": [0.04, 0, 0.09],
							"lerp_mode": "catmullrom"
						},
						"1.1667": {
							"post": [1, 0, 0.85],
							"lerp_mode": "catmullrom"
						},
						"1.2083": {
							"post": [-0.4, 0, -0.44],
							"lerp_mode": "catmullrom"
						},
						"1.3333": [0, 0, 0],
						"1.5": [0, 0, 0],
						"1.5833": {
							"pre": [0.53, 0, 0.5],
							"post": [0.53, 0, 0.5],
							"lerp_mode": "catmullrom"
						},
						"1.625": {
							"post": [1, 0, 1.25],
							"lerp_mode": "catmullrom"
						},
						"1.7083": {
							"post": [0, 0, 0],
							"lerp_mode": "catmullrom"
						},
						"1.7917": {
							"post": [0, 0, 0],
							"lerp_mode": "catmullrom"
						}
					}
				},
				"gun_and_righthand": {
					"position": {
						"0.0": {
							"post": [0, 0, 0],
							"lerp_mode": "catmullrom"
						},
						"0.2917": {
							"post": [0, 0, -1],
							"lerp_mode": "catmullrom"
						},
						"0.375": {
							"post": [0, 0, 0],
							"lerp_mode": "catmullrom"
						},
						"0.4583": {
							"post": [0, 0, 0],
							"lerp_mode": "catmullrom"
						},
						"0.625": {
							"post": [0, 0, 0],
							"lerp_mode": "catmullrom"
						},
						"0.6667": {
							"post": [0, 0, -0.25],
							"lerp_mode": "catmullrom"
						},
						"0.7083": {
							"post": [0, 0, -0.22],
							"lerp_mode": "catmullrom"
						},
						"0.9583": {
							"post": [0, 0, 0],
							"lerp_mode": "catmullrom"
						},
						"1.125": {
							"post": [0, 0, 0],
							"lerp_mode": "catmullrom"
						},
						"1.1667": {
							"post": [0, 0, -0.25],
							"lerp_mode": "catmullrom"
						},
						"1.2083": {
							"post": [0, 0, -0.22],
							"lerp_mode": "catmullrom"
						},
						"1.5": {
							"post": [0, 0, 0],
							"lerp_mode": "catmullrom"
						}
					}
				},
				"shell_ejection": {
					"rotation": {
						"0.2917": {
							"pre": [0, 0, 0],
							"post": [0, 0, 0],
							"lerp_mode": "catmullrom"
						},
						"0.5": {
							"post": [-20, 0, 0],
							"lerp_mode": "catmullrom"
						},
						"0.8333": {
							"post": [-23.49769, -18.45841, 7.83771],
							"lerp_mode": "catmullrom"
						},
						"1.0": {
							"post": [-20, 0, 0],
							"lerp_mode": "catmullrom"
						},
						"1.1667": {
							"post": [0, 0, 0],
							"lerp_mode": "catmullrom"
						}
					},
					"position": {
						"0.2083": [0, 0, 0],
						"0.2917": [11.375, -3.25, 17],
						"0.5": [1.375, -2.875, 3],
						"0.5417": [1.375, -2.875, 3.7567],
						"0.5833": [1.38, -2.875, 2.5],
						"0.625": [1.375, -2.875, 0.2433],
						"0.6667": [1.375, -2.875, -3],
						"0.7083": [0.2, -2.87, -6.25],
						"0.75": {
							"pre": [2.03, -2.87, -4.21],
							"post": [2.03, -2.87, -4.21],
							"lerp_mode": "catmullrom"
						},
						"0.8333": {
							"post": [4.99, -2.88, -3.09],
							"lerp_mode": "catmullrom"
						},
						"1.0": [0, -2.875, 3],
						"1.0417": [0, -2.7533, 2.7567],
						"1.125": [0, -1.4966, 0.2433],
						"1.1667": [0, -1.375, 0]
					},
					"scale": {
						"0.1667": [1, 1, 1],
						"0.2083": [0, 0, 0],
						"0.2917": [0, 0, 0],
						"0.3333": [1, 1, 1]
					}
				}
			}
		},
		"reload_tactical": {
			"animation_length": 1.25,
			"bones": {
				"left_hand": {
					"rotation": {
						"0.0": [96.73, -378.15, -189.15],
						"0.2917": [102.92329, -420.13698, -198.29913],
						"0.5": [100.62136, -407.45688, -195.09818],
						"0.5833": {
							"pre": [98.39311, -387.55954, -191.20891],
							"post": [98.39311, -387.55954, -191.20891],
							"lerp_mode": "catmullrom"
						},
						"0.75": {
							"post": [97.86039, -381.96711, -190.25359],
							"lerp_mode": "catmullrom"
						},
						"0.8333": {
							"post": [97.42443, -373.94536, -189.08215],
							"lerp_mode": "catmullrom"
						},
						"1.0": [96.72601, -378.15233, -189.15396]
					},
					"position": {
						"0.0": [6, -10, -9],
						"0.2917": [16, -10, 13],
						"0.5": [5.15, -10, 0.93],
						"0.5417": [5.11598, -10, 0.67339],
						"0.5833": [4.99634, -10, -1.10967],
						"0.625": [5.07, -10, -4.4696],
						"0.6667": [5.3, -10, -6.88],
						"0.7083": [4.8415, -10, -9.40135],
						"0.75": {
							"pre": [6.23, -10, -8.47],
							"post": [6.23, -10, -8.47],
							"lerp_mode": "catmullrom"
						},
						"0.8333": {
							"post": [9.43, -10, -7.28],
							"lerp_mode": "catmullrom"
						},
						"1.0": [6, -10, -9]
					},
					"scale": {
						"0.5": [1, 1.5, 1],
						"0.75": [1, 1.7, 1],
						"1.0": [1, 1.5, 1]
					}
				},
				"root": {
					"rotation": {
						"0.0": [0, 0, 0],
						"0.0417": [-1.03908, -0.61915, -1.41117],
						"0.0833": [-3.39886, -2.02526, -3.33636],
						"0.125": [-6.45057, -3.84366, -5.77339],
						"0.1667": [-9.85104, -5.86988, -8.68037],
						"0.2083": [-13.35896, -7.96012, -11.94247],
						"0.25": [-16.75943, -9.98634, -15.32914],
						"0.2917": [-19.81114, -11.80474, -18.45092],
						"0.3333": [-22.17092, -13.21085, -20.76012],
						"0.375": [-23.21, -13.83, -21.65],
						"1.0": [-23.21, -13.83, -21.65],
						"1.125": {
							"pre": [2.5, 0, 2.5],
							"post": [2.5, 0, 2.5],
							"lerp_mode": "catmullrom"
						},
						"1.25": {
							"post": [0, 0, 0],
							"lerp_mode": "catmullrom"
						}
					}
				},
				"gun_and_righthand": {
					"position": {
						"0.0": {
							"post": [0, 0, 0],
							"lerp_mode": "catmullrom"
						},
						"0.2917": {
							"post": [0, 0, -1],
							"lerp_mode": "catmullrom"
						},
						"0.375": {
							"post": [0, 0, 0],
							"lerp_mode": "catmullrom"
						},
						"0.4583": {
							"post": [0, 0, 0],
							"lerp_mode": "catmullrom"
						},
						"0.625": {
							"post": [0, 0, 0],
							"lerp_mode": "catmullrom"
						},
						"0.6667": {
							"post": [0, 0, -0.25],
							"lerp_mode": "catmullrom"
						},
						"0.7083": {
							"post": [0, 0, -0.22],
							"lerp_mode": "catmullrom"
						},
						"1.0": {
							"post": [0, 0, 0],
							"lerp_mode": "catmullrom"
						}
					}
				},
				"camera": {
					"rotation": {
						"0.0": {
							"post": [0, 0, 0],
							"lerp_mode": "catmullrom"
						},
						"0.0833": {
							"post": [1, 0, 1],
							"lerp_mode": "catmullrom"
						},
						"0.25": {
							"post": [-1, 0, -1],
							"lerp_mode": "catmullrom"
						},
						"0.5": {
							"post": [0, 0, 0.02],
							"lerp_mode": "catmullrom"
						},
						"0.625": {
							"post": [0.04, 0, 0.09],
							"lerp_mode": "catmullrom"
						},
						"0.6667": {
							"post": [1, 0, 0.85],
							"lerp_mode": "catmullrom"
						},
						"0.7083": {
							"post": [-0.4, 0, -0.44],
							"lerp_mode": "catmullrom"
						},
						"0.8333": [0, 0, 0],
						"1.0": [0, 0, 0],
						"1.125": {
							"pre": [1, 0, 2],
							"post": [1, 0, 2],
							"lerp_mode": "catmullrom"
						},
						"1.25": {
							"post": [0, 0, 0],
							"lerp_mode": "catmullrom"
						}
					}
				},
				"shell_ejection": {
					"rotation": {
						"0.2917": {
							"pre": [0, 0, 0],
							"post": [0, 0, 0],
							"lerp_mode": "catmullrom"
						},
						"0.5833": {
							"post": [-20, 0, 0],
							"lerp_mode": "catmullrom"
						},
						"0.75": {
							"post": [0, 0, 0],
							"lerp_mode": "catmullrom"
						}
					},
					"position": {
						"0.2083": [0, 0, 0],
						"0.2917": [10, -2.125, 19.75],
						"0.5": [0, -3.125, 5.75],
						"0.5833": [0, -2.875, 3],
						"0.625": [0, -2.7533, 2.7567],
						"0.7083": [0, -1.4966, 0.2433],
						"0.75": [0, -1.375, 2.75]
					},
					"scale": {
						"0.1667": [1, 1, 1],
						"0.2083": [0, 0, 0],
						"0.2917": [0, 0, 0],
						"0.3333": [1, 1, 1]
					}
				},
				"magazine": {
					"rotation": {
						"0.2917": {
							"pre": [0, 0, 0],
							"post": [0, 0, 0],
							"lerp_mode": "catmullrom"
						},
						"0.5": {
							"post": [-20, 0, 0],
							"lerp_mode": "catmullrom"
						},
						"0.6667": {
							"post": [0, 0, 0],
							"lerp_mode": "catmullrom"
						}
					},
					"position": {
						"0.2083": [0, 0, 0],
						"0.2917": [10, -0.5, 17],
						"0.5": [0, -1.5, 3],
						"0.5417": [0, -1.37835, 2.7567],
						"0.625": [0, -0.12165, 0.2433],
						"0.6667": [0, 0, 0]
					},
					"scale": {
						"0.1667": [1, 1, 1],
						"0.2083": [0, 0, 0],
						"0.2917": [0, 0, 0],
						"0.3333": [1, 1, 1]
					}
				}
			}
		},
		"put_away": {
			"animation_length": 1,
			"bones": {
				"left_hand": {
					"rotation": {
						"0.0": [96.73, -378.15, -189.15],
						"0.25": [96.73, -378.15, -189.15],
						"0.4167": {
							"pre": [96.73, -378.15, -189.15],
							"post": [96.73, -378.15, -189.15],
							"lerp_mode": "catmullrom"
						},
						"0.5": {
							"post": [71.79065, -391.91236, -146.36287],
							"lerp_mode": "catmullrom"
						},
						"0.625": {
							"post": [74.21695, -372.76282, -152.65163],
							"lerp_mode": "catmullrom"
						},
						"0.7083": [71.79, -391.91, -146.36]
					},
					"position": {
						"0.0": [6, -10, -9],
						"0.25": [6, -10, -9],
						"0.2917": [6, -10, -8.98395],
						"0.3333": [6, -10, -8.8183],
						"0.375": [6, -10, -8.02485],
						"0.4167": [6, -10, -4.43],
						"0.4583": [6, -9, -2.64127],
						"0.5": {
							"pre": [6, -8, -3],
							"post": [6, -8, -3],
							"lerp_mode": "catmullrom"
						},
						"0.5833": {
							"post": [11, -13, 1],
							"lerp_mode": "catmullrom"
						},
						"0.6667": {
							"post": [14, -15, 7],
							"lerp_mode": "catmullrom"
						},
						"0.7083": [14, -15, 7]
					},
					"scale": {
						"0.0": [1, 1.5, 1],
						"0.6667": [1, 1.5, 1],
						"0.7083": [0, 0, 0]
					}
				},
				"root": {
					"rotation": {
						"0.0": [0, 0, 0],
						"0.25": [-23.21, -13.83, -21.65],
						"0.6667": {
							"pre": [-23.21, -13.83, -21.65],
							"post": [-23.21, -13.83, -21.65],
							"lerp_mode": "catmullrom"
						},
						"0.75": {
							"post": [4.66025, 9.09539, 25.94777],
							"lerp_mode": "catmullrom"
						},
						"0.8333": {
							"post": [35.68748, 0.4257, 38.24207],
							"lerp_mode": "catmullrom"
						},
						"0.9167": {
							"post": [81.09696, -2.76714, 18.49048],
							"lerp_mode": "catmullrom"
						},
						"1.0": [90, -5, 0]
					},
					"position": {
						"0.6667": {
							"pre": [0, 0, 0],
							"post": [0, 0, 0],
							"lerp_mode": "catmullrom"
						},
						"0.75": {
							"post": [-5, -1, 0],
							"lerp_mode": "catmullrom"
						},
						"0.8333": {
							"post": [-9.42, -5.08, 0],
							"lerp_mode": "catmullrom"
						},
						"0.9167": {
							"post": [-10.42, -10.08, 0],
							"lerp_mode": "catmullrom"
						},
						"1.0": [-9.42, -14.08, 0]
					}
				},
				"gun_and_righthand": {
					"position": {
						"0.0": [0, 0, 0],
						"0.125": {
							"pre": [0, 0, -1],
							"post": [0, 0, -1],
							"lerp_mode": "catmullrom"
						},
						"0.25": {
							"post": [0, 0, 0],
							"lerp_mode": "catmullrom"
						},
						"0.3333": [0, 0, 0]
					}
				},
				"handle": {
					"rotation": {
						"0.25": [0, 0, 0],
						"0.2917": [0.86591, 0, 0],
						"0.3333": [4.30306, 0, 0],
						"0.375": [12.24911, 0, 0],
						"0.4167": [31.06154, 0, 0],
						"0.4583": [79.68015, 0, 0],
						"0.5": [90, 0, 0]
					}
				}
			}
		},
		"draw": {
			"loop": "hold_on_last_frame",
			"animation_length": 1,
			"bones": {
				"left_hand": {
					"rotation": {
						"0.4167": {
							"pre": [88.84461, -377.57242, -151.22953],
							"post": [88.84461, -377.57242, -151.22953],
							"lerp_mode": "catmullrom"
						},
						"0.5": {
							"post": [71.79065, -391.91236, -146.36287],
							"lerp_mode": "catmullrom"
						},
						"0.5833": {
							"post": [96.73, -378.15, -189.15],
							"lerp_mode": "catmullrom"
						},
						"0.75": [96.73, -378.15, -189.15],
						"1.0": [96.72601, -378.15233, -189.15396]
					},
					"position": {
						"0.3333": {
							"pre": [23, -16, 10],
							"post": [23, -16, 10],
							"lerp_mode": "catmullrom"
						},
						"0.4167": {
							"post": [14, -8, 2],
							"lerp_mode": "catmullrom"
						},
						"0.4583": [10, -8, -0.42899],
						"0.5": [6, -8, -3],
						"0.5417": [6, -8.1198, -3.10048],
						"0.5833": [6, -8.47687, -3.38406],
						"0.625": [6, -9, -3.99201],
						"0.6667": [6, -9.52313, -5.38869],
						"0.7083": [6, -9.8802, -8.38153],
						"0.75": [6, -10, -9],
						"1.0": [6, -10, -9]
					},
					"scale": {
						"0.5833": [1, 1.75, 1],
						"1.0": [1, 1.5, 1]
					}
				},
				"root": {
					"rotation": {
						"0.0": [90, -5, 0],
						"0.125": {
							"pre": [81.09696, -2.76714, 11.49048],
							"post": [81.09696, -2.76714, 11.49048],
							"lerp_mode": "catmullrom"
						},
						"0.25": {
							"post": [35.68748, 0.4257, 15.24207],
							"lerp_mode": "catmullrom"
						},
						"0.375": {
							"post": [4.66025, 9.09539, -7.05223],
							"lerp_mode": "catmullrom"
						},
						"0.5": {
							"post": [-23.21, -13.83, -21.65],
							"lerp_mode": "catmullrom"
						},
						"1.0": [0, 0, 0]
					},
					"position": {
						"0.0": [-8.42, -11.08, 0],
						"0.125": {
							"pre": [-8.42, -9.08, 0],
							"post": [-8.42, -9.08, 0],
							"lerp_mode": "catmullrom"
						},
						"0.25": {
							"post": [-6.42, -5.08, 0],
							"lerp_mode": "catmullrom"
						},
						"0.375": {
							"post": [-3, -1, 0],
							"lerp_mode": "catmullrom"
						},
						"0.5": {
							"post": [0, 0, 0],
							"lerp_mode": "catmullrom"
						},
						"1.0": [0, 0, 0]
					}
				},
				"gun_and_righthand": {
					"position": {
						"0.3333": [0, 0, 0],
						"0.4583": {
							"pre": [0, 0, -1],
							"post": [0, 0, -1],
							"lerp_mode": "catmullrom"
						},
						"0.5833": {
							"post": [0, 0, 0],
							"lerp_mode": "catmullrom"
						},
						"0.6667": [0, 0, 0]
					}
				},
				"handle": {
					"rotation": {
						"0.5": [90, 0, 0],
						"0.5417": [88.78401, 0, 0],
						"0.5833": [84.78587, 0, 0],
						"0.625": [75.85461, 0, 0],
						"0.6667": [54.90949, 0, 0],
						"0.7083": [9.44842, 0, 0],
						"0.75": [0, 0, 0]
					}
				},
				"right_hand": {
					"rotation": {
						"0.0": [115.06, -352.56, -179.02],
						"1.0": [97.56397, -352.56453, -179.01552]
					},
					"position": [-6, -9, 6]
				}
			}
		}
	}
}