{
    "model": "the_continental:ammo/10mmauto",
    "texture": "the_continental:ammo/uv/10mmauto",
    "slot": "the_continental:ammo/slot/10mmauto",
    "tracer_color": "#ffb373",
    "shell": {
      "model": "the_continental:shell/10mmauto_shell",
      "texture": "the_continental:shell/10mmauto_shell"
    },
    "transform": {
      "scale": {
        "thirdperson": [
          0.6,
          0.6,
          0.6
        ],
        "ground": [
          0.6,
          0.6,
          0.6
        ],
        "fixed": [
          1.2,
          1.2,
          1.2
        ]
      }
    }
  }
      