{
  "materials": [
    {
      "item": {
        "tag": "forge:ingots/iron"
      },
      "count": 96
    },
    {
      "item": {
        "tag": "forge:ingots/gold"
      },
      "count": 8
    },
    {
      "item": {
        "tag": "forge:gems/lapis"
      },
      "count": 6
    },
    {
      "item": {
        "tag": "forge:gems/quartz"
      },
      "count": 4
    },
    {
      "item": {
        "tag": "minecraft:logs"
      },
      "count": 8
    }
  ],
  "result": {
    "type": "gun",
    "id": "sanzu:howatype64"
  }
}