{
  "ammo": "m9:m9d",
  "rpm": 80,
  "ammo_amount": 36,
  "bolt": "open_bolt",
  "bullet": {
    "life": 10,
    "bullet_amount": 1,
    "damage": 10,
    "extra_damage": {
      "armor_ignore": 0.1,
      "head_shot_multiplier": 2,
      "damage_adjust": [
        {"distance": 3, "damage": 16},
        {"distance": 9, "damage": 10},
        {"distance": "infinite", "damage": 8}
      ]
    },
    "speed": 40,
    "gravity": 0.2,
    "knockback": 0.1,
    "friction": 0.005,
    "ignite": false,
    "pierce": 0,
    "explosion": {
   "explode": true,
		"radius": 0.1,
		"damage": 2,
		"delay": 20}
   
  },
  "melee": {
    "cooldown": 0.8},
  "reload": {
    "type": "magazine",
    "feed": {
      "empty": 1.3,
      "tactical": 1.3
    },
    "cooldown": {
      "empty": 1.4,
      "tactical": 1.4
    }
  },
  "draw_time": 1.25,
  "put_away_time": 0.5,
  "aim_time": 0.2,
  "sprint_time": 0.1,
  "weight": -15,
  "fire_mode": [
    "semi",
     "burst"
  ],
  "recoil": {
    "pitch": [
      {"time": 0, "value": [2.5, 2.5]},
      {"time": 0.3, "value": [2.5, 2.5]},
      {"time": 0.55, "value": [-0.75, -0.75]},
      {"time": 0.8, "value": [0.25, 0.25]},
      {"time": 1.2, "value": [0, 0]},
      {"time": 1.4, "value": [0, 0]}
    ],
    "yaw": [
      {"time": 0, "value": [-0.4, 0.4]},
      {"time": 0.55, "value": [0, 0]}
    ]
  },
  "inaccuracy": {
    "stand": 0,
    "move": 0,
    "sneak": 0,
    "lie": 0,
    "aim": 0
  },
  "burst_data": {

    "continuous_shoot": true,
   
    "count": 3,
 
    "bpm": 80,
  
    "min_interval": 2.5},
      "allow_attachment_types": [
        
        "muzzle"
       
      ]
  }

