{
	"format_version": "1.12.0",
	"minecraft:geometry": [
		{
			"description": {
				"identifier": "geometry.unknown",
				"texture_width": 16,
				"texture_height": 16,
				"visible_bounds_width": 2,
				"visible_bounds_height": 1.5,
				"visible_bounds_offset": [0, 0.25, 0]
			},
			"bones": [
				{
					"name": "astdmr",
					"pivot": [-0.55, -1.925, -0.55],
					"cubes": [
						{
							"origin": [-0.45, -0.5, 0.175],
							"size": [0.9, 0.05, 0.8],
							"pivot": [-0.55, -0.45, 0.325],
							"rotation": [-39.5, 0, 0],
							"uv": {
								"north": {"uv": [0, 6], "uv_size": [1, 1]},
								"east": {"uv": [6, 0], "uv_size": [1, 1]},
								"south": {"uv": [1, 6], "uv_size": [1, 1]},
								"west": {"uv": [6, 1], "uv_size": [1, 1]},
								"up": {"uv": [2, 6], "uv_size": [1, 1]},
								"down": {"uv": [6, 3], "uv_size": [1, -1]}
							}
						},
						{
							"origin": [-0.45, -0.9, 0.775],
							"size": [0.9, 0.05, 0.7],
							"pivot": [-0.55, -0.85, 0.825],
							"rotation": [-49.5, 0, 0],
							"uv": {
								"north": {"uv": [5, 2], "uv_size": [1, 1]},
								"east": {"uv": [3, 5], "uv_size": [1, 1]},
								"south": {"uv": [5, 3], "uv_size": [1, 1]},
								"west": {"uv": [4, 5], "uv_size": [1, 1]},
								"up": {"uv": [5, 4], "uv_size": [1, 1]},
								"down": {"uv": [5, 6], "uv_size": [1, -1]}
							}
						},
						{
							"origin": [-0.45, -1.375, 1.15],
							"size": [0.9, 0.125, 0.3],
							"pivot": [0, -1.3625, 1.3],
							"rotation": [-7.5, 0, 0],
							"uv": {
								"north": {"uv": [3, 4], "uv_size": [1, 1]},
								"east": {"uv": [4, 3], "uv_size": [1, 1]},
								"south": {"uv": [4, 4], "uv_size": [1, 1]},
								"west": {"uv": [5, 0], "uv_size": [1, 1]},
								"up": {"uv": [5, 1], "uv_size": [1, 1]},
								"down": {"uv": [2, 6], "uv_size": [1, -1]}
							}
						},
						{
							"origin": [-0.45, -0.75, 0.575],
							"size": [0.9, 0.1, 0.65],
							"pivot": [-0.55, -0.65, 0.725],
							"rotation": [69, 0, 0],
							"uv": {
								"north": {"uv": [9, 1], "uv_size": [1, 1]},
								"east": {"uv": [2, 9], "uv_size": [1, 1]},
								"south": {"uv": [9, 2], "uv_size": [1, 1]},
								"west": {"uv": [3, 9], "uv_size": [1, 1]},
								"up": {"uv": [9, 3], "uv_size": [1, 1]},
								"down": {"uv": [4, 10], "uv_size": [1, -1]}
							}
						},
						{
							"origin": [-0.45, -0.85, 0.975],
							"size": [0.9, 0.1, 1.3],
							"pivot": [-0.55, -0.8, 1.625],
							"rotation": [-112.5, 0, 0],
							"uv": {
								"north": {"uv": [3, 2], "uv_size": [1, 1]},
								"east": {"uv": [3, 3], "uv_size": [1, 1]},
								"south": {"uv": [4, 0], "uv_size": [1, 1]},
								"west": {"uv": [4, 1], "uv_size": [1, 1]},
								"up": {"uv": [2, 4], "uv_size": [1, 1]},
								"down": {"uv": [4, 3], "uv_size": [1, -1]}
							}
						},
						{
							"origin": [-0.45, -0.5, -0.125],
							"size": [0.9, 0.05, 0.2],
							"pivot": [-0.55, -0.4, -0.125],
							"rotation": [15.5, 0, 0],
							"uv": {
								"north": {"uv": [9, 7], "uv_size": [1, 1]},
								"east": {"uv": [8, 9], "uv_size": [1, 1]},
								"south": {"uv": [9, 8], "uv_size": [1, 1]},
								"west": {"uv": [9, 9], "uv_size": [1, 1]},
								"up": {"uv": [0, 10], "uv_size": [1, 1]},
								"down": {"uv": [10, 1], "uv_size": [1, -1]}
							}
						},
						{
							"origin": [-0.45, -0.425, 0.025],
							"size": [0.9, 0.05, 0.2],
							"pivot": [-0.55, -0.325, 0.025],
							"rotation": [-108.5, 0, 0],
							"uv": {
								"north": {"uv": [9, 4], "uv_size": [1, 1]},
								"east": {"uv": [5, 9], "uv_size": [1, 1]},
								"south": {"uv": [9, 5], "uv_size": [1, 1]},
								"west": {"uv": [6, 9], "uv_size": [1, 1]},
								"up": {"uv": [9, 6], "uv_size": [1, 1]},
								"down": {"uv": [7, 10], "uv_size": [1, -1]}
							}
						},
						{
							"origin": [-0.45, -0.15, 0.075],
							"size": [0.9, 0.05, 0.15],
							"pivot": [-0.55, -0.05, -0.075],
							"rotation": [-70.5, 0, 0],
							"uv": {
								"north": {"uv": [7, 5], "uv_size": [1, 1]},
								"east": {"uv": [6, 7], "uv_size": [1, 1]},
								"south": {"uv": [7, 6], "uv_size": [1, 1]},
								"west": {"uv": [7, 7], "uv_size": [1, 1]},
								"up": {"uv": [0, 8], "uv_size": [1, 1]},
								"down": {"uv": [8, 1], "uv_size": [1, -1]}
							}
						},
						{
							"origin": [-0.45, -0.25, 0.15],
							"size": [0.9, 0.05, 0.3],
							"pivot": [-0.55, -0.15, 0.15],
							"rotation": [-96.5, 0, 0],
							"uv": {
								"north": {"uv": [1, 8], "uv_size": [1, 1]},
								"east": {"uv": [8, 1], "uv_size": [1, 1]},
								"south": {"uv": [2, 8], "uv_size": [1, 1]},
								"west": {"uv": [8, 2], "uv_size": [1, 1]},
								"up": {"uv": [3, 8], "uv_size": [1, 1]},
								"down": {"uv": [8, 4], "uv_size": [1, -1]}
							}
						},
						{
							"origin": [-0.45, -0.25, -0.15],
							"size": [0.9, 0.05, 0.3],
							"pivot": [-0.55, -0.15, 0.15],
							"rotation": [96.5, 0, 0],
							"uv": {
								"north": {"uv": [7, 2], "uv_size": [1, 1]},
								"east": {"uv": [3, 7], "uv_size": [1, 1]},
								"south": {"uv": [7, 3], "uv_size": [1, 1]},
								"west": {"uv": [4, 7], "uv_size": [1, 1]},
								"up": {"uv": [7, 4], "uv_size": [1, 1]},
								"down": {"uv": [5, 8], "uv_size": [1, -1]}
							}
						},
						{
							"origin": [-0.45, -0.25, 0],
							"size": [0.9, 0.05, 0.275],
							"pivot": [-0.55, -0.15, 0.3],
							"rotation": [70.5, 0, 0],
							"uv": {
								"north": {"uv": [6, 6], "uv_size": [1, 1]},
								"east": {"uv": [0, 7], "uv_size": [1, 1]},
								"south": {"uv": [7, 0], "uv_size": [1, 1]},
								"west": {"uv": [1, 7], "uv_size": [1, 1]},
								"up": {"uv": [7, 1], "uv_size": [1, 1]},
								"down": {"uv": [2, 8], "uv_size": [1, -1]}
							}
						},
						{
							"origin": [-0.45, -0.35, -0.025],
							"size": [0.9, 0.125, 0.325],
							"uv": {
								"north": {"uv": [7, 8], "uv_size": [1, 1]},
								"east": {"uv": [8, 7], "uv_size": [1, 1]},
								"south": {"uv": [8, 8], "uv_size": [1, 1]},
								"west": {"uv": [0, 9], "uv_size": [1, 1]},
								"up": {"uv": [9, 0], "uv_size": [1, 1]},
								"down": {"uv": [1, 10], "uv_size": [1, -1]}
							}
						},
						{
							"origin": [-0.45, -0.45, -0.075],
							"size": [0.9, 0.2, 0.35],
							"uv": {
								"north": {"uv": [4, 8], "uv_size": [1, 1]},
								"east": {"uv": [8, 4], "uv_size": [1, 1]},
								"south": {"uv": [5, 8], "uv_size": [1, 1]},
								"west": {"uv": [8, 5], "uv_size": [1, 1]},
								"up": {"uv": [6, 8], "uv_size": [1, 1]},
								"down": {"uv": [8, 7], "uv_size": [1, -1]}
							}
						},
						{
							"origin": [-0.45, -0.375, -0.075],
							"size": [0.9, 0.15, 0.4],
							"uv": {
								"north": {"uv": [3, 6], "uv_size": [1, 1]},
								"east": {"uv": [6, 3], "uv_size": [1, 1]},
								"south": {"uv": [4, 6], "uv_size": [1, 1]},
								"west": {"uv": [6, 4], "uv_size": [1, 1]},
								"up": {"uv": [5, 6], "uv_size": [1, 1]},
								"down": {"uv": [6, 6], "uv_size": [1, -1]}
							}
						},
						{
							"origin": [-0.45, -0.325, -1.65],
							"size": [0.9, 0.1, 0.3],
							"pivot": [-0.55, -0.275, -1.5],
							"rotation": [92.25, 0, 0],
							"uv": {
								"north": {"uv": [4, 10], "uv_size": [1, 1]},
								"east": {"uv": [10, 4], "uv_size": [1, 1]},
								"south": {"uv": [5, 10], "uv_size": [1, 1]},
								"west": {"uv": [10, 5], "uv_size": [1, 1]},
								"up": {"uv": [6, 10], "uv_size": [1, 1]},
								"down": {"uv": [10, 7], "uv_size": [1, -1]}
							}
						},
						{
							"origin": [-0.45, -0.575, -1.5],
							"size": [0.9, 0.1, 0.325],
							"pivot": [-0.55, -0.675, -1.325],
							"rotation": [101.75, 0, 0],
							"uv": {
								"north": {"uv": [11, 2], "uv_size": [1, 1]},
								"east": {"uv": [3, 11], "uv_size": [1, 1]},
								"south": {"uv": [11, 3], "uv_size": [1, 1]},
								"west": {"uv": [4, 11], "uv_size": [1, 1]},
								"up": {"uv": [11, 4], "uv_size": [1, 1]},
								"down": {"uv": [5, 12], "uv_size": [1, -1]}
							}
						},
						{
							"origin": [-0.45, -0.525, -1.4],
							"size": [0.9, 0.15, 0.2],
							"pivot": [-0.55, -0.575, -1.35],
							"rotation": [91.5, 0, 0],
							"uv": {
								"north": {"uv": [10, 10], "uv_size": [1, 1]},
								"east": {"uv": [0, 11], "uv_size": [1, 1]},
								"south": {"uv": [11, 0], "uv_size": [1, 1]},
								"west": {"uv": [1, 11], "uv_size": [1, 1]},
								"up": {"uv": [11, 1], "uv_size": [1, 1]},
								"down": {"uv": [2, 12], "uv_size": [1, -1]}
							}
						},
						{
							"origin": [-0.45, -0.4, -1.5],
							"size": [0.9, 0.175, 0.3],
							"pivot": [-0.55, -0.425, -1.35],
							"rotation": [91.5, 0, 0],
							"uv": {
								"north": {"uv": [7, 10], "uv_size": [1, 1]},
								"east": {"uv": [10, 7], "uv_size": [1, 1]},
								"south": {"uv": [8, 10], "uv_size": [1, 1]},
								"west": {"uv": [10, 8], "uv_size": [1, 1]},
								"up": {"uv": [9, 10], "uv_size": [1, 1]},
								"down": {"uv": [10, 10], "uv_size": [1, -1]}
							}
						},
						{
							"origin": [-0.45, -0.325, -1.5],
							"size": [0.9, 0.2, 0.3],
							"pivot": [-0.55, -0.275, -1.35],
							"rotation": [70.5, 0, 0],
							"uv": {
								"north": {"uv": [1, 10], "uv_size": [1, 1]},
								"east": {"uv": [10, 1], "uv_size": [1, 1]},
								"south": {"uv": [2, 10], "uv_size": [1, 1]},
								"west": {"uv": [10, 2], "uv_size": [1, 1]},
								"up": {"uv": [3, 10], "uv_size": [1, 1]},
								"down": {"uv": [10, 4], "uv_size": [1, -1]}
							}
						},
						{
							"origin": [-0.45, -0.35, -1.875],
							"size": [0.9, 0.1, 0.675],
							"pivot": [-0.55, -0.275, -1.35],
							"rotation": [75.5, 0, 0],
							"uv": {
								"north": {"uv": [1, 10], "uv_size": [1, 1]},
								"east": {"uv": [10, 1], "uv_size": [1, 1]},
								"south": {"uv": [2, 10], "uv_size": [1, 1]},
								"west": {"uv": [10, 2], "uv_size": [1, 1]},
								"up": {"uv": [3, 10], "uv_size": [1, 1]},
								"down": {"uv": [10, 4], "uv_size": [1, -1]}
							}
						},
						{
							"origin": [-0.45, -0.225, -1.55],
							"size": [0.9, 0.175, 3.5],
							"uv": {
								"north": {"uv": [2, 2], "uv_size": [1, 1]},
								"east": {"uv": [0, 0], "uv_size": [4, 1]},
								"south": {"uv": [2, 3], "uv_size": [1, 1]},
								"west": {"uv": [0, 1], "uv_size": [4, 1]},
								"up": {"uv": [0, 2], "uv_size": [1, 4]},
								"down": {"uv": [1, 6], "uv_size": [1, -4]}
							}
						},
						{
							"origin": [-0.5, -0.075, -1.55],
							"size": [1, 0.15, 3.5],
							"uv": {
								"north": {"uv": [2, 2], "uv_size": [1, 1]},
								"east": {"uv": [0, 0], "uv_size": [4, 1]},
								"south": {"uv": [2, 3], "uv_size": [1, 1]},
								"west": {"uv": [0, 1], "uv_size": [4, 1]},
								"up": {"uv": [0, 2], "uv_size": [1, 4]},
								"down": {"uv": [1, 6], "uv_size": [1, -4]}
							}
						}
					]
				},
				{
					"name": "octagon",
					"parent": "astdmr",
					"pivot": [8.05, -8.125, -7.85],
					"cubes": [
						{
							"origin": [-0.5, -0.22707, 0.045],
							"size": [1.025, 0.20414, 0.21],
							"uv": {
								"north": {"uv": [11, 8], "uv_size": [1, 1]},
								"east": {"uv": [9, 11], "uv_size": [1, 1]},
								"south": {"uv": [11, 9], "uv_size": [1, 1]},
								"west": {"uv": [10, 11], "uv_size": [1, 1]},
								"up": {"uv": [11, 10], "uv_size": [1, 1]},
								"down": {"uv": [11, 12], "uv_size": [1, -1]}
							}
						},
						{
							"origin": [-0.5, -0.23, 0.04793],
							"size": [1.025, 0.21, 0.20414],
							"pivot": [0.05, -0.125, 0.15],
							"rotation": [-45, 0, 0],
							"uv": {
								"north": {"uv": [0, 12], "uv_size": [1, 1]},
								"east": {"uv": [12, 0], "uv_size": [1, 1]},
								"south": {"uv": [1, 12], "uv_size": [1, 1]},
								"west": {"uv": [12, 1], "uv_size": [1, 1]},
								"up": {"uv": [2, 12], "uv_size": [1, 1]},
								"down": {"uv": [12, 3], "uv_size": [1, -1]}
							}
						}
					]
				}
			]
		}
	]
}