{
	"format_version": "1.21.0",
	"minecraft:geometry": [
		{
			"description": {
				"identifier": "geometry.unknown",
				"texture_width": 512,
				"texture_height": 512,
				"visible_bounds_width": 7,
				"visible_bounds_height": 1.5,
				"visible_bounds_offset": [0, 0.25, 0]
			},
			"bones": [
				{
					"name": "scope_view",
					"pivot": [0, 1.75427, 8.60597]
				},
				{
					"name": "division",
					"pivot": [2.26751, 0.22885, 36.17745],
					"rotation": [0, 0, -90]
				},
				{
					"name": "division_illuminated",
					"parent": "division",
					"pivot": [3.27687, 0.74041, -108.85638],
					"cubes": [
						{
							"origin": [2.84629, 1.92672, -62.54526],
							"size": [1.17444, 0.8256, 0.34594],
							"inflate": -0.26562,
							"pivot": [3.43351, 2.33951, -62.37229],
							"rotation": [0, 0, -50],
							"uv": {
								"south": {"uv": [451.5, 384], "uv_size": [0.5, 2.5], "uv_rotation": 180}
							}
						},
						{
							"origin": [2.84629, 2.24042, -62.54526],
							"size": [1.17444, 0.8256, 0.34594],
							"inflate": -0.26562,
							"pivot": [3.43351, 2.65322, -62.37229],
							"rotation": [0, 0, 50],
							"uv": {
								"south": {"uv": [451.5, 386.5], "uv_size": [0.5, -2.5], "uv_rotation": 180}
							}
						}
					]
				},
				{
					"name": "ocular",
					"pivot": [0.61048, 0.38443, 3.1426],
					"cubes": [
						{
							"origin": [-1.12, 0.28, 0.12],
							"size": [2.1, 2.24, 0],
							"uv": {
								"south": {"uv": [0, 0], "uv_size": [1.5, 1.6]}
							}
						}
					]
				},
				{
					"name": "scope_body",
					"pivot": [1.05, 0, 0.75],
					"rotation": [0, -90, 0],
					"cubes": [
						{
							"origin": [-2.79068, 0.33986, 0.75],
							"size": [0.97104, 0.75256, 2.18484],
							"uv": {
								"north": {"uv": [332, 407], "uv_size": [4, 3]},
								"east": {"uv": [351, 372], "uv_size": [9, 3]},
								"south": {"uv": [336, 407], "uv_size": [4, 3]},
								"west": {"uv": [351, 375], "uv_size": [9, 3]},
								"up": {"uv": [313, 397], "uv_size": [4, 9]},
								"down": {"uv": [317, 406], "uv_size": [4, -9]}
							}
						},
						{
							"origin": [-4.24217, -2.11201, 0.8471],
							"size": [0.24276, 0.6069, 1.99063],
							"pivot": [-1.13484, -2.47615, 0.75],
							"rotation": [0, 0, 55],
							"uv": {
								"north": {"uv": [307, 403], "uv_size": [1, 2]},
								"east": {"uv": [321, 405], "uv_size": [8, 2]},
								"south": {"uv": [324, 419], "uv_size": [1, 2]},
								"west": {"uv": [355, 354], "uv_size": [8, 2]},
								"up": {"uv": [314, 414], "uv_size": [1, 8]},
								"down": {"uv": [315, 422], "uv_size": [1, -8]}
							}
						},
						{
							"origin": [-2.42668, -0.07612, 0.8471],
							"size": [0.24276, 0.6069, 1.99063],
							"pivot": [-2.20298, 0.0971, 0.75],
							"rotation": [0, 0, 35],
							"uv": {
								"north": {"uv": [325, 419], "uv_size": [1, 2]},
								"east": {"uv": [355, 356], "uv_size": [8, 2]},
								"south": {"uv": [326, 419], "uv_size": [1, 2]},
								"west": {"uv": [355, 358], "uv_size": [8, 2]},
								"up": {"uv": [316, 414], "uv_size": [1, 8]},
								"down": {"uv": [317, 422], "uv_size": [1, -8]}
							}
						},
						{
							"origin": [-2.61568, 0.21848, 0.8471],
							"size": [0.24276, 0.6069, 1.99063],
							"uv": {
								"north": {"uv": [327, 419], "uv_size": [1, 2]},
								"east": {"uv": [355, 360], "uv_size": [8, 2]},
								"south": {"uv": [328, 419], "uv_size": [1, 2]},
								"west": {"uv": [311, 406], "uv_size": [8, 2]},
								"up": {"uv": [318, 414], "uv_size": [1, 8]},
								"down": {"uv": [319, 422], "uv_size": [1, -8]}
							}
						},
						{
							"origin": [-2.27581, -0.18855, 0.8471],
							"size": [3.08742, 0.79545, 1.99063],
							"uv": {
								"north": {"uv": [355, 362], "uv_size": [5, 3]},
								"east": {"uv": [330, 369], "uv_size": [8, 3]},
								"south": {"uv": [355, 365], "uv_size": [5, 3]},
								"west": {"uv": [346, 402], "uv_size": [8, 3]},
								"up": {"uv": [303, 395], "uv_size": [5, 8]},
								"down": {"uv": [308, 405], "uv_size": [5, -8]}
							}
						},
						{
							"origin": [-2.61568, 1.77215, 2.74063],
							"size": [0.97104, 0.14566, 0.24276],
							"pivot": [0.49165, 1.18952, 0.79855],
							"rotation": [-40, 0, 0],
							"uv": {
								"north": {"uv": [325, 380], "uv_size": [4, 1]},
								"east": {"uv": [370, 399], "uv_size": [1, 1]},
								"south": {"uv": [303, 403], "uv_size": [4, 1]},
								"west": {"uv": [370, 400], "uv_size": [1, 1]},
								"up": {"uv": [303, 404], "uv_size": [4, 1]},
								"down": {"uv": [303, 419], "uv_size": [4, -1]}
							}
						},
						{
							"origin": [-2.61568, -0.87394, 1.67249],
							"size": [0.97104, 0.14566, 0.24276],
							"pivot": [0.49165, -1.45656, -0.26959],
							"rotation": [40, 0, 0],
							"uv": {
								"north": {"uv": [307, 418], "uv_size": [4, 1]},
								"east": {"uv": [350, 421], "uv_size": [1, 1]},
								"south": {"uv": [320, 418], "uv_size": [4, 1]},
								"west": {"uv": [370, 401], "uv_size": [1, 1]},
								"up": {"uv": [324, 418], "uv_size": [4, 1]},
								"down": {"uv": [328, 419], "uv_size": [4, -1]}
							}
						},
						{
							"origin": [-2.6693, 2.62181, 0.75],
							"size": [0.16993, 0.0971, 2.18484],
							"pivot": [-0.36308, 1.74787, 0.75],
							"rotation": [0, 0, -38],
							"uv": {
								"north": {"uv": [351, 421], "uv_size": [1, 1]},
								"east": {"uv": [354, 411], "uv_size": [9, 1]},
								"south": {"uv": [370, 402], "uv_size": [1, 1]},
								"west": {"uv": [303, 412], "uv_size": [9, 1]},
								"up": {"uv": [312, 412], "uv_size": [1, 9]},
								"down": {"uv": [313, 421], "uv_size": [1, -9]}
							}
						},
						{
							"origin": [-2.64502, 0.97104, 0.75],
							"size": [3.57364, 0.21848, 2.18484],
							"uv": {
								"north": {"uv": [354, 404], "uv_size": [14, 1]},
								"east": {"uv": [314, 412], "uv_size": [9, 1]},
								"south": {"uv": [355, 405], "uv_size": [14, 1]},
								"west": {"uv": [323, 412], "uv_size": [9, 1]},
								"up": {"uv": [303, 354], "uv_size": [14, 9]},
								"down": {"uv": [303, 372], "uv_size": [14, -9]}
							}
						},
						{
							"origin": [-0.96491, 2.4276, 1.13842],
							"size": [1.74787, 0.19421, 1.43228],
							"uv": {
								"north": {"uv": [325, 409], "uv_size": [7, 1]},
								"east": {"uv": [344, 414], "uv_size": [6, 1]},
								"south": {"uv": [363, 402], "uv_size": [7, 1]},
								"west": {"uv": [344, 415], "uv_size": [6, 1]},
								"up": {"uv": [336, 393], "uv_size": [7, 6]},
								"down": {"uv": [343, 399], "uv_size": [7, -6]}
							}
						},
						{
							"origin": [0.78296, 0.97104, 0.94421],
							"size": [0.31559, 0.29131, 1.8207],
							"pivot": [1.09855, 0.97104, 0.75],
							"rotation": [0, 0, -37.5],
							"uv": {
								"north": {"uv": [370, 403], "uv_size": [1, 1]},
								"east": {"uv": [320, 414], "uv_size": [8, 1]},
								"south": {"uv": [370, 404], "uv_size": [1, 1]},
								"west": {"uv": [328, 414], "uv_size": [8, 1]},
								"up": {"uv": [336, 414], "uv_size": [1, 8]},
								"down": {"uv": [337, 422], "uv_size": [1, -8]}
							}
						},
						{
							"origin": [0.78296, 0.97104, 0.75],
							"size": [0.31559, 0.53407, 0.19421],
							"pivot": [1.09855, 0.97104, 0.75],
							"rotation": [0, 0, -37.5],
							"uv": {
								"north": {"uv": [329, 419], "uv_size": [1, 2]},
								"east": {"uv": [330, 419], "uv_size": [1, 2]},
								"south": {"uv": [331, 419], "uv_size": [1, 2]},
								"west": {"uv": [354, 419], "uv_size": [1, 2]},
								"up": {"uv": [354, 421], "uv_size": [1, 1]},
								"down": {"uv": [355, 422], "uv_size": [1, -1]}
							}
						},
						{
							"origin": [-0.98918, 0.97104, 0.75],
							"size": [1.77215, 1.26235, 0.19421],
							"uv": {
								"north": {"uv": [347, 381], "uv_size": [7, 5]},
								"east": {"uv": [334, 415], "uv_size": [1, 5]},
								"south": {"uv": [348, 358], "uv_size": [7, 5]},
								"west": {"uv": [335, 415], "uv_size": [1, 5]},
								"up": {"uv": [352, 414], "uv_size": [7, 1]},
								"down": {"uv": [363, 404], "uv_size": [7, -1]}
							}
						},
						{
							"origin": [-1.57181, 0.16993, 0.67717],
							"size": [2.74319, 0.82538, 0.04855],
							"uv": {
								"north": {"uv": [0, 0], "uv_size": [2, 1]},
								"east": {"uv": [2, 1], "uv_size": [1, 1]},
								"south": {"uv": [0, 1], "uv_size": [2, 1]},
								"west": {"uv": [2, 2], "uv_size": [1, 1]},
								"up": {"uv": [0, 2], "uv_size": [2, 1]},
								"down": {"uv": [2, 1], "uv_size": [2, -1]}
							}
						},
						{
							"origin": [-1.57181, 0.16993, 0.60434],
							"size": [1.8207, 0.82538, 0.12138],
							"uv": {
								"north": {"uv": [329, 404], "uv_size": [8, 3]},
								"east": {"uv": [305, 419], "uv_size": [1, 3]},
								"south": {"uv": [303, 405], "uv_size": [8, 3]},
								"west": {"uv": [306, 419], "uv_size": [1, 3]},
								"up": {"uv": [363, 385], "uv_size": [8, 1]},
								"down": {"uv": [363, 387], "uv_size": [8, -1]}
							}
						},
						{
							"origin": [-1.57181, 0.16993, 0.60434],
							"size": [2.74319, 0.14566, 0.12138],
							"uv": {
								"north": {"uv": [340, 408], "uv_size": [11, 1]},
								"east": {"uv": [370, 406], "uv_size": [1, 1]},
								"south": {"uv": [351, 408], "uv_size": [11, 1]},
								"west": {"uv": [356, 421], "uv_size": [1, 1]},
								"up": {"uv": [303, 409], "uv_size": [11, 1]},
								"down": {"uv": [314, 410], "uv_size": [11, -1]}
							}
						},
						{
							"origin": [0.73441, 0.16993, 0.60434],
							"size": [0.43697, 0.82538, 0.12138],
							"uv": {
								"north": {"uv": [346, 358], "uv_size": [2, 3]},
								"east": {"uv": [307, 419], "uv_size": [1, 3]},
								"south": {"uv": [310, 415], "uv_size": [2, 3]},
								"west": {"uv": [308, 419], "uv_size": [1, 3]},
								"up": {"uv": [311, 405], "uv_size": [2, 1]},
								"down": {"uv": [319, 407], "uv_size": [2, -1]}
							}
						},
						{
							"origin": [-1.66891, -0.07283, 0.60434],
							"size": [0.33986, 0.99532, 0.12138],
							"pivot": [1.07428, 0.24276, 0.60434],
							"rotation": [0, 0, 22.5],
							"uv": {
								"north": {"uv": [311, 418], "uv_size": [1, 4]},
								"east": {"uv": [338, 418], "uv_size": [1, 4]},
								"south": {"uv": [339, 418], "uv_size": [1, 4]},
								"west": {"uv": [340, 418], "uv_size": [1, 4]},
								"up": {"uv": [357, 421], "uv_size": [1, 1]},
								"down": {"uv": [358, 422], "uv_size": [1, -1]}
							}
						},
						{
							"origin": [-1.57181, 0.16993, 2.95912],
							"size": [2.74319, 0.82538, 0.12138],
							"uv": {
								"north": {"uv": [350, 393], "uv_size": [11, 3]},
								"east": {"uv": [309, 419], "uv_size": [1, 3]},
								"south": {"uv": [350, 396], "uv_size": [11, 3]},
								"west": {"uv": [310, 419], "uv_size": [1, 3]},
								"up": {"uv": [358, 387], "uv_size": [11, 1]},
								"down": {"uv": [358, 389], "uv_size": [11, -1]}
							}
						},
						{
							"origin": [-1.66891, -0.07283, 2.95912],
							"size": [0.33986, 0.99532, 0.12138],
							"pivot": [1.07428, 0.24276, 2.95912],
							"rotation": [0, 0, 22.5],
							"uv": {
								"north": {"uv": [341, 418], "uv_size": [1, 4]},
								"east": {"uv": [344, 418], "uv_size": [1, 4]},
								"south": {"uv": [345, 418], "uv_size": [1, 4]},
								"west": {"uv": [346, 418], "uv_size": [1, 4]},
								"up": {"uv": [359, 421], "uv_size": [1, 1]},
								"down": {"uv": [360, 422], "uv_size": [1, -1]}
							}
						},
						{
							"origin": [-0.72215, -0.04855, 0.6529],
							"size": [1.50511, 0.26704, 0.12138],
							"uv": {
								"north": {"uv": [344, 416], "uv_size": [6, 1]},
								"east": {"uv": [370, 411], "uv_size": [1, 1]},
								"south": {"uv": [320, 417], "uv_size": [6, 1]},
								"west": {"uv": [361, 421], "uv_size": [1, 1]},
								"up": {"uv": [326, 417], "uv_size": [6, 1]},
								"down": {"uv": [344, 418], "uv_size": [6, -1]}
							}
						},
						{
							"origin": [-1.20767, -0.29131, 0.53152],
							"size": [0.41269, 0.43697, 0.12138],
							"uv": {
								"north": {"uv": [339, 361], "uv_size": [2, 2]},
								"east": {"uv": [355, 419], "uv_size": [1, 2]},
								"south": {"uv": [334, 397], "uv_size": [2, 2]},
								"west": {"uv": [356, 419], "uv_size": [1, 2]},
								"up": {"uv": [368, 404], "uv_size": [2, 1]},
								"down": {"uv": [368, 407], "uv_size": [2, -1]}
							}
						},
						{
							"origin": [-1.20767, -0.43697, 0.53152],
							"size": [0.5098, 0.43697, 0.12138],
							"uv": {
								"north": {"uv": [347, 418], "uv_size": [2, 2]},
								"east": {"uv": [357, 419], "uv_size": [1, 2]},
								"south": {"uv": [352, 418], "uv_size": [2, 2]},
								"west": {"uv": [358, 419], "uv_size": [1, 2]},
								"up": {"uv": [359, 419], "uv_size": [2, 1]},
								"down": {"uv": [368, 419], "uv_size": [2, -1]}
							}
						},
						{
							"origin": [-0.93262, 0.59646, 0.61235],
							"size": [0.10025, 0.11458, 0.07161],
							"pivot": [0.04133, 0.8686, 0.61235],
							"rotation": [0, 0, -45],
							"uv": {
								"north": {"uv": [370, 412], "uv_size": [1, 1]},
								"east": {"uv": [370, 413], "uv_size": [1, 1]},
								"south": {"uv": [370, 417], "uv_size": [1, 1]},
								"west": {"uv": [370, 418], "uv_size": [1, 1]},
								"up": {"uv": [368, 421], "uv_size": [1, 1]},
								"down": {"uv": [369, 422], "uv_size": [1, -1]}
							}
						},
						{
							"origin": [-0.08296, 0.59646, 0.61235],
							"size": [0.10025, 0.11458, 0.07161],
							"pivot": [0.89099, 0.8686, 0.61235],
							"rotation": [0, 0, -45],
							"uv": {
								"north": {"uv": [370, 421], "uv_size": [1, 1]},
								"east": {"uv": [304, 422], "uv_size": [1, 1]},
								"south": {"uv": [305, 422], "uv_size": [1, 1]},
								"west": {"uv": [306, 422], "uv_size": [1, 1]},
								"up": {"uv": [307, 422], "uv_size": [1, 1]},
								"down": {"uv": [308, 423], "uv_size": [1, -1]}
							}
						},
						{
							"origin": [-0.92296, 0.45646, 1.45235],
							"size": [0.24025, 0.11458, 0.07161],
							"pivot": [0.05099, 0.7286, 1.45235],
							"rotation": [0, -90, -45],
							"uv": {
								"north": {"uv": [303, 372], "uv_size": [1, 1]},
								"east": {"uv": [304, 372], "uv_size": [1, 1]},
								"south": {"uv": [305, 372], "uv_size": [1, 1]},
								"west": {"uv": [306, 372], "uv_size": [1, 1]},
								"up": {"uv": [307, 372], "uv_size": [1, 1]},
								"down": {"uv": [308, 373], "uv_size": [1, -1]}
							}
						},
						{
							"origin": [0.37828, 0.47508, 0.61235],
							"size": [0.07598, 0.38161, 0.07161],
							"uv": {
								"north": {"uv": [370, 421], "uv_size": [1, 1]},
								"east": {"uv": [304, 422], "uv_size": [1, 1]},
								"south": {"uv": [305, 422], "uv_size": [1, 1]},
								"west": {"uv": [306, 422], "uv_size": [1, 1]},
								"up": {"uv": [307, 422], "uv_size": [1, 1]},
								"down": {"uv": [308, 423], "uv_size": [1, -1]}
							}
						},
						{
							"origin": [0.54821, 0.47508, 0.61235],
							"size": [0.07598, 0.38161, 0.07161],
							"uv": {
								"north": {"uv": [370, 421], "uv_size": [1, 1]},
								"east": {"uv": [304, 422], "uv_size": [1, 1]},
								"south": {"uv": [305, 422], "uv_size": [1, 1]},
								"west": {"uv": [306, 422], "uv_size": [1, 1]},
								"up": {"uv": [307, 422], "uv_size": [1, 1]},
								"down": {"uv": [308, 423], "uv_size": [1, -1]}
							}
						},
						{
							"origin": [0.54821, 0.86349, 0.63663],
							"size": [0.07598, 0.38161, 0.07161],
							"pivot": [0.89099, 0.8686, 0.61235],
							"rotation": [-50, 0, 0],
							"uv": {
								"north": {"uv": [370, 421], "uv_size": [1, 1]},
								"east": {"uv": [304, 422], "uv_size": [1, 1]},
								"south": {"uv": [305, 422], "uv_size": [1, 1]},
								"west": {"uv": [306, 422], "uv_size": [1, 1]},
								"up": {"uv": [307, 422], "uv_size": [1, 1]},
								"down": {"uv": [308, 423], "uv_size": [1, -1]}
							}
						},
						{
							"origin": [0.37828, 0.86349, 0.63663],
							"size": [0.07598, 0.38161, 0.07161],
							"pivot": [0.89099, 0.8686, 0.61235],
							"rotation": [-50, 0, 0],
							"uv": {
								"north": {"uv": [370, 421], "uv_size": [1, 1]},
								"east": {"uv": [304, 422], "uv_size": [1, 1]},
								"south": {"uv": [305, 422], "uv_size": [1, 1]},
								"west": {"uv": [306, 422], "uv_size": [1, 1]},
								"up": {"uv": [307, 422], "uv_size": [1, 1]},
								"down": {"uv": [308, 423], "uv_size": [1, -1]}
							}
						},
						{
							"origin": [-0.43084, -0.43697, 0.43441],
							"size": [0.87394, 0.43697, 0.12138],
							"uv": {
								"north": {"uv": [308, 395], "uv_size": [4, 2]},
								"east": {"uv": [361, 419], "uv_size": [1, 2]},
								"south": {"uv": [330, 397], "uv_size": [4, 2]},
								"west": {"uv": [368, 419], "uv_size": [1, 2]},
								"up": {"uv": [354, 418], "uv_size": [4, 1]},
								"down": {"uv": [358, 419], "uv_size": [4, -1]}
							}
						},
						{
							"origin": [-0.84353, -0.43697, 0.046],
							"size": [0.36414, 0.43697, 0.12138],
							"pivot": [0.80724, 0.02428, 0.046],
							"rotation": [0, 17.5, 0],
							"uv": {
								"north": {"uv": [334, 420], "uv_size": [1, 2]},
								"east": {"uv": [335, 420], "uv_size": [1, 2]},
								"south": {"uv": [369, 387], "uv_size": [1, 2]},
								"west": {"uv": [369, 389], "uv_size": [1, 2]},
								"up": {"uv": [309, 422], "uv_size": [1, 1]},
								"down": {"uv": [310, 423], "uv_size": [1, -1]}
							}
						},
						{
							"origin": [0.37027, -0.43697, 0.94421],
							"size": [0.36414, 0.43697, 0.12138],
							"pivot": [2.02104, 0.02428, 0.94421],
							"rotation": [0, -17.5, 0],
							"uv": {
								"north": {"uv": [369, 391], "uv_size": [1, 2]},
								"east": {"uv": [347, 420], "uv_size": [1, 2]},
								"south": {"uv": [348, 420], "uv_size": [1, 2]},
								"west": {"uv": [352, 420], "uv_size": [1, 2]},
								"up": {"uv": [311, 422], "uv_size": [1, 1]},
								"down": {"uv": [371, 363], "uv_size": [1, -1]}
							}
						},
						{
							"origin": [0.37027, -0.43697, 0.94421],
							"size": [0.5098, 0.24276, 0.12138],
							"pivot": [2.02104, 0.02428, 0.94421],
							"rotation": [0, -17.5, 0],
							"uv": {
								"north": {"uv": [369, 405], "uv_size": [2, 1]},
								"east": {"uv": [312, 422], "uv_size": [1, 1]},
								"south": {"uv": [359, 420], "uv_size": [2, 1]},
								"west": {"uv": [371, 363], "uv_size": [1, 1]},
								"up": {"uv": [369, 410], "uv_size": [2, 1]},
								"down": {"uv": [369, 420], "uv_size": [2, -1]}
							}
						},
						{
							"origin": [0.85579, 0.53407, 0.94421],
							"size": [0.12138, 0.24276, 0.12138],
							"pivot": [2.02104, 0.02428, 0.94421],
							"rotation": [10.74423, -13.89565, -38.31309],
							"uv": {
								"north": {"uv": [313, 422], "uv_size": [1, 1]},
								"east": {"uv": [314, 422], "uv_size": [1, 1]},
								"south": {"uv": [315, 422], "uv_size": [1, 1]},
								"west": {"uv": [371, 366], "uv_size": [1, 1]},
								"up": {"uv": [316, 422], "uv_size": [1, 1]},
								"down": {"uv": [371, 368], "uv_size": [1, -1]}
							}
						},
						{
							"origin": [-1.10421, 2.49407, 0.52421],
							"size": [0.12138, 0.24276, 0.12138],
							"pivot": [0.06104, 1.98428, 0.52421],
							"rotation": [10.74423, -13.89565, -38.31309],
							"uv": {
								"north": {"uv": [313, 422], "uv_size": [1, 1]},
								"east": {"uv": [314, 422], "uv_size": [1, 1]},
								"south": {"uv": [315, 422], "uv_size": [1, 1]},
								"west": {"uv": [371, 366], "uv_size": [1, 1]},
								"up": {"uv": [316, 422], "uv_size": [1, 1]},
								"down": {"uv": [371, 368], "uv_size": [1, -1]}
							}
						},
						{
							"origin": [-1.58973, 1.52303, 0.52421],
							"size": [0.5098, 0.24276, 0.12138],
							"pivot": [0.06104, 1.98428, 0.52421],
							"rotation": [0, -17.5, 0],
							"uv": {
								"north": {"uv": [369, 405], "uv_size": [2, 1]},
								"east": {"uv": [312, 422], "uv_size": [1, 1]},
								"south": {"uv": [359, 420], "uv_size": [2, 1]},
								"west": {"uv": [371, 363], "uv_size": [1, 1]},
								"up": {"uv": [369, 410], "uv_size": [2, 1]},
								"down": {"uv": [369, 420], "uv_size": [2, -1]}
							}
						},
						{
							"origin": [-1.58973, 1.52303, 0.52421],
							"size": [0.36414, 0.43697, 0.12138],
							"pivot": [0.06104, 1.98428, 0.52421],
							"rotation": [0, -17.5, 0],
							"uv": {
								"north": {"uv": [369, 391], "uv_size": [1, 2]},
								"east": {"uv": [347, 420], "uv_size": [1, 2]},
								"south": {"uv": [348, 420], "uv_size": [1, 2]},
								"west": {"uv": [352, 420], "uv_size": [1, 2]},
								"up": {"uv": [311, 422], "uv_size": [1, 1]},
								"down": {"uv": [371, 363], "uv_size": [1, -1]}
							}
						},
						{
							"origin": [-1.2805, 0.55835, 0.53152],
							"size": [0.41269, 0.16993, 0.12138],
							"pivot": [0.37027, 0.6069, 0.53152],
							"rotation": [0, 0, -27.5],
							"uv": {
								"north": {"uv": [369, 420], "uv_size": [2, 1]},
								"east": {"uv": [317, 422], "uv_size": [1, 1]},
								"south": {"uv": [312, 421], "uv_size": [2, 1]},
								"west": {"uv": [371, 368], "uv_size": [1, 1]},
								"up": {"uv": [370, 364], "uv_size": [2, 1]},
								"down": {"uv": [370, 366], "uv_size": [2, -1]}
							}
						},
						{
							"origin": [0.58876, -0.41269, 0.6529],
							"size": [0.29131, 0.26704, 0.12138],
							"pivot": [1.26848, -0.0971, 0.6529],
							"rotation": [0, 0, 45],
							"uv": {
								"north": {"uv": [318, 422], "uv_size": [1, 1]},
								"east": {"uv": [371, 369], "uv_size": [1, 1]},
								"south": {"uv": [319, 422], "uv_size": [1, 1]},
								"west": {"uv": [371, 370], "uv_size": [1, 1]},
								"up": {"uv": [320, 422], "uv_size": [1, 1]},
								"down": {"uv": [371, 372], "uv_size": [1, -1]}
							}
						},
						{
							"origin": [-0.89208, -0.41269, 0.6529],
							"size": [0.29131, 0.26704, 0.12138],
							"pivot": [-0.21235, -0.0971, 0.6529],
							"rotation": [0, 0, 45],
							"uv": {
								"north": {"uv": [321, 422], "uv_size": [1, 1]},
								"east": {"uv": [371, 372], "uv_size": [1, 1]},
								"south": {"uv": [322, 422], "uv_size": [1, 1]},
								"west": {"uv": [371, 373], "uv_size": [1, 1]},
								"up": {"uv": [323, 422], "uv_size": [1, 1]},
								"down": {"uv": [371, 375], "uv_size": [1, -1]}
							}
						},
						{
							"origin": [-1.15912, 0.16993, 2.95912],
							"size": [2.37905, 0.53407, 0.12138],
							"uv": {
								"north": {"uv": [354, 381], "uv_size": [10, 2]},
								"east": {"uv": [353, 420], "uv_size": [1, 2]},
								"south": {"uv": [354, 383], "uv_size": [10, 2]},
								"west": {"uv": [370, 366], "uv_size": [1, 2]},
								"up": {"uv": [341, 368], "uv_size": [10, 1]},
								"down": {"uv": [360, 365], "uv_size": [10, -1]}
							}
						},
						{
							"origin": [-1.20767, 0.99532, 0.60434],
							"size": [2.06346, 0.97104, 0.12138],
							"uv": {
								"north": {"uv": [346, 354], "uv_size": [9, 4]},
								"east": {"uv": [349, 418], "uv_size": [1, 4]},
								"south": {"uv": [321, 397], "uv_size": [9, 4]},
								"west": {"uv": [362, 418], "uv_size": [1, 4]},
								"up": {"uv": [332, 412], "uv_size": [9, 1]},
								"down": {"uv": [341, 413], "uv_size": [9, -1]}
							}
						},
						{
							"origin": [-0.64767, 0.99532, -0.097],
							"size": [0.52346, 0.55104, 0],
							"uv": {
								"north": {"uv": [102, 0], "uv_size": [266, 299]},
								"east": {"uv": [310, 372], "uv_size": [1, 1]},
								"south": {"uv": [311, 372], "uv_size": [1, 1]},
								"west": {"uv": [312, 372], "uv_size": [1, 1]},
								"up": {"uv": [313, 372], "uv_size": [1, 1]},
								"down": {"uv": [314, 373], "uv_size": [1, -1]}
							}
						},
						{
							"origin": [-1.90767, 0.99532, -0.09566],
							"size": [2.06346, 0.69104, 0.82138],
							"uv": {
								"north": {"uv": [375, 437], "uv_size": [35, 14]},
								"east": {"uv": [310, 372], "uv_size": [1, 1]},
								"south": {"uv": [311, 372], "uv_size": [1, 1]},
								"west": {"uv": [312, 372], "uv_size": [1, 1]},
								"up": {"uv": [313, 372], "uv_size": [1, 1]},
								"down": {"uv": [314, 373], "uv_size": [1, -1]}
							}
						},
						{
							"origin": [-1.90767, 2.57109, -0.64103],
							"size": [2.06346, 0.13104, 0.54138],
							"pivot": [0, 1.57577, -1.26537],
							"rotation": [-52.5, 0, 0],
							"uv": {
								"north": {"uv": [315, 372], "uv_size": [1, 1]},
								"east": {"uv": [316, 372], "uv_size": [1, 1]},
								"south": {"uv": [317, 372], "uv_size": [1, 1]},
								"west": {"uv": [318, 372], "uv_size": [1, 1]},
								"up": {"uv": [319, 372], "uv_size": [1, 1]},
								"down": {"uv": [320, 373], "uv_size": [1, -1]}
							}
						},
						{
							"origin": [-1.90767, 3.24243, -0.25562],
							"size": [2.06346, 0.41104, 0.40138],
							"pivot": [0, 2.24711, -0.87996],
							"rotation": [-75, 0, 0],
							"uv": {
								"north": {"uv": [308, 373], "uv_size": [1, 1]},
								"east": {"uv": [309, 373], "uv_size": [1, 1]},
								"south": {"uv": [310, 373], "uv_size": [1, 1]},
								"west": {"uv": [311, 373], "uv_size": [1, 1]},
								"up": {"uv": [312, 373], "uv_size": [1, 1]},
								"down": {"uv": [313, 374], "uv_size": [1, -1]}
							}
						},
						{
							"origin": [-1.90767, 2.80448, -0.54149],
							"size": [2.06346, 0.27104, 0.40138],
							"pivot": [0, 1.80916, -1.16583],
							"rotation": [-60, 0, 0],
							"uv": {
								"north": {"uv": [321, 372], "uv_size": [1, 1]},
								"east": {"uv": [303, 373], "uv_size": [1, 1]},
								"south": {"uv": [304, 373], "uv_size": [1, 1]},
								"west": {"uv": [305, 373], "uv_size": [1, 1]},
								"up": {"uv": [306, 373], "uv_size": [1, 1]},
								"down": {"uv": [307, 374], "uv_size": [1, -1]}
							}
						},
						{
							"origin": [-1.90767, 0.39952, 1.36348],
							"size": [2.06346, 0.27104, 0.54138],
							"pivot": [0, -0.4558, 0.73914],
							"rotation": [55, 0, 0],
							"uv": {
								"north": {"uv": [305, 374], "uv_size": [1, 1]},
								"east": {"uv": [306, 374], "uv_size": [1, 1]},
								"south": {"uv": [307, 374], "uv_size": [1, 1]},
								"west": {"uv": [308, 374], "uv_size": [1, 1]},
								"up": {"uv": [309, 374], "uv_size": [1, 1]},
								"down": {"uv": [310, 375], "uv_size": [1, -1]}
							}
						},
						{
							"origin": [-1.90767, 0.68141, 2.08861],
							"size": [2.06346, 0.27104, 0.54138],
							"pivot": [0, -0.17391, 1.46427],
							"rotation": [85, 0, 0],
							"uv": {
								"north": {"uv": [311, 374], "uv_size": [1, 1]},
								"east": {"uv": [312, 374], "uv_size": [1, 1]},
								"south": {"uv": [313, 374], "uv_size": [1, 1]},
								"west": {"uv": [314, 374], "uv_size": [1, 1]},
								"up": {"uv": [315, 374], "uv_size": [1, 1]},
								"down": {"uv": [316, 375], "uv_size": [1, -1]}
							}
						},
						{
							"origin": [-1.90767, 0.56426, 1.11095],
							"size": [2.06346, 0.27104, 0.40138],
							"pivot": [0, -0.43106, 0.4866],
							"rotation": [47.5, 0, 0],
							"uv": {
								"north": {"uv": [320, 373], "uv_size": [1, 1]},
								"east": {"uv": [321, 373], "uv_size": [1, 1]},
								"south": {"uv": [322, 372], "uv_size": [1, 1]},
								"west": {"uv": [322, 373], "uv_size": [1, 1]},
								"up": {"uv": [303, 374], "uv_size": [1, 1]},
								"down": {"uv": [304, 375], "uv_size": [1, -1]}
							}
						},
						{
							"origin": [-1.90767, 0.70521, 0.60731],
							"size": [2.06346, 0.13104, 0.26138],
							"pivot": [0, -0.29011, -0.01703],
							"rotation": [32.5, 0, 0],
							"uv": {
								"north": {"uv": [314, 373], "uv_size": [1, 1]},
								"east": {"uv": [315, 373], "uv_size": [1, 1]},
								"south": {"uv": [316, 373], "uv_size": [1, 1]},
								"west": {"uv": [317, 373], "uv_size": [1, 1]},
								"up": {"uv": [318, 373], "uv_size": [1, 1]},
								"down": {"uv": [319, 374], "uv_size": [1, -1]}
							}
						},
						{
							"origin": [-1.41063, 0.41003, 1.03704],
							"size": [1.56822, 0.3796, 0.55145],
							"pivot": [0.0392, -0.0664, 0.56254],
							"rotation": [55, 0, 0],
							"uv": {
								"north": {"uv": [0, 3], "uv_size": [1, 1]},
								"east": {"uv": [1, 3], "uv_size": [1, 1]},
								"south": {"uv": [3, 1], "uv_size": [1, 1]},
								"west": {"uv": [2, 3], "uv_size": [1, 1]},
								"up": {"uv": [3, 2], "uv_size": [1, 1]},
								"down": {"uv": [3, 4], "uv_size": [1, -1]}
							}
						},
						{
							"origin": [-1.41063, 0.70883, 0.84512],
							"size": [1.56822, 0.206, 0.30505],
							"pivot": [0.0392, -0.0476, 0.37063],
							"rotation": [47.5, 0, 0],
							"uv": {
								"north": {"uv": [0, 3], "uv_size": [1, 1]},
								"east": {"uv": [1, 3], "uv_size": [1, 1]},
								"south": {"uv": [3, 1], "uv_size": [1, 1]},
								"west": {"uv": [2, 3], "uv_size": [1, 1]},
								"up": {"uv": [3, 2], "uv_size": [1, 1]},
								"down": {"uv": [3, 4], "uv_size": [1, -1]}
							}
						},
						{
							"origin": [-1.41063, 0.81596, 0.46236],
							"size": [1.56822, 0.0996, 0.19865],
							"pivot": [0.0392, 0.05953, -0.01215],
							"rotation": [32.5, 0, 0],
							"uv": {
								"north": {"uv": [0, 3], "uv_size": [1, 1]},
								"east": {"uv": [1, 3], "uv_size": [1, 1]},
								"south": {"uv": [3, 1], "uv_size": [1, 1]},
								"west": {"uv": [2, 3], "uv_size": [1, 1]},
								"up": {"uv": [3, 2], "uv_size": [1, 1]},
								"down": {"uv": [3, 4], "uv_size": [1, -1]}
							}
						},
						{
							"origin": [-1.41063, 1.03643, -0.0719],
							"size": [1.56822, 0.5252, 0.69145],
							"uv": {
								"north": {"uv": [0, 3], "uv_size": [1, 1]},
								"east": {"uv": [1, 3], "uv_size": [1, 1]},
								"south": {"uv": [3, 1], "uv_size": [1, 1]},
								"west": {"uv": [2, 3], "uv_size": [1, 1]},
								"up": {"uv": [3, 2], "uv_size": [1, 1]},
								"down": {"uv": [3, 4], "uv_size": [1, -1]}
							}
						},
						{
							"origin": [-1.41063, 2.23402, -0.48638],
							"size": [1.56822, 0.0996, 0.97145],
							"pivot": [0.0392, 1.47759, -0.96088],
							"rotation": [-52.5, 0, 0],
							"uv": {
								"north": {"uv": [0, 3], "uv_size": [1, 1]},
								"east": {"uv": [1, 3], "uv_size": [1, 1]},
								"south": {"uv": [3, 1], "uv_size": [1, 1]},
								"west": {"uv": [2, 3], "uv_size": [1, 1]},
								"up": {"uv": [3, 2], "uv_size": [1, 1]},
								"down": {"uv": [3, 4], "uv_size": [1, -1]}
							}
						},
						{
							"origin": [-1.41063, 2.4114, -0.41074],
							"size": [1.56822, 0.206, 0.30505],
							"pivot": [0.0392, 1.65497, -0.88524],
							"rotation": [-60, 0, 0],
							"uv": {
								"north": {"uv": [0, 3], "uv_size": [1, 1]},
								"east": {"uv": [1, 3], "uv_size": [1, 1]},
								"south": {"uv": [3, 1], "uv_size": [1, 1]},
								"west": {"uv": [2, 3], "uv_size": [1, 1]},
								"up": {"uv": [3, 2], "uv_size": [1, 1]},
								"down": {"uv": [3, 4], "uv_size": [1, -1]}
							}
						},
						{
							"origin": [-1.41063, 2.74424, -0.19347],
							"size": [1.56822, 0.5196, 0.33865],
							"pivot": [0.0392, 1.9878, -0.66798],
							"rotation": [-75, 0, 0],
							"uv": {
								"north": {"uv": [0, 3], "uv_size": [1, 1]},
								"east": {"uv": [1, 3], "uv_size": [1, 1]},
								"south": {"uv": [3, 1], "uv_size": [1, 1]},
								"west": {"uv": [2, 3], "uv_size": [1, 1]},
								"up": {"uv": [3, 2], "uv_size": [1, 1]},
								"down": {"uv": [3, 4], "uv_size": [1, -1]}
							}
						},
						{
							"origin": [-1.20767, 0.16993, 2.95912],
							"size": [2.06346, 2.16056, 0.12138],
							"uv": {
								"north": {"uv": [329, 372], "uv_size": [9, 9]},
								"east": {"uv": [350, 412], "uv_size": [1, 9]},
								"south": {"uv": [330, 354], "uv_size": [9, 9]},
								"west": {"uv": [351, 412], "uv_size": [1, 9]},
								"up": {"uv": [361, 393], "uv_size": [9, 1]},
								"down": {"uv": [361, 395], "uv_size": [9, -1]}
							}
						},
						{
							"origin": [-1.20767, 2.08774, 0.6529],
							"size": [2.06346, 0.29131, 0.12138],
							"uv": {
								"north": {"uv": [361, 395], "uv_size": [9, 1]},
								"east": {"uv": [324, 422], "uv_size": [1, 1]},
								"south": {"uv": [361, 396], "uv_size": [9, 1]},
								"west": {"uv": [371, 375], "uv_size": [1, 1]},
								"up": {"uv": [361, 397], "uv_size": [9, 1]},
								"down": {"uv": [361, 399], "uv_size": [9, -1]}
							}
						},
						{
							"origin": [-1.20767, 1.94208, 0.70145],
							"size": [2.06346, 0.16993, 0.12138],
							"pivot": [1.17138, 2.25767, 0.70145],
							"rotation": [-17.5, 0, 0],
							"uv": {
								"north": {"uv": [352, 412], "uv_size": [9, 1]},
								"east": {"uv": [325, 422], "uv_size": [1, 1]},
								"south": {"uv": [361, 412], "uv_size": [9, 1]},
								"west": {"uv": [371, 377], "uv_size": [1, 1]},
								"up": {"uv": [303, 413], "uv_size": [9, 1]},
								"down": {"uv": [314, 414], "uv_size": [9, -1]}
							}
						},
						{
							"origin": [-1.20767, 2.3305, 0.79855],
							"size": [2.06346, 0.19421, 0.12138],
							"pivot": [1.17138, 2.64608, 0.79855],
							"rotation": [-27.5, 0, 0],
							"uv": {
								"north": {"uv": [323, 413], "uv_size": [9, 1]},
								"east": {"uv": [371, 378], "uv_size": [1, 1]},
								"south": {"uv": [332, 413], "uv_size": [9, 1]},
								"west": {"uv": [371, 379], "uv_size": [1, 1]},
								"up": {"uv": [341, 413], "uv_size": [9, 1]},
								"down": {"uv": [352, 414], "uv_size": [9, -1]}
							}
						},
						{
							"origin": [-1.20767, 2.23339, 2.81346],
							"size": [2.06346, 0.19421, 0.12138],
							"pivot": [1.17138, 2.54898, 2.81346],
							"rotation": [27.5, 0, 0],
							"uv": {
								"north": {"uv": [362, 408], "uv_size": [9, 1]},
								"east": {"uv": [371, 380], "uv_size": [1, 1]},
								"south": {"uv": [362, 409], "uv_size": [9, 1]},
								"west": {"uv": [371, 381], "uv_size": [1, 1]},
								"up": {"uv": [361, 413], "uv_size": [9, 1]},
								"down": {"uv": [303, 415], "uv_size": [9, -1]}
							}
						},
						{
							"origin": [-1.20767, 2.37905, 0.99276],
							"size": [2.06346, 0.41269, 0.12138],
							"pivot": [1.17138, 2.69464, 0.99276],
							"rotation": [-57.5, 0, 0],
							"uv": {
								"north": {"uv": [354, 385], "uv_size": [9, 2]},
								"east": {"uv": [370, 368], "uv_size": [1, 2]},
								"south": {"uv": [337, 405], "uv_size": [9, 2]},
								"west": {"uv": [370, 370], "uv_size": [1, 2]},
								"up": {"uv": [363, 354], "uv_size": [9, 1]},
								"down": {"uv": [363, 356], "uv_size": [9, -1]}
							}
						},
						{
							"origin": [-1.20767, 2.25767, 2.64353],
							"size": [2.06346, 0.41269, 0.12138],
							"pivot": [1.17138, 2.57326, 2.64353],
							"rotation": [57.5, 0, 0],
							"uv": {
								"north": {"uv": [346, 405], "uv_size": [9, 2]},
								"east": {"uv": [370, 372], "uv_size": [1, 2]},
								"south": {"uv": [354, 402], "uv_size": [9, 2]},
								"west": {"uv": [370, 374], "uv_size": [1, 2]},
								"up": {"uv": [363, 356], "uv_size": [9, 1]},
								"down": {"uv": [363, 358], "uv_size": [9, -1]}
							}
						},
						{
							"origin": [-1.20767, 2.62181, 1.06559],
							"size": [2.06346, 0.12138, 1.55366],
							"uv": {
								"north": {"uv": [363, 358], "uv_size": [9, 1]},
								"east": {"uv": [352, 417], "uv_size": [6, 1]},
								"south": {"uv": [363, 359], "uv_size": [9, 1]},
								"west": {"uv": [358, 417], "uv_size": [6, 1]},
								"up": {"uv": [336, 387], "uv_size": [9, 6]},
								"down": {"uv": [303, 395], "uv_size": [9, -6]}
							}
						},
						{
							"origin": [-1.20767, 0.04855, 0.99276],
							"size": [2.37905, 0.31559, 0.12138],
							"pivot": [1.17138, -0.14566, 0.99276],
							"rotation": [50, 0, 0],
							"uv": {
								"north": {"uv": [314, 411], "uv_size": [10, 1]},
								"east": {"uv": [371, 382], "uv_size": [1, 1]},
								"south": {"uv": [360, 365], "uv_size": [10, 1]},
								"west": {"uv": [332, 422], "uv_size": [1, 1]},
								"up": {"uv": [360, 366], "uv_size": [10, 1]},
								"down": {"uv": [360, 368], "uv_size": [10, -1]}
							}
						},
						{
							"origin": [-1.48767, 0.88855, 0.29276],
							"size": [1.67905, 0.17559, 0.12138],
							"pivot": [0.19138, 0.69434, 0.29276],
							"rotation": [50, 0, 0],
							"uv": {
								"north": {"uv": [314, 411], "uv_size": [10, 1]},
								"east": {"uv": [371, 382], "uv_size": [1, 1]},
								"south": {"uv": [360, 365], "uv_size": [10, 1]},
								"west": {"uv": [332, 422], "uv_size": [1, 1]},
								"up": {"uv": [360, 366], "uv_size": [10, 1]},
								"down": {"uv": [360, 368], "uv_size": [10, -1]}
							}
						},
						{
							"origin": [-1.20767, 0.12138, 2.61925],
							"size": [2.37905, 0.31559, 0.12138],
							"pivot": [1.17138, -0.07283, 2.61925],
							"rotation": [-50, 0, 0],
							"uv": {
								"north": {"uv": [360, 372], "uv_size": [10, 1]},
								"east": {"uv": [371, 383], "uv_size": [1, 1]},
								"south": {"uv": [360, 373], "uv_size": [10, 1]},
								"west": {"uv": [333, 422], "uv_size": [1, 1]},
								"up": {"uv": [360, 374], "uv_size": [10, 1]},
								"down": {"uv": [324, 412], "uv_size": [10, -1]}
							}
						},
						{
							"origin": [-1.20767, 0.0971, 2.78918],
							"size": [2.37905, 0.24276, 0.12138],
							"pivot": [1.17138, -0.24276, 2.78918],
							"rotation": [-17.5, 0, 0],
							"uv": {
								"north": {"uv": [360, 375], "uv_size": [10, 1]},
								"east": {"uv": [371, 384], "uv_size": [1, 1]},
								"south": {"uv": [360, 376], "uv_size": [10, 1]},
								"west": {"uv": [334, 422], "uv_size": [1, 1]},
								"up": {"uv": [360, 377], "uv_size": [10, 1]},
								"down": {"uv": [360, 379], "uv_size": [10, -1]}
							}
						},
						{
							"origin": [-1.20767, 0.19421, 2.42504],
							"size": [2.37905, 0.24276, 0.12138],
							"pivot": [1.17138, -0.14566, 2.42504],
							"rotation": [-60, 0, 0],
							"uv": {
								"north": {"uv": [360, 379], "uv_size": [10, 1]},
								"east": {"uv": [371, 385], "uv_size": [1, 1]},
								"south": {"uv": [360, 380], "uv_size": [10, 1]},
								"west": {"uv": [335, 422], "uv_size": [1, 1]},
								"up": {"uv": [334, 411], "uv_size": [10, 1]},
								"down": {"uv": [344, 412], "uv_size": [10, -1]}
							}
						},
						{
							"origin": [0.73441, 0.97104, 0.60434],
							"size": [0.36414, 1.01959, 0.12138],
							"pivot": [1.09855, 1.2138, 0.60434],
							"rotation": [0, 0, -17.5],
							"uv": {
								"north": {"uv": [338, 414], "uv_size": [2, 4]},
								"east": {"uv": [363, 418], "uv_size": [1, 4]},
								"south": {"uv": [340, 414], "uv_size": [2, 4]},
								"west": {"uv": [364, 418], "uv_size": [1, 4]},
								"up": {"uv": [324, 421], "uv_size": [2, 1]},
								"down": {"uv": [370, 377], "uv_size": [2, -1]}
							}
						},
						{
							"origin": [-0.74642, 0.97104, 2.95912],
							"size": [1.77215, 1.38373, 0.12138],
							"pivot": [1.02572, 1.57794, 2.95912],
							"rotation": [0, 0, -12.5],
							"uv": {
								"north": {"uv": [339, 354], "uv_size": [7, 7]},
								"east": {"uv": [342, 414], "uv_size": [1, 7]},
								"south": {"uv": [341, 361], "uv_size": [7, 7]},
								"west": {"uv": [343, 414], "uv_size": [1, 7]},
								"up": {"uv": [347, 386], "uv_size": [7, 1]},
								"down": {"uv": [325, 409], "uv_size": [7, -1]}
							}
						},
						{
							"origin": [-0.98918, 2.23339, 0.75],
							"size": [1.77215, 0.29131, 0.19421],
							"pivot": [0.78296, 2.23339, 0.75],
							"rotation": [-25, 0, 0],
							"uv": {
								"north": {"uv": [359, 414], "uv_size": [7, 1]},
								"east": {"uv": [371, 386], "uv_size": [1, 1]},
								"south": {"uv": [363, 411], "uv_size": [7, 1]},
								"west": {"uv": [336, 422], "uv_size": [1, 1]},
								"up": {"uv": [303, 415], "uv_size": [7, 1]},
								"down": {"uv": [320, 416], "uv_size": [7, -1]}
							}
						},
						{
							"origin": [-0.98918, 2.50043, 0.87138],
							"size": [1.77215, 0.29131, 0.19421],
							"pivot": [0.78296, 2.50043, 0.87138],
							"rotation": [-65, 0, 0],
							"uv": {
								"north": {"uv": [327, 415], "uv_size": [7, 1]},
								"east": {"uv": [371, 387], "uv_size": [1, 1]},
								"south": {"uv": [364, 381], "uv_size": [7, 1]},
								"west": {"uv": [337, 422], "uv_size": [1, 1]},
								"up": {"uv": [364, 382], "uv_size": [7, 1]},
								"down": {"uv": [364, 384], "uv_size": [7, -1]}
							}
						},
						{
							"origin": [-0.98918, 0.97104, 2.74063],
							"size": [1.77215, 1.26235, 0.19421],
							"uv": {
								"north": {"uv": [348, 363], "uv_size": [7, 5]},
								"east": {"uv": [332, 417], "uv_size": [1, 5]},
								"south": {"uv": [330, 399], "uv_size": [7, 5]},
								"west": {"uv": [333, 417], "uv_size": [1, 5]},
								"up": {"uv": [359, 416], "uv_size": [7, 1]},
								"down": {"uv": [303, 418], "uv_size": [7, -1]}
							}
						},
						{
							"origin": [0.78296, 0.97104, 2.74063],
							"size": [0.31559, 0.53407, 0.19421],
							"pivot": [1.09855, 0.97104, 2.74063],
							"rotation": [0, 0, -37.5],
							"uv": {
								"north": {"uv": [326, 421], "uv_size": [1, 2]},
								"east": {"uv": [370, 377], "uv_size": [1, 2]},
								"south": {"uv": [327, 421], "uv_size": [1, 2]},
								"west": {"uv": [328, 421], "uv_size": [1, 2]},
								"up": {"uv": [371, 390], "uv_size": [1, 1]},
								"down": {"uv": [340, 423], "uv_size": [1, -1]}
							}
						},
						{
							"origin": [-0.91636, 0.89821, 2.74063],
							"size": [0.31559, 0.53407, 0.19421],
							"pivot": [-0.60077, 0.82538, 2.74063],
							"rotation": [0, 0, -37.5],
							"uv": {
								"north": {"uv": [370, 379], "uv_size": [1, 2]},
								"east": {"uv": [329, 421], "uv_size": [1, 2]},
								"south": {"uv": [330, 421], "uv_size": [1, 2]},
								"west": {"uv": [331, 421], "uv_size": [1, 2]},
								"up": {"uv": [371, 391], "uv_size": [1, 1]},
								"down": {"uv": [341, 423], "uv_size": [1, -1]}
							}
						},
						{
							"origin": [-0.91636, 0.89821, 0.75],
							"size": [0.31559, 0.53407, 0.19421],
							"pivot": [-0.60077, 0.82538, 0.75],
							"rotation": [0, 0, -37.5],
							"uv": {
								"north": {"uv": [370, 387], "uv_size": [1, 2]},
								"east": {"uv": [370, 389], "uv_size": [1, 2]},
								"south": {"uv": [370, 391], "uv_size": [1, 2]},
								"west": {"uv": [342, 421], "uv_size": [1, 2]},
								"up": {"uv": [371, 392], "uv_size": [1, 1]},
								"down": {"uv": [371, 394], "uv_size": [1, -1]}
							}
						},
						{
							"origin": [-2.03305, 0.07283, 0.75],
							"size": [3.1316, 0.89821, 0.29131],
							"uv": {
								"north": {"uv": [338, 373], "uv_size": [13, 4]},
								"east": {"uv": [365, 418], "uv_size": [1, 4]},
								"south": {"uv": [338, 377], "uv_size": [13, 4]},
								"west": {"uv": [366, 418], "uv_size": [1, 4]},
								"up": {"uv": [355, 406], "uv_size": [13, 1]},
								"down": {"uv": [319, 408], "uv_size": [13, -1]}
							}
						},
						{
							"origin": [-1.57181, -0.12138, 1.11414],
							"size": [2.67036, 0.24276, 0.0971],
							"pivot": [1.09855, -0.12138, 0.96848],
							"rotation": [40, 0, 0],
							"uv": {
								"north": {"uv": [358, 389], "uv_size": [11, 1]},
								"east": {"uv": [371, 394], "uv_size": [1, 1]},
								"south": {"uv": [358, 390], "uv_size": [11, 1]},
								"west": {"uv": [344, 422], "uv_size": [1, 1]},
								"up": {"uv": [340, 409], "uv_size": [11, 1]},
								"down": {"uv": [358, 392], "uv_size": [11, -1]}
							}
						},
						{
							"origin": [-1.57181, 0.46124, 2.69208],
							"size": [2.67036, 0.24276, 0.0971],
							"pivot": [1.09855, 0.46124, 2.54642],
							"rotation": [40, 0, 0],
							"uv": {
								"north": {"uv": [358, 392], "uv_size": [11, 1]},
								"east": {"uv": [371, 395], "uv_size": [1, 1]},
								"south": {"uv": [351, 409], "uv_size": [11, 1]},
								"west": {"uv": [345, 422], "uv_size": [1, 1]},
								"up": {"uv": [303, 410], "uv_size": [11, 1]},
								"down": {"uv": [314, 411], "uv_size": [11, -1]}
							}
						},
						{
							"origin": [-1.57181, 0.704, 0.94421],
							"size": [2.67036, 0.24276, 0.0971],
							"pivot": [1.09855, 0.704, 0.79855],
							"rotation": [-40, 0, 0],
							"uv": {
								"north": {"uv": [359, 368], "uv_size": [11, 1]},
								"east": {"uv": [371, 396], "uv_size": [1, 1]},
								"south": {"uv": [359, 369], "uv_size": [11, 1]},
								"west": {"uv": [346, 422], "uv_size": [1, 1]},
								"up": {"uv": [359, 370], "uv_size": [11, 1]},
								"down": {"uv": [359, 372], "uv_size": [11, -1]}
							}
						},
						{
							"origin": [-1.57181, 0.12138, 2.52215],
							"size": [2.67036, 0.24276, 0.0971],
							"pivot": [1.09855, 0.12138, 2.37649],
							"rotation": [-40, 0, 0],
							"uv": {
								"north": {"uv": [325, 410], "uv_size": [11, 1]},
								"east": {"uv": [371, 397], "uv_size": [1, 1]},
								"south": {"uv": [336, 410], "uv_size": [11, 1]},
								"west": {"uv": [347, 422], "uv_size": [1, 1]},
								"up": {"uv": [347, 410], "uv_size": [11, 1]},
								"down": {"uv": [359, 400], "uv_size": [11, -1]}
							}
						},
						{
							"origin": [-1.81457, 0.0971, 2.61925],
							"size": [2.91312, 0.87394, 0.31559],
							"uv": {
								"north": {"uv": [312, 393], "uv_size": [12, 4]},
								"east": {"uv": [367, 418], "uv_size": [1, 4]},
								"south": {"uv": [324, 393], "uv_size": [12, 4]},
								"west": {"uv": [303, 419], "uv_size": [1, 4]},
								"up": {"uv": [340, 407], "uv_size": [12, 1]},
								"down": {"uv": [352, 408], "uv_size": [12, -1]}
							}
						},
						{
							"origin": [-2.03305, 0.16993, 0.75],
							"size": [3.08305, 0.80111, 2.18484],
							"uv": {
								"north": {"uv": [345, 387], "uv_size": [13, 3]},
								"east": {"uv": [351, 378], "uv_size": [9, 3]},
								"south": {"uv": [345, 390], "uv_size": [13, 3]},
								"west": {"uv": [311, 426], "uv_size": [120, 40]},
								"up": {"uv": [317, 354], "uv_size": [13, 9]},
								"down": {"uv": [317, 372], "uv_size": [13, -9]}
							}
						},
						{
							"origin": [-1.62036, 0.72828, 0.75],
							"size": [2.71891, 0.24276, 2.18484],
							"uv": {
								"north": {"uv": [359, 400], "uv_size": [11, 1]},
								"east": {"uv": [363, 360], "uv_size": [9, 1]},
								"south": {"uv": [359, 401], "uv_size": [11, 1]},
								"west": {"uv": [363, 361], "uv_size": [9, 1]},
								"up": {"uv": [303, 380], "uv_size": [11, 9]},
								"down": {"uv": [314, 389], "uv_size": [11, -9]}
							}
						},
						{
							"origin": [-1.62036, -0.02428, 1.08986],
							"size": [2.71891, 0.07283, 1.48084],
							"uv": {
								"north": {"uv": [358, 410], "uv_size": [11, 1]},
								"east": {"uv": [366, 414], "uv_size": [6, 1]},
								"south": {"uv": [303, 411], "uv_size": [11, 1]},
								"west": {"uv": [364, 417], "uv_size": [6, 1]},
								"up": {"uv": [330, 363], "uv_size": [11, 6]},
								"down": {"uv": [325, 387], "uv_size": [11, -6]}
							}
						},
						{
							"origin": [-1.62036, -0.02428, 1.08986],
							"size": [2.67036, 0.19421, 1.48084],
							"uv": {
								"north": {"uv": [360, 362], "uv_size": [11, 1]},
								"east": {"uv": [366, 415], "uv_size": [6, 1]},
								"south": {"uv": [360, 363], "uv_size": [11, 1]},
								"west": {"uv": [366, 416], "uv_size": [6, 1]},
								"up": {"uv": [325, 387], "uv_size": [11, 6]},
								"down": {"uv": [336, 387], "uv_size": [11, -6]}
							}
						},
						{
							"origin": [0.92862, 0.36414, 0.87138],
							"size": [0.24276, 0.48552, 0.29131],
							"uv": {
								"north": {"uv": [370, 393], "uv_size": [1, 2]},
								"east": {"uv": [343, 421], "uv_size": [1, 2]},
								"south": {"uv": [370, 395], "uv_size": [1, 2]},
								"west": {"uv": [370, 397], "uv_size": [1, 2]},
								"up": {"uv": [371, 398], "uv_size": [1, 1]},
								"down": {"uv": [348, 423], "uv_size": [1, -1]}
							}
						},
						{
							"origin": [0.92862, 0.36414, 0.89566],
							"size": [0.26704, 0.02428, 0.02428],
							"uv": {
								"north": {"uv": [370, 393], "uv_size": [1, 2]},
								"east": {"uv": [343, 421], "uv_size": [1, 2]},
								"south": {"uv": [370, 395], "uv_size": [1, 2]},
								"west": {"uv": [370, 397], "uv_size": [1, 2]},
								"up": {"uv": [371, 398], "uv_size": [1, 1]},
								"down": {"uv": [348, 423], "uv_size": [1, -1]}
							}
						},
						{
							"origin": [0.92862, 0.41269, 0.89566],
							"size": [0.26704, 0.02428, 0.02428],
							"uv": {
								"north": {"uv": [370, 393], "uv_size": [1, 2]},
								"east": {"uv": [343, 421], "uv_size": [1, 2]},
								"south": {"uv": [370, 395], "uv_size": [1, 2]},
								"west": {"uv": [370, 397], "uv_size": [1, 2]},
								"up": {"uv": [371, 398], "uv_size": [1, 1]},
								"down": {"uv": [348, 423], "uv_size": [1, -1]}
							}
						},
						{
							"origin": [0.92862, 0.46124, 0.89566],
							"size": [0.26704, 0.02428, 0.02428],
							"uv": {
								"north": {"uv": [370, 393], "uv_size": [1, 2]},
								"east": {"uv": [343, 421], "uv_size": [1, 2]},
								"south": {"uv": [370, 395], "uv_size": [1, 2]},
								"west": {"uv": [370, 397], "uv_size": [1, 2]},
								"up": {"uv": [371, 398], "uv_size": [1, 1]},
								"down": {"uv": [348, 423], "uv_size": [1, -1]}
							}
						},
						{
							"origin": [0.92862, 0.5098, 0.89566],
							"size": [0.26704, 0.02428, 0.02428],
							"uv": {
								"north": {"uv": [370, 393], "uv_size": [1, 2]},
								"east": {"uv": [343, 421], "uv_size": [1, 2]},
								"south": {"uv": [370, 395], "uv_size": [1, 2]},
								"west": {"uv": [370, 397], "uv_size": [1, 2]},
								"up": {"uv": [371, 398], "uv_size": [1, 1]},
								"down": {"uv": [348, 423], "uv_size": [1, -1]}
							}
						},
						{
							"origin": [0.92862, 0.55835, 0.89566],
							"size": [0.26704, 0.02428, 0.02428],
							"uv": {
								"north": {"uv": [370, 393], "uv_size": [1, 2]},
								"east": {"uv": [343, 421], "uv_size": [1, 2]},
								"south": {"uv": [370, 395], "uv_size": [1, 2]},
								"west": {"uv": [370, 397], "uv_size": [1, 2]},
								"up": {"uv": [371, 398], "uv_size": [1, 1]},
								"down": {"uv": [348, 423], "uv_size": [1, -1]}
							}
						},
						{
							"origin": [0.92862, 0.6069, 0.89566],
							"size": [0.26704, 0.02428, 0.02428],
							"uv": {
								"north": {"uv": [370, 393], "uv_size": [1, 2]},
								"east": {"uv": [343, 421], "uv_size": [1, 2]},
								"south": {"uv": [370, 395], "uv_size": [1, 2]},
								"west": {"uv": [370, 397], "uv_size": [1, 2]},
								"up": {"uv": [371, 398], "uv_size": [1, 1]},
								"down": {"uv": [348, 423], "uv_size": [1, -1]}
							}
						},
						{
							"origin": [0.92862, 0.65545, 0.89566],
							"size": [0.26704, 0.02428, 0.02428],
							"uv": {
								"north": {"uv": [370, 393], "uv_size": [1, 2]},
								"east": {"uv": [343, 421], "uv_size": [1, 2]},
								"south": {"uv": [370, 395], "uv_size": [1, 2]},
								"west": {"uv": [370, 397], "uv_size": [1, 2]},
								"up": {"uv": [371, 398], "uv_size": [1, 1]},
								"down": {"uv": [348, 423], "uv_size": [1, -1]}
							}
						},
						{
							"origin": [0.92862, 0.704, 0.89566],
							"size": [0.26704, 0.02428, 0.02428],
							"uv": {
								"north": {"uv": [370, 393], "uv_size": [1, 2]},
								"east": {"uv": [343, 421], "uv_size": [1, 2]},
								"south": {"uv": [370, 395], "uv_size": [1, 2]},
								"west": {"uv": [370, 397], "uv_size": [1, 2]},
								"up": {"uv": [371, 398], "uv_size": [1, 1]},
								"down": {"uv": [348, 423], "uv_size": [1, -1]}
							}
						},
						{
							"origin": [0.92862, 0.75256, 0.89566],
							"size": [0.26704, 0.02428, 0.02428],
							"uv": {
								"north": {"uv": [370, 393], "uv_size": [1, 2]},
								"east": {"uv": [343, 421], "uv_size": [1, 2]},
								"south": {"uv": [370, 395], "uv_size": [1, 2]},
								"west": {"uv": [370, 397], "uv_size": [1, 2]},
								"up": {"uv": [371, 398], "uv_size": [1, 1]},
								"down": {"uv": [348, 423], "uv_size": [1, -1]}
							}
						},
						{
							"origin": [0.92862, 0.80111, 0.89566],
							"size": [0.26704, 0.02428, 0.02428],
							"uv": {
								"north": {"uv": [370, 393], "uv_size": [1, 2]},
								"east": {"uv": [343, 421], "uv_size": [1, 2]},
								"south": {"uv": [370, 395], "uv_size": [1, 2]},
								"west": {"uv": [370, 397], "uv_size": [1, 2]},
								"up": {"uv": [371, 398], "uv_size": [1, 1]},
								"down": {"uv": [348, 423], "uv_size": [1, -1]}
							}
						},
						{
							"origin": [0.92862, 0.36414, 0.94421],
							"size": [0.26704, 0.02428, 0.02428],
							"uv": {
								"north": {"uv": [370, 393], "uv_size": [1, 2]},
								"east": {"uv": [343, 421], "uv_size": [1, 2]},
								"south": {"uv": [370, 395], "uv_size": [1, 2]},
								"west": {"uv": [370, 397], "uv_size": [1, 2]},
								"up": {"uv": [371, 398], "uv_size": [1, 1]},
								"down": {"uv": [348, 423], "uv_size": [1, -1]}
							}
						},
						{
							"origin": [0.92862, 0.41269, 0.94421],
							"size": [0.26704, 0.02428, 0.02428],
							"uv": {
								"north": {"uv": [370, 393], "uv_size": [1, 2]},
								"east": {"uv": [343, 421], "uv_size": [1, 2]},
								"south": {"uv": [370, 395], "uv_size": [1, 2]},
								"west": {"uv": [370, 397], "uv_size": [1, 2]},
								"up": {"uv": [371, 398], "uv_size": [1, 1]},
								"down": {"uv": [348, 423], "uv_size": [1, -1]}
							}
						},
						{
							"origin": [0.92862, 0.46124, 0.94421],
							"size": [0.26704, 0.02428, 0.02428],
							"uv": {
								"north": {"uv": [370, 393], "uv_size": [1, 2]},
								"east": {"uv": [343, 421], "uv_size": [1, 2]},
								"south": {"uv": [370, 395], "uv_size": [1, 2]},
								"west": {"uv": [370, 397], "uv_size": [1, 2]},
								"up": {"uv": [371, 398], "uv_size": [1, 1]},
								"down": {"uv": [348, 423], "uv_size": [1, -1]}
							}
						},
						{
							"origin": [0.92862, 0.5098, 0.94421],
							"size": [0.26704, 0.02428, 0.02428],
							"uv": {
								"north": {"uv": [370, 393], "uv_size": [1, 2]},
								"east": {"uv": [343, 421], "uv_size": [1, 2]},
								"south": {"uv": [370, 395], "uv_size": [1, 2]},
								"west": {"uv": [370, 397], "uv_size": [1, 2]},
								"up": {"uv": [371, 398], "uv_size": [1, 1]},
								"down": {"uv": [348, 423], "uv_size": [1, -1]}
							}
						},
						{
							"origin": [0.92862, 0.55835, 0.94421],
							"size": [0.26704, 0.02428, 0.02428],
							"uv": {
								"north": {"uv": [370, 393], "uv_size": [1, 2]},
								"east": {"uv": [343, 421], "uv_size": [1, 2]},
								"south": {"uv": [370, 395], "uv_size": [1, 2]},
								"west": {"uv": [370, 397], "uv_size": [1, 2]},
								"up": {"uv": [371, 398], "uv_size": [1, 1]},
								"down": {"uv": [348, 423], "uv_size": [1, -1]}
							}
						},
						{
							"origin": [0.92862, 0.6069, 0.94421],
							"size": [0.26704, 0.02428, 0.02428],
							"uv": {
								"north": {"uv": [370, 393], "uv_size": [1, 2]},
								"east": {"uv": [343, 421], "uv_size": [1, 2]},
								"south": {"uv": [370, 395], "uv_size": [1, 2]},
								"west": {"uv": [370, 397], "uv_size": [1, 2]},
								"up": {"uv": [371, 398], "uv_size": [1, 1]},
								"down": {"uv": [348, 423], "uv_size": [1, -1]}
							}
						},
						{
							"origin": [0.92862, 0.65545, 0.94421],
							"size": [0.26704, 0.02428, 0.02428],
							"uv": {
								"north": {"uv": [370, 393], "uv_size": [1, 2]},
								"east": {"uv": [343, 421], "uv_size": [1, 2]},
								"south": {"uv": [370, 395], "uv_size": [1, 2]},
								"west": {"uv": [370, 397], "uv_size": [1, 2]},
								"up": {"uv": [371, 398], "uv_size": [1, 1]},
								"down": {"uv": [348, 423], "uv_size": [1, -1]}
							}
						},
						{
							"origin": [0.92862, 0.704, 0.94421],
							"size": [0.26704, 0.02428, 0.02428],
							"uv": {
								"north": {"uv": [370, 393], "uv_size": [1, 2]},
								"east": {"uv": [343, 421], "uv_size": [1, 2]},
								"south": {"uv": [370, 395], "uv_size": [1, 2]},
								"west": {"uv": [370, 397], "uv_size": [1, 2]},
								"up": {"uv": [371, 398], "uv_size": [1, 1]},
								"down": {"uv": [348, 423], "uv_size": [1, -1]}
							}
						},
						{
							"origin": [0.92862, 0.75256, 0.94421],
							"size": [0.26704, 0.02428, 0.02428],
							"uv": {
								"north": {"uv": [370, 393], "uv_size": [1, 2]},
								"east": {"uv": [343, 421], "uv_size": [1, 2]},
								"south": {"uv": [370, 395], "uv_size": [1, 2]},
								"west": {"uv": [370, 397], "uv_size": [1, 2]},
								"up": {"uv": [371, 398], "uv_size": [1, 1]},
								"down": {"uv": [348, 423], "uv_size": [1, -1]}
							}
						},
						{
							"origin": [0.92862, 0.80111, 0.94421],
							"size": [0.26704, 0.02428, 0.02428],
							"uv": {
								"north": {"uv": [370, 393], "uv_size": [1, 2]},
								"east": {"uv": [343, 421], "uv_size": [1, 2]},
								"south": {"uv": [370, 395], "uv_size": [1, 2]},
								"west": {"uv": [370, 397], "uv_size": [1, 2]},
								"up": {"uv": [371, 398], "uv_size": [1, 1]},
								"down": {"uv": [348, 423], "uv_size": [1, -1]}
							}
						},
						{
							"origin": [0.92862, 0.36414, 0.99276],
							"size": [0.26704, 0.02428, 0.02428],
							"uv": {
								"north": {"uv": [370, 393], "uv_size": [1, 2]},
								"east": {"uv": [343, 421], "uv_size": [1, 2]},
								"south": {"uv": [370, 395], "uv_size": [1, 2]},
								"west": {"uv": [370, 397], "uv_size": [1, 2]},
								"up": {"uv": [371, 398], "uv_size": [1, 1]},
								"down": {"uv": [348, 423], "uv_size": [1, -1]}
							}
						},
						{
							"origin": [0.92862, 0.41269, 0.99276],
							"size": [0.26704, 0.02428, 0.02428],
							"uv": {
								"north": {"uv": [370, 393], "uv_size": [1, 2]},
								"east": {"uv": [343, 421], "uv_size": [1, 2]},
								"south": {"uv": [370, 395], "uv_size": [1, 2]},
								"west": {"uv": [370, 397], "uv_size": [1, 2]},
								"up": {"uv": [371, 398], "uv_size": [1, 1]},
								"down": {"uv": [348, 423], "uv_size": [1, -1]}
							}
						},
						{
							"origin": [0.92862, 0.46124, 0.99276],
							"size": [0.26704, 0.02428, 0.02428],
							"uv": {
								"north": {"uv": [370, 393], "uv_size": [1, 2]},
								"east": {"uv": [343, 421], "uv_size": [1, 2]},
								"south": {"uv": [370, 395], "uv_size": [1, 2]},
								"west": {"uv": [370, 397], "uv_size": [1, 2]},
								"up": {"uv": [371, 398], "uv_size": [1, 1]},
								"down": {"uv": [348, 423], "uv_size": [1, -1]}
							}
						},
						{
							"origin": [0.92862, 0.5098, 0.99276],
							"size": [0.26704, 0.02428, 0.02428],
							"uv": {
								"north": {"uv": [370, 393], "uv_size": [1, 2]},
								"east": {"uv": [343, 421], "uv_size": [1, 2]},
								"south": {"uv": [370, 395], "uv_size": [1, 2]},
								"west": {"uv": [370, 397], "uv_size": [1, 2]},
								"up": {"uv": [371, 398], "uv_size": [1, 1]},
								"down": {"uv": [348, 423], "uv_size": [1, -1]}
							}
						},
						{
							"origin": [0.92862, 0.55835, 0.99276],
							"size": [0.26704, 0.02428, 0.02428],
							"uv": {
								"north": {"uv": [370, 393], "uv_size": [1, 2]},
								"east": {"uv": [343, 421], "uv_size": [1, 2]},
								"south": {"uv": [370, 395], "uv_size": [1, 2]},
								"west": {"uv": [370, 397], "uv_size": [1, 2]},
								"up": {"uv": [371, 398], "uv_size": [1, 1]},
								"down": {"uv": [348, 423], "uv_size": [1, -1]}
							}
						},
						{
							"origin": [0.92862, 0.6069, 0.99276],
							"size": [0.26704, 0.02428, 0.02428],
							"uv": {
								"north": {"uv": [370, 393], "uv_size": [1, 2]},
								"east": {"uv": [343, 421], "uv_size": [1, 2]},
								"south": {"uv": [370, 395], "uv_size": [1, 2]},
								"west": {"uv": [370, 397], "uv_size": [1, 2]},
								"up": {"uv": [371, 398], "uv_size": [1, 1]},
								"down": {"uv": [348, 423], "uv_size": [1, -1]}
							}
						},
						{
							"origin": [0.92862, 0.65545, 0.99276],
							"size": [0.26704, 0.02428, 0.02428],
							"uv": {
								"north": {"uv": [370, 393], "uv_size": [1, 2]},
								"east": {"uv": [343, 421], "uv_size": [1, 2]},
								"south": {"uv": [370, 395], "uv_size": [1, 2]},
								"west": {"uv": [370, 397], "uv_size": [1, 2]},
								"up": {"uv": [371, 398], "uv_size": [1, 1]},
								"down": {"uv": [348, 423], "uv_size": [1, -1]}
							}
						},
						{
							"origin": [0.92862, 0.704, 0.99276],
							"size": [0.26704, 0.02428, 0.02428],
							"uv": {
								"north": {"uv": [370, 393], "uv_size": [1, 2]},
								"east": {"uv": [343, 421], "uv_size": [1, 2]},
								"south": {"uv": [370, 395], "uv_size": [1, 2]},
								"west": {"uv": [370, 397], "uv_size": [1, 2]},
								"up": {"uv": [371, 398], "uv_size": [1, 1]},
								"down": {"uv": [348, 423], "uv_size": [1, -1]}
							}
						},
						{
							"origin": [0.92862, 0.75256, 0.99276],
							"size": [0.26704, 0.02428, 0.02428],
							"uv": {
								"north": {"uv": [370, 393], "uv_size": [1, 2]},
								"east": {"uv": [343, 421], "uv_size": [1, 2]},
								"south": {"uv": [370, 395], "uv_size": [1, 2]},
								"west": {"uv": [370, 397], "uv_size": [1, 2]},
								"up": {"uv": [371, 398], "uv_size": [1, 1]},
								"down": {"uv": [348, 423], "uv_size": [1, -1]}
							}
						},
						{
							"origin": [0.92862, 0.80111, 0.99276],
							"size": [0.26704, 0.02428, 0.02428],
							"uv": {
								"north": {"uv": [370, 393], "uv_size": [1, 2]},
								"east": {"uv": [343, 421], "uv_size": [1, 2]},
								"south": {"uv": [370, 395], "uv_size": [1, 2]},
								"west": {"uv": [370, 397], "uv_size": [1, 2]},
								"up": {"uv": [371, 398], "uv_size": [1, 1]},
								"down": {"uv": [348, 423], "uv_size": [1, -1]}
							}
						},
						{
							"origin": [0.92862, 0.36414, 1.04131],
							"size": [0.26704, 0.02428, 0.02428],
							"uv": {
								"north": {"uv": [370, 393], "uv_size": [1, 2]},
								"east": {"uv": [343, 421], "uv_size": [1, 2]},
								"south": {"uv": [370, 395], "uv_size": [1, 2]},
								"west": {"uv": [370, 397], "uv_size": [1, 2]},
								"up": {"uv": [371, 398], "uv_size": [1, 1]},
								"down": {"uv": [348, 423], "uv_size": [1, -1]}
							}
						},
						{
							"origin": [0.92862, 0.41269, 1.04131],
							"size": [0.26704, 0.02428, 0.02428],
							"uv": {
								"north": {"uv": [370, 393], "uv_size": [1, 2]},
								"east": {"uv": [343, 421], "uv_size": [1, 2]},
								"south": {"uv": [370, 395], "uv_size": [1, 2]},
								"west": {"uv": [370, 397], "uv_size": [1, 2]},
								"up": {"uv": [371, 398], "uv_size": [1, 1]},
								"down": {"uv": [348, 423], "uv_size": [1, -1]}
							}
						},
						{
							"origin": [0.92862, 0.46124, 1.04131],
							"size": [0.26704, 0.02428, 0.02428],
							"uv": {
								"north": {"uv": [370, 393], "uv_size": [1, 2]},
								"east": {"uv": [343, 421], "uv_size": [1, 2]},
								"south": {"uv": [370, 395], "uv_size": [1, 2]},
								"west": {"uv": [370, 397], "uv_size": [1, 2]},
								"up": {"uv": [371, 398], "uv_size": [1, 1]},
								"down": {"uv": [348, 423], "uv_size": [1, -1]}
							}
						},
						{
							"origin": [0.92862, 0.5098, 1.04131],
							"size": [0.26704, 0.02428, 0.02428],
							"uv": {
								"north": {"uv": [370, 393], "uv_size": [1, 2]},
								"east": {"uv": [343, 421], "uv_size": [1, 2]},
								"south": {"uv": [370, 395], "uv_size": [1, 2]},
								"west": {"uv": [370, 397], "uv_size": [1, 2]},
								"up": {"uv": [371, 398], "uv_size": [1, 1]},
								"down": {"uv": [348, 423], "uv_size": [1, -1]}
							}
						},
						{
							"origin": [0.92862, 0.55835, 1.04131],
							"size": [0.26704, 0.02428, 0.02428],
							"uv": {
								"north": {"uv": [370, 393], "uv_size": [1, 2]},
								"east": {"uv": [343, 421], "uv_size": [1, 2]},
								"south": {"uv": [370, 395], "uv_size": [1, 2]},
								"west": {"uv": [370, 397], "uv_size": [1, 2]},
								"up": {"uv": [371, 398], "uv_size": [1, 1]},
								"down": {"uv": [348, 423], "uv_size": [1, -1]}
							}
						},
						{
							"origin": [0.92862, 0.6069, 1.04131],
							"size": [0.26704, 0.02428, 0.02428],
							"uv": {
								"north": {"uv": [370, 393], "uv_size": [1, 2]},
								"east": {"uv": [343, 421], "uv_size": [1, 2]},
								"south": {"uv": [370, 395], "uv_size": [1, 2]},
								"west": {"uv": [370, 397], "uv_size": [1, 2]},
								"up": {"uv": [371, 398], "uv_size": [1, 1]},
								"down": {"uv": [348, 423], "uv_size": [1, -1]}
							}
						},
						{
							"origin": [0.92862, 0.65545, 1.04131],
							"size": [0.26704, 0.02428, 0.02428],
							"uv": {
								"north": {"uv": [370, 393], "uv_size": [1, 2]},
								"east": {"uv": [343, 421], "uv_size": [1, 2]},
								"south": {"uv": [370, 395], "uv_size": [1, 2]},
								"west": {"uv": [370, 397], "uv_size": [1, 2]},
								"up": {"uv": [371, 398], "uv_size": [1, 1]},
								"down": {"uv": [348, 423], "uv_size": [1, -1]}
							}
						},
						{
							"origin": [0.92862, 0.704, 1.04131],
							"size": [0.26704, 0.02428, 0.02428],
							"uv": {
								"north": {"uv": [370, 393], "uv_size": [1, 2]},
								"east": {"uv": [343, 421], "uv_size": [1, 2]},
								"south": {"uv": [370, 395], "uv_size": [1, 2]},
								"west": {"uv": [370, 397], "uv_size": [1, 2]},
								"up": {"uv": [371, 398], "uv_size": [1, 1]},
								"down": {"uv": [348, 423], "uv_size": [1, -1]}
							}
						},
						{
							"origin": [0.92862, 0.75256, 1.04131],
							"size": [0.26704, 0.02428, 0.02428],
							"uv": {
								"north": {"uv": [370, 393], "uv_size": [1, 2]},
								"east": {"uv": [343, 421], "uv_size": [1, 2]},
								"south": {"uv": [370, 395], "uv_size": [1, 2]},
								"west": {"uv": [370, 397], "uv_size": [1, 2]},
								"up": {"uv": [371, 398], "uv_size": [1, 1]},
								"down": {"uv": [348, 423], "uv_size": [1, -1]}
							}
						},
						{
							"origin": [0.92862, 0.80111, 1.04131],
							"size": [0.26704, 0.02428, 0.02428],
							"uv": {
								"north": {"uv": [370, 393], "uv_size": [1, 2]},
								"east": {"uv": [343, 421], "uv_size": [1, 2]},
								"south": {"uv": [370, 395], "uv_size": [1, 2]},
								"west": {"uv": [370, 397], "uv_size": [1, 2]},
								"up": {"uv": [371, 398], "uv_size": [1, 1]},
								"down": {"uv": [348, 423], "uv_size": [1, -1]}
							}
						},
						{
							"origin": [0.92862, 0.36414, 1.08986],
							"size": [0.26704, 0.02428, 0.02428],
							"uv": {
								"north": {"uv": [370, 393], "uv_size": [1, 2]},
								"east": {"uv": [343, 421], "uv_size": [1, 2]},
								"south": {"uv": [370, 395], "uv_size": [1, 2]},
								"west": {"uv": [370, 397], "uv_size": [1, 2]},
								"up": {"uv": [371, 398], "uv_size": [1, 1]},
								"down": {"uv": [348, 423], "uv_size": [1, -1]}
							}
						},
						{
							"origin": [0.92862, 0.41269, 1.08986],
							"size": [0.26704, 0.02428, 0.02428],
							"uv": {
								"north": {"uv": [370, 393], "uv_size": [1, 2]},
								"east": {"uv": [343, 421], "uv_size": [1, 2]},
								"south": {"uv": [370, 395], "uv_size": [1, 2]},
								"west": {"uv": [370, 397], "uv_size": [1, 2]},
								"up": {"uv": [371, 398], "uv_size": [1, 1]},
								"down": {"uv": [348, 423], "uv_size": [1, -1]}
							}
						},
						{
							"origin": [0.92862, 0.46124, 1.08986],
							"size": [0.26704, 0.02428, 0.02428],
							"uv": {
								"north": {"uv": [370, 393], "uv_size": [1, 2]},
								"east": {"uv": [343, 421], "uv_size": [1, 2]},
								"south": {"uv": [370, 395], "uv_size": [1, 2]},
								"west": {"uv": [370, 397], "uv_size": [1, 2]},
								"up": {"uv": [371, 398], "uv_size": [1, 1]},
								"down": {"uv": [348, 423], "uv_size": [1, -1]}
							}
						},
						{
							"origin": [0.92862, 0.5098, 1.08986],
							"size": [0.26704, 0.02428, 0.02428],
							"uv": {
								"north": {"uv": [370, 393], "uv_size": [1, 2]},
								"east": {"uv": [343, 421], "uv_size": [1, 2]},
								"south": {"uv": [370, 395], "uv_size": [1, 2]},
								"west": {"uv": [370, 397], "uv_size": [1, 2]},
								"up": {"uv": [371, 398], "uv_size": [1, 1]},
								"down": {"uv": [348, 423], "uv_size": [1, -1]}
							}
						},
						{
							"origin": [0.92862, 0.55835, 1.08986],
							"size": [0.26704, 0.02428, 0.02428],
							"uv": {
								"north": {"uv": [370, 393], "uv_size": [1, 2]},
								"east": {"uv": [343, 421], "uv_size": [1, 2]},
								"south": {"uv": [370, 395], "uv_size": [1, 2]},
								"west": {"uv": [370, 397], "uv_size": [1, 2]},
								"up": {"uv": [371, 398], "uv_size": [1, 1]},
								"down": {"uv": [348, 423], "uv_size": [1, -1]}
							}
						},
						{
							"origin": [0.92862, 0.6069, 1.08986],
							"size": [0.26704, 0.02428, 0.02428],
							"uv": {
								"north": {"uv": [370, 393], "uv_size": [1, 2]},
								"east": {"uv": [343, 421], "uv_size": [1, 2]},
								"south": {"uv": [370, 395], "uv_size": [1, 2]},
								"west": {"uv": [370, 397], "uv_size": [1, 2]},
								"up": {"uv": [371, 398], "uv_size": [1, 1]},
								"down": {"uv": [348, 423], "uv_size": [1, -1]}
							}
						},
						{
							"origin": [0.92862, 0.65545, 1.08986],
							"size": [0.26704, 0.02428, 0.02428],
							"uv": {
								"north": {"uv": [370, 393], "uv_size": [1, 2]},
								"east": {"uv": [343, 421], "uv_size": [1, 2]},
								"south": {"uv": [370, 395], "uv_size": [1, 2]},
								"west": {"uv": [370, 397], "uv_size": [1, 2]},
								"up": {"uv": [371, 398], "uv_size": [1, 1]},
								"down": {"uv": [348, 423], "uv_size": [1, -1]}
							}
						},
						{
							"origin": [0.92862, 0.704, 1.08986],
							"size": [0.26704, 0.02428, 0.02428],
							"uv": {
								"north": {"uv": [370, 393], "uv_size": [1, 2]},
								"east": {"uv": [343, 421], "uv_size": [1, 2]},
								"south": {"uv": [370, 395], "uv_size": [1, 2]},
								"west": {"uv": [370, 397], "uv_size": [1, 2]},
								"up": {"uv": [371, 398], "uv_size": [1, 1]},
								"down": {"uv": [348, 423], "uv_size": [1, -1]}
							}
						},
						{
							"origin": [0.92862, 0.75256, 1.08986],
							"size": [0.26704, 0.02428, 0.02428],
							"uv": {
								"north": {"uv": [370, 393], "uv_size": [1, 2]},
								"east": {"uv": [343, 421], "uv_size": [1, 2]},
								"south": {"uv": [370, 395], "uv_size": [1, 2]},
								"west": {"uv": [370, 397], "uv_size": [1, 2]},
								"up": {"uv": [371, 398], "uv_size": [1, 1]},
								"down": {"uv": [348, 423], "uv_size": [1, -1]}
							}
						},
						{
							"origin": [0.92862, 0.80111, 1.08986],
							"size": [0.26704, 0.02428, 0.02428],
							"uv": {
								"north": {"uv": [370, 393], "uv_size": [1, 2]},
								"east": {"uv": [343, 421], "uv_size": [1, 2]},
								"south": {"uv": [370, 395], "uv_size": [1, 2]},
								"west": {"uv": [370, 397], "uv_size": [1, 2]},
								"up": {"uv": [371, 398], "uv_size": [1, 1]},
								"down": {"uv": [348, 423], "uv_size": [1, -1]}
							}
						},
						{
							"origin": [0.92862, 0.36414, 1.13842],
							"size": [0.26704, 0.02428, 0.02428],
							"uv": {
								"north": {"uv": [370, 393], "uv_size": [1, 2]},
								"east": {"uv": [343, 421], "uv_size": [1, 2]},
								"south": {"uv": [370, 395], "uv_size": [1, 2]},
								"west": {"uv": [370, 397], "uv_size": [1, 2]},
								"up": {"uv": [371, 398], "uv_size": [1, 1]},
								"down": {"uv": [348, 423], "uv_size": [1, -1]}
							}
						},
						{
							"origin": [0.92862, 0.41269, 1.13842],
							"size": [0.26704, 0.02428, 0.02428],
							"uv": {
								"north": {"uv": [370, 393], "uv_size": [1, 2]},
								"east": {"uv": [343, 421], "uv_size": [1, 2]},
								"south": {"uv": [370, 395], "uv_size": [1, 2]},
								"west": {"uv": [370, 397], "uv_size": [1, 2]},
								"up": {"uv": [371, 398], "uv_size": [1, 1]},
								"down": {"uv": [348, 423], "uv_size": [1, -1]}
							}
						},
						{
							"origin": [0.92862, 0.46124, 1.13842],
							"size": [0.26704, 0.02428, 0.02428],
							"uv": {
								"north": {"uv": [370, 393], "uv_size": [1, 2]},
								"east": {"uv": [343, 421], "uv_size": [1, 2]},
								"south": {"uv": [370, 395], "uv_size": [1, 2]},
								"west": {"uv": [370, 397], "uv_size": [1, 2]},
								"up": {"uv": [371, 398], "uv_size": [1, 1]},
								"down": {"uv": [348, 423], "uv_size": [1, -1]}
							}
						},
						{
							"origin": [0.92862, 0.5098, 1.13842],
							"size": [0.26704, 0.02428, 0.02428],
							"uv": {
								"north": {"uv": [370, 393], "uv_size": [1, 2]},
								"east": {"uv": [343, 421], "uv_size": [1, 2]},
								"south": {"uv": [370, 395], "uv_size": [1, 2]},
								"west": {"uv": [370, 397], "uv_size": [1, 2]},
								"up": {"uv": [371, 398], "uv_size": [1, 1]},
								"down": {"uv": [348, 423], "uv_size": [1, -1]}
							}
						},
						{
							"origin": [0.92862, 0.55835, 1.13842],
							"size": [0.26704, 0.02428, 0.02428],
							"uv": {
								"north": {"uv": [370, 393], "uv_size": [1, 2]},
								"east": {"uv": [343, 421], "uv_size": [1, 2]},
								"south": {"uv": [370, 395], "uv_size": [1, 2]},
								"west": {"uv": [370, 397], "uv_size": [1, 2]},
								"up": {"uv": [371, 398], "uv_size": [1, 1]},
								"down": {"uv": [348, 423], "uv_size": [1, -1]}
							}
						},
						{
							"origin": [0.92862, 0.6069, 1.13842],
							"size": [0.26704, 0.02428, 0.02428],
							"uv": {
								"north": {"uv": [370, 393], "uv_size": [1, 2]},
								"east": {"uv": [343, 421], "uv_size": [1, 2]},
								"south": {"uv": [370, 395], "uv_size": [1, 2]},
								"west": {"uv": [370, 397], "uv_size": [1, 2]},
								"up": {"uv": [371, 398], "uv_size": [1, 1]},
								"down": {"uv": [348, 423], "uv_size": [1, -1]}
							}
						},
						{
							"origin": [0.92862, 0.65545, 1.13842],
							"size": [0.26704, 0.02428, 0.02428],
							"uv": {
								"north": {"uv": [370, 393], "uv_size": [1, 2]},
								"east": {"uv": [343, 421], "uv_size": [1, 2]},
								"south": {"uv": [370, 395], "uv_size": [1, 2]},
								"west": {"uv": [370, 397], "uv_size": [1, 2]},
								"up": {"uv": [371, 398], "uv_size": [1, 1]},
								"down": {"uv": [348, 423], "uv_size": [1, -1]}
							}
						},
						{
							"origin": [0.92862, 0.704, 1.13842],
							"size": [0.26704, 0.02428, 0.02428],
							"uv": {
								"north": {"uv": [370, 393], "uv_size": [1, 2]},
								"east": {"uv": [343, 421], "uv_size": [1, 2]},
								"south": {"uv": [370, 395], "uv_size": [1, 2]},
								"west": {"uv": [370, 397], "uv_size": [1, 2]},
								"up": {"uv": [371, 398], "uv_size": [1, 1]},
								"down": {"uv": [348, 423], "uv_size": [1, -1]}
							}
						},
						{
							"origin": [0.92862, 0.75256, 1.13842],
							"size": [0.26704, 0.02428, 0.02428],
							"uv": {
								"north": {"uv": [370, 393], "uv_size": [1, 2]},
								"east": {"uv": [343, 421], "uv_size": [1, 2]},
								"south": {"uv": [370, 395], "uv_size": [1, 2]},
								"west": {"uv": [370, 397], "uv_size": [1, 2]},
								"up": {"uv": [371, 398], "uv_size": [1, 1]},
								"down": {"uv": [348, 423], "uv_size": [1, -1]}
							}
						},
						{
							"origin": [0.92862, 0.80111, 1.13842],
							"size": [0.26704, 0.02428, 0.02428],
							"uv": {
								"north": {"uv": [370, 393], "uv_size": [1, 2]},
								"east": {"uv": [343, 421], "uv_size": [1, 2]},
								"south": {"uv": [370, 395], "uv_size": [1, 2]},
								"west": {"uv": [370, 397], "uv_size": [1, 2]},
								"up": {"uv": [371, 398], "uv_size": [1, 1]},
								"down": {"uv": [348, 423], "uv_size": [1, -1]}
							}
						},
						{
							"origin": [0.92862, 0.29131, 0.94421],
							"size": [0.24276, 0.63118, 0.14566],
							"uv": {
								"north": {"uv": [320, 419], "uv_size": [1, 3]},
								"east": {"uv": [321, 419], "uv_size": [1, 3]},
								"south": {"uv": [322, 419], "uv_size": [1, 3]},
								"west": {"uv": [323, 419], "uv_size": [1, 3]},
								"up": {"uv": [371, 399], "uv_size": [1, 1]},
								"down": {"uv": [349, 423], "uv_size": [1, -1]}
							}
						},
						{
							"origin": [0.92862, 0.75256, 1.21124],
							"size": [0.24276, 0.24276, 0.0971],
							"pivot": [1.17138, 0.5098, 1.21124],
							"rotation": [45, 0, 0],
							"uv": {
								"north": {"uv": [371, 400], "uv_size": [1, 1]},
								"east": {"uv": [350, 422], "uv_size": [1, 1]},
								"south": {"uv": [371, 401], "uv_size": [1, 1]},
								"west": {"uv": [351, 422], "uv_size": [1, 1]},
								"up": {"uv": [371, 402], "uv_size": [1, 1]},
								"down": {"uv": [352, 423], "uv_size": [1, -1]}
							}
						},
						{
							"origin": [0.92862, 0.36414, 1.2598],
							"size": [0.24276, 0.24276, 0.0971],
							"pivot": [1.17138, 0.12138, 1.2598],
							"rotation": [45, 0, 0],
							"uv": {
								"north": {"uv": [371, 403], "uv_size": [1, 1]},
								"east": {"uv": [353, 422], "uv_size": [1, 1]},
								"south": {"uv": [371, 404], "uv_size": [1, 1]},
								"west": {"uv": [354, 422], "uv_size": [1, 1]},
								"up": {"uv": [371, 405], "uv_size": [1, 1]},
								"down": {"uv": [355, 423], "uv_size": [1, -1]}
							}
						},
						{
							"origin": [0.92862, 0.82538, 0.75],
							"size": [0.24276, 0.24276, 0.0971],
							"pivot": [1.17138, 0.58262, 0.75],
							"rotation": [-45, 0, 0],
							"uv": {
								"north": {"uv": [371, 406], "uv_size": [1, 1]},
								"east": {"uv": [356, 422], "uv_size": [1, 1]},
								"south": {"uv": [371, 407], "uv_size": [1, 1]},
								"west": {"uv": [357, 422], "uv_size": [1, 1]},
								"up": {"uv": [371, 408], "uv_size": [1, 1]},
								"down": {"uv": [358, 423], "uv_size": [1, -1]}
							}
						},
						{
							"origin": [0.92862, 0.43697, 0.70145],
							"size": [0.24276, 0.24276, 0.0971],
							"pivot": [1.17138, 0.19421, 0.70145],
							"rotation": [-45, 0, 0],
							"uv": {
								"north": {"uv": [371, 409], "uv_size": [1, 1]},
								"east": {"uv": [359, 422], "uv_size": [1, 1]},
								"south": {"uv": [371, 410], "uv_size": [1, 1]},
								"west": {"uv": [360, 422], "uv_size": [1, 1]},
								"up": {"uv": [371, 411], "uv_size": [1, 1]},
								"down": {"uv": [361, 423], "uv_size": [1, -1]}
							}
						},
						{
							"origin": [-2.01138, 1.52538, -0.09],
							"size": [2.20276, 0.24276, 0.0971],
							"pivot": [0.19138, 1.28262, -0.09],
							"rotation": [-45, 0, 0],
							"uv": {
								"north": {"uv": [371, 406], "uv_size": [1, 1]},
								"east": {"uv": [356, 422], "uv_size": [1, 1]},
								"south": {"uv": [371, 407], "uv_size": [1, 1]},
								"west": {"uv": [357, 422], "uv_size": [1, 1]},
								"up": {"uv": [371, 408], "uv_size": [1, 1]},
								"down": {"uv": [358, 423], "uv_size": [1, -1]}
							}
						},
						{
							"origin": [-2.01138, 1.45256, 0.37124],
							"size": [2.20276, 0.24276, 0.0971],
							"pivot": [0.19138, 1.2098, 0.37124],
							"rotation": [45, 0, 0],
							"uv": {
								"north": {"uv": [371, 400], "uv_size": [1, 1]},
								"east": {"uv": [350, 422], "uv_size": [1, 1]},
								"south": {"uv": [371, 401], "uv_size": [1, 1]},
								"west": {"uv": [351, 422], "uv_size": [1, 1]},
								"up": {"uv": [371, 402], "uv_size": [1, 1]},
								"down": {"uv": [352, 423], "uv_size": [1, -1]}
							}
						},
						{
							"origin": [-2.01138, 0.99131, 0.10421],
							"size": [2.20276, 0.63118, 0.14566],
							"uv": {
								"north": {"uv": [320, 419], "uv_size": [1, 3]},
								"east": {"uv": [321, 419], "uv_size": [1, 3]},
								"south": {"uv": [322, 419], "uv_size": [1, 3]},
								"west": {"uv": [323, 419], "uv_size": [1, 3]},
								"up": {"uv": [371, 399], "uv_size": [1, 1]},
								"down": {"uv": [349, 423], "uv_size": [1, -1]}
							}
						},
						{
							"origin": [-2.01138, 1.06414, 0.03138],
							"size": [2.20276, 0.48552, 0.29131],
							"uv": {
								"north": {"uv": [370, 393], "uv_size": [1, 2]},
								"east": {"uv": [343, 421], "uv_size": [1, 2]},
								"south": {"uv": [370, 395], "uv_size": [1, 2]},
								"west": {"uv": [370, 397], "uv_size": [1, 2]},
								"up": {"uv": [371, 398], "uv_size": [1, 1]},
								"down": {"uv": [348, 423], "uv_size": [1, -1]}
							}
						},
						{
							"origin": [-2.01138, 1.13697, -0.13855],
							"size": [2.20276, 0.24276, 0.0971],
							"pivot": [0.19138, 0.89421, -0.13855],
							"rotation": [-45, 0, 0],
							"uv": {
								"north": {"uv": [371, 409], "uv_size": [1, 1]},
								"east": {"uv": [359, 422], "uv_size": [1, 1]},
								"south": {"uv": [371, 410], "uv_size": [1, 1]},
								"west": {"uv": [360, 422], "uv_size": [1, 1]},
								"up": {"uv": [371, 411], "uv_size": [1, 1]},
								"down": {"uv": [361, 423], "uv_size": [1, -1]}
							}
						},
						{
							"origin": [-2.01138, 1.06414, 0.4198],
							"size": [2.20276, 0.24276, 0.0971],
							"pivot": [0.19138, 0.82138, 0.4198],
							"rotation": [45, 0, 0],
							"uv": {
								"north": {"uv": [371, 403], "uv_size": [1, 1]},
								"east": {"uv": [353, 422], "uv_size": [1, 1]},
								"south": {"uv": [371, 404], "uv_size": [1, 1]},
								"west": {"uv": [354, 422], "uv_size": [1, 1]},
								"up": {"uv": [371, 405], "uv_size": [1, 1]},
								"down": {"uv": [355, 423], "uv_size": [1, -1]}
							}
						},
						{
							"origin": [0.16512, 0.37405, 0.72318],
							"size": [0.26925, 0.26925, 2.41545],
							"pivot": [-0.385, -0.17606, 1.9309],
							"rotation": [-90, -45, 90],
							"uv": {
								"north": {"uv": [303, 354], "uv_size": [2, 2]},
								"east": {"uv": [303, 354], "uv_size": [2, 2]},
								"south": {"uv": [303, 354], "uv_size": [2, 2]},
								"west": {"uv": [303, 354], "uv_size": [2, 2]},
								"up": {"uv": [305, 356], "uv_size": [-2, -2]},
								"down": {"uv": [305, 356], "uv_size": [-2, -2]}
							}
						},
						{
							"origin": [-1.20438, 0.37405, 0.72318],
							"size": [0.26925, 0.26925, 2.41545],
							"pivot": [-0.385, -0.17606, 1.9309],
							"rotation": [90, -45, -90],
							"uv": {
								"north": {"uv": [305, 354], "uv_size": [-2, 2]},
								"east": {"uv": [305, 354], "uv_size": [-2, 2]},
								"south": {"uv": [305, 354], "uv_size": [-2, 2]},
								"west": {"uv": [305, 354], "uv_size": [-2, 2]},
								"up": {"uv": [303, 356], "uv_size": [2, -2]},
								"down": {"uv": [303, 356], "uv_size": [2, -2]}
							}
						}
					]
				},
				{
					"name": "bone2",
					"parent": "scope_body",
					"pivot": [0.78296, 2.62181, 2.54642],
					"rotation": [-90, 0, 0],
					"cubes": [
						{
							"origin": [-0.98918, 2.88884, 2.6678],
							"size": [1.77215, 0.29131, 0.19421],
							"pivot": [0.78296, 2.88884, 2.6678],
							"rotation": [-65, 0, 0],
							"uv": {
								"north": {"uv": [364, 384], "uv_size": [7, 1]},
								"east": {"uv": [371, 388], "uv_size": [1, 1]},
								"south": {"uv": [352, 415], "uv_size": [7, 1]},
								"west": {"uv": [338, 422], "uv_size": [1, 1]},
								"up": {"uv": [364, 407], "uv_size": [7, 1]},
								"down": {"uv": [359, 416], "uv_size": [7, -1]}
							}
						},
						{
							"origin": [-0.98918, 2.62181, 2.54642],
							"size": [1.77215, 0.29131, 0.19421],
							"pivot": [0.78296, 2.62181, 2.54642],
							"rotation": [-25, 0, 0],
							"uv": {
								"north": {"uv": [303, 416], "uv_size": [7, 1]},
								"east": {"uv": [371, 389], "uv_size": [1, 1]},
								"south": {"uv": [320, 416], "uv_size": [7, 1]},
								"west": {"uv": [339, 422], "uv_size": [1, 1]},
								"up": {"uv": [327, 416], "uv_size": [7, 1]},
								"down": {"uv": [352, 417], "uv_size": [7, -1]}
							}
						}
					]
				}
			]
		}
	]
}