{
	"format_version": "1.21.0",
	"minecraft:geometry": [
		{
			"description": {
				"identifier": "geometry.unknown",
				"texture_width": 64,
				"texture_height": 64,
				"visible_bounds_width": 27,
				"visible_bounds_height": 1.5,
				"visible_bounds_offset": [0, 0.25, 0]
			},
			"bones": [
				{
					"name": "scope_view",
					"pivot": [0, 1.25305, 6.01141]
				},
				{
					"name": "ocular",
					"pivot": [0.43606, 0.17459, 1.059],
					"cubes": [
						{
							"origin": [-0.56526, 0.66303, -0.87037],
							"size": [1.09901, 0.95248, 0],
							"uv": {
								"south": {"uv": [0, 0], "uv_size": [1.125, 0.975]}
							}
						},
						{
							"origin": [-0.71181, 0.90726, -0.87037],
							"size": [1.44092, 0.61055, 0],
							"uv": {
								"south": {"uv": [0, 0], "uv_size": [1.475, 0.625]}
							}
						},
						{
							"origin": [-0.56526, 1.59109, -0.87037],
							"size": [1.14787, 0.12211, 0],
							"uv": {
								"south": {"uv": [0, 0], "uv_size": [1.175, 0.125]}
							}
						},
						{
							"origin": [-0.73622, 0.80956, -0.87037],
							"size": [1.44092, 0.12211, 0],
							"uv": {
								"south": {"uv": [0, 0], "uv_size": [1.475, 0.125]}
							}
						},
						{
							"origin": [-0.66295, 0.71188, -0.87037],
							"size": [1.26998, 0.12211, 0],
							"uv": {
								"south": {"uv": [0, 0], "uv_size": [1.3, 0.125]}
							}
						},
						{
							"origin": [-0.66295, 1.4934, -0.87037],
							"size": [1.29439, 0.12211, 0],
							"uv": {
								"south": {"uv": [0, 0.125], "uv_size": [1.325, 0.125]}
							}
						}
					]
				},
				{
					"name": "division",
					"pivot": [1.61965, 0.29918, 38.15532],
					"rotation": [0, 0, -90]
				},
				{
					"name": "division_illuminated",
					"parent": "division",
					"pivot": [2.34062, 0.66458, -65.44027],
					"cubes": [
						{
							"origin": [1.95717, 1.43605, -32.43679],
							"size": [0.99067, 0.7415, 0.39888],
							"inflate": -0.26562,
							"pivot": [2.45251, 1.80679, -32.23735],
							"rotation": [0, 0, -50],
							"uv": {
								"south": {"uv": [58.5, 0], "uv_size": [0.5, 2.5], "uv_rotation": 180}
							}
						},
						{
							"origin": [1.95717, 1.66012, -32.43679],
							"size": [0.99067, 0.7415, 0.39888],
							"inflate": -0.26562,
							"pivot": [2.45251, 2.03087, -32.23735],
							"rotation": [0, 0, 50],
							"uv": {
								"south": {"uv": [58.5, 2.5], "uv_size": [0.5, -2.5], "uv_rotation": 180}
							}
						}
					]
				},
				{
					"name": "scope_body",
					"pivot": [25.5407, 14.84492, 0.99671],
					"cubes": [
						{
							"origin": [-0.825, 0.325, -221.95],
							"size": [0.05, 0.05, 222.2],
							"uv": {
								"north": {"uv": [64, 64], "uv_size": [0, 0]},
								"east": {"uv": [64, 64], "uv_size": [0, 0]},
								"south": {"uv": [64, 64], "uv_size": [0, 0]},
								"west": {"uv": [64, 64], "uv_size": [0, 0]},
								"up": {"uv": [64, 64], "uv_size": [0, 0]},
								"down": {"uv": [64, 64], "uv_size": [0, 0]}
							}
						},
						{
							"origin": [-0.945, 0.225, -0.045],
							"size": [0.54, 0.24, 0.54],
							"uv": {
								"north": {"uv": [0, 0], "uv_size": [2, 2]},
								"east": {"uv": [0, 0], "uv_size": [2, 2]},
								"south": {"uv": [0, 0], "uv_size": [2, 2]},
								"west": {"uv": [0, 0], "uv_size": [2, 2]},
								"up": {"uv": [2, 2], "uv_size": [-2, -2]},
								"down": {"uv": [2, 2], "uv_size": [-2, -2]}
							}
						},
						{
							"origin": [-0.91469, 0.41903, -0.045],
							"size": [0.515, 0.065, 0.54],
							"pivot": [-0.81184, 0.3578, 0.24287],
							"rotation": [0, 0, -10],
							"uv": {
								"north": {"uv": [0, 0], "uv_size": [2, 2]},
								"east": {"uv": [0, 0], "uv_size": [2, 2]},
								"south": {"uv": [0, 0], "uv_size": [2, 2]},
								"west": {"uv": [0, 0], "uv_size": [2, 2]},
								"up": {"uv": [2, 2], "uv_size": [-2, -2]},
								"down": {"uv": [2, 2], "uv_size": [-2, -2]}
							}
						},
						{
							"origin": [-0.83535, 0.46865, 0.18],
							"size": [0.115, 0.04, 0.24],
							"pivot": [-0.81184, 0.3578, 0.24287],
							"rotation": [0, 0, -10],
							"uv": {
								"north": {"uv": [0, 0], "uv_size": [2, 2]},
								"east": {"uv": [0, 0], "uv_size": [2, 2]},
								"south": {"uv": [0, 0], "uv_size": [2, 2]},
								"west": {"uv": [0, 0], "uv_size": [2, 2]},
								"up": {"uv": [2, 2], "uv_size": [-2, -2]},
								"down": {"uv": [2, 2], "uv_size": [-2, -2]}
							}
						},
						{
							"origin": [-0.91198, 0.21621, -0.045],
							"size": [0.515, 0.065, 0.54],
							"pivot": [-0.81184, 0.3578, 0.24287],
							"rotation": [0, 0, 10],
							"uv": {
								"north": {"uv": [0, 2], "uv_size": [2, -2]},
								"east": {"uv": [0, 2], "uv_size": [2, -2]},
								"south": {"uv": [0, 2], "uv_size": [2, -2]},
								"west": {"uv": [0, 2], "uv_size": [2, -2]},
								"up": {"uv": [2, 0], "uv_size": [-2, 2]},
								"down": {"uv": [2, 0], "uv_size": [-2, 2]}
							}
						},
						{
							"origin": [-0.89873, 0.41226, 0.12907],
							"size": [0.3527, 0.04452, 0.39483],
							"pivot": [-0.81184, 0.3578, 0.24287],
							"rotation": [0, 0, -10],
							"uv": {
								"north": {"uv": [0, 0], "uv_size": [2, 2]},
								"east": {"uv": [0, 0], "uv_size": [2, 2]},
								"south": {"uv": [0, 0], "uv_size": [2, 2]},
								"west": {"uv": [0, 0], "uv_size": [2, 2]},
								"up": {"uv": [2, 2], "uv_size": [-2, -2]},
								"down": {"uv": [2, 2], "uv_size": [-2, -2]}
							}
						},
						{
							"origin": [-0.92142, 0.25133, 0.12907],
							"size": [0.36983, 0.18937, 0.39483],
							"uv": {
								"north": {"uv": [0, 0], "uv_size": [2, 2]},
								"east": {"uv": [0, 0], "uv_size": [2, 2]},
								"south": {"uv": [0, 0], "uv_size": [2, 2]},
								"west": {"uv": [0, 0], "uv_size": [2, 2]},
								"up": {"uv": [2, 2], "uv_size": [-2, -2]},
								"down": {"uv": [2, 2], "uv_size": [-2, -2]}
							}
						},
						{
							"origin": [-0.89583, 0.24236, 0.12907],
							"size": [0.3527, 0.04452, 0.39483],
							"pivot": [-0.81184, 0.3578, 0.24287],
							"rotation": [0, 0, 10],
							"uv": {
								"north": {"uv": [0, 2], "uv_size": [2, -2]},
								"east": {"uv": [0, 2], "uv_size": [2, -2]},
								"south": {"uv": [0, 2], "uv_size": [2, -2]},
								"west": {"uv": [0, 2], "uv_size": [2, -2]},
								"up": {"uv": [2, 0], "uv_size": [-2, 2]},
								"down": {"uv": [2, 0], "uv_size": [-2, 2]}
							}
						}
					]
				},
				{
					"name": "holo",
					"parent": "scope_body",
					"pivot": [0.39572, 0.21731, 1.17449],
					"rotation": [0, -90, 0],
					"cubes": [
						{
							"origin": [-1.90202, -0.21565, 1.03019],
							"size": [2.33186, 0.63198, 1.20131],
							"uv": {
								"north": {"uv": [15, 3], "uv_size": [8, 1]},
								"east": {"uv": [16, 33], "uv_size": [3, 1]},
								"south": {"uv": [15, 11], "uv_size": [8, 1]},
								"west": {"uv": [33, 19], "uv_size": [3, 1]},
								"up": {"uv": [8, 4], "uv_size": [8, 3]},
								"down": {"uv": [7, 11], "uv_size": [8, -3]}
							}
						},
						{
							"origin": [-1.90202, -1.14545, 1.31051],
							"size": [2.33186, 0.20284, 0.2046],
							"pivot": [0, -1.05976, 0.28032],
							"rotation": [47.5, 0, 0],
							"uv": {
								"north": {"uv": [15, 3], "uv_size": [8, 1]},
								"east": {"uv": [16, 33], "uv_size": [3, 1]},
								"south": {"uv": [15, 11], "uv_size": [8, 1]},
								"west": {"uv": [33, 19], "uv_size": [3, 1]},
								"up": {"uv": [8, 4], "uv_size": [8, 3]},
								"down": {"uv": [7, 11], "uv_size": [8, -3]}
							}
						},
						{
							"origin": [-1.89376, -1.1766, 1.72419],
							"size": [2.33186, 0.20284, 0.2046],
							"pivot": [-1.49507, -1.09091, 2.95898],
							"rotation": [-47.5, 0, 0],
							"uv": {
								"north": {"uv": [15, 11], "uv_size": [8, 1]},
								"east": {"uv": [33, 19], "uv_size": [3, 1]},
								"south": {"uv": [15, 3], "uv_size": [8, 1]},
								"west": {"uv": [16, 33], "uv_size": [3, 1]},
								"up": {"uv": [16, 7], "uv_size": [-8, -3]},
								"down": {"uv": [15, 8], "uv_size": [-8, 3]}
							}
						},
						{
							"origin": [-1.90202, 0.13769, 2.15872],
							"size": [2.33186, 0.42087, 0.091],
							"uv": {
								"north": {"uv": [15, 12], "uv_size": [8, 1]},
								"east": {"uv": [17, 36], "uv_size": [1, 1]},
								"south": {"uv": [15, 13], "uv_size": [8, 1]},
								"west": {"uv": [18, 36], "uv_size": [1, 1]},
								"up": {"uv": [16, 4], "uv_size": [8, 1]},
								"down": {"uv": [16, 6], "uv_size": [8, -1]}
							}
						},
						{
							"origin": [-1.90202, 0.13769, 0.9925],
							"size": [2.33186, 0.42087, 0.091],
							"uv": {
								"north": {"uv": [16, 6], "uv_size": [8, 1]},
								"east": {"uv": [36, 18], "uv_size": [1, 1]},
								"south": {"uv": [16, 14], "uv_size": [8, 1]},
								"west": {"uv": [19, 36], "uv_size": [1, 1]},
								"up": {"uv": [16, 15], "uv_size": [8, 1]},
								"down": {"uv": [16, 17], "uv_size": [8, -1]}
							}
						},
						{
							"origin": [-1.17403, 0.24006, 0.92993],
							"size": [1.11475, 0.23888, 0.091],
							"uv": {
								"north": {"uv": [4, 32], "uv_size": [4, 1]},
								"east": {"uv": [36, 19], "uv_size": [1, 1]},
								"south": {"uv": [32, 4], "uv_size": [4, 1]},
								"west": {"uv": [20, 36], "uv_size": [1, 1]},
								"up": {"uv": [32, 5], "uv_size": [4, 1]},
								"down": {"uv": [32, 7], "uv_size": [4, -1]}
							}
						},
						{
							"origin": [-0.87828, 1.13869, 0.92993],
							"size": [0.30712, 0.05687, 0.091],
							"pivot": [0.39572, 0.21731, 1.20293],
							"rotation": [0, 0, -35],
							"uv": {
								"north": {"uv": [36, 20], "uv_size": [1, 1]},
								"east": {"uv": [21, 36], "uv_size": [1, 1]},
								"south": {"uv": [36, 21], "uv_size": [1, 1]},
								"west": {"uv": [22, 36], "uv_size": [1, 1]},
								"up": {"uv": [36, 22], "uv_size": [1, 1]},
								"down": {"uv": [23, 37], "uv_size": [1, -1]}
							}
						},
						{
							"origin": [-0.1389, 0.63819, 0.92993],
							"size": [0.30712, 0.05687, 0.091],
							"pivot": [0.39572, 0.21731, 1.20293],
							"rotation": [0, 0, -35],
							"uv": {
								"north": {"uv": [24, 36], "uv_size": [1, 1]},
								"east": {"uv": [36, 24], "uv_size": [1, 1]},
								"south": {"uv": [25, 36], "uv_size": [1, 1]},
								"west": {"uv": [36, 25], "uv_size": [1, 1]},
								"up": {"uv": [26, 36], "uv_size": [1, 1]},
								"down": {"uv": [36, 27], "uv_size": [1, -1]}
							}
						},
						{
							"origin": [-1.03752, -0.52206, 0.92993],
							"size": [0.30712, 0.05687, 0.091],
							"pivot": [0.39572, 0.21731, 1.20293],
							"rotation": [0, 0, 35],
							"uv": {
								"north": {"uv": [27, 36], "uv_size": [1, 1]},
								"east": {"uv": [28, 36], "uv_size": [1, 1]},
								"south": {"uv": [29, 36], "uv_size": [1, 1]},
								"west": {"uv": [36, 29], "uv_size": [1, 1]},
								"up": {"uv": [30, 36], "uv_size": [1, 1]},
								"down": {"uv": [36, 31], "uv_size": [1, -1]}
							}
						},
						{
							"origin": [-0.29815, -0.02157, 0.92993],
							"size": [0.30712, 0.05687, 0.091],
							"pivot": [0.39572, 0.21731, 1.20293],
							"rotation": [0, 0, 35],
							"uv": {
								"north": {"uv": [31, 36], "uv_size": [1, 1]},
								"east": {"uv": [36, 31], "uv_size": [1, 1]},
								"south": {"uv": [32, 36], "uv_size": [1, 1]},
								"west": {"uv": [33, 36], "uv_size": [1, 1]},
								"up": {"uv": [36, 33], "uv_size": [1, 1]},
								"down": {"uv": [36, 35], "uv_size": [1, -1]}
							}
						},
						{
							"origin": [-1.20815, 0.28557, 0.92993],
							"size": [1.17162, 0.14788, 0.091],
							"uv": {
								"north": {"uv": [8, 32], "uv_size": [4, 1]},
								"east": {"uv": [36, 35], "uv_size": [1, 1]},
								"south": {"uv": [12, 32], "uv_size": [4, 1]},
								"west": {"uv": [36, 36], "uv_size": [1, 1]},
								"up": {"uv": [32, 14], "uv_size": [4, 1]},
								"down": {"uv": [32, 16], "uv_size": [4, -1]}
							}
						},
						{
							"origin": [-1.8224, 0.13769, 1.06074],
							"size": [2.33186, 0.42087, 1.1375],
							"uv": {
								"north": {"uv": [0, 17], "uv_size": [8, 1]},
								"east": {"uv": [16, 32], "uv_size": [4, 1]},
								"south": {"uv": [8, 17], "uv_size": [8, 1]},
								"west": {"uv": [32, 16], "uv_size": [4, 1]},
								"up": {"uv": [0, 0], "uv_size": [8, 4]},
								"down": {"uv": [0, 8], "uv_size": [8, -4]}
							}
						},
						{
							"origin": [-1.76553, 0.47893, 1.06074],
							"size": [2.33186, 0.07962, 0.07962],
							"pivot": [0.39572, 0.21731, 1.17449],
							"rotation": [-45, 0, 0],
							"uv": {
								"north": {"uv": [16, 17], "uv_size": [8, 1]},
								"east": {"uv": [2, 37], "uv_size": [1, 1]},
								"south": {"uv": [0, 18], "uv_size": [8, 1]},
								"west": {"uv": [37, 2], "uv_size": [1, 1]},
								"up": {"uv": [8, 18], "uv_size": [8, 1]},
								"down": {"uv": [16, 19], "uv_size": [8, -1]}
							}
						},
						{
							"origin": [-1.76553, 0.78605, 1.36786],
							"size": [2.33186, 0.07962, 0.07962],
							"pivot": [0.39572, 0.21731, 1.17449],
							"rotation": [-45, 0, 0],
							"uv": {
								"north": {"uv": [0, 19], "uv_size": [8, 1]},
								"east": {"uv": [37, 3], "uv_size": [1, 1]},
								"south": {"uv": [8, 19], "uv_size": [8, 1]},
								"west": {"uv": [4, 37], "uv_size": [1, 1]},
								"up": {"uv": [16, 19], "uv_size": [8, 1]},
								"down": {"uv": [0, 21], "uv_size": [8, -1]}
							}
						},
						{
							"origin": [-0.62208, 0.29016, 2.30777],
							"size": [0.07204, 0.07007, 0.07007],
							"pivot": [-0.7109, 0.3328, 2.38205],
							"rotation": [0, -11, -90],
							"uv": {
								"north": {"uv": [0, 19], "uv_size": [8, 1]},
								"east": {"uv": [37, 3], "uv_size": [1, 1]},
								"south": {"uv": [8, 19], "uv_size": [8, 1]},
								"west": {"uv": [4, 37], "uv_size": [1, 1]},
								"up": {"uv": [16, 19], "uv_size": [8, 1]},
								"down": {"uv": [0, 21], "uv_size": [8, -1]}
							}
						},
						{
							"origin": [-1.76553, 0.62681, 1.21999],
							"size": [2.33186, 0.07962, 0.07962],
							"pivot": [0.39572, 0.21731, 1.17449],
							"rotation": [-45, 0, 0],
							"uv": {
								"north": {"uv": [8, 20], "uv_size": [8, 1]},
								"east": {"uv": [5, 37], "uv_size": [1, 1]},
								"south": {"uv": [16, 20], "uv_size": [8, 1]},
								"west": {"uv": [7, 37], "uv_size": [1, 1]},
								"up": {"uv": [0, 21], "uv_size": [8, 1]},
								"down": {"uv": [8, 22], "uv_size": [8, -1]}
							}
						},
						{
							"origin": [-1.76553, 0.22868, 1.29961],
							"size": [2.33186, 0.15925, 0.455],
							"uv": {
								"north": {"uv": [16, 21], "uv_size": [8, 1]},
								"east": {"uv": [12, 34], "uv_size": [2, 1]},
								"south": {"uv": [0, 22], "uv_size": [8, 1]},
								"west": {"uv": [34, 24], "uv_size": [2, 1]},
								"up": {"uv": [15, 7], "uv_size": [8, 2]},
								"down": {"uv": [15, 11], "uv_size": [8, -2]}
							}
						},
						{
							"origin": [-1.7314, 0.22868, 1.29961],
							"size": [2.33186, 0.15925, 0.03412],
							"uv": {
								"north": {"uv": [8, 22], "uv_size": [8, 1]},
								"east": {"uv": [37, 7], "uv_size": [1, 1]},
								"south": {"uv": [16, 22], "uv_size": [8, 1]},
								"west": {"uv": [8, 37], "uv_size": [1, 1]},
								"up": {"uv": [0, 23], "uv_size": [8, 1]},
								"down": {"uv": [23, 1], "uv_size": [8, -1]}
							}
						},
						{
							"origin": [-1.7314, 0.22868, 1.34511],
							"size": [2.33186, 0.15925, 0.03412],
							"uv": {
								"north": {"uv": [23, 1], "uv_size": [8, 1]},
								"east": {"uv": [37, 8], "uv_size": [1, 1]},
								"south": {"uv": [23, 2], "uv_size": [8, 1]},
								"west": {"uv": [37, 9], "uv_size": [1, 1]},
								"up": {"uv": [23, 3], "uv_size": [8, 1]},
								"down": {"uv": [23, 8], "uv_size": [8, -1]}
							}
						},
						{
							"origin": [-1.7314, 0.22868, 1.39061],
							"size": [2.33186, 0.15925, 0.03412],
							"uv": {
								"north": {"uv": [8, 23], "uv_size": [8, 1]},
								"east": {"uv": [37, 10], "uv_size": [1, 1]},
								"south": {"uv": [23, 8], "uv_size": [8, 1]},
								"west": {"uv": [37, 11], "uv_size": [1, 1]},
								"up": {"uv": [23, 9], "uv_size": [8, 1]},
								"down": {"uv": [23, 11], "uv_size": [8, -1]}
							}
						},
						{
							"origin": [-1.7314, 0.22868, 1.48161],
							"size": [2.33186, 0.15925, 0.03412],
							"uv": {
								"north": {"uv": [23, 11], "uv_size": [8, 1]},
								"east": {"uv": [37, 12], "uv_size": [1, 1]},
								"south": {"uv": [23, 12], "uv_size": [8, 1]},
								"west": {"uv": [37, 13], "uv_size": [1, 1]},
								"up": {"uv": [23, 13], "uv_size": [8, 1]},
								"down": {"uv": [16, 24], "uv_size": [8, -1]}
							}
						},
						{
							"origin": [-1.7314, 0.22868, 1.52711],
							"size": [2.33186, 0.15925, 0.03412],
							"uv": {
								"north": {"uv": [0, 24], "uv_size": [8, 1]},
								"east": {"uv": [14, 37], "uv_size": [1, 1]},
								"south": {"uv": [24, 4], "uv_size": [8, 1]},
								"west": {"uv": [37, 14], "uv_size": [1, 1]},
								"up": {"uv": [24, 5], "uv_size": [8, 1]},
								"down": {"uv": [24, 7], "uv_size": [8, -1]}
							}
						},
						{
							"origin": [-1.7314, 0.22868, 1.61811],
							"size": [2.33186, 0.15925, 0.03412],
							"uv": {
								"north": {"uv": [8, 24], "uv_size": [8, 1]},
								"east": {"uv": [15, 37], "uv_size": [1, 1]},
								"south": {"uv": [24, 14], "uv_size": [8, 1]},
								"west": {"uv": [37, 15], "uv_size": [1, 1]},
								"up": {"uv": [24, 15], "uv_size": [8, 1]},
								"down": {"uv": [16, 25], "uv_size": [8, -1]}
							}
						},
						{
							"origin": [-1.7314, 0.22868, 1.66361],
							"size": [2.33186, 0.15925, 0.03412],
							"uv": {
								"north": {"uv": [24, 16], "uv_size": [8, 1]},
								"east": {"uv": [37, 16], "uv_size": [1, 1]},
								"south": {"uv": [24, 17], "uv_size": [8, 1]},
								"west": {"uv": [17, 37], "uv_size": [1, 1]},
								"up": {"uv": [24, 18], "uv_size": [8, 1]},
								"down": {"uv": [24, 20], "uv_size": [8, -1]}
							}
						},
						{
							"origin": [-1.7314, 0.22868, 1.7091],
							"size": [2.33186, 0.15925, 0.03412],
							"uv": {
								"north": {"uv": [24, 20], "uv_size": [8, 1]},
								"east": {"uv": [37, 17], "uv_size": [1, 1]},
								"south": {"uv": [24, 21], "uv_size": [8, 1]},
								"west": {"uv": [18, 37], "uv_size": [1, 1]},
								"up": {"uv": [24, 22], "uv_size": [8, 1]},
								"down": {"uv": [24, 24], "uv_size": [8, -1]}
							}
						},
						{
							"origin": [-1.7314, 0.22868, 1.57261],
							"size": [2.33186, 0.15925, 0.03412],
							"uv": {
								"north": {"uv": [24, 24], "uv_size": [8, 1]},
								"east": {"uv": [37, 18], "uv_size": [1, 1]},
								"south": {"uv": [0, 25], "uv_size": [8, 1]},
								"west": {"uv": [19, 37], "uv_size": [1, 1]},
								"up": {"uv": [8, 25], "uv_size": [8, 1]},
								"down": {"uv": [16, 26], "uv_size": [8, -1]}
							}
						},
						{
							"origin": [-1.7314, 0.22868, 1.43611],
							"size": [2.33186, 0.15925, 0.03412],
							"uv": {
								"north": {"uv": [24, 25], "uv_size": [8, 1]},
								"east": {"uv": [37, 19], "uv_size": [1, 1]},
								"south": {"uv": [0, 26], "uv_size": [8, 1]},
								"west": {"uv": [20, 37], "uv_size": [1, 1]},
								"up": {"uv": [8, 26], "uv_size": [8, 1]},
								"down": {"uv": [16, 27], "uv_size": [8, -1]}
							}
						},
						{
							"origin": [-1.8224, 0.39931, 1.06074],
							"size": [2.04749, 0.34125, 1.1375],
							"uv": {
								"north": {"uv": [8, 7], "uv_size": [7, 1]},
								"east": {"uv": [31, 29], "uv_size": [4, 1]},
								"south": {"uv": [0, 12], "uv_size": [7, 1]},
								"west": {"uv": [0, 32], "uv_size": [4, 1]},
								"up": {"uv": [0, 8], "uv_size": [7, 4]},
								"down": {"uv": [8, 4], "uv_size": [7, -4]}
							}
						},
						{
							"origin": [-1.8224, 0.44481, 0.43511],
							"size": [0.40949, 0.07962, 1.092],
							"pivot": [-1.76553, 0.21731, 1.17449],
							"rotation": [-47.5, 0, 0],
							"uv": {
								"north": {"uv": [37, 20], "uv_size": [1, 1]},
								"east": {"uv": [32, 17], "uv_size": [4, 1]},
								"south": {"uv": [21, 37], "uv_size": [1, 1]},
								"west": {"uv": [32, 18], "uv_size": [4, 1]},
								"up": {"uv": [32, 19], "uv_size": [1, 4]},
								"down": {"uv": [20, 36], "uv_size": [1, -4]}
							}
						},
						{
							"origin": [-1.8224, 0.30831, 0.35549],
							"size": [2.26362, 0.07962, 0.51178],
							"pivot": [-1.76553, 0.21731, 1.17449],
							"rotation": [-47.5, 0, 0],
							"uv": {
								"north": {"uv": [24, 26], "uv_size": [8, 1]},
								"east": {"uv": [33, 20], "uv_size": [3, 1]},
								"south": {"uv": [0, 27], "uv_size": [8, 1]},
								"west": {"uv": [33, 21], "uv_size": [3, 1]},
								"up": {"uv": [7, 11], "uv_size": [8, 3]},
								"down": {"uv": [0, 17], "uv_size": [8, -3]}
							}
						},
						{
							"origin": [-1.8224, -0.31732, 2.07889],
							"size": [2.26362, 0.07962, 0.48335],
							"pivot": [-1.76553, 0.21731, 1.17449],
							"rotation": [47.5, 0, 0],
							"uv": {
								"north": {"uv": [8, 27], "uv_size": [8, 1]},
								"east": {"uv": [33, 22], "uv_size": [3, 1]},
								"south": {"uv": [16, 27], "uv_size": [8, 1]},
								"west": {"uv": [31, 33], "uv_size": [3, 1]},
								"up": {"uv": [8, 14], "uv_size": [8, 3]},
								"down": {"uv": [15, 3], "uv_size": [8, -3]}
							}
						},
						{
							"origin": [-1.8224, 0.88844, 0.68537],
							"size": [2.26362, 0.19338, 0.10237],
							"uv": {
								"north": {"uv": [24, 27], "uv_size": [8, 1]},
								"east": {"uv": [37, 21], "uv_size": [1, 1]},
								"south": {"uv": [0, 28], "uv_size": [8, 1]},
								"west": {"uv": [22, 37], "uv_size": [1, 1]},
								"up": {"uv": [8, 28], "uv_size": [8, 1]},
								"down": {"uv": [16, 29], "uv_size": [8, -1]}
							}
						},
						{
							"origin": [-1.81103, 1.05905, 0.68537],
							"size": [1.47874, 0.19338, 0.10237],
							"uv": {
								"north": {"uv": [31, 10], "uv_size": [5, 1]},
								"east": {"uv": [37, 22], "uv_size": [1, 1]},
								"south": {"uv": [31, 11], "uv_size": [5, 1]},
								"west": {"uv": [23, 37], "uv_size": [1, 1]},
								"up": {"uv": [31, 12], "uv_size": [5, 1]},
								"down": {"uv": [13, 32], "uv_size": [5, -1]}
							}
						},
						{
							"origin": [-1.81103, 1.13869, 0.68537],
							"size": [0.96687, 0.19338, 0.10237],
							"uv": {
								"north": {"uv": [33, 31], "uv_size": [3, 1]},
								"east": {"uv": [37, 23], "uv_size": [1, 1]},
								"south": {"uv": [0, 34], "uv_size": [3, 1]},
								"west": {"uv": [24, 37], "uv_size": [1, 1]},
								"up": {"uv": [6, 34], "uv_size": [3, 1]},
								"down": {"uv": [9, 35], "uv_size": [3, -1]}
							}
						},
						{
							"origin": [-1.51528, 1.38893, 0.68537],
							"size": [1.69487, 0.17063, 0.10237],
							"pivot": [-1.76553, 0.21731, 1.17449],
							"rotation": [0, 0, 13.5],
							"uv": {
								"north": {"uv": [31, 0], "uv_size": [6, 1]},
								"east": {"uv": [37, 24], "uv_size": [1, 1]},
								"south": {"uv": [31, 1], "uv_size": [6, 1]},
								"west": {"uv": [25, 37], "uv_size": [1, 1]},
								"up": {"uv": [31, 2], "uv_size": [6, 1]},
								"down": {"uv": [31, 4], "uv_size": [6, -1]}
							}
						},
						{
							"origin": [-1.8224, 1.0818, 0.68537],
							"size": [0.61425, 0.44363, 0.10237],
							"uv": {
								"north": {"uv": [21, 32], "uv_size": [2, 2]},
								"east": {"uv": [19, 33], "uv_size": [1, 2]},
								"south": {"uv": [23, 32], "uv_size": [2, 2]},
								"west": {"uv": [3, 34], "uv_size": [1, 2]},
								"up": {"uv": [34, 25], "uv_size": [2, 1]},
								"down": {"uv": [34, 27], "uv_size": [2, -1]}
							}
						},
						{
							"origin": [-1.8224, 0.82018, -0.08814],
							"size": [0.46638, 0.44363, 0.10237],
							"pivot": [-1.76553, 0.21731, 1.17449],
							"rotation": [-44, 0, 0],
							"uv": {
								"north": {"uv": [32, 23], "uv_size": [2, 2]},
								"east": {"uv": [27, 34], "uv_size": [1, 2]},
								"south": {"uv": [25, 32], "uv_size": [2, 2]},
								"west": {"uv": [34, 27], "uv_size": [1, 2]},
								"up": {"uv": [28, 34], "uv_size": [2, 1]},
								"down": {"uv": [30, 35], "uv_size": [2, -1]}
							}
						},
						{
							"origin": [-1.8224, 0.82018, -0.08814],
							"size": [0.61425, 0.25025, 0.10237],
							"pivot": [-1.76553, 0.21731, 1.17449],
							"rotation": [-44, 0, 0],
							"uv": {
								"north": {"uv": [32, 34], "uv_size": [2, 1]},
								"east": {"uv": [37, 25], "uv_size": [1, 1]},
								"south": {"uv": [34, 33], "uv_size": [2, 1]},
								"west": {"uv": [26, 37], "uv_size": [1, 1]},
								"up": {"uv": [34, 34], "uv_size": [2, 1]},
								"down": {"uv": [0, 36], "uv_size": [2, -1]}
							}
						},
						{
							"origin": [-1.2309, 0.58131, -0.08814],
							"size": [0.43225, 0.2275, 0.10237],
							"pivot": [-1.7314, 0.21731, 1.17449],
							"rotation": [-37.4569, -25.01663, -28.89733],
							"uv": {
								"north": {"uv": [6, 35], "uv_size": [2, 1]},
								"east": {"uv": [37, 26], "uv_size": [1, 1]},
								"south": {"uv": [8, 35], "uv_size": [2, 1]},
								"west": {"uv": [27, 37], "uv_size": [1, 1]},
								"up": {"uv": [10, 35], "uv_size": [2, 1]},
								"down": {"uv": [12, 36], "uv_size": [2, -1]}
							}
						},
						{
							"origin": [-1.8224, 2.4468, 2.51673],
							"size": [0.61425, 0.25025, 0.10237],
							"pivot": [-1.76553, 1.84393, 3.77937],
							"rotation": [41.5, 0, 0],
							"uv": {
								"north": {"uv": [16, 35], "uv_size": [2, 1]},
								"east": {"uv": [37, 27], "uv_size": [1, 1]},
								"south": {"uv": [18, 35], "uv_size": [2, 1]},
								"west": {"uv": [28, 37], "uv_size": [1, 1]},
								"up": {"uv": [21, 35], "uv_size": [2, 1]},
								"down": {"uv": [23, 36], "uv_size": [2, -1]}
							}
						},
						{
							"origin": [-1.2309, 2.20792, 2.51673],
							"size": [0.43225, 0.2275, 0.10237],
							"pivot": [-1.7314, 1.84393, 3.77937],
							"rotation": [35.06501, 23.78949, -29.88572],
							"uv": {
								"north": {"uv": [25, 35], "uv_size": [2, 1]},
								"east": {"uv": [37, 28], "uv_size": [1, 1]},
								"south": {"uv": [35, 27], "uv_size": [2, 1]},
								"west": {"uv": [29, 37], "uv_size": [1, 1]},
								"up": {"uv": [28, 35], "uv_size": [2, 1]},
								"down": {"uv": [35, 29], "uv_size": [2, -1]}
							}
						},
						{
							"origin": [-1.8224, 2.4468, 2.51673],
							"size": [0.46638, 0.44363, 0.10237],
							"pivot": [-1.76553, 1.84393, 3.77937],
							"rotation": [41.5, 0, 0],
							"uv": {
								"north": {"uv": [32, 25], "uv_size": [2, 2]},
								"east": {"uv": [2, 35], "uv_size": [1, 2]},
								"south": {"uv": [27, 32], "uv_size": [2, 2]},
								"west": {"uv": [35, 29], "uv_size": [1, 2]},
								"up": {"uv": [30, 35], "uv_size": [2, 1]},
								"down": {"uv": [32, 36], "uv_size": [2, -1]}
							}
						},
						{
							"origin": [-1.8224, 0.88844, 2.40298],
							"size": [2.26362, 0.19338, 0.10237],
							"uv": {
								"north": {"uv": [24, 28], "uv_size": [8, 1]},
								"east": {"uv": [37, 29], "uv_size": [1, 1]},
								"south": {"uv": [0, 29], "uv_size": [8, 1]},
								"west": {"uv": [30, 37], "uv_size": [1, 1]},
								"up": {"uv": [8, 29], "uv_size": [8, 1]},
								"down": {"uv": [16, 30], "uv_size": [8, -1]}
							}
						},
						{
							"origin": [-1.51528, 1.38893, 2.40298],
							"size": [1.69487, 0.17063, 0.10237],
							"pivot": [-1.76553, 0.21731, 2.89211],
							"rotation": [0, 0, 13.5],
							"uv": {
								"north": {"uv": [7, 31], "uv_size": [6, 1]},
								"east": {"uv": [37, 30], "uv_size": [1, 1]},
								"south": {"uv": [31, 7], "uv_size": [6, 1]},
								"west": {"uv": [31, 37], "uv_size": [1, 1]},
								"up": {"uv": [31, 8], "uv_size": [6, 1]},
								"down": {"uv": [31, 10], "uv_size": [6, -1]}
							}
						},
						{
							"origin": [-1.81103, 1.05905, 2.40298],
							"size": [1.47874, 0.19338, 0.10237],
							"uv": {
								"north": {"uv": [31, 13], "uv_size": [5, 1]},
								"east": {"uv": [37, 31], "uv_size": [1, 1]},
								"south": {"uv": [18, 31], "uv_size": [5, 1]},
								"west": {"uv": [32, 37], "uv_size": [1, 1]},
								"up": {"uv": [23, 31], "uv_size": [5, 1]},
								"down": {"uv": [28, 32], "uv_size": [5, -1]}
							}
						},
						{
							"origin": [-1.81103, 1.13869, 2.40298],
							"size": [0.96687, 0.19338, 0.10237],
							"uv": {
								"north": {"uv": [16, 34], "uv_size": [3, 1]},
								"east": {"uv": [37, 32], "uv_size": [1, 1]},
								"south": {"uv": [21, 34], "uv_size": [3, 1]},
								"west": {"uv": [33, 37], "uv_size": [1, 1]},
								"up": {"uv": [34, 23], "uv_size": [3, 1]},
								"down": {"uv": [24, 35], "uv_size": [3, -1]}
							}
						},
						{
							"origin": [-1.8224, 1.0818, 2.40298],
							"size": [0.61425, 0.44363, 0.10237],
							"uv": {
								"north": {"uv": [32, 27], "uv_size": [2, 2]},
								"east": {"uv": [34, 35], "uv_size": [1, 2]},
								"south": {"uv": [29, 32], "uv_size": [2, 2]},
								"west": {"uv": [35, 35], "uv_size": [1, 2]},
								"up": {"uv": [35, 32], "uv_size": [2, 1]},
								"down": {"uv": [0, 37], "uv_size": [2, -1]}
							}
						},
						{
							"origin": [-1.8224, 1.87805, 0.74224],
							"size": [0.40949, 0.07962, 0.29575],
							"pivot": [-1.76553, 0.21731, 1.17449],
							"rotation": [-47.5, 0, 0],
							"uv": {
								"north": {"uv": [37, 33], "uv_size": [1, 1]},
								"east": {"uv": [34, 37], "uv_size": [1, 1]},
								"south": {"uv": [37, 34], "uv_size": [1, 1]},
								"west": {"uv": [35, 37], "uv_size": [1, 1]},
								"up": {"uv": [37, 35], "uv_size": [1, 1]},
								"down": {"uv": [36, 38], "uv_size": [1, -1]}
							}
						},
						{
							"origin": [-1.8224, 1.24106, 1.85996],
							"size": [0.40949, 0.07962, 0.3269],
							"pivot": [-1.76553, 0.21731, 1.17449],
							"rotation": [47.5, 0, 0],
							"uv": {
								"north": {"uv": [37, 36], "uv_size": [1, 1]},
								"east": {"uv": [37, 37], "uv_size": [1, 1]},
								"south": {"uv": [0, 38], "uv_size": [1, 1]},
								"west": {"uv": [38, 0], "uv_size": [1, 1]},
								"up": {"uv": [1, 38], "uv_size": [1, 1]},
								"down": {"uv": [38, 2], "uv_size": [1, -1]}
							}
						},
						{
							"origin": [-1.8224, 1.63918, 1.24274],
							"size": [0.40949, 0.07962, 0.52325],
							"pivot": [-1.76553, 0.21731, 1.17449],
							"rotation": [7.5, 0, 0],
							"uv": {
								"north": {"uv": [2, 38], "uv_size": [1, 1]},
								"east": {"uv": [36, 4], "uv_size": [2, 1]},
								"south": {"uv": [38, 2], "uv_size": [1, 1]},
								"west": {"uv": [36, 5], "uv_size": [2, 1]},
								"up": {"uv": [3, 36], "uv_size": [1, 2]},
								"down": {"uv": [6, 38], "uv_size": [1, -2]}
							}
						},
						{
							"origin": [-1.8224, 1.70743, 1.54986],
							"size": [0.40949, 0.07962, 0.11374],
							"uv": {
								"north": {"uv": [3, 38], "uv_size": [1, 1]},
								"east": {"uv": [38, 3], "uv_size": [1, 1]},
								"south": {"uv": [4, 38], "uv_size": [1, 1]},
								"west": {"uv": [38, 4], "uv_size": [1, 1]},
								"up": {"uv": [5, 38], "uv_size": [1, 1]},
								"down": {"uv": [38, 6], "uv_size": [1, -1]}
							}
						},
						{
							"origin": [-1.8224, 1.75293, 1.43611],
							"size": [0.40949, 0.07962, 0.52325],
							"pivot": [-1.76553, 0.21731, 1.17449],
							"rotation": [-7.5, 0, 0],
							"uv": {
								"north": {"uv": [6, 38], "uv_size": [1, 1]},
								"east": {"uv": [36, 6], "uv_size": [2, 1]},
								"south": {"uv": [38, 6], "uv_size": [1, 1]},
								"west": {"uv": [7, 36], "uv_size": [2, 1]},
								"up": {"uv": [9, 36], "uv_size": [1, 2]},
								"down": {"uv": [10, 38], "uv_size": [1, -2]}
							}
						},
						{
							"origin": [-1.8224, 0.91119, 0.84461],
							"size": [0.40949, 0.54898, 0.06825],
							"uv": {
								"north": {"uv": [36, 10], "uv_size": [1, 2]},
								"east": {"uv": [11, 36], "uv_size": [1, 2]},
								"south": {"uv": [12, 36], "uv_size": [1, 2]},
								"west": {"uv": [36, 12], "uv_size": [1, 2]},
								"up": {"uv": [7, 38], "uv_size": [1, 1]},
								"down": {"uv": [38, 8], "uv_size": [1, -1]}
							}
						},
						{
							"origin": [-1.8224, 0.91119, 2.28923],
							"size": [0.40949, 0.58012, 0.06825],
							"uv": {
								"north": {"uv": [13, 36], "uv_size": [1, 2]},
								"east": {"uv": [36, 14], "uv_size": [1, 2]},
								"south": {"uv": [16, 36], "uv_size": [1, 2]},
								"west": {"uv": [36, 16], "uv_size": [1, 2]},
								"up": {"uv": [8, 38], "uv_size": [1, 1]},
								"down": {"uv": [38, 9], "uv_size": [1, -1]}
							}
						},
						{
							"origin": [-1.8224, -0.35144, 1.35648],
							"size": [0.40949, 0.07962, 1.08062],
							"pivot": [-1.76553, 0.21731, 1.17449],
							"rotation": [55, 0, 0],
							"uv": {
								"north": {"uv": [9, 38], "uv_size": [1, 1]},
								"east": {"uv": [31, 32], "uv_size": [4, 1]},
								"south": {"uv": [38, 9], "uv_size": [1, 1]},
								"west": {"uv": [0, 33], "uv_size": [4, 1]},
								"up": {"uv": [4, 33], "uv_size": [1, 4]},
								"down": {"uv": [5, 37], "uv_size": [1, -4]}
							}
						},
						{
							"origin": [-0.03653, 0.22868, 1.06074],
							"size": [0.34125, 0.34125, 1.1375],
							"pivot": [0.39572, 0.21731, 1.17449],
							"rotation": [0, 0, 32.5],
							"uv": {
								"north": {"uv": [10, 38], "uv_size": [1, 1]},
								"east": {"uv": [6, 33], "uv_size": [4, 1]},
								"south": {"uv": [38, 10], "uv_size": [1, 1]},
								"west": {"uv": [10, 33], "uv_size": [4, 1]},
								"up": {"uv": [14, 33], "uv_size": [1, 4]},
								"down": {"uv": [15, 37], "uv_size": [1, -4]}
							}
						}
					]
				},
				{
					"name": "bone98",
					"parent": "holo",
					"pivot": [-1.44703, 0.50168, 0.84461]
				},
				{
					"name": "bone99",
					"parent": "bone98",
					"pivot": [-1.44703, 0.50168, 0.9015],
					"rotation": [-90, 0, 0],
					"cubes": [
						{
							"origin": [-1.4948, 0.50168, 0.85373],
							"size": [0.09555, 0.09555, 0.28666],
							"uv": {
								"north": {"uv": [13, 38], "uv_size": [1, 1]},
								"east": {"uv": [38, 13], "uv_size": [1, 1]},
								"south": {"uv": [14, 38], "uv_size": [1, 1]},
								"west": {"uv": [38, 14], "uv_size": [1, 1]},
								"up": {"uv": [15, 38], "uv_size": [1, 1]},
								"down": {"uv": [38, 16], "uv_size": [1, -1]}
							}
						},
						{
							"origin": [-1.4948, 0.50168, 0.85373],
							"size": [0.09555, 0.09555, 0.28666],
							"pivot": [-1.44703, 0.54946, 0.99706],
							"rotation": [0, -37.5, 0],
							"uv": {
								"north": {"uv": [16, 38], "uv_size": [1, 1]},
								"east": {"uv": [38, 16], "uv_size": [1, 1]},
								"south": {"uv": [17, 38], "uv_size": [1, 1]},
								"west": {"uv": [38, 17], "uv_size": [1, 1]},
								"up": {"uv": [18, 38], "uv_size": [1, 1]},
								"down": {"uv": [38, 19], "uv_size": [1, -1]}
							}
						},
						{
							"origin": [-1.4948, 0.50168, 0.85373],
							"size": [0.09555, 0.09555, 0.28666],
							"pivot": [-1.44703, 0.54946, 0.99706],
							"rotation": [0, -75, 0],
							"uv": {
								"north": {"uv": [19, 38], "uv_size": [1, 1]},
								"east": {"uv": [38, 19], "uv_size": [1, 1]},
								"south": {"uv": [20, 38], "uv_size": [1, 1]},
								"west": {"uv": [38, 20], "uv_size": [1, 1]},
								"up": {"uv": [21, 38], "uv_size": [1, 1]},
								"down": {"uv": [38, 22], "uv_size": [1, -1]}
							}
						},
						{
							"origin": [-1.4948, 0.50168, 0.85373],
							"size": [0.09555, 0.09555, 0.28666],
							"pivot": [-1.44703, 0.54946, 0.99706],
							"rotation": [0, -112.5, 0],
							"uv": {
								"north": {"uv": [22, 38], "uv_size": [1, 1]},
								"east": {"uv": [38, 22], "uv_size": [1, 1]},
								"south": {"uv": [23, 38], "uv_size": [1, 1]},
								"west": {"uv": [38, 23], "uv_size": [1, 1]},
								"up": {"uv": [24, 38], "uv_size": [1, 1]},
								"down": {"uv": [38, 25], "uv_size": [1, -1]}
							}
						},
						{
							"origin": [-1.4948, 0.50168, 0.85373],
							"size": [0.09555, 0.09555, 0.28666],
							"pivot": [-1.44703, 0.54946, 0.99706],
							"rotation": [0, -150, 0],
							"uv": {
								"north": {"uv": [25, 38], "uv_size": [1, 1]},
								"east": {"uv": [38, 25], "uv_size": [1, 1]},
								"south": {"uv": [26, 38], "uv_size": [1, 1]},
								"west": {"uv": [38, 26], "uv_size": [1, 1]},
								"up": {"uv": [27, 38], "uv_size": [1, 1]},
								"down": {"uv": [38, 28], "uv_size": [1, -1]}
							}
						}
					]
				},
				{
					"name": "bone100",
					"parent": "holo",
					"pivot": [0.25921, 0.50168, 0.84461]
				},
				{
					"name": "bone101",
					"parent": "bone100",
					"pivot": [0.25921, 0.50168, 0.95839],
					"rotation": [-90, 0, 0],
					"cubes": [
						{
							"origin": [0.22817, 0.50168, 0.92734],
							"size": [0.06211, 0.06211, 0.18632],
							"uv": {
								"north": {"uv": [28, 38], "uv_size": [1, 1]},
								"east": {"uv": [38, 28], "uv_size": [1, 1]},
								"south": {"uv": [29, 38], "uv_size": [1, 1]},
								"west": {"uv": [38, 29], "uv_size": [1, 1]},
								"up": {"uv": [30, 38], "uv_size": [1, 1]},
								"down": {"uv": [38, 31], "uv_size": [1, -1]}
							}
						},
						{
							"origin": [0.22817, 0.50168, 0.92734],
							"size": [0.06211, 0.06211, 0.18632],
							"pivot": [0.25921, 0.53274, 1.02051],
							"rotation": [0, -37.5, 0],
							"uv": {
								"north": {"uv": [31, 38], "uv_size": [1, 1]},
								"east": {"uv": [38, 31], "uv_size": [1, 1]},
								"south": {"uv": [32, 38], "uv_size": [1, 1]},
								"west": {"uv": [38, 32], "uv_size": [1, 1]},
								"up": {"uv": [33, 38], "uv_size": [1, 1]},
								"down": {"uv": [38, 34], "uv_size": [1, -1]}
							}
						},
						{
							"origin": [0.22817, 0.50168, 0.92734],
							"size": [0.06211, 0.06211, 0.18632],
							"pivot": [0.25921, 0.53274, 1.02051],
							"rotation": [0, -75, 0],
							"uv": {
								"north": {"uv": [34, 38], "uv_size": [1, 1]},
								"east": {"uv": [38, 34], "uv_size": [1, 1]},
								"south": {"uv": [35, 38], "uv_size": [1, 1]},
								"west": {"uv": [38, 35], "uv_size": [1, 1]},
								"up": {"uv": [36, 38], "uv_size": [1, 1]},
								"down": {"uv": [38, 37], "uv_size": [1, -1]}
							}
						},
						{
							"origin": [0.22817, 0.50168, 0.92734],
							"size": [0.06211, 0.06211, 0.18632],
							"pivot": [0.25921, 0.53274, 1.02051],
							"rotation": [0, -112.5, 0],
							"uv": {
								"north": {"uv": [37, 38], "uv_size": [1, 1]},
								"east": {"uv": [38, 37], "uv_size": [1, 1]},
								"south": {"uv": [38, 38], "uv_size": [1, 1]},
								"west": {"uv": [0, 39], "uv_size": [1, 1]},
								"up": {"uv": [39, 0], "uv_size": [1, 1]},
								"down": {"uv": [1, 40], "uv_size": [1, -1]}
							}
						},
						{
							"origin": [0.22817, 0.50168, 0.92734],
							"size": [0.06211, 0.06211, 0.18632],
							"pivot": [0.25921, 0.53274, 1.02051],
							"rotation": [0, -150, 0],
							"uv": {
								"north": {"uv": [39, 1], "uv_size": [1, 1]},
								"east": {"uv": [2, 39], "uv_size": [1, 1]},
								"south": {"uv": [39, 2], "uv_size": [1, 1]},
								"west": {"uv": [3, 39], "uv_size": [1, 1]},
								"up": {"uv": [39, 3], "uv_size": [1, 1]},
								"down": {"uv": [4, 40], "uv_size": [1, -1]}
							}
						}
					]
				},
				{
					"name": "bone102",
					"parent": "bone100",
					"pivot": [0.25921, 0.50168, 2.23803],
					"rotation": [-90, 0, 0],
					"cubes": [
						{
							"origin": [0.22817, 0.50168, 2.20698],
							"size": [0.06211, 0.06211, 0.18632],
							"uv": {
								"north": {"uv": [39, 4], "uv_size": [1, 1]},
								"east": {"uv": [5, 39], "uv_size": [1, 1]},
								"south": {"uv": [39, 5], "uv_size": [1, 1]},
								"west": {"uv": [6, 39], "uv_size": [1, 1]},
								"up": {"uv": [39, 6], "uv_size": [1, 1]},
								"down": {"uv": [7, 40], "uv_size": [1, -1]}
							}
						},
						{
							"origin": [0.22817, 0.50168, 2.20698],
							"size": [0.06211, 0.06211, 0.18632],
							"pivot": [0.25921, 0.53274, 2.30013],
							"rotation": [0, -37.5, 0],
							"uv": {
								"north": {"uv": [39, 7], "uv_size": [1, 1]},
								"east": {"uv": [8, 39], "uv_size": [1, 1]},
								"south": {"uv": [39, 8], "uv_size": [1, 1]},
								"west": {"uv": [9, 39], "uv_size": [1, 1]},
								"up": {"uv": [39, 9], "uv_size": [1, 1]},
								"down": {"uv": [10, 40], "uv_size": [1, -1]}
							}
						},
						{
							"origin": [0.22817, 0.50168, 2.20698],
							"size": [0.06211, 0.06211, 0.18632],
							"pivot": [0.25921, 0.53274, 2.30013],
							"rotation": [0, -75, 0],
							"uv": {
								"north": {"uv": [39, 10], "uv_size": [1, 1]},
								"east": {"uv": [11, 39], "uv_size": [1, 1]},
								"south": {"uv": [39, 11], "uv_size": [1, 1]},
								"west": {"uv": [12, 39], "uv_size": [1, 1]},
								"up": {"uv": [39, 12], "uv_size": [1, 1]},
								"down": {"uv": [13, 40], "uv_size": [1, -1]}
							}
						},
						{
							"origin": [0.22817, 0.50168, 2.20698],
							"size": [0.06211, 0.06211, 0.18632],
							"pivot": [0.25921, 0.53274, 2.30013],
							"rotation": [0, -112.5, 0],
							"uv": {
								"north": {"uv": [39, 13], "uv_size": [1, 1]},
								"east": {"uv": [14, 39], "uv_size": [1, 1]},
								"south": {"uv": [39, 14], "uv_size": [1, 1]},
								"west": {"uv": [15, 39], "uv_size": [1, 1]},
								"up": {"uv": [39, 15], "uv_size": [1, 1]},
								"down": {"uv": [16, 40], "uv_size": [1, -1]}
							}
						},
						{
							"origin": [0.22817, 0.50168, 2.20698],
							"size": [0.06211, 0.06211, 0.18632],
							"pivot": [0.25921, 0.53274, 2.30013],
							"rotation": [0, -150, 0],
							"uv": {
								"north": {"uv": [39, 16], "uv_size": [1, 1]},
								"east": {"uv": [17, 39], "uv_size": [1, 1]},
								"south": {"uv": [39, 17], "uv_size": [1, 1]},
								"west": {"uv": [18, 39], "uv_size": [1, 1]},
								"up": {"uv": [39, 18], "uv_size": [1, 1]},
								"down": {"uv": [19, 40], "uv_size": [1, -1]}
							}
						},
						{
							"origin": [-0.14683, 0.50168, 2.20698],
							"size": [0.06211, 0.06211, 0.18632],
							"pivot": [-0.11579, 0.53274, 2.30013],
							"rotation": [0, -112.5, 0],
							"uv": {
								"north": {"uv": [39, 13], "uv_size": [1, 1]},
								"east": {"uv": [14, 39], "uv_size": [1, 1]},
								"south": {"uv": [39, 14], "uv_size": [1, 1]},
								"west": {"uv": [15, 39], "uv_size": [1, 1]},
								"up": {"uv": [39, 15], "uv_size": [1, 1]},
								"down": {"uv": [16, 40], "uv_size": [1, -1]}
							}
						},
						{
							"origin": [-0.14683, 0.50168, 2.20698],
							"size": [0.06211, 0.06211, 0.18632],
							"pivot": [-0.11579, 0.53274, 2.30013],
							"rotation": [0, -150, 0],
							"uv": {
								"north": {"uv": [39, 16], "uv_size": [1, 1]},
								"east": {"uv": [17, 39], "uv_size": [1, 1]},
								"south": {"uv": [39, 17], "uv_size": [1, 1]},
								"west": {"uv": [18, 39], "uv_size": [1, 1]},
								"up": {"uv": [39, 18], "uv_size": [1, 1]},
								"down": {"uv": [19, 40], "uv_size": [1, -1]}
							}
						},
						{
							"origin": [-0.14683, 0.50168, 2.20698],
							"size": [0.06211, 0.06211, 0.18632],
							"uv": {
								"north": {"uv": [39, 4], "uv_size": [1, 1]},
								"east": {"uv": [5, 39], "uv_size": [1, 1]},
								"south": {"uv": [39, 5], "uv_size": [1, 1]},
								"west": {"uv": [6, 39], "uv_size": [1, 1]},
								"up": {"uv": [39, 6], "uv_size": [1, 1]},
								"down": {"uv": [7, 40], "uv_size": [1, -1]}
							}
						},
						{
							"origin": [-0.14683, 0.50168, 2.20698],
							"size": [0.06211, 0.06211, 0.18632],
							"pivot": [-0.11579, 0.53274, 2.30013],
							"rotation": [0, -75, 0],
							"uv": {
								"north": {"uv": [39, 10], "uv_size": [1, 1]},
								"east": {"uv": [11, 39], "uv_size": [1, 1]},
								"south": {"uv": [39, 11], "uv_size": [1, 1]},
								"west": {"uv": [12, 39], "uv_size": [1, 1]},
								"up": {"uv": [39, 12], "uv_size": [1, 1]},
								"down": {"uv": [13, 40], "uv_size": [1, -1]}
							}
						},
						{
							"origin": [-0.14683, 0.50168, 2.20698],
							"size": [0.06211, 0.06211, 0.18632],
							"pivot": [-0.11579, 0.53274, 2.30013],
							"rotation": [0, -37.5, 0],
							"uv": {
								"north": {"uv": [39, 7], "uv_size": [1, 1]},
								"east": {"uv": [8, 39], "uv_size": [1, 1]},
								"south": {"uv": [39, 8], "uv_size": [1, 1]},
								"west": {"uv": [9, 39], "uv_size": [1, 1]},
								"up": {"uv": [39, 9], "uv_size": [1, 1]},
								"down": {"uv": [10, 40], "uv_size": [1, -1]}
							}
						}
					]
				},
				{
					"name": "bone2",
					"parent": "bone100",
					"pivot": [-0.39079, 0.37668, 2.36303],
					"rotation": [0, -90, -90],
					"cubes": [
						{
							"origin": [-0.42183, 0.20168, 2.30698],
							"size": [0.06211, 0.06211, 0.18632],
							"uv": {
								"north": {"uv": [10.82857, 4], "uv_size": [0.17143, 0.02778]},
								"east": {"uv": [5, 4.97222], "uv_size": [0.17143, 0.02778]},
								"south": {"uv": [10.82857, 4.02778], "uv_size": [0.17143, 0.02778]},
								"west": {"uv": [5.17143, 4.97222], "uv_size": [0.17143, 0.02778]},
								"up": {"uv": [10.82857, 4.05556], "uv_size": [0.17143, 0.02778]},
								"down": {"uv": [5.34286, 5], "uv_size": [0.17143, -0.02778]}
							}
						},
						{
							"origin": [-0.42203, 0.20168, 2.31996],
							"size": [0.06211, 0.06211, 0.18632],
							"pivot": [-0.37177, 0.69679, 2.40691],
							"rotation": [0, -37.5, 0],
							"uv": {
								"north": {"uv": [10.82857, 4.08333], "uv_size": [0.17143, 0.02778]},
								"east": {"uv": [5.51429, 4.97222], "uv_size": [0.17143, 0.02778]},
								"south": {"uv": [10.82857, 4.11111], "uv_size": [0.17143, 0.02778]},
								"west": {"uv": [5.68571, 4.97222], "uv_size": [0.17143, 0.02778]},
								"up": {"uv": [10.82857, 4.13889], "uv_size": [0.17143, 0.02778]},
								"down": {"uv": [5.85714, 5], "uv_size": [0.17143, -0.02778]}
							}
						},
						{
							"origin": [-0.41428, 0.20168, 2.33038],
							"size": [0.06211, 0.06211, 0.18632],
							"pivot": [-0.37177, 0.69679, 2.40691],
							"rotation": [0, -75, 0],
							"uv": {
								"north": {"uv": [10.82857, 4.16667], "uv_size": [0.17143, 0.02778]},
								"east": {"uv": [6.02857, 4.97222], "uv_size": [0.17143, 0.02778]},
								"south": {"uv": [10.82857, 4.19444], "uv_size": [0.17143, 0.02778]},
								"west": {"uv": [6.2, 4.97222], "uv_size": [0.17143, 0.02778]},
								"up": {"uv": [10.82857, 4.22222], "uv_size": [0.17143, 0.02778]},
								"down": {"uv": [6.37143, 5], "uv_size": [0.17143, -0.02778]}
							}
						},
						{
							"origin": [-0.40179, 0.20168, 2.33392],
							"size": [0.06211, 0.06211, 0.18632],
							"pivot": [-0.37177, 0.69679, 2.40691],
							"rotation": [0, -112.5, 0],
							"uv": {
								"north": {"uv": [10.82857, 4.25], "uv_size": [0.17143, 0.02778]},
								"east": {"uv": [6.54286, 4.97222], "uv_size": [0.17143, 0.02778]},
								"south": {"uv": [10.82857, 4.27778], "uv_size": [0.17143, 0.02778]},
								"west": {"uv": [6.71429, 4.97222], "uv_size": [0.17143, 0.02778]},
								"up": {"uv": [10.82857, 4.30556], "uv_size": [0.17143, 0.02778]},
								"down": {"uv": [6.88571, 5], "uv_size": [0.17143, -0.02778]}
							}
						},
						{
							"origin": [-0.38973, 0.20168, 2.32914],
							"size": [0.06211, 0.06211, 0.18632],
							"pivot": [-0.37177, 0.69679, 2.40691],
							"rotation": [0, -150, 0],
							"uv": {
								"north": {"uv": [10.82857, 4.33333], "uv_size": [0.17143, 0.02778]},
								"east": {"uv": [7.05714, 4.97222], "uv_size": [0.17143, 0.02778]},
								"south": {"uv": [10.82857, 4.36111], "uv_size": [0.17143, 0.02778]},
								"west": {"uv": [7.22857, 4.97222], "uv_size": [0.17143, 0.02778]},
								"up": {"uv": [10.82857, 4.38889], "uv_size": [0.17143, 0.02778]},
								"down": {"uv": [7.4, 5], "uv_size": [0.17143, -0.02778]}
							}
						}
					]
				},
				{
					"name": "bone3",
					"parent": "bone100",
					"pivot": [-0.96579, 0.40168, 2.38803],
					"rotation": [0, -90, -90],
					"cubes": [
						{
							"origin": [-0.99993, 0.22668, 2.32887],
							"size": [0.06832, 0.06832, 0.20495],
							"uv": {
								"north": {"uv": [5.82857, 41], "uv_size": [2.17143, 3.02778]},
								"east": {"uv": [5, 40.97222], "uv_size": [2.17143, 3.02778]},
								"south": {"uv": [5.82857, 41.02778], "uv_size": [2.17143, 3.02778]},
								"west": {"uv": [5.17143, 40.97222], "uv_size": [2.17143, 3.02778]},
								"up": {"uv": [5.82857, 41.05556], "uv_size": [2.17143, 3.02778]},
								"down": {"uv": [5.34286, 44], "uv_size": [2.17143, -3.02778]}
							}
						},
						{
							"origin": [-1.01673, 0.22668, 2.33052],
							"size": [0.06832, 0.06832, 0.20495],
							"pivot": [-0.97177, 0.14679, 2.45691],
							"rotation": [0, -37.5, 0],
							"uv": {
								"north": {"uv": [5.82857, 41.08333], "uv_size": [2.17143, 3.02778]},
								"east": {"uv": [5.51429, 40.97222], "uv_size": [2.17143, 3.02778]},
								"south": {"uv": [5.82857, 41.11111], "uv_size": [2.17143, 3.02778]},
								"west": {"uv": [5.68571, 40.97222], "uv_size": [2.17143, 3.02778]},
								"up": {"uv": [5.82857, 41.13889], "uv_size": [2.17143, 3.02778]},
								"down": {"uv": [5.85714, 44], "uv_size": [2.17143, -3.02778]}
							}
						},
						{
							"origin": [-1.02906, 0.22668, 2.34205],
							"size": [0.06832, 0.06832, 0.20495],
							"pivot": [-0.97177, 0.14679, 2.45691],
							"rotation": [0, -75, 0],
							"uv": {
								"north": {"uv": [5.82857, 41.16667], "uv_size": [2.17143, 3.02778]},
								"east": {"uv": [6.02857, 40.97222], "uv_size": [2.17143, 3.02778]},
								"south": {"uv": [5.82857, 41.19444], "uv_size": [2.17143, 3.02778]},
								"west": {"uv": [6.2, 40.97222], "uv_size": [2.17143, 3.02778]},
								"up": {"uv": [5.82857, 41.22222], "uv_size": [2.17143, 3.02778]},
								"down": {"uv": [6.37143, 44], "uv_size": [2.17143, -3.02778]}
							}
						},
						{
							"origin": [-1.03182, 0.22668, 2.3587],
							"size": [0.06832, 0.06832, 0.20495],
							"pivot": [-0.97177, 0.14679, 2.45691],
							"rotation": [0, -112.5, 0],
							"uv": {
								"north": {"uv": [5.82857, 41.25], "uv_size": [2.17143, 3.02778]},
								"east": {"uv": [6.54286, 40.97222], "uv_size": [2.17143, 3.02778]},
								"south": {"uv": [5.82857, 41.27778], "uv_size": [2.17143, 3.02778]},
								"west": {"uv": [6.71429, 40.97222], "uv_size": [2.17143, 3.02778]},
								"up": {"uv": [5.82857, 41.30556], "uv_size": [2.17143, 3.02778]},
								"down": {"uv": [6.88571, 44], "uv_size": [2.17143, -3.02778]}
							}
						},
						{
							"origin": [-1.02388, 0.22668, 2.3736],
							"size": [0.06832, 0.06832, 0.20495],
							"pivot": [-0.97177, 0.14679, 2.45691],
							"rotation": [0, -150, 0],
							"uv": {
								"north": {"uv": [5.82857, 41.33333], "uv_size": [2.17143, 3.02778]},
								"east": {"uv": [7.05714, 40.97222], "uv_size": [2.17143, 3.02778]},
								"south": {"uv": [5.82857, 41.36111], "uv_size": [2.17143, 3.02778]},
								"west": {"uv": [7.22857, 40.97222], "uv_size": [2.17143, 3.02778]},
								"up": {"uv": [5.82857, 41.38889], "uv_size": [2.17143, 3.02778]},
								"down": {"uv": [7.4, 44], "uv_size": [2.17143, -3.02778]}
							}
						}
					]
				},
				{
					"name": "bone105",
					"parent": "holo",
					"pivot": [-0.90103, 0.42206, 0.84461]
				},
				{
					"name": "bone106",
					"parent": "bone105",
					"pivot": [-0.90103, 0.42206, 0.9015],
					"rotation": [-90, 0, 0],
					"cubes": [
						{
							"origin": [-0.93209, 0.42206, 0.87045],
							"size": [0.06211, 0.06211, 0.18632],
							"uv": {
								"north": {"uv": [10, 40], "uv_size": [1, 1]},
								"east": {"uv": [40, 10], "uv_size": [1, 1]},
								"south": {"uv": [11, 40], "uv_size": [1, 1]},
								"west": {"uv": [40, 11], "uv_size": [1, 1]},
								"up": {"uv": [12, 40], "uv_size": [1, 1]},
								"down": {"uv": [40, 13], "uv_size": [1, -1]}
							}
						},
						{
							"origin": [-0.93209, 0.42206, 0.87045],
							"size": [0.06211, 0.06211, 0.18632],
							"pivot": [-0.90103, 0.4531, 0.9636],
							"rotation": [0, -37.5, 0],
							"uv": {
								"north": {"uv": [13, 40], "uv_size": [1, 1]},
								"east": {"uv": [40, 13], "uv_size": [1, 1]},
								"south": {"uv": [14, 40], "uv_size": [1, 1]},
								"west": {"uv": [40, 14], "uv_size": [1, 1]},
								"up": {"uv": [15, 40], "uv_size": [1, 1]},
								"down": {"uv": [40, 16], "uv_size": [1, -1]}
							}
						},
						{
							"origin": [-0.93209, 0.42206, 0.87045],
							"size": [0.06211, 0.06211, 0.18632],
							"pivot": [-0.90103, 0.4531, 0.9636],
							"rotation": [0, -75, 0],
							"uv": {
								"north": {"uv": [16, 40], "uv_size": [1, 1]},
								"east": {"uv": [40, 16], "uv_size": [1, 1]},
								"south": {"uv": [17, 40], "uv_size": [1, 1]},
								"west": {"uv": [40, 17], "uv_size": [1, 1]},
								"up": {"uv": [18, 40], "uv_size": [1, 1]},
								"down": {"uv": [40, 19], "uv_size": [1, -1]}
							}
						},
						{
							"origin": [-0.93209, 0.42206, 0.87045],
							"size": [0.06211, 0.06211, 0.18632],
							"pivot": [-0.90103, 0.4531, 0.9636],
							"rotation": [0, -112.5, 0],
							"uv": {
								"north": {"uv": [19, 40], "uv_size": [1, 1]},
								"east": {"uv": [40, 19], "uv_size": [1, 1]},
								"south": {"uv": [20, 40], "uv_size": [1, 1]},
								"west": {"uv": [40, 20], "uv_size": [1, 1]},
								"up": {"uv": [21, 40], "uv_size": [1, 1]},
								"down": {"uv": [40, 22], "uv_size": [1, -1]}
							}
						},
						{
							"origin": [-0.93209, 0.42206, 0.87045],
							"size": [0.06211, 0.06211, 0.18632],
							"pivot": [-0.90103, 0.4531, 0.9636],
							"rotation": [0, -150, 0],
							"uv": {
								"north": {"uv": [22, 40], "uv_size": [1, 1]},
								"east": {"uv": [40, 22], "uv_size": [1, 1]},
								"south": {"uv": [23, 40], "uv_size": [1, 1]},
								"west": {"uv": [40, 23], "uv_size": [1, 1]},
								"up": {"uv": [24, 40], "uv_size": [1, 1]},
								"down": {"uv": [40, 25], "uv_size": [1, -1]}
							}
						}
					]
				},
				{
					"name": "bone4",
					"parent": "bone105",
					"pivot": [-0.87603, 0.34706, 2.5015],
					"rotation": [-90, 0, 0],
					"cubes": [
						{
							"origin": [-0.71842, 0.34706, 2.45911],
							"size": [0.03478, 0.03478, 0.10434],
							"uv": {
								"north": {"uv": [10, 40], "uv_size": [1, 1]},
								"east": {"uv": [40, 10], "uv_size": [1, 1]},
								"south": {"uv": [11, 40], "uv_size": [1, 1]},
								"west": {"uv": [40, 11], "uv_size": [1, 1]},
								"up": {"uv": [12, 40], "uv_size": [1, 1]},
								"down": {"uv": [40, 13], "uv_size": [1, -1]}
							}
						},
						{
							"origin": [-0.72319, 0.34706, 2.45403],
							"size": [0.03478, 0.03478, 0.10434],
							"pivot": [-0.7109, 0.22761, 2.51576],
							"rotation": [0, -37.5, 0],
							"uv": {
								"north": {"uv": [13, 40], "uv_size": [1, 1]},
								"east": {"uv": [40, 13], "uv_size": [1, 1]},
								"south": {"uv": [14, 40], "uv_size": [1, 1]},
								"west": {"uv": [40, 14], "uv_size": [1, 1]},
								"up": {"uv": [15, 40], "uv_size": [1, 1]},
								"down": {"uv": [40, 16], "uv_size": [1, -1]}
							}
						},
						{
							"origin": [-0.73007, 0.34706, 2.4529],
							"size": [0.03478, 0.03478, 0.10434],
							"pivot": [-0.7109, 0.22761, 2.51576],
							"rotation": [0, -75, 0],
							"uv": {
								"north": {"uv": [16, 40], "uv_size": [1, 1]},
								"east": {"uv": [40, 16], "uv_size": [1, 1]},
								"south": {"uv": [17, 40], "uv_size": [1, 1]},
								"west": {"uv": [40, 17], "uv_size": [1, 1]},
								"up": {"uv": [18, 40], "uv_size": [1, 1]},
								"down": {"uv": [40, 19], "uv_size": [1, -1]}
							}
						},
						{
							"origin": [-0.73621, 0.34706, 2.45619],
							"size": [0.03478, 0.03478, 0.10434],
							"pivot": [-0.7109, 0.22761, 2.51576],
							"rotation": [0, -112.5, 0],
							"uv": {
								"north": {"uv": [19, 40], "uv_size": [1, 1]},
								"east": {"uv": [40, 19], "uv_size": [1, 1]},
								"south": {"uv": [20, 40], "uv_size": [1, 1]},
								"west": {"uv": [40, 20], "uv_size": [1, 1]},
								"up": {"uv": [21, 40], "uv_size": [1, 1]},
								"down": {"uv": [40, 22], "uv_size": [1, -1]}
							}
						},
						{
							"origin": [-0.73908, 0.34706, 2.46254],
							"size": [0.03478, 0.03478, 0.10434],
							"pivot": [-0.7109, 0.22761, 2.51576],
							"rotation": [0, -150, 0],
							"uv": {
								"north": {"uv": [22, 40], "uv_size": [1, 1]},
								"east": {"uv": [40, 22], "uv_size": [1, 1]},
								"south": {"uv": [23, 40], "uv_size": [1, 1]},
								"west": {"uv": [40, 23], "uv_size": [1, 1]},
								"up": {"uv": [24, 40], "uv_size": [1, 1]},
								"down": {"uv": [40, 25], "uv_size": [1, -1]}
							}
						}
					]
				},
				{
					"name": "octagon3",
					"parent": "scope_body",
					"pivot": [0.05768, 3.18491, 0.83636],
					"cubes": [
						{
							"origin": [0.55521, -0.01625, 0.41509],
							"size": [0.0967, 0.0332, -0.08741],
							"inflate": 0.10938,
							"pivot": [0.60356, 0.43773, 0.37139],
							"rotation": [0, -22.5, 0],
							"uv": {
								"north": {"uv": [13, 6], "uv_size": [-13, -6]},
								"east": {"uv": [13, 6], "uv_size": [-13, -6]},
								"south": {"uv": [13, 6], "uv_size": [-13, -6]},
								"west": {"uv": [13, 6], "uv_size": [-13, -6]},
								"up": {"uv": [13, 6], "uv_size": [-13, -6]},
								"down": {"uv": [13, 0], "uv_size": [-13, 6]}
							}
						},
						{
							"origin": [0.64727, -0.01625, 0.32303],
							"size": [-0.08741, 0.0332, 0.0967],
							"inflate": 0.10938,
							"pivot": [0.60356, 0.43773, 0.37139],
							"rotation": [0, -22.5, 0],
							"uv": {
								"north": {"uv": [13, 6], "uv_size": [-13, -6]},
								"east": {"uv": [13, 6], "uv_size": [-13, -6]},
								"south": {"uv": [13, 6], "uv_size": [-13, -6]},
								"west": {"uv": [13, 6], "uv_size": [-13, -6]},
								"up": {"uv": [13, 6], "uv_size": [-13, -6]},
								"down": {"uv": [13, 0], "uv_size": [-13, 7]}
							}
						},
						{
							"origin": [0.55521, -0.01625, 0.41509],
							"size": [0.0967, 0.0332, -0.08741],
							"inflate": 0.10938,
							"pivot": [0.60356, 0.43103, 0.37139],
							"rotation": [0, 22.5, 0],
							"uv": {
								"north": {"uv": [14, 0], "uv_size": [-13.75, 6]},
								"east": {"uv": [13, 7], "uv_size": [-13, -7]},
								"south": {"uv": [14, 6], "uv_size": [-13.75, -6]},
								"west": {"uv": [13, 7], "uv_size": [-13, -7]},
								"up": {"uv": [14, 6], "uv_size": [-13.75, -6]},
								"down": {"uv": [13, 0], "uv_size": [-13, 7]}
							}
						},
						{
							"origin": [0.64727, -0.01625, 0.32303],
							"size": [-0.08741, 0.0332, 0.0967],
							"inflate": 0.10938,
							"pivot": [0.60356, 0.43103, 0.37139],
							"rotation": [0, 22.5, 0],
							"uv": {
								"north": {"uv": [14, 6], "uv_size": [-13.75, -6]},
								"east": {"uv": [13, 7], "uv_size": [-13, -7]},
								"south": {"uv": [14, 6], "uv_size": [-13.75, -6]},
								"west": {"uv": [13, 7], "uv_size": [-13, -7]},
								"up": {"uv": [14, 6], "uv_size": [-13.75, -6]},
								"down": {"uv": [13, 0], "uv_size": [-13, 7]}
							}
						},
						{
							"origin": [0.60356, -0.12438, 0.62543],
							"size": [0.08398, 0.25195, 0.37792],
							"pivot": [0.64555, -0.54429, 0.96136],
							"rotation": [0, -12.5, 0],
							"uv": {
								"north": {"uv": [13, 6], "uv_size": [-13, -6]},
								"east": {"uv": [13, 6], "uv_size": [-13, -6]},
								"south": {"uv": [13, 6], "uv_size": [-13, -6]},
								"west": {"uv": [13, 6], "uv_size": [-13, -6]},
								"up": {"uv": [13, 6], "uv_size": [-13, -6]},
								"down": {"uv": [13, 0], "uv_size": [-13, 6]}
							}
						},
						{
							"origin": [0.67528, -0.12438, 0.39054],
							"size": [0.08398, 0.25195, 0.25195],
							"uv": {
								"north": {"uv": [13, 6], "uv_size": [-13, -6]},
								"east": {"uv": [13, 6], "uv_size": [-13, -6]},
								"south": {"uv": [13, 6], "uv_size": [-13, -6]},
								"west": {"uv": [13, 6], "uv_size": [-13, -6]},
								"up": {"uv": [13, 6], "uv_size": [-13, -6]},
								"down": {"uv": [13, 0], "uv_size": [-13, 6]}
							}
						},
						{
							"origin": [0.5913, -0.12438, 0.39054],
							"size": [0.08398, 0.25195, 1.08577],
							"uv": {
								"north": {"uv": [13, 6], "uv_size": [-13, -6]},
								"east": {"uv": [13, 6], "uv_size": [-13, -6]},
								"south": {"uv": [13, 6], "uv_size": [-13, -6]},
								"west": {"uv": [0, 6], "uv_size": [13, -6]},
								"up": {"uv": [13, 6], "uv_size": [-13, -6]},
								"down": {"uv": [13, 0], "uv_size": [-13, 6]}
							}
						},
						{
							"origin": [0.51219, -0.12438, 0.47321],
							"size": [0.12597, 0.25195, 0.37792],
							"pivot": [0.55418, 0.0016, 0.70416],
							"rotation": [0, 30, 0],
							"uv": {
								"north": {"uv": [13, 6], "uv_size": [-13, -6]},
								"east": {"uv": [13, 6], "uv_size": [-13, -6]},
								"south": {"uv": [13, 6], "uv_size": [-13, -6]},
								"west": {"uv": [13, 6], "uv_size": [-13, -6]},
								"up": {"uv": [13, 6], "uv_size": [-13, -6]},
								"down": {"uv": [13, 0], "uv_size": [-13, 6]}
							}
						},
						{
							"origin": [0.51219, -0.12438, 0.51521],
							"size": [0.12597, 0.25195, 0.08398],
							"uv": {
								"north": {"uv": [13, 6], "uv_size": [-13, -6]},
								"east": {"uv": [13, 6], "uv_size": [-13, -6]},
								"south": {"uv": [13, 6], "uv_size": [-13, -6]},
								"west": {"uv": [13, 6], "uv_size": [-13, -6]},
								"up": {"uv": [14, 6], "uv_size": [-13.75, -6]},
								"down": {"uv": [13, 0], "uv_size": [-13, 7]}
							}
						}
					]
				}
			]
		}
	]
}