{
	"format_version": "1.12.0",
	"minecraft:geometry": [
		{
			"description": {
				"identifier": "geometry.unknown",
				"texture_width": 16,
				"texture_height": 16,
				"visible_bounds_width": 2,
				"visible_bounds_height": 1.5,
				"visible_bounds_offset": [0, 0.25, 0]
			},
			"bones": [
				{
					"name": "dm",
					"pivot": [-0.2, -0.45, 0],
					"rotation": [0, 90, 0],
					"cubes": [
						{
							"origin": [-2.05, -0.375, -0.3],
							"size": [2.85, 0.475, 0.975],
							"uv": {
								"north": {"uv": [0, 0], "uv_size": [4.3, 0.475]},
								"east": {"uv": [0, 0], "uv_size": [0.975, 0.475]},
								"south": {"uv": [0, 0], "uv_size": [4.3, 0.475]},
								"west": {"uv": [0, 0], "uv_size": [0.975, 0.475]},
								"up": {"uv": [4.3, 0.975], "uv_size": [-4.3, -0.975]},
								"down": {"uv": [4.3, 0.975], "uv_size": [-4.3, -0.975]}
							}
						},
						{
							"origin": [-1.825, -0.625, -0.3],
							"size": [1.35, 0.3, 0.975],
							"uv": {
								"north": {"uv": [0, 0], "uv_size": [4.3, 0.475]},
								"east": {"uv": [0, 0], "uv_size": [0.975, 0.475]},
								"south": {"uv": [0, 0], "uv_size": [4.3, 0.475]},
								"west": {"uv": [0, 0], "uv_size": [0.975, 0.475]},
								"up": {"uv": [4.3, 0.975], "uv_size": [-4.3, -0.975]},
								"down": {"uv": [4.3, 0.975], "uv_size": [-4.3, -0.975]}
							}
						},
						{
							"origin": [-0.82363, 0.51667, -0.3],
							"size": [1, 0.325, 0.975],
							"pivot": [-0.33311, -0.53913, -0.325],
							"rotation": [0, 0, 88.75],
							"uv": {
								"north": {"uv": [0, 0], "uv_size": [1, 0.325]},
								"east": {"uv": [0, 0], "uv_size": [0.975, 0.325]},
								"south": {"uv": [0, 0], "uv_size": [1, 0.325]},
								"west": {"uv": [0, 0], "uv_size": [0.975, 0.325]},
								"up": {"uv": [1, 0.975], "uv_size": [-1, -0.975]},
								"down": {"uv": [1, 0.975], "uv_size": [-1, -0.975]}
							}
						},
						{
							"origin": [0.17637, 0.54167, -0.3],
							"size": [0.025, 0.3, 0.975],
							"pivot": [-0.33311, -0.53913, -0.325],
							"rotation": [0, 0, 88.75],
							"uv": {
								"north": {"uv": [0, 0], "uv_size": [0.025, 0.3]},
								"east": {"uv": [0, 0], "uv_size": [0.975, 0.3]},
								"south": {"uv": [0, 0], "uv_size": [0.025, 0.3]},
								"west": {"uv": [0, 0], "uv_size": [0.975, 0.3]},
								"up": {"uv": [0.025, 0.975], "uv_size": [-0.025, -0.975]},
								"down": {"uv": [0.025, 0.975], "uv_size": [-0.025, -0.975]}
							}
						},
						{
							"origin": [0.34104, 0.35825, -0.3],
							"size": [0.275, 0.225, 0.975],
							"pivot": [-0.33311, -0.53913, -0.325],
							"rotation": [0, 0, 28.75],
							"uv": {
								"north": {"uv": [0, 0], "uv_size": [0.275, 0.225]},
								"east": {"uv": [0, 0], "uv_size": [0.975, 0.225]},
								"south": {"uv": [0, 0], "uv_size": [0.275, 0.225]},
								"west": {"uv": [0, 0], "uv_size": [0.975, 0.225]},
								"up": {"uv": [0.275, 0.975], "uv_size": [-0.275, -0.975]},
								"down": {"uv": [0.275, 0.975], "uv_size": [-0.275, -0.975]}
							}
						},
						{
							"origin": [0.22479, -0.00872, -0.3],
							"size": [0.45, 0.225, 0.975],
							"pivot": [-0.33311, -0.53913, -0.325],
							"rotation": [0, 0, 28.75],
							"uv": {
								"north": {"uv": [0, 0], "uv_size": [0.45, 0.225]},
								"east": {"uv": [0, 0], "uv_size": [0.975, 0.225]},
								"south": {"uv": [0, 0], "uv_size": [0.45, 0.225]},
								"west": {"uv": [0, 0], "uv_size": [0.975, 0.225]},
								"up": {"uv": [0.45, 0.975], "uv_size": [-0.45, -0.975]},
								"down": {"uv": [0.45, 0.975], "uv_size": [-0.45, -0.975]}
							}
						},
						{
							"origin": [-2.10237, -2.78387, -0.37804],
							"size": [0.925, 2.25, 1.075],
							"pivot": [-1.64499, -0.98154, -0.12007],
							"rotation": [0, 0, 60],
							"uv": {
								"north": {"uv": [0, 0], "uv_size": [0.9, 2]},
								"east": {"uv": [0, 0], "uv_size": [1.075, 2]},
								"south": {"uv": [0, 0], "uv_size": [0.9, 2]},
								"west": {"uv": [0, 0], "uv_size": [1.075, 2]},
								"up": {"uv": [0.9, 1.075], "uv_size": [-0.9, -1.075]},
								"down": {"uv": [0.9, 1.075], "uv_size": [-0.9, -1.075]}
							}
						},
						{
							"origin": [-1.17737, -2.80887, -0.37804],
							"size": [0.075, 1.725, 1.075],
							"pivot": [-1.64499, -0.98154, -0.12007],
							"rotation": [0, 0, 60],
							"uv": {
								"north": {"uv": [0, 0], "uv_size": [0.9, 2]},
								"east": {"uv": [0, 0], "uv_size": [1.075, 2]},
								"south": {"uv": [0, 0], "uv_size": [0.9, 2]},
								"west": {"uv": [0, 0], "uv_size": [1.075, 2]},
								"up": {"uv": [0.9, 1.075], "uv_size": [-0.9, -1.075]},
								"down": {"uv": [0.9, 1.075], "uv_size": [-0.9, -1.075]}
							}
						},
						{
							"origin": [-1.37737, -1.33387, -0.37804],
							"size": [0.075, 0.125, 1.075],
							"pivot": [-1.84499, -0.95654, -0.12007],
							"rotation": [0, 0, 20],
							"uv": {
								"north": {"uv": [0, 0], "uv_size": [0.9, 2]},
								"east": {"uv": [0, 0], "uv_size": [1.075, 2]},
								"south": {"uv": [0, 0], "uv_size": [0.9, 2]},
								"west": {"uv": [0, 0], "uv_size": [1.075, 2]},
								"up": {"uv": [0.9, 1.075], "uv_size": [-0.9, -1.075]},
								"down": {"uv": [0.9, 1.075], "uv_size": [-0.9, -1.075]}
							}
						},
						{
							"origin": [-2.67737, -2.40887, -0.37804],
							"size": [0.95, 0.275, 1.075],
							"pivot": [-2.26999, -0.90654, -0.12007],
							"rotation": [0, 0, 45.5],
							"uv": {
								"north": {"uv": [0, 0], "uv_size": [0.85, 0.275]},
								"east": {"uv": [0, 0], "uv_size": [1.075, 0.275]},
								"south": {"uv": [0, 0], "uv_size": [0.85, 0.275]},
								"west": {"uv": [0, 0], "uv_size": [1.075, 0.275]},
								"up": {"uv": [0.85, 1.075], "uv_size": [-0.85, -1.075]},
								"down": {"uv": [0.85, 1.075], "uv_size": [-0.85, -1.075]}
							}
						}
					]
				},
				{
					"name": "hexadecagon",
					"parent": "dm",
					"pivot": [6.375, -8.85, -7.45],
					"cubes": [
						{
							"origin": [-1.19536, -1.42034, -0.375],
							"size": [0.19891, 1, 1.05],
							"pivot": [-1.64499, -0.98154, -0.12007],
							"rotation": [0, 0, -25],
							"uv": {
								"north": {"uv": [0, 0], "uv_size": [1, 1]},
								"east": {"uv": [0, 0], "uv_size": [1, 1]},
								"south": {"uv": [0, 0], "uv_size": [1, 1]},
								"west": {"uv": [0, 0], "uv_size": [1, 1]},
								"up": {"uv": [1, 1], "uv_size": [-1, -1]},
								"down": {"uv": [1, 1], "uv_size": [-1, -1]}
							}
						},
						{
							"origin": [-1.26058, -1.21487, -0.375],
							"size": [0.19891, 1, 1.05],
							"pivot": [-1.64499, -0.98154, -0.12007],
							"rotation": [0, 0, -2.5],
							"uv": {
								"north": {"uv": [0, 0], "uv_size": [1, 1]},
								"east": {"uv": [0, 0], "uv_size": [1, 1]},
								"south": {"uv": [0, 0], "uv_size": [1, 1]},
								"west": {"uv": [0, 0], "uv_size": [1, 1]},
								"up": {"uv": [1, 1], "uv_size": [-1, -1]},
								"down": {"uv": [1, 1], "uv_size": [-1, -1]}
							}
						},
						{
							"origin": [-1.39946, -1.05, -0.375],
							"size": [0.19891, 1, 1.05],
							"pivot": [-1.64499, -0.98154, -0.12007],
							"rotation": [0, 0, 20],
							"uv": {
								"north": {"uv": [0, 0], "uv_size": [1, 1]},
								"east": {"uv": [0, 0], "uv_size": [1, 1]},
								"south": {"uv": [0, 0], "uv_size": [1, 1]},
								"west": {"uv": [0, 0], "uv_size": [1, 1]},
								"up": {"uv": [1, 1], "uv_size": [-1, -1]},
								"down": {"uv": [1, 1], "uv_size": [-1, -1]}
							}
						},
						{
							"origin": [-1.59086, -0.95083, -0.375],
							"size": [0.19891, 1, 1.05],
							"pivot": [-1.64499, -0.98154, -0.12007],
							"rotation": [0, 0, 42.5],
							"uv": {
								"north": {"uv": [0, 0], "uv_size": [1, 1]},
								"east": {"uv": [0, 0], "uv_size": [1, 1]},
								"south": {"uv": [0, 0], "uv_size": [1, 1]},
								"west": {"uv": [0, 0], "uv_size": [1, 1]},
								"up": {"uv": [1, 1], "uv_size": [-1, -1]},
								"down": {"uv": [1, 1], "uv_size": [-1, -1]}
							}
						},
						{
							"origin": [-1.80564, -0.93245, -0.375],
							"size": [0.19891, 1, 1.05],
							"pivot": [-1.64499, -0.98154, -0.12007],
							"rotation": [0, 0, 65],
							"uv": {
								"north": {"uv": [0, 0], "uv_size": [1, 1]},
								"east": {"uv": [0, 0], "uv_size": [1, 1]},
								"south": {"uv": [0, 0], "uv_size": [1, 1]},
								"west": {"uv": [0, 0], "uv_size": [1, 1]},
								"up": {"uv": [1, 1], "uv_size": [-1, -1]},
								"down": {"uv": [1, 1], "uv_size": [-1, -1]}
							}
						},
						{
							"origin": [-1.66112, -0.81433, -0.375],
							"size": [1, 0.19891, 1.05],
							"pivot": [-1.64499, -0.98154, -0.12007],
							"rotation": [0, 0, -2.5],
							"uv": {
								"north": {"uv": [0, 0], "uv_size": [1, 1]},
								"east": {"uv": [0, 0], "uv_size": [1, 1]},
								"south": {"uv": [0, 0], "uv_size": [1, 1]},
								"west": {"uv": [0, 0], "uv_size": [1, 1]},
								"up": {"uv": [1, 1], "uv_size": [-1, -1]},
								"down": {"uv": [1, 1], "uv_size": [-1, -1]}
							}
						},
						{
							"origin": [-1.8, -0.64946, -0.375],
							"size": [1, 0.19891, 1.05],
							"pivot": [-1.64499, -0.98154, -0.12007],
							"rotation": [0, 0, 20],
							"uv": {
								"north": {"uv": [0, 0], "uv_size": [1, 1]},
								"east": {"uv": [0, 0], "uv_size": [1, 1]},
								"south": {"uv": [0, 0], "uv_size": [1, 1]},
								"west": {"uv": [0, 0], "uv_size": [1, 1]},
								"up": {"uv": [1, 1], "uv_size": [-1, -1]},
								"down": {"uv": [1, 1], "uv_size": [-1, -1]}
							}
						},
						{
							"origin": [-1.9914, -0.55028, -0.375],
							"size": [1, 0.19891, 1.05],
							"pivot": [-1.64499, -0.98154, -0.12007],
							"rotation": [0, 0, 42.5],
							"uv": {
								"north": {"uv": [0, 0], "uv_size": [1, 1]},
								"east": {"uv": [0, 0], "uv_size": [1, 1]},
								"south": {"uv": [0, 0], "uv_size": [1, 1]},
								"west": {"uv": [0, 0], "uv_size": [1, 1]},
								"up": {"uv": [1, 1], "uv_size": [-1, -1]},
								"down": {"uv": [1, 1], "uv_size": [-1, -1]}
							}
						}
					]
				},
				{
					"name": "octagon2",
					"parent": "dm",
					"pivot": [6.85, -8.725, 8.6],
					"rotation": [0, -90, 0],
					"cubes": [
						{
							"origin": [-2.15, -0.82855, 16.35],
							"size": [1.125, 0.20711, 0.5],
							"pivot": [-1.15, -0.725, 16.6],
							"rotation": [-45, 0, 0],
							"uv": {
								"north": {"uv": [0, 0], "uv_size": [1, 1]},
								"east": {"uv": [0, 0], "uv_size": [1, 1]},
								"south": {"uv": [0, 0], "uv_size": [1, 1]},
								"west": {"uv": [0, 0], "uv_size": [1, 1]},
								"up": {"uv": [1, 1], "uv_size": [-1, -1]},
								"down": {"uv": [1, 1], "uv_size": [-1, -1]}
							}
						},
						{
							"origin": [-2.15, -0.82855, 16.35],
							"size": [1.125, 0.20711, 0.5],
							"uv": {
								"north": {"uv": [0, 0], "uv_size": [1, 1]},
								"east": {"uv": [0, 0], "uv_size": [1, 1]},
								"south": {"uv": [0, 0], "uv_size": [1, 1]},
								"west": {"uv": [0, 0], "uv_size": [1, 1]},
								"up": {"uv": [1, 1], "uv_size": [-1, -1]},
								"down": {"uv": [1, 1], "uv_size": [-1, -1]}
							}
						},
						{
							"origin": [-2.15, -0.975, 16.49645],
							"size": [1.125, 0.5, 0.20711],
							"pivot": [-1.15, -0.725, 16.6],
							"rotation": [-45, 0, 0],
							"uv": {
								"north": {"uv": [0, 0], "uv_size": [1, 1]},
								"east": {"uv": [0, 0], "uv_size": [1, 1]},
								"south": {"uv": [0, 0], "uv_size": [1, 1]},
								"west": {"uv": [0, 0], "uv_size": [1, 1]},
								"up": {"uv": [1, 1.5], "uv_size": [-1, -1.5]},
								"down": {"uv": [1.5, 2.5], "uv_size": [-1, -1]}
							}
						},
						{
							"origin": [-2.15, -0.975, 16.49645],
							"size": [1.125, 0.5, 0.20711],
							"uv": {
								"north": {"uv": [2, 3], "uv_size": [1, 1]},
								"east": {"uv": [2, 0], "uv_size": [1, 1]},
								"south": {"uv": [1, 1.5], "uv_size": [1, 1]},
								"west": {"uv": [0, 0.5], "uv_size": [1, 1]},
								"up": {"uv": [1.5, 5], "uv_size": [-1, -1]},
								"down": {"uv": [3.5, 2.5], "uv_size": [-1, -1]}
							}
						}
					]
				}
			]
		}
	]
}