{
	"format_version": "1.12.0",
	"minecraft:geometry": [
		{
			"description": {
				"identifier": "geometry.unknown",
				"texture_width": 16,
				"texture_height": 16,
				"visible_bounds_width": 2,
				"visible_bounds_height": 1.5,
				"visible_bounds_offset": [0, 0.25, 0]
			},
			"bones": [
				{
					"name": "dzs",
					"pivot": [0.45, -0.65, -1.1],
					"rotation": [0, 0, 0.25],
					"cubes": [
						{
							"origin": [0.175, -0.425, -2.1],
							"size": [0.425, 0.875, 0.125],
							"uv": {
								"north": {"uv": [6, 3], "uv_size": [1, 1]},
								"east": {"uv": [6, 4], "uv_size": [1, 1]},
								"south": {"uv": [5, 6], "uv_size": [1, 1]},
								"west": {"uv": [6, 5], "uv_size": [1, 1]},
								"up": {"uv": [6, 6], "uv_size": [1, 1]},
								"down": {"uv": [7, 1], "uv_size": [1, -1]}
							}
						},
						{
							"origin": [-0.525, -0.425, -2.1],
							"size": [1.125, 0.275, 0.125],
							"uv": {
								"north": {"uv": [6, 3], "uv_size": [1, 1]},
								"east": {"uv": [6, 4], "uv_size": [1, 1]},
								"south": {"uv": [5, 6], "uv_size": [1, 1]},
								"west": {"uv": [6, 5], "uv_size": [1, 1]},
								"up": {"uv": [6, 6], "uv_size": [1, 1]},
								"down": {"uv": [7, 1], "uv_size": [1, -1]}
							}
						},
						{
							"origin": [-0.525, 0.175, -2.1],
							"size": [1.125, 0.275, 0.125],
							"uv": {
								"north": {"uv": [6, 3], "uv_size": [1, 1]},
								"east": {"uv": [6, 4], "uv_size": [1, 1]},
								"south": {"uv": [5, 6], "uv_size": [1, 1]},
								"west": {"uv": [6, 5], "uv_size": [1, 1]},
								"up": {"uv": [6, 6], "uv_size": [1, 1]},
								"down": {"uv": [7, 1], "uv_size": [1, -1]}
							}
						},
						{
							"origin": [-0.525, -0.425, -2.1],
							"size": [0.325, 0.875, 0.125],
							"uv": {
								"north": {"uv": [6, 3], "uv_size": [1, 1]},
								"east": {"uv": [6, 4], "uv_size": [1, 1]},
								"south": {"uv": [5, 6], "uv_size": [1, 1]},
								"west": {"uv": [6, 5], "uv_size": [1, 1]},
								"up": {"uv": [6, 6], "uv_size": [1, 1]},
								"down": {"uv": [7, 1], "uv_size": [1, -1]}
							}
						},
						{
							"origin": [-0.525, -0.425, -0.9],
							"size": [1.125, 0.875, 0.8],
							"uv": {
								"north": {"uv": [1, 8], "uv_size": [1, 1]},
								"east": {"uv": [8, 1], "uv_size": [1, 1]},
								"south": {"uv": [2, 8], "uv_size": [1, 1]},
								"west": {"uv": [8, 2], "uv_size": [1, 1]},
								"up": {"uv": [3, 8], "uv_size": [1, 1]},
								"down": {"uv": [8, 4], "uv_size": [1, -1]}
							}
						},
						{
							"origin": [-0.525, -0.425, -2],
							"size": [1.125, 0.075, 1.2],
							"uv": {
								"north": {"uv": [7, 8], "uv_size": [1, 1]},
								"east": {"uv": [8, 7], "uv_size": [1, 1]},
								"south": {"uv": [8, 8], "uv_size": [1, 1]},
								"west": {"uv": [0, 9], "uv_size": [1, 1]},
								"up": {"uv": [9, 0], "uv_size": [1, 1]},
								"down": {"uv": [1, 10], "uv_size": [1, -1]}
							}
						},
						{
							"origin": [-0.525, 0.35, -2],
							"size": [1.125, 0.075, 1.2],
							"uv": {
								"north": {"uv": [9, 1], "uv_size": [1, 1]},
								"east": {"uv": [2, 9], "uv_size": [1, 1]},
								"south": {"uv": [9, 2], "uv_size": [1, 1]},
								"west": {"uv": [3, 9], "uv_size": [1, 1]},
								"up": {"uv": [9, 3], "uv_size": [1, 1]},
								"down": {"uv": [4, 10], "uv_size": [1, -1]}
							}
						},
						{
							"origin": [-0.525, 0.3, -1.975],
							"size": [1.125, 0.075, 0.05],
							"pivot": [0.0375, 0.3375, -1.95],
							"rotation": [133.5, 0, 0],
							"uv": {
								"north": {"uv": [7, 10], "uv_size": [1, 1]},
								"east": {"uv": [10, 7], "uv_size": [1, 1]},
								"south": {"uv": [8, 10], "uv_size": [1, 1]},
								"west": {"uv": [10, 8], "uv_size": [1, 1]},
								"up": {"uv": [9, 10], "uv_size": [1, 1]},
								"down": {"uv": [10, 10], "uv_size": [1, -1]}
							}
						},
						{
							"origin": [-0.525, 0.3, -1.675],
							"size": [1.125, 0.075, 0.05],
							"pivot": [0.0375, 0.3375, -1.65],
							"rotation": [-133.5, 0, 0],
							"uv": {
								"north": {"uv": [10, 10], "uv_size": [1, 1]},
								"east": {"uv": [0, 11], "uv_size": [1, 1]},
								"south": {"uv": [11, 0], "uv_size": [1, 1]},
								"west": {"uv": [1, 11], "uv_size": [1, 1]},
								"up": {"uv": [11, 1], "uv_size": [1, 1]},
								"down": {"uv": [2, 12], "uv_size": [1, -1]}
							}
						},
						{
							"origin": [-0.525, 0.3, -0.925],
							"size": [1.125, 0.075, 0.05],
							"pivot": [0.0375, 0.3375, -0.9],
							"rotation": [-133.5, 0, 0],
							"uv": {
								"north": {"uv": [11, 2], "uv_size": [1, 1]},
								"east": {"uv": [3, 11], "uv_size": [1, 1]},
								"south": {"uv": [11, 3], "uv_size": [1, 1]},
								"west": {"uv": [4, 11], "uv_size": [1, 1]},
								"up": {"uv": [11, 4], "uv_size": [1, 1]},
								"down": {"uv": [5, 12], "uv_size": [1, -1]}
							}
						},
						{
							"origin": [-0.525, -0.375, -1.275],
							"size": [1.125, 0.075, 0.05],
							"pivot": [0.0375, -0.3375, -1.25],
							"rotation": [-133.5, 0, 0],
							"uv": {
								"north": {"uv": [11, 5], "uv_size": [1, 1]},
								"east": {"uv": [6, 11], "uv_size": [1, 1]},
								"south": {"uv": [11, 6], "uv_size": [1, 1]},
								"west": {"uv": [7, 11], "uv_size": [1, 1]},
								"up": {"uv": [11, 7], "uv_size": [1, 1]},
								"down": {"uv": [8, 12], "uv_size": [1, -1]}
							}
						},
						{
							"origin": [-0.525, -0.375, -0.925],
							"size": [1.125, 0.075, 0.05],
							"pivot": [0.0375, -0.3375, -0.9],
							"rotation": [133.5, 0, 0],
							"uv": {
								"north": {"uv": [11, 8], "uv_size": [1, 1]},
								"east": {"uv": [9, 11], "uv_size": [1, 1]},
								"south": {"uv": [11, 9], "uv_size": [1, 1]},
								"west": {"uv": [10, 11], "uv_size": [1, 1]},
								"up": {"uv": [11, 10], "uv_size": [1, 1]},
								"down": {"uv": [11, 12], "uv_size": [1, -1]}
							}
						},
						{
							"origin": [-0.525, -0.375, -1.675],
							"size": [1.125, 0.075, 0.05],
							"pivot": [0.0375, -0.3375, -1.65],
							"rotation": [133.5, 0, 0],
							"uv": {
								"north": {"uv": [0, 12], "uv_size": [1, 1]},
								"east": {"uv": [12, 0], "uv_size": [1, 1]},
								"south": {"uv": [1, 12], "uv_size": [1, 1]},
								"west": {"uv": [12, 1], "uv_size": [1, 1]},
								"up": {"uv": [2, 12], "uv_size": [1, 1]},
								"down": {"uv": [12, 3], "uv_size": [1, -1]}
							}
						},
						{
							"origin": [-0.525, -0.375, -2],
							"size": [1.125, 0.075, 0.05],
							"pivot": [0.0375, -0.3375, -1.975],
							"rotation": [-133.5, 0, 0],
							"uv": {
								"north": {"uv": [3, 12], "uv_size": [1, 1]},
								"east": {"uv": [12, 3], "uv_size": [1, 1]},
								"south": {"uv": [4, 12], "uv_size": [1, 1]},
								"west": {"uv": [12, 4], "uv_size": [1, 1]},
								"up": {"uv": [5, 12], "uv_size": [1, 1]},
								"down": {"uv": [12, 6], "uv_size": [1, -1]}
							}
						},
						{
							"origin": [-0.525, -0.425, -1.65],
							"size": [1.125, 0.875, 0.4],
							"uv": {
								"north": {"uv": [4, 8], "uv_size": [1, 1]},
								"east": {"uv": [8, 4], "uv_size": [1, 1]},
								"south": {"uv": [5, 8], "uv_size": [1, 1]},
								"west": {"uv": [8, 5], "uv_size": [1, 1]},
								"up": {"uv": [6, 8], "uv_size": [1, 1]},
								"down": {"uv": [8, 7], "uv_size": [1, -1]}
							}
						},
						{
							"origin": [-0.475, 0.45, -2.1],
							"size": [1, 0.075, 2],
							"uv": {
								"north": {"uv": [7, 4], "uv_size": [1, 1]},
								"east": {"uv": [2, 3], "uv_size": [2, 1]},
								"south": {"uv": [5, 7], "uv_size": [1, 1]},
								"west": {"uv": [4, 1], "uv_size": [2, 1]},
								"up": {"uv": [0, 4], "uv_size": [1, 2]},
								"down": {"uv": [2, 6], "uv_size": [1, -2]}
							}
						},
						{
							"origin": [-0.525, 0.425, -2.1],
							"size": [0.1, 0.075, 2],
							"pivot": [-0.475, 0.4625, -1.1],
							"rotation": [0, 0, -49],
							"uv": {
								"north": {"uv": [1, 7], "uv_size": [1, 1]},
								"east": {"uv": [0, 0], "uv_size": [2, 1]},
								"south": {"uv": [3, 7], "uv_size": [1, 1]},
								"west": {"uv": [0, 1], "uv_size": [2, 1]},
								"up": {"uv": [0, 2], "uv_size": [1, 2]},
								"down": {"uv": [2, 2], "uv_size": [1, -2]}
							}
						},
						{
							"origin": [0.5, 0.425, -2.1],
							"size": [0.1, 0.075, 2],
							"pivot": [0.55, 0.4625, -1.1],
							"rotation": [0, 0, 49],
							"uv": {
								"north": {"uv": [7, 3], "uv_size": [1, 1]},
								"east": {"uv": [1, 2], "uv_size": [2, 1]},
								"south": {"uv": [4, 7], "uv_size": [1, 1]},
								"west": {"uv": [3, 0], "uv_size": [2, 1]},
								"up": {"uv": [1, 3], "uv_size": [1, 2]},
								"down": {"uv": [3, 3], "uv_size": [1, -2]}
							}
						},
						{
							"origin": [0.5, -0.475, -2.1],
							"size": [0.1, 0.075, 2],
							"pivot": [0.55, -0.4375, -1.1],
							"rotation": [0, 0, -49],
							"uv": {
								"north": {"uv": [0, 8], "uv_size": [1, 1]},
								"east": {"uv": [6, 1], "uv_size": [2, 1]},
								"south": {"uv": [8, 0], "uv_size": [1, 1]},
								"west": {"uv": [6, 2], "uv_size": [2, 1]},
								"up": {"uv": [0, 6], "uv_size": [1, 2]},
								"down": {"uv": [2, 8], "uv_size": [1, -2]}
							}
						},
						{
							"origin": [-0.525, -0.475, -2.1],
							"size": [0.1, 0.075, 2],
							"pivot": [-0.475, -0.4375, -1.1],
							"rotation": [0, 0, 49],
							"uv": {
								"north": {"uv": [7, 6], "uv_size": [1, 1]},
								"east": {"uv": [4, 3], "uv_size": [2, 1]},
								"south": {"uv": [7, 7], "uv_size": [1, 1]},
								"west": {"uv": [5, 0], "uv_size": [2, 1]},
								"up": {"uv": [4, 5], "uv_size": [1, 2]},
								"down": {"uv": [5, 6], "uv_size": [1, -2]}
							}
						},
						{
							"origin": [-0.475, -0.5, -2.1],
							"size": [1, 0.075, 2],
							"uv": {
								"north": {"uv": [7, 5], "uv_size": [1, 1]},
								"east": {"uv": [4, 2], "uv_size": [2, 1]},
								"south": {"uv": [6, 7], "uv_size": [1, 1]},
								"west": {"uv": [3, 4], "uv_size": [2, 1]},
								"up": {"uv": [1, 5], "uv_size": [1, 2]},
								"down": {"uv": [3, 7], "uv_size": [1, -2]}
							}
						},
						{
							"origin": [-0.325, -0.325, -0.5],
							"size": [0.65, 0.65, 0.5],
							"pivot": [0, 0, -1],
							"rotation": [0, 0, -42.5],
							"uv": {
								"north": {"uv": [0, 0], "uv_size": [0.65, 0.65]},
								"east": {"uv": [0, 0], "uv_size": [0.5, 0.65]},
								"south": {"uv": [0, 0], "uv_size": [0.65, 0.65]},
								"west": {"uv": [0, 0], "uv_size": [0.5, 0.65]},
								"up": {"uv": [0.65, 0.5], "uv_size": [-0.65, -0.5]},
								"down": {"uv": [0.65, 0.5], "uv_size": [-0.65, -0.5]}
							}
						},
						{
							"origin": [-0.325, -0.325, -0.5],
							"size": [0.65, 0.65, 0.5],
							"pivot": [0, 0, -1],
							"rotation": [0, 0, -89.5],
							"uv": {
								"north": {"uv": [0, 0], "uv_size": [0.65, 0.65]},
								"east": {"uv": [0, 0], "uv_size": [0.5, 0.65]},
								"south": {"uv": [0, 0], "uv_size": [0.65, 0.65]},
								"west": {"uv": [0, 0], "uv_size": [0.5, 0.65]},
								"up": {"uv": [0.65, 0.5], "uv_size": [-0.65, -0.5]},
								"down": {"uv": [0.65, 0.5], "uv_size": [-0.65, -0.5]}
							}
						}
					]
				},
				{
					"name": "octagon",
					"parent": "dzs",
					"pivot": [8.375, -7.95, -8.5],
					"cubes": [
						{
							"origin": [0.125, -0.005, -0.55207],
							"size": [0.5, 0.11, 0.10414],
							"pivot": [0.375, 0.05, -0.5],
							"rotation": [-45, 0, 0],
							"uv": {
								"north": {"uv": [1, 10], "uv_size": [1, 1]},
								"east": {"uv": [10, 1], "uv_size": [1, 1]},
								"south": {"uv": [2, 10], "uv_size": [1, 1]},
								"west": {"uv": [10, 2], "uv_size": [1, 1]},
								"up": {"uv": [3, 10], "uv_size": [1, 1]},
								"down": {"uv": [10, 4], "uv_size": [1, -1]}
							}
						},
						{
							"origin": [0.125, -0.005, -0.55207],
							"size": [0.5, 0.11, 0.10414],
							"uv": {
								"north": {"uv": [4, 10], "uv_size": [1, 1]},
								"east": {"uv": [10, 4], "uv_size": [1, 1]},
								"south": {"uv": [5, 10], "uv_size": [1, 1]},
								"west": {"uv": [10, 5], "uv_size": [1, 1]},
								"up": {"uv": [6, 10], "uv_size": [1, 1]},
								"down": {"uv": [10, 7], "uv_size": [1, -1]}
							}
						}
					]
				}
			]
		}
	]
}