{
	"format_version": "1.12.0",
	"minecraft:geometry": [
		{
			"description": {
				"identifier": "geometry.unknown",
				"texture_width": 64,
				"texture_height": 64,
				"visible_bounds_width": 4,
				"visible_bounds_height": 1.5,
				"visible_bounds_offset": [0, 0.25, 0]
			},
			"bones": [
				{
					"name": "scope_body",
					"pivot": [0.45, 0, 0]
				},
				{
					"name": "bone31",
					"parent": "scope_body",
					"pivot": [0.61, 0.32, -1.52],
					"rotation": [0, -90, 0],
					"cubes": [
						{
							"origin": [0.52787, 0.23786, -1.53643],
							"size": [2.42189, 0.31211, 1.27308],
							"uv": {
								"north": {"uv": [8, 9], "uv_size": [6, 1]},
								"east": {"uv": [3, 16], "uv_size": [3, 1]},
								"south": {"uv": [8, 10], "uv_size": [6, 1]},
								"west": {"uv": [6, 16], "uv_size": [3, 1]},
								"up": {"uv": [0, 0], "uv_size": [6, 3]},
								"down": {"uv": [0, 6], "uv_size": [6, -3]}
							}
						},
						{
							"origin": [0.54287, -0.10534, -1.60213],
							"size": [2.40689, 0.50747, 1.39628],
							"uv": {
								"north": {"uv": [8, 11], "uv_size": [6, 1]},
								"east": {"uv": [9, 16], "uv_size": [3, 1]},
								"south": {"uv": [0, 12], "uv_size": [6, 1]},
								"west": {"uv": [12, 16], "uv_size": [3, 1]},
								"up": {"uv": [0, 6], "uv_size": [6, 3]},
								"down": {"uv": [6, 3], "uv_size": [6, -3]}
							}
						},
						{
							"origin": [0.52787, 0.23466, -0.40213],
							"size": [1.18189, 0.16747, 0.35628],
							"uv": {
								"north": {"uv": [15, 16], "uv_size": [3, 1]},
								"east": {"uv": [11, 20], "uv_size": [1, 1]},
								"south": {"uv": [0, 17], "uv_size": [3, 1]},
								"west": {"uv": [12, 20], "uv_size": [1, 1]},
								"up": {"uv": [3, 17], "uv_size": [3, 1]},
								"down": {"uv": [6, 18], "uv_size": [3, -1]}
							}
						},
						{
							"origin": [0.52787, -3.56534, -0.56213],
							"size": [1.18189, 0.28747, 0.39628],
							"pivot": [5.17, -1.6, 4.32],
							"rotation": [-45, 0, 0],
							"uv": {
								"north": {"uv": [9, 17], "uv_size": [3, 1]},
								"east": {"uv": [13, 20], "uv_size": [1, 1]},
								"south": {"uv": [12, 17], "uv_size": [3, 1]},
								"west": {"uv": [14, 20], "uv_size": [1, 1]},
								"up": {"uv": [15, 17], "uv_size": [3, 1]},
								"down": {"uv": [0, 19], "uv_size": [3, -1]}
							}
						},
						{
							"origin": [0.52787, -3.68534, -0.56213],
							"size": [1.18189, 0.28747, 0.39628],
							"pivot": [5.17, -1.72, 4.32],
							"rotation": [-45, 0, 0],
							"uv": {
								"north": {"uv": [18, 0], "uv_size": [3, 1]},
								"east": {"uv": [20, 15], "uv_size": [1, 1]},
								"south": {"uv": [18, 1], "uv_size": [3, 1]},
								"west": {"uv": [20, 16], "uv_size": [1, 1]},
								"up": {"uv": [18, 2], "uv_size": [3, 1]},
								"down": {"uv": [3, 19], "uv_size": [3, -1]}
							}
						},
						{
							"origin": [0.52787, -0.00534, -1.20213],
							"size": [2.54189, 0.16747, 0.59628],
							"uv": {
								"north": {"uv": [12, 0], "uv_size": [6, 1]},
								"east": {"uv": [17, 20], "uv_size": [1, 1]},
								"south": {"uv": [12, 1], "uv_size": [6, 1]},
								"west": {"uv": [18, 20], "uv_size": [1, 1]},
								"up": {"uv": [12, 2], "uv_size": [6, 1]},
								"down": {"uv": [12, 4], "uv_size": [6, -1]}
							}
						},
						{
							"origin": [2.96786, -1.56534, -1.20213],
							"size": [0.38189, 0.32747, 0.59628],
							"pivot": [0.85, -1.08, -1.52],
							"rotation": [0, 0, -40],
							"uv": {
								"north": {"uv": [20, 18], "uv_size": [1, 1]},
								"east": {"uv": [20, 19], "uv_size": [1, 1]},
								"south": {"uv": [20, 20], "uv_size": [1, 1]},
								"west": {"uv": [0, 21], "uv_size": [1, 1]},
								"up": {"uv": [21, 0], "uv_size": [1, 1]},
								"down": {"uv": [1, 22], "uv_size": [1, -1]}
							}
						},
						{
							"origin": [1.60382, 0.11466, -1.7664],
							"size": [1.23201, 0.28747, 0.16427],
							"uv": {
								"north": {"uv": [18, 3], "uv_size": [3, 1]},
								"east": {"uv": [21, 1], "uv_size": [1, 1]},
								"south": {"uv": [18, 4], "uv_size": [3, 1]},
								"west": {"uv": [21, 2], "uv_size": [1, 1]},
								"up": {"uv": [18, 5], "uv_size": [3, 1]},
								"down": {"uv": [6, 19], "uv_size": [3, -1]}
							}
						},
						{
							"origin": [2.573, 0.14752, -1.79926],
							"size": [0.04928, 0.22176, 0.16427],
							"uv": {
								"north": {"uv": [3, 21], "uv_size": [1, 1]},
								"east": {"uv": [21, 3], "uv_size": [1, 1]},
								"south": {"uv": [4, 21], "uv_size": [1, 1]},
								"west": {"uv": [21, 4], "uv_size": [1, 1]},
								"up": {"uv": [21, 5], "uv_size": [1, 1]},
								"down": {"uv": [6, 22], "uv_size": [1, -1]}
							}
						},
						{
							"origin": [2.0802, 0.14752, -1.79926],
							"size": [0.04928, 0.22176, 0.16427],
							"uv": {
								"north": {"uv": [21, 6], "uv_size": [1, 1]},
								"east": {"uv": [7, 21], "uv_size": [1, 1]},
								"south": {"uv": [21, 7], "uv_size": [1, 1]},
								"west": {"uv": [8, 21], "uv_size": [1, 1]},
								"up": {"uv": [21, 8], "uv_size": [1, 1]},
								"down": {"uv": [9, 22], "uv_size": [1, -1]}
							}
						},
						{
							"origin": [2.0802, 0.14752, -1.79926],
							"size": [0.4928, 0.02464, 0.16427],
							"uv": {
								"north": {"uv": [21, 9], "uv_size": [1, 1]},
								"east": {"uv": [10, 21], "uv_size": [1, 1]},
								"south": {"uv": [21, 10], "uv_size": [1, 1]},
								"west": {"uv": [11, 21], "uv_size": [1, 1]},
								"up": {"uv": [21, 11], "uv_size": [1, 1]},
								"down": {"uv": [12, 22], "uv_size": [1, -1]}
							}
						},
						{
							"origin": [2.0802, 0.34464, -1.79926],
							"size": [0.4928, 0.02464, 0.16427],
							"uv": {
								"north": {"uv": [21, 12], "uv_size": [1, 1]},
								"east": {"uv": [13, 21], "uv_size": [1, 1]},
								"south": {"uv": [21, 13], "uv_size": [1, 1]},
								"west": {"uv": [14, 21], "uv_size": [1, 1]},
								"up": {"uv": [21, 14], "uv_size": [1, 1]},
								"down": {"uv": [15, 22], "uv_size": [1, -1]}
							}
						},
						{
							"origin": [1.60382, 0.18037, -1.69248],
							"size": [1.23201, 0.28747, 0.16427],
							"pivot": [0.53608, 0.38571, -1.44608],
							"rotation": [-42.5, 0, 0],
							"uv": {
								"north": {"uv": [18, 6], "uv_size": [3, 1]},
								"east": {"uv": [21, 15], "uv_size": [1, 1]},
								"south": {"uv": [18, 7], "uv_size": [3, 1]},
								"west": {"uv": [16, 21], "uv_size": [1, 1]},
								"up": {"uv": [18, 8], "uv_size": [3, 1]},
								"down": {"uv": [9, 19], "uv_size": [3, -1]}
							}
						},
						{
							"origin": [0.52787, 0.45142, -1.60213],
							"size": [2.38189, 0.20534, 1.39628],
							"uv": {
								"north": {"uv": [12, 4], "uv_size": [6, 1]},
								"east": {"uv": [12, 18], "uv_size": [3, 1]},
								"south": {"uv": [12, 5], "uv_size": [6, 1]},
								"west": {"uv": [18, 12], "uv_size": [3, 1]},
								"up": {"uv": [6, 3], "uv_size": [6, 3]},
								"down": {"uv": [6, 9], "uv_size": [6, -3]}
							}
						},
						{
							"origin": [0.52787, 0.45142, -1.60213],
							"size": [1.5359, 0.27926, 1.39628],
							"uv": {
								"north": {"uv": [10, 15], "uv_size": [4, 1]},
								"east": {"uv": [15, 14], "uv_size": [3, 1]},
								"south": {"uv": [14, 15], "uv_size": [4, 1]},
								"west": {"uv": [0, 16], "uv_size": [3, 1]},
								"up": {"uv": [0, 9], "uv_size": [4, 3]},
								"down": {"uv": [4, 12], "uv_size": [4, -3]}
							}
						},
						{
							"origin": [1.26789, 0.61256, -1.29742],
							"size": [0.22505, 0.22505, 0.78766],
							"uv": {
								"north": {"uv": [21, 16], "uv_size": [1, 1]},
								"east": {"uv": [16, 18], "uv_size": [2, 1]},
								"south": {"uv": [17, 21], "uv_size": [1, 1]},
								"west": {"uv": [18, 18], "uv_size": [2, 1]},
								"up": {"uv": [0, 19], "uv_size": [1, 2]},
								"down": {"uv": [1, 21], "uv_size": [1, -2]}
							}
						},
						{
							"origin": [1.26789, 0.61256, -1.29742],
							"size": [0.22505, 0.22505, 0.78766],
							"pivot": [1.38042, 0.7701, -0.90358],
							"rotation": [0, 32.5, 0],
							"uv": {
								"north": {"uv": [21, 17], "uv_size": [1, 1]},
								"east": {"uv": [2, 19], "uv_size": [2, 1]},
								"south": {"uv": [18, 21], "uv_size": [1, 1]},
								"west": {"uv": [4, 19], "uv_size": [2, 1]},
								"up": {"uv": [6, 19], "uv_size": [1, 2]},
								"down": {"uv": [7, 21], "uv_size": [1, -2]}
							}
						},
						{
							"origin": [1.26789, 0.61256, -1.29742],
							"size": [0.22505, 0.22505, 0.78766],
							"pivot": [1.38042, 0.7701, -0.90358],
							"rotation": [0, 65, 0],
							"uv": {
								"north": {"uv": [21, 18], "uv_size": [1, 1]},
								"east": {"uv": [8, 19], "uv_size": [2, 1]},
								"south": {"uv": [19, 21], "uv_size": [1, 1]},
								"west": {"uv": [19, 9], "uv_size": [2, 1]},
								"up": {"uv": [10, 19], "uv_size": [1, 2]},
								"down": {"uv": [19, 12], "uv_size": [1, -2]}
							}
						},
						{
							"origin": [1.26789, 0.61256, -1.29742],
							"size": [0.22505, 0.22505, 0.78766],
							"pivot": [1.38042, 0.7701, -0.90358],
							"rotation": [-180, 32.5, 180],
							"uv": {
								"north": {"uv": [21, 19], "uv_size": [1, 1]},
								"east": {"uv": [11, 19], "uv_size": [2, 1]},
								"south": {"uv": [20, 21], "uv_size": [1, 1]},
								"west": {"uv": [13, 19], "uv_size": [2, 1]},
								"up": {"uv": [19, 15], "uv_size": [1, 2]},
								"down": {"uv": [16, 21], "uv_size": [1, -2]}
							}
						},
						{
							"origin": [1.26789, 0.61256, -1.29742],
							"size": [0.22505, 0.22505, 0.78766],
							"pivot": [1.38042, 0.7701, -0.90358],
							"rotation": [0, 82.5, 0],
							"uv": {
								"north": {"uv": [21, 20], "uv_size": [1, 1]},
								"east": {"uv": [17, 19], "uv_size": [2, 1]},
								"south": {"uv": [21, 21], "uv_size": [1, 1]},
								"west": {"uv": [19, 17], "uv_size": [2, 1]},
								"up": {"uv": [19, 19], "uv_size": [1, 2]},
								"down": {"uv": [2, 22], "uv_size": [1, -2]}
							}
						},
						{
							"origin": [1.26789, 0.61256, -1.29742],
							"size": [0.22505, 0.22505, 0.78766],
							"pivot": [1.38042, 0.7701, -0.90358],
							"rotation": [-180, 65, 180],
							"uv": {
								"north": {"uv": [0, 22], "uv_size": [1, 1]},
								"east": {"uv": [3, 20], "uv_size": [2, 1]},
								"south": {"uv": [22, 0], "uv_size": [1, 1]},
								"west": {"uv": [8, 20], "uv_size": [2, 1]},
								"up": {"uv": [5, 20], "uv_size": [1, 2]},
								"down": {"uv": [20, 12], "uv_size": [1, -2]}
							}
						},
						{
							"origin": [2.26273, 0.63932, -1.73371],
							"size": [0.05963, 0.05963, 0.2087],
							"pivot": [2.29254, 0.68106, -1.62936],
							"rotation": [90, 0, 115],
							"uv": {
								"north": {"uv": [1, 22], "uv_size": [1, 1]},
								"east": {"uv": [22, 1], "uv_size": [1, 1]},
								"south": {"uv": [2, 22], "uv_size": [1, 1]},
								"west": {"uv": [22, 2], "uv_size": [1, 1]},
								"up": {"uv": [3, 22], "uv_size": [1, 1]},
								"down": {"uv": [22, 4], "uv_size": [1, -1]}
							}
						},
						{
							"origin": [2.26273, 0.63932, -1.73371],
							"size": [0.05963, 0.05963, 0.2087],
							"pivot": [2.29254, 0.68106, -1.62936],
							"rotation": [90, 0, 65],
							"uv": {
								"north": {"uv": [4, 22], "uv_size": [1, 1]},
								"east": {"uv": [22, 4], "uv_size": [1, 1]},
								"south": {"uv": [5, 22], "uv_size": [1, 1]},
								"west": {"uv": [22, 5], "uv_size": [1, 1]},
								"up": {"uv": [6, 22], "uv_size": [1, 1]},
								"down": {"uv": [22, 7], "uv_size": [1, -1]}
							}
						},
						{
							"origin": [2.26273, 0.63932, -1.73371],
							"size": [0.05963, 0.05963, 0.2087],
							"pivot": [2.29254, 0.68106, -1.62936],
							"rotation": [90, 0, 32.5],
							"uv": {
								"north": {"uv": [7, 22], "uv_size": [1, 1]},
								"east": {"uv": [22, 7], "uv_size": [1, 1]},
								"south": {"uv": [8, 22], "uv_size": [1, 1]},
								"west": {"uv": [22, 8], "uv_size": [1, 1]},
								"up": {"uv": [9, 22], "uv_size": [1, 1]},
								"down": {"uv": [22, 10], "uv_size": [1, -1]}
							}
						},
						{
							"origin": [2.26273, 0.63932, -1.73371],
							"size": [0.05963, 0.05963, 0.2087],
							"pivot": [2.29254, 0.68106, -1.62936],
							"rotation": [90, 0, 147.5],
							"uv": {
								"north": {"uv": [10, 22], "uv_size": [1, 1]},
								"east": {"uv": [22, 10], "uv_size": [1, 1]},
								"south": {"uv": [11, 22], "uv_size": [1, 1]},
								"west": {"uv": [22, 11], "uv_size": [1, 1]},
								"up": {"uv": [12, 22], "uv_size": [1, 1]},
								"down": {"uv": [22, 13], "uv_size": [1, -1]}
							}
						},
						{
							"origin": [2.26273, 0.63932, -1.73371],
							"size": [0.05963, 0.05963, 0.2087],
							"pivot": [2.29254, 0.68106, -1.62936],
							"rotation": [90, 0, 82.5],
							"uv": {
								"north": {"uv": [13, 22], "uv_size": [1, 1]},
								"east": {"uv": [22, 13], "uv_size": [1, 1]},
								"south": {"uv": [14, 22], "uv_size": [1, 1]},
								"west": {"uv": [22, 14], "uv_size": [1, 1]},
								"up": {"uv": [15, 22], "uv_size": [1, 1]},
								"down": {"uv": [22, 16], "uv_size": [1, -1]}
							}
						},
						{
							"origin": [2.26273, 0.63932, -1.73371],
							"size": [0.05963, 0.05963, 0.2087],
							"pivot": [2.29254, 0.68106, -1.62936],
							"rotation": [90, 0, 0],
							"uv": {
								"north": {"uv": [16, 22], "uv_size": [1, 1]},
								"east": {"uv": [22, 16], "uv_size": [1, 1]},
								"south": {"uv": [17, 22], "uv_size": [1, 1]},
								"west": {"uv": [22, 17], "uv_size": [1, 1]},
								"up": {"uv": [18, 22], "uv_size": [1, 1]},
								"down": {"uv": [22, 19], "uv_size": [1, -1]}
							}
						},
						{
							"origin": [2.26273, 0.63932, -0.31279],
							"size": [0.05963, 0.05963, 0.2087],
							"pivot": [2.29254, 0.68106, -0.20844],
							"rotation": [90, 0, 115],
							"uv": {
								"north": {"uv": [19, 22], "uv_size": [1, 1]},
								"east": {"uv": [22, 19], "uv_size": [1, 1]},
								"south": {"uv": [20, 22], "uv_size": [1, 1]},
								"west": {"uv": [22, 20], "uv_size": [1, 1]},
								"up": {"uv": [21, 22], "uv_size": [1, 1]},
								"down": {"uv": [22, 22], "uv_size": [1, -1]}
							}
						},
						{
							"origin": [2.26273, 0.63932, -0.31279],
							"size": [0.05963, 0.05963, 0.2087],
							"pivot": [2.29254, 0.68106, -0.20844],
							"rotation": [90, 0, 65],
							"uv": {
								"north": {"uv": [22, 22], "uv_size": [1, 1]},
								"east": {"uv": [0, 23], "uv_size": [1, 1]},
								"south": {"uv": [23, 0], "uv_size": [1, 1]},
								"west": {"uv": [1, 23], "uv_size": [1, 1]},
								"up": {"uv": [23, 1], "uv_size": [1, 1]},
								"down": {"uv": [2, 24], "uv_size": [1, -1]}
							}
						},
						{
							"origin": [2.26273, 0.63932, -0.31279],
							"size": [0.05963, 0.05963, 0.2087],
							"pivot": [2.29254, 0.68106, -0.20844],
							"rotation": [90, 0, 32.5],
							"uv": {
								"north": {"uv": [23, 2], "uv_size": [1, 1]},
								"east": {"uv": [3, 23], "uv_size": [1, 1]},
								"south": {"uv": [23, 3], "uv_size": [1, 1]},
								"west": {"uv": [4, 23], "uv_size": [1, 1]},
								"up": {"uv": [23, 4], "uv_size": [1, 1]},
								"down": {"uv": [5, 24], "uv_size": [1, -1]}
							}
						},
						{
							"origin": [2.26273, 0.63932, -0.31279],
							"size": [0.05963, 0.05963, 0.2087],
							"pivot": [2.29254, 0.68106, -0.20844],
							"rotation": [90, 0, 147.5],
							"uv": {
								"north": {"uv": [23, 5], "uv_size": [1, 1]},
								"east": {"uv": [6, 23], "uv_size": [1, 1]},
								"south": {"uv": [23, 6], "uv_size": [1, 1]},
								"west": {"uv": [7, 23], "uv_size": [1, 1]},
								"up": {"uv": [23, 7], "uv_size": [1, 1]},
								"down": {"uv": [8, 24], "uv_size": [1, -1]}
							}
						},
						{
							"origin": [2.26273, 0.63932, -0.31279],
							"size": [0.05963, 0.05963, 0.2087],
							"pivot": [2.29254, 0.68106, -0.20844],
							"rotation": [90, 0, 82.5],
							"uv": {
								"north": {"uv": [23, 8], "uv_size": [1, 1]},
								"east": {"uv": [9, 23], "uv_size": [1, 1]},
								"south": {"uv": [23, 9], "uv_size": [1, 1]},
								"west": {"uv": [10, 23], "uv_size": [1, 1]},
								"up": {"uv": [23, 10], "uv_size": [1, 1]},
								"down": {"uv": [11, 24], "uv_size": [1, -1]}
							}
						},
						{
							"origin": [2.26273, 0.63932, -0.31279],
							"size": [0.05963, 0.05963, 0.2087],
							"pivot": [2.29254, 0.68106, -0.20844],
							"rotation": [90, 0, 0],
							"uv": {
								"north": {"uv": [23, 11], "uv_size": [1, 1]},
								"east": {"uv": [12, 23], "uv_size": [1, 1]},
								"south": {"uv": [23, 12], "uv_size": [1, 1]},
								"west": {"uv": [13, 23], "uv_size": [1, 1]},
								"up": {"uv": [23, 13], "uv_size": [1, 1]},
								"down": {"uv": [14, 24], "uv_size": [1, -1]}
							}
						},
						{
							"origin": [0.97024, 0.6567, -0.26853],
							"size": [0.0322, 0.0322, 0.1127],
							"pivot": [0.98634, 0.67924, -0.21218],
							"rotation": [90, 0, 115],
							"uv": {
								"north": {"uv": [23, 14], "uv_size": [1, 1]},
								"east": {"uv": [15, 23], "uv_size": [1, 1]},
								"south": {"uv": [23, 15], "uv_size": [1, 1]},
								"west": {"uv": [16, 23], "uv_size": [1, 1]},
								"up": {"uv": [23, 16], "uv_size": [1, 1]},
								"down": {"uv": [17, 24], "uv_size": [1, -1]}
							}
						},
						{
							"origin": [0.97024, 0.6567, -0.26853],
							"size": [0.0322, 0.0322, 0.1127],
							"pivot": [0.98634, 0.67924, -0.21218],
							"rotation": [90, 0, 65],
							"uv": {
								"north": {"uv": [23, 17], "uv_size": [1, 1]},
								"east": {"uv": [18, 23], "uv_size": [1, 1]},
								"south": {"uv": [23, 18], "uv_size": [1, 1]},
								"west": {"uv": [19, 23], "uv_size": [1, 1]},
								"up": {"uv": [23, 19], "uv_size": [1, 1]},
								"down": {"uv": [20, 24], "uv_size": [1, -1]}
							}
						},
						{
							"origin": [0.97024, 0.6567, -0.26853],
							"size": [0.0322, 0.0322, 0.1127],
							"pivot": [0.98634, 0.67924, -0.21218],
							"rotation": [90, 0, 32.5],
							"uv": {
								"north": {"uv": [23, 20], "uv_size": [1, 1]},
								"east": {"uv": [21, 23], "uv_size": [1, 1]},
								"south": {"uv": [23, 21], "uv_size": [1, 1]},
								"west": {"uv": [22, 23], "uv_size": [1, 1]},
								"up": {"uv": [23, 22], "uv_size": [1, 1]},
								"down": {"uv": [23, 24], "uv_size": [1, -1]}
							}
						},
						{
							"origin": [0.97024, 0.6567, -0.26853],
							"size": [0.0322, 0.0322, 0.1127],
							"pivot": [0.98634, 0.67924, -0.21218],
							"rotation": [90, 0, 147.5],
							"uv": {
								"north": {"uv": [0, 24], "uv_size": [1, 1]},
								"east": {"uv": [24, 0], "uv_size": [1, 1]},
								"south": {"uv": [1, 24], "uv_size": [1, 1]},
								"west": {"uv": [24, 1], "uv_size": [1, 1]},
								"up": {"uv": [2, 24], "uv_size": [1, 1]},
								"down": {"uv": [24, 3], "uv_size": [1, -1]}
							}
						},
						{
							"origin": [0.97024, 0.6567, -0.26853],
							"size": [0.0322, 0.0322, 0.1127],
							"pivot": [0.98634, 0.67924, -0.21218],
							"rotation": [90, 0, 82.5],
							"uv": {
								"north": {"uv": [3, 24], "uv_size": [1, 1]},
								"east": {"uv": [24, 3], "uv_size": [1, 1]},
								"south": {"uv": [4, 24], "uv_size": [1, 1]},
								"west": {"uv": [24, 4], "uv_size": [1, 1]},
								"up": {"uv": [5, 24], "uv_size": [1, 1]},
								"down": {"uv": [24, 6], "uv_size": [1, -1]}
							}
						},
						{
							"origin": [0.97024, 0.6567, -0.26853],
							"size": [0.0322, 0.0322, 0.1127],
							"pivot": [0.98634, 0.67924, -0.21218],
							"rotation": [90, 0, 0],
							"uv": {
								"north": {"uv": [6, 24], "uv_size": [1, 1]},
								"east": {"uv": [24, 6], "uv_size": [1, 1]},
								"south": {"uv": [7, 24], "uv_size": [1, 1]},
								"west": {"uv": [24, 7], "uv_size": [1, 1]},
								"up": {"uv": [8, 24], "uv_size": [1, 1]},
								"down": {"uv": [24, 9], "uv_size": [1, -1]}
							}
						},
						{
							"origin": [0.97024, 0.6567, -1.66481],
							"size": [0.0322, 0.0322, 0.1127],
							"pivot": [0.98634, 0.67924, -1.60846],
							"rotation": [90, 0, 115],
							"uv": {
								"north": {"uv": [9, 24], "uv_size": [1, 1]},
								"east": {"uv": [24, 9], "uv_size": [1, 1]},
								"south": {"uv": [10, 24], "uv_size": [1, 1]},
								"west": {"uv": [24, 10], "uv_size": [1, 1]},
								"up": {"uv": [11, 24], "uv_size": [1, 1]},
								"down": {"uv": [24, 12], "uv_size": [1, -1]}
							}
						},
						{
							"origin": [0.97024, 0.6567, -1.66481],
							"size": [0.0322, 0.0322, 0.1127],
							"pivot": [0.98634, 0.67924, -1.60846],
							"rotation": [90, 0, 65],
							"uv": {
								"north": {"uv": [12, 24], "uv_size": [1, 1]},
								"east": {"uv": [24, 12], "uv_size": [1, 1]},
								"south": {"uv": [13, 24], "uv_size": [1, 1]},
								"west": {"uv": [24, 13], "uv_size": [1, 1]},
								"up": {"uv": [14, 24], "uv_size": [1, 1]},
								"down": {"uv": [24, 15], "uv_size": [1, -1]}
							}
						},
						{
							"origin": [0.97024, 0.6567, -1.66481],
							"size": [0.0322, 0.0322, 0.1127],
							"pivot": [0.98634, 0.67924, -1.60846],
							"rotation": [90, 0, 32.5],
							"uv": {
								"north": {"uv": [15, 24], "uv_size": [1, 1]},
								"east": {"uv": [24, 15], "uv_size": [1, 1]},
								"south": {"uv": [16, 24], "uv_size": [1, 1]},
								"west": {"uv": [24, 16], "uv_size": [1, 1]},
								"up": {"uv": [17, 24], "uv_size": [1, 1]},
								"down": {"uv": [24, 18], "uv_size": [1, -1]}
							}
						},
						{
							"origin": [0.97024, 0.6567, -1.66481],
							"size": [0.0322, 0.0322, 0.1127],
							"pivot": [0.98634, 0.67924, -1.60846],
							"rotation": [90, 0, 147.5],
							"uv": {
								"north": {"uv": [18, 24], "uv_size": [1, 1]},
								"east": {"uv": [24, 18], "uv_size": [1, 1]},
								"south": {"uv": [19, 24], "uv_size": [1, 1]},
								"west": {"uv": [24, 19], "uv_size": [1, 1]},
								"up": {"uv": [20, 24], "uv_size": [1, 1]},
								"down": {"uv": [24, 21], "uv_size": [1, -1]}
							}
						},
						{
							"origin": [0.97024, 0.6567, -1.66481],
							"size": [0.0322, 0.0322, 0.1127],
							"pivot": [0.98634, 0.67924, -1.60846],
							"rotation": [90, 0, 82.5],
							"uv": {
								"north": {"uv": [21, 24], "uv_size": [1, 1]},
								"east": {"uv": [24, 21], "uv_size": [1, 1]},
								"south": {"uv": [22, 24], "uv_size": [1, 1]},
								"west": {"uv": [24, 22], "uv_size": [1, 1]},
								"up": {"uv": [23, 24], "uv_size": [1, 1]},
								"down": {"uv": [24, 24], "uv_size": [1, -1]}
							}
						},
						{
							"origin": [0.97024, 0.6567, -1.66481],
							"size": [0.0322, 0.0322, 0.1127],
							"pivot": [0.98634, 0.67924, -1.60846],
							"rotation": [90, 0, 0],
							"uv": {
								"north": {"uv": [24, 24], "uv_size": [1, 1]},
								"east": {"uv": [0, 25], "uv_size": [1, 1]},
								"south": {"uv": [25, 0], "uv_size": [1, 1]},
								"west": {"uv": [1, 25], "uv_size": [1, 1]},
								"up": {"uv": [25, 1], "uv_size": [1, 1]},
								"down": {"uv": [2, 26], "uv_size": [1, -1]}
							}
						},
						{
							"origin": [0.52787, 0.61568, -1.60213],
							"size": [1.91372, 0.20534, 0.2464],
							"uv": {
								"north": {"uv": [0, 14], "uv_size": [5, 1]},
								"east": {"uv": [25, 2], "uv_size": [1, 1]},
								"south": {"uv": [5, 14], "uv_size": [5, 1]},
								"west": {"uv": [3, 25], "uv_size": [1, 1]},
								"up": {"uv": [14, 9], "uv_size": [5, 1]},
								"down": {"uv": [10, 15], "uv_size": [5, -1]}
							}
						},
						{
							"origin": [0.52787, 0.63211, -1.61035],
							"size": [0.27104, 0.20534, 0.41067],
							"pivot": [0.61, 0.32, -1.52],
							"rotation": [-27.5, 0, 0],
							"uv": {
								"north": {"uv": [25, 3], "uv_size": [1, 1]},
								"east": {"uv": [4, 25], "uv_size": [1, 1]},
								"south": {"uv": [25, 4], "uv_size": [1, 1]},
								"west": {"uv": [5, 25], "uv_size": [1, 1]},
								"up": {"uv": [25, 5], "uv_size": [1, 1]},
								"down": {"uv": [6, 26], "uv_size": [1, -1]}
							}
						},
						{
							"origin": [0.52787, 0.06538, -0.74794],
							"size": [0.27104, 0.20534, 0.41067],
							"pivot": [0.61, 0.32, -1.52],
							"rotation": [27.5, 0, 0],
							"uv": {
								"north": {"uv": [25, 6], "uv_size": [1, 1]},
								"east": {"uv": [7, 25], "uv_size": [1, 1]},
								"south": {"uv": [25, 7], "uv_size": [1, 1]},
								"west": {"uv": [8, 25], "uv_size": [1, 1]},
								"up": {"uv": [25, 8], "uv_size": [1, 1]},
								"down": {"uv": [9, 26], "uv_size": [1, -1]}
							}
						},
						{
							"origin": [1.92414, 0.61568, -1.35573],
							"size": [0.51744, 0.20534, 0.2464],
							"uv": {
								"north": {"uv": [25, 9], "uv_size": [1, 1]},
								"east": {"uv": [10, 25], "uv_size": [1, 1]},
								"south": {"uv": [25, 10], "uv_size": [1, 1]},
								"west": {"uv": [11, 25], "uv_size": [1, 1]},
								"up": {"uv": [25, 11], "uv_size": [1, 1]},
								"down": {"uv": [12, 26], "uv_size": [1, -1]}
							}
						},
						{
							"origin": [2.25268, 0.61568, -1.10933],
							"size": [0.18891, 0.20534, 0.08214],
							"uv": {
								"north": {"uv": [25, 12], "uv_size": [1, 1]},
								"east": {"uv": [13, 25], "uv_size": [1, 1]},
								"south": {"uv": [25, 13], "uv_size": [1, 1]},
								"west": {"uv": [14, 25], "uv_size": [1, 1]},
								"up": {"uv": [25, 14], "uv_size": [1, 1]},
								"down": {"uv": [15, 26], "uv_size": [1, -1]}
							}
						},
						{
							"origin": [2.25268, 0.61568, -0.78079],
							"size": [0.18891, 0.20534, 0.08213],
							"uv": {
								"north": {"uv": [25, 15], "uv_size": [1, 1]},
								"east": {"uv": [16, 25], "uv_size": [1, 1]},
								"south": {"uv": [25, 16], "uv_size": [1, 1]},
								"west": {"uv": [17, 25], "uv_size": [1, 1]},
								"up": {"uv": [25, 17], "uv_size": [1, 1]},
								"down": {"uv": [18, 26], "uv_size": [1, -1]}
							}
						},
						{
							"origin": [2.17876, 0.61568, -0.48511],
							"size": [0.18891, 0.20534, 0.08213],
							"pivot": [1.93236, 0.32, -0.48511],
							"rotation": [0, 42.5, 0],
							"uv": {
								"north": {"uv": [25, 18], "uv_size": [1, 1]},
								"east": {"uv": [19, 25], "uv_size": [1, 1]},
								"south": {"uv": [25, 19], "uv_size": [1, 1]},
								"west": {"uv": [20, 25], "uv_size": [1, 1]},
								"up": {"uv": [25, 20], "uv_size": [1, 1]},
								"down": {"uv": [21, 26], "uv_size": [1, -1]}
							}
						},
						{
							"origin": [2.23625, 0.61568, -1.38037],
							"size": [0.18891, 0.20534, 0.08214],
							"pivot": [1.98985, 0.32, -1.38037],
							"rotation": [0, -42.5, 0],
							"uv": {
								"north": {"uv": [25, 21], "uv_size": [1, 1]},
								"east": {"uv": [22, 25], "uv_size": [1, 1]},
								"south": {"uv": [25, 22], "uv_size": [1, 1]},
								"west": {"uv": [23, 25], "uv_size": [1, 1]},
								"up": {"uv": [25, 23], "uv_size": [1, 1]},
								"down": {"uv": [24, 26], "uv_size": [1, -1]}
							}
						},
						{
							"origin": [1.92414, 0.61568, -0.69866],
							"size": [0.51744, 0.20534, 0.2464],
							"uv": {
								"north": {"uv": [25, 24], "uv_size": [1, 1]},
								"east": {"uv": [25, 25], "uv_size": [1, 1]},
								"south": {"uv": [0, 26], "uv_size": [1, 1]},
								"west": {"uv": [26, 0], "uv_size": [1, 1]},
								"up": {"uv": [1, 26], "uv_size": [1, 1]},
								"down": {"uv": [26, 2], "uv_size": [1, -1]}
							}
						},
						{
							"origin": [0.43752, 0.61568, 0.0159],
							"size": [0.38603, 0.20534, 0.2464],
							"pivot": [0.61, 0.32, -1.52],
							"rotation": [0, 50, 0],
							"uv": {
								"north": {"uv": [2, 26], "uv_size": [1, 1]},
								"east": {"uv": [26, 2], "uv_size": [1, 1]},
								"south": {"uv": [3, 26], "uv_size": [1, 1]},
								"west": {"uv": [26, 3], "uv_size": [1, 1]},
								"up": {"uv": [4, 26], "uv_size": [1, 1]},
								"down": {"uv": [26, 5], "uv_size": [1, -1]}
							}
						},
						{
							"origin": [1.38206, 0.61568, -2.51382],
							"size": [0.38603, 0.20534, 0.2464],
							"pivot": [0.61, 0.32, -1.52],
							"rotation": [0, -50, 0],
							"uv": {
								"north": {"uv": [5, 26], "uv_size": [1, 1]},
								"east": {"uv": [26, 5], "uv_size": [1, 1]},
								"south": {"uv": [6, 26], "uv_size": [1, 1]},
								"west": {"uv": [26, 6], "uv_size": [1, 1]},
								"up": {"uv": [7, 26], "uv_size": [1, 1]},
								"down": {"uv": [26, 8], "uv_size": [1, -1]}
							}
						},
						{
							"origin": [0.52787, 0.61568, -0.45226],
							"size": [1.91372, 0.20534, 0.2464],
							"uv": {
								"north": {"uv": [14, 10], "uv_size": [5, 1]},
								"east": {"uv": [8, 26], "uv_size": [1, 1]},
								"south": {"uv": [14, 11], "uv_size": [5, 1]},
								"west": {"uv": [26, 8], "uv_size": [1, 1]},
								"up": {"uv": [0, 15], "uv_size": [5, 1]},
								"down": {"uv": [5, 16], "uv_size": [5, -1]}
							}
						},
						{
							"origin": [0.52787, 1.26454, -0.69045],
							"size": [0.2464, 0.40246, 0.05749],
							"pivot": [0.61, 0.40213, -1.52],
							"rotation": [-32, 0, 0],
							"uv": {
								"north": {"uv": [9, 26], "uv_size": [1, 1]},
								"east": {"uv": [26, 9], "uv_size": [1, 1]},
								"south": {"uv": [10, 26], "uv_size": [1, 1]},
								"west": {"uv": [26, 10], "uv_size": [1, 1]},
								"up": {"uv": [11, 26], "uv_size": [1, 1]},
								"down": {"uv": [26, 12], "uv_size": [1, -1]}
							}
						},
						{
							"origin": [0.52787, 1.44524, -0.46868],
							"size": [0.2464, 0.04107, 0.05749],
							"pivot": [0.61, 0.28715, -1.58571],
							"rotation": [-19, 0, 0],
							"uv": {
								"north": {"uv": [12, 26], "uv_size": [1, 1]},
								"east": {"uv": [26, 12], "uv_size": [1, 1]},
								"south": {"uv": [13, 26], "uv_size": [1, 1]},
								"west": {"uv": [26, 13], "uv_size": [1, 1]},
								"up": {"uv": [14, 26], "uv_size": [1, 1]},
								"down": {"uv": [26, 15], "uv_size": [1, -1]}
							}
						},
						{
							"origin": [0.52787, 1.03456, -0.14015],
							"size": [0.2464, 0.53387, 0.05749],
							"uv": {
								"north": {"uv": [15, 26], "uv_size": [1, 1]},
								"east": {"uv": [26, 15], "uv_size": [1, 1]},
								"south": {"uv": [16, 26], "uv_size": [1, 1]},
								"west": {"uv": [26, 16], "uv_size": [1, 1]},
								"up": {"uv": [17, 26], "uv_size": [1, 1]},
								"down": {"uv": [26, 18], "uv_size": [1, -1]}
							}
						},
						{
							"origin": [0.52787, 0.80459, 0.2541],
							"size": [0.2464, 0.1232, 0.06571],
							"pivot": [0.61, 0.28715, -1.58571],
							"rotation": [25, 0, 0],
							"uv": {
								"north": {"uv": [18, 26], "uv_size": [1, 1]},
								"east": {"uv": [26, 18], "uv_size": [1, 1]},
								"south": {"uv": [19, 26], "uv_size": [1, 1]},
								"west": {"uv": [26, 19], "uv_size": [1, 1]},
								"up": {"uv": [20, 26], "uv_size": [1, 1]},
								"down": {"uv": [26, 21], "uv_size": [1, -1]}
							}
						},
						{
							"origin": [0.52787, -0.1071, 0.3198],
							"size": [0.2464, 0.1232, 0.06571],
							"pivot": [0.61, 0.28715, -1.58571],
							"rotation": [55, 0, 0],
							"uv": {
								"north": {"uv": [21, 26], "uv_size": [1, 1]},
								"east": {"uv": [26, 21], "uv_size": [1, 1]},
								"south": {"uv": [22, 26], "uv_size": [1, 1]},
								"west": {"uv": [26, 22], "uv_size": [1, 1]},
								"up": {"uv": [23, 26], "uv_size": [1, 1]},
								"down": {"uv": [26, 24], "uv_size": [1, -1]}
							}
						},
						{
							"origin": [2.1459, 1.24812, -1.60213],
							"size": [0.4928, 0.20534, 0.4928],
							"pivot": [0.61, 0.32, -1.52],
							"rotation": [0, 0, 21],
							"uv": {
								"north": {"uv": [24, 26], "uv_size": [1, 1]},
								"east": {"uv": [26, 24], "uv_size": [1, 1]},
								"south": {"uv": [25, 26], "uv_size": [1, 1]},
								"west": {"uv": [26, 25], "uv_size": [1, 1]},
								"up": {"uv": [26, 26], "uv_size": [1, 1]},
								"down": {"uv": [0, 28], "uv_size": [1, -1]}
							}
						},
						{
							"origin": [2.1459, 1.24812, -1.60213],
							"size": [0.3696, 0.20534, 0.57494],
							"pivot": [0.61, 0.32, -1.52],
							"rotation": [0, 0, 21],
							"uv": {
								"north": {"uv": [27, 0], "uv_size": [1, 1]},
								"east": {"uv": [1, 27], "uv_size": [1, 1]},
								"south": {"uv": [27, 1], "uv_size": [1, 1]},
								"west": {"uv": [2, 27], "uv_size": [1, 1]},
								"up": {"uv": [27, 2], "uv_size": [1, 1]},
								"down": {"uv": [3, 28], "uv_size": [1, -1]}
							}
						},
						{
							"origin": [2.1459, 1.24812, -0.78079],
							"size": [0.3696, 0.20534, 0.57494],
							"pivot": [0.61, 0.32, -1.52],
							"rotation": [0, 0, 21],
							"uv": {
								"north": {"uv": [27, 3], "uv_size": [1, 1]},
								"east": {"uv": [4, 27], "uv_size": [1, 1]},
								"south": {"uv": [27, 4], "uv_size": [1, 1]},
								"west": {"uv": [5, 27], "uv_size": [1, 1]},
								"up": {"uv": [27, 5], "uv_size": [1, 1]},
								"down": {"uv": [6, 28], "uv_size": [1, -1]}
							}
						},
						{
							"origin": [2.15412, 1.24812, -1.8896],
							"size": [0.41067, 0.20534, 0.09035],
							"pivot": [0.61, 0.32, -1.52],
							"rotation": [0, -22.5, 21],
							"uv": {
								"north": {"uv": [27, 6], "uv_size": [1, 1]},
								"east": {"uv": [7, 27], "uv_size": [1, 1]},
								"south": {"uv": [27, 7], "uv_size": [1, 1]},
								"west": {"uv": [8, 27], "uv_size": [1, 1]},
								"up": {"uv": [27, 8], "uv_size": [1, 1]},
								"down": {"uv": [9, 28], "uv_size": [1, -1]}
							}
						},
						{
							"origin": [1.67774, 1.24812, -0.1073],
							"size": [0.41067, 0.20534, 0.09035],
							"pivot": [0.61, 0.32, -1.52],
							"rotation": [0, 22.5, 21],
							"uv": {
								"north": {"uv": [27, 9], "uv_size": [1, 1]},
								"east": {"uv": [10, 27], "uv_size": [1, 1]},
								"south": {"uv": [27, 10], "uv_size": [1, 1]},
								"west": {"uv": [11, 27], "uv_size": [1, 1]},
								"up": {"uv": [27, 11], "uv_size": [1, 1]},
								"down": {"uv": [12, 28], "uv_size": [1, -1]}
							}
						},
						{
							"origin": [2.1459, 1.24812, -0.69866],
							"size": [0.4928, 0.20534, 0.4928],
							"pivot": [0.61, 0.32, -1.52],
							"rotation": [0, 0, 21],
							"uv": {
								"north": {"uv": [27, 12], "uv_size": [1, 1]},
								"east": {"uv": [13, 27], "uv_size": [1, 1]},
								"south": {"uv": [27, 13], "uv_size": [1, 1]},
								"west": {"uv": [14, 27], "uv_size": [1, 1]},
								"up": {"uv": [27, 14], "uv_size": [1, 1]},
								"down": {"uv": [15, 28], "uv_size": [1, -1]}
							}
						},
						{
							"origin": [0.52787, 0.36107, -1.62678],
							"size": [2.42189, 0.16427, 0.2464],
							"pivot": [0.61, 0.32, -1.52],
							"rotation": [-22.5, 0, 0],
							"uv": {
								"north": {"uv": [6, 12], "uv_size": [6, 1]},
								"east": {"uv": [27, 15], "uv_size": [1, 1]},
								"south": {"uv": [12, 6], "uv_size": [6, 1]},
								"west": {"uv": [16, 27], "uv_size": [1, 1]},
								"up": {"uv": [12, 7], "uv_size": [6, 1]},
								"down": {"uv": [12, 9], "uv_size": [6, -1]}
							}
						},
						{
							"origin": [0.52787, -0.1071, -0.51796],
							"size": [2.42189, 0.16427, 0.2464],
							"pivot": [0.61, 0.32, -1.52],
							"rotation": [22.5, 0, 0],
							"uv": {
								"north": {"uv": [12, 12], "uv_size": [6, 1]},
								"east": {"uv": [27, 16], "uv_size": [1, 1]},
								"south": {"uv": [0, 13], "uv_size": [6, 1]},
								"west": {"uv": [17, 27], "uv_size": [1, 1]},
								"up": {"uv": [6, 13], "uv_size": [6, 1]},
								"down": {"uv": [12, 14], "uv_size": [6, -1]}
							}
						}
					]
				},
				{
					"name": "bone40",
					"parent": "bone31",
					"pivot": [0.61, 0.20501, -0.18943],
					"rotation": [0, 180, 0],
					"cubes": [
						{
							"origin": [0.44573, 1.25206, 0.66231],
							"size": [0.2464, 0.40246, 0.05749],
							"pivot": [0.61, 0.32, -0.12372],
							"rotation": [-32, 0, 0],
							"uv": {
								"north": {"uv": [27, 17], "uv_size": [1, 1]},
								"east": {"uv": [18, 27], "uv_size": [1, 1]},
								"south": {"uv": [27, 18], "uv_size": [1, 1]},
								"west": {"uv": [19, 27], "uv_size": [1, 1]},
								"up": {"uv": [27, 19], "uv_size": [1, 1]},
								"down": {"uv": [20, 28], "uv_size": [1, -1]}
							}
						},
						{
							"origin": [0.44573, 1.03456, 1.25613],
							"size": [0.2464, 0.53387, 0.05749],
							"uv": {
								"north": {"uv": [27, 20], "uv_size": [1, 1]},
								"east": {"uv": [21, 27], "uv_size": [1, 1]},
								"south": {"uv": [27, 21], "uv_size": [1, 1]},
								"west": {"uv": [22, 27], "uv_size": [1, 1]},
								"up": {"uv": [27, 22], "uv_size": [1, 1]},
								"down": {"uv": [23, 28], "uv_size": [1, -1]}
							}
						},
						{
							"origin": [0.44573, 1.44076, 0.90085],
							"size": [0.2464, 0.04107, 0.05749],
							"pivot": [0.61, 0.20501, -0.18943],
							"rotation": [-19, 0, 0],
							"uv": {
								"north": {"uv": [27, 23], "uv_size": [1, 1]},
								"east": {"uv": [24, 27], "uv_size": [1, 1]},
								"south": {"uv": [27, 24], "uv_size": [1, 1]},
								"west": {"uv": [25, 27], "uv_size": [1, 1]},
								"up": {"uv": [27, 25], "uv_size": [1, 1]},
								"down": {"uv": [26, 28], "uv_size": [1, -1]}
							}
						},
						{
							"origin": [0.44573, 0.7969, 1.68508],
							"size": [0.2464, 0.1232, 0.06571],
							"pivot": [0.61, 0.20501, -0.18943],
							"rotation": [25, 0, 0],
							"uv": {
								"north": {"uv": [27, 26], "uv_size": [1, 1]},
								"east": {"uv": [27, 27], "uv_size": [1, 1]},
								"south": {"uv": [0, 28], "uv_size": [1, 1]},
								"west": {"uv": [28, 0], "uv_size": [1, 1]},
								"up": {"uv": [1, 28], "uv_size": [1, 1]},
								"down": {"uv": [28, 2], "uv_size": [1, -1]}
							}
						},
						{
							"origin": [0.44573, -0.14212, 1.78336],
							"size": [0.2464, 0.1232, 0.06571],
							"pivot": [0.61, 0.20501, -0.18943],
							"rotation": [55, 0, 0],
							"uv": {
								"north": {"uv": [2, 28], "uv_size": [1, 1]},
								"east": {"uv": [28, 2], "uv_size": [1, 1]},
								"south": {"uv": [3, 28], "uv_size": [1, 1]},
								"west": {"uv": [28, 3], "uv_size": [1, 1]},
								"up": {"uv": [4, 28], "uv_size": [1, 1]},
								"down": {"uv": [28, 5], "uv_size": [1, -1]}
							}
						},
						{
							"origin": [0.44573, -0.51994, 2.3583],
							"size": [0.2464, 0.1232, 0.06571],
							"pivot": [0.61, -0.1728, 0.38551],
							"rotation": [77.5, 0, 0],
							"uv": {
								"north": {"uv": [5, 28], "uv_size": [1, 1]},
								"east": {"uv": [28, 5], "uv_size": [1, 1]},
								"south": {"uv": [6, 28], "uv_size": [1, 1]},
								"west": {"uv": [28, 6], "uv_size": [1, 1]},
								"up": {"uv": [7, 28], "uv_size": [1, 1]},
								"down": {"uv": [28, 8], "uv_size": [1, -1]}
							}
						},
						{
							"origin": [0.44573, 3.38964, 1.73408],
							"size": [0.2464, 0.1232, 0.06571],
							"pivot": [0.61, 3.73678, -0.2305],
							"rotation": [-77.5, 0, 0],
							"uv": {
								"north": {"uv": [8, 28], "uv_size": [1, 1]},
								"east": {"uv": [28, 8], "uv_size": [1, 1]},
								"south": {"uv": [9, 28], "uv_size": [1, 1]},
								"west": {"uv": [28, 9], "uv_size": [1, 1]},
								"up": {"uv": [10, 28], "uv_size": [1, 1]},
								"down": {"uv": [28, 11], "uv_size": [1, -1]}
							}
						},
						{
							"origin": [0.44573, 1.69985, -0.02516],
							"size": [0.2464, 0.06571, 1.06774],
							"uv": {
								"north": {"uv": [11, 28], "uv_size": [1, 1]},
								"east": {"uv": [18, 13], "uv_size": [3, 1]},
								"south": {"uv": [28, 11], "uv_size": [1, 1]},
								"west": {"uv": [18, 14], "uv_size": [3, 1]},
								"up": {"uv": [15, 18], "uv_size": [1, 3]},
								"down": {"uv": [18, 18], "uv_size": [1, -3]}
							}
						}
					]
				},
				{
					"name": "ocular",
					"pivot": [0, 0, -0.5],
					"cubes": [
						{
							"origin": [-0.8, 0.7, -1.5],
							"size": [1.6, 1, 0],
							"uv": {
								"south": {"uv": [0, 0], "uv_size": [1.6, 1]}
							}
						}
					]
				},
				{
					"name": "scope_view",
					"pivot": [0, 1.17805, 5.03641]
				},
				{
					"name": "division",
					"pivot": [0, 0.175, -37.6],
					"cubes": [
						{
							"origin": [-0.3, 0.875, -36.6],
							"size": [0.6, 0.6, 0],
							"uv": {
								"south": {"uv": [28, 28], "uv_size": [36, 36]}
							}
						}
					]
				}
			]
		}
	]
}