{
	"format_version": "1.12.0",
	"minecraft:geometry": [
		{
			"description": {
				"identifier": "geometry.unknown",
				"texture_width": 64,
				"texture_height": 64,
				"visible_bounds_width": 10,
				"visible_bounds_height": 1.5,
				"visible_bounds_offset": [0, 0.25, 0]
			},
			"bones": [
				{
					"name": "scope_body",
					"pivot": [0.8, 0.125, 1.2],
					"rotation": [0, -90, 0],
					"cubes": [
						{
							"origin": [-1.2383, 0.3648, 1.23597],
							"size": [0.2398, 1.06711, 0.03597],
							"uv": {
								"north": {"uv": [0, 48], "uv_size": [2, 9]},
								"east": {"uv": [12, 51], "uv_size": [1, 9]},
								"south": {"uv": [2, 48], "uv_size": [2, 9]},
								"west": {"uv": [13, 51], "uv_size": [1, 9]},
								"up": {"uv": [39, 36], "uv_size": [2, 1]},
								"down": {"uv": [41, 41], "uv_size": [2, -1]}
							}
						},
						{
							"origin": [-1.2383, 1.43191, 1.23597],
							"size": [0.2398, 0.10791, 0.03597],
							"pivot": [-1.1184, 1.43191, 1.2],
							"rotation": [-15, 0, 0],
							"uv": {
								"north": {"uv": [43, 40], "uv_size": [2, 1]},
								"east": {"uv": [51, 46], "uv_size": [1, 1]},
								"south": {"uv": [45, 40], "uv_size": [2, 1]},
								"west": {"uv": [58, 30], "uv_size": [1, 1]},
								"up": {"uv": [47, 40], "uv_size": [2, 1]},
								"down": {"uv": [49, 47], "uv_size": [2, -1]}
							}
						},
						{
							"origin": [-1.2383, 1.55181, 1.27194],
							"size": [0.2398, 0.10791, 0.03597],
							"pivot": [-1.1184, 1.55181, 1.23597],
							"rotation": [-43.5, 0, 0],
							"uv": {
								"north": {"uv": [56, 46], "uv_size": [2, 1]},
								"east": {"uv": [58, 31], "uv_size": [1, 1]},
								"south": {"uv": [56, 56], "uv_size": [2, 1]},
								"west": {"uv": [32, 58], "uv_size": [1, 1]},
								"up": {"uv": [0, 57], "uv_size": [2, 1]},
								"down": {"uv": [57, 1], "uv_size": [2, -1]}
							}
						},
						{
							"origin": [-1.2383, 0.85639, 2.73472],
							"size": [0.2398, 0.34771, 0.04796],
							"uv": {
								"north": {"uv": [52, 44], "uv_size": [2, 3]},
								"east": {"uv": [8, 48], "uv_size": [1, 3]},
								"south": {"uv": [51, 53], "uv_size": [2, 3]},
								"west": {"uv": [46, 51], "uv_size": [1, 3]},
								"up": {"uv": [16, 32], "uv_size": [2, 1]},
								"down": {"uv": [18, 33], "uv_size": [2, -1]}
							}
						},
						{
							"origin": [-1.2383, 0.8444, 1.25995],
							"size": [0.2398, 0.34771, 0.04796],
							"uv": {
								"north": {"uv": [53, 53], "uv_size": [2, 3]},
								"east": {"uv": [48, 56], "uv_size": [1, 3]},
								"south": {"uv": [54, 44], "uv_size": [2, 3]},
								"west": {"uv": [56, 53], "uv_size": [1, 3]},
								"up": {"uv": [57, 1], "uv_size": [2, 1]},
								"down": {"uv": [2, 58], "uv_size": [2, -1]}
							}
						},
						{
							"origin": [-1.2383, 1.63574, 1.35587],
							"size": [0.2398, 0.10791, 0.03597],
							"pivot": [-1.1184, 1.63574, 1.3199],
							"rotation": [-76, 0, 0],
							"uv": {
								"north": {"uv": [57, 2], "uv_size": [2, 1]},
								"east": {"uv": [33, 58], "uv_size": [1, 1]},
								"south": {"uv": [57, 3], "uv_size": [2, 1]},
								"west": {"uv": [58, 36], "uv_size": [1, 1]},
								"up": {"uv": [4, 57], "uv_size": [2, 1]},
								"down": {"uv": [57, 5], "uv_size": [2, -1]}
							}
						},
						{
							"origin": [-1.2383, 1.52783, 2.71074],
							"size": [0.2398, 0.10791, 0.03597],
							"pivot": [-1.1184, 1.52783, 2.67477],
							"rotation": [76, 0, 0],
							"uv": {
								"north": {"uv": [57, 5], "uv_size": [2, 1]},
								"east": {"uv": [58, 37], "uv_size": [1, 1]},
								"south": {"uv": [6, 57], "uv_size": [2, 1]},
								"west": {"uv": [38, 58], "uv_size": [1, 1]},
								"up": {"uv": [57, 6], "uv_size": [2, 1]},
								"down": {"uv": [57, 8], "uv_size": [2, -1]}
							}
						},
						{
							"origin": [-1.2383, 1.46788, 2.74671],
							"size": [0.2398, 0.10791, 0.03597],
							"pivot": [-1.1184, 1.46788, 2.71074],
							"rotation": [43.5, 0, 0],
							"uv": {
								"north": {"uv": [57, 8], "uv_size": [2, 1]},
								"east": {"uv": [58, 38], "uv_size": [1, 1]},
								"south": {"uv": [57, 9], "uv_size": [2, 1]},
								"west": {"uv": [39, 58], "uv_size": [1, 1]},
								"up": {"uv": [57, 10], "uv_size": [2, 1]},
								"down": {"uv": [57, 12], "uv_size": [2, -1]}
							}
						},
						{
							"origin": [-1.2383, 1.39594, 2.7587],
							"size": [0.2398, 0.10791, 0.03597],
							"pivot": [-1.1184, 1.39594, 2.72273],
							"rotation": [15, 0, 0],
							"uv": {
								"north": {"uv": [57, 12], "uv_size": [2, 1]},
								"east": {"uv": [58, 39], "uv_size": [1, 1]},
								"south": {"uv": [57, 13], "uv_size": [2, 1]},
								"west": {"uv": [40, 58], "uv_size": [1, 1]},
								"up": {"uv": [57, 14], "uv_size": [2, 1]},
								"down": {"uv": [57, 16], "uv_size": [2, -1]}
							}
						},
						{
							"origin": [-1.2383, 1.65972, 1.46378],
							"size": [0.2398, 0.52756, 0.03597],
							"pivot": [-1.1184, 1.65972, 1.42781],
							"rotation": [-86, 0, 0],
							"uv": {
								"north": {"uv": [16, 51], "uv_size": [2, 4]},
								"east": {"uv": [19, 26], "uv_size": [1, 4]},
								"south": {"uv": [18, 51], "uv_size": [2, 4]},
								"west": {"uv": [55, 32], "uv_size": [1, 4]},
								"up": {"uv": [16, 57], "uv_size": [2, 1]},
								"down": {"uv": [18, 58], "uv_size": [2, -1]}
							}
						},
						{
							"origin": [-1.2383, 1.51584, 2.59084],
							"size": [0.2398, 0.50358, 0.03597],
							"pivot": [-1.1184, 1.55181, 2.55487],
							"rotation": [86, 0, 0],
							"uv": {
								"north": {"uv": [20, 51], "uv_size": [2, 4]},
								"east": {"uv": [36, 55], "uv_size": [1, 4]},
								"south": {"uv": [22, 51], "uv_size": [2, 4]},
								"west": {"uv": [37, 55], "uv_size": [1, 4]},
								"up": {"uv": [20, 57], "uv_size": [2, 1]},
								"down": {"uv": [22, 58], "uv_size": [2, -1]}
							}
						},
						{
							"origin": [-1.2383, 1.77962, 1.90741],
							"size": [0.2398, 0.14388, 0.03597],
							"pivot": [-1.1184, 1.69569, 1.87144],
							"rotation": [-91.5, 0, 0],
							"uv": {
								"north": {"uv": [57, 22], "uv_size": [2, 1]},
								"east": {"uv": [41, 58], "uv_size": [1, 1]},
								"south": {"uv": [57, 23], "uv_size": [2, 1]},
								"west": {"uv": [42, 58], "uv_size": [1, 1]},
								"up": {"uv": [24, 57], "uv_size": [2, 1]},
								"down": {"uv": [57, 25], "uv_size": [2, -1]}
							}
						},
						{
							"origin": [-1.2383, 1.14415, 1.29592],
							"size": [0.2398, 0.05995, 0.03597],
							"pivot": [-1.1184, 1.14415, 1.25995],
							"rotation": [45, 0, 0],
							"uv": {
								"north": {"uv": [57, 25], "uv_size": [2, 1]},
								"east": {"uv": [58, 42], "uv_size": [1, 1]},
								"south": {"uv": [26, 57], "uv_size": [2, 1]},
								"west": {"uv": [43, 58], "uv_size": [1, 1]},
								"up": {"uv": [28, 57], "uv_size": [2, 1]},
								"down": {"uv": [30, 58], "uv_size": [2, -1]}
							}
						},
						{
							"origin": [-1.2383, 1.15614, 2.78268],
							"size": [0.2398, 0.03597, 0.03597],
							"pivot": [-1.1184, 1.14415, 2.74671],
							"rotation": [45, 0, 0],
							"uv": {
								"north": {"uv": [32, 57], "uv_size": [2, 1]},
								"east": {"uv": [58, 43], "uv_size": [1, 1]},
								"south": {"uv": [57, 32], "uv_size": [2, 1]},
								"west": {"uv": [58, 44], "uv_size": [1, 1]},
								"up": {"uv": [57, 33], "uv_size": [2, 1]},
								"down": {"uv": [57, 35], "uv_size": [2, -1]}
							}
						},
						{
							"origin": [-1.2383, 0.79644, 1.27194],
							"size": [0.2398, 0.05995, 0.04796],
							"pivot": [-1.1184, 0.79644, 1.24796],
							"rotation": [37.5, 0, 0],
							"uv": {
								"north": {"uv": [57, 35], "uv_size": [2, 1]},
								"east": {"uv": [58, 45], "uv_size": [1, 1]},
								"south": {"uv": [38, 57], "uv_size": [2, 1]},
								"west": {"uv": [46, 58], "uv_size": [1, 1]},
								"up": {"uv": [40, 57], "uv_size": [2, 1]},
								"down": {"uv": [42, 58], "uv_size": [2, -1]}
							}
						},
						{
							"origin": [-1.2383, 0.41276, 1.28393],
							"size": [0.2398, 0.20383, 0.04796],
							"pivot": [-1.1184, 0.53266, 1.25995],
							"rotation": [37.5, 0, 0],
							"uv": {
								"north": {"uv": [38, 55], "uv_size": [2, 2]},
								"east": {"uv": [44, 57], "uv_size": [1, 2]},
								"south": {"uv": [40, 55], "uv_size": [2, 2]},
								"west": {"uv": [45, 57], "uv_size": [1, 2]},
								"up": {"uv": [57, 47], "uv_size": [2, 1]},
								"down": {"uv": [57, 49], "uv_size": [2, -1]}
							}
						},
						{
							"origin": [-1.2383, 0.41276, 2.71074],
							"size": [0.2398, 0.20383, 0.04796],
							"pivot": [-1.1184, 0.53266, 2.68676],
							"rotation": [-37.5, 0, 0],
							"uv": {
								"north": {"uv": [42, 55], "uv_size": [2, 2]},
								"east": {"uv": [57, 53], "uv_size": [1, 2]},
								"south": {"uv": [44, 55], "uv_size": [2, 2]},
								"west": {"uv": [55, 57], "uv_size": [1, 2]},
								"up": {"uv": [57, 55], "uv_size": [2, 1]},
								"down": {"uv": [56, 58], "uv_size": [2, -1]}
							}
						},
						{
							"origin": [-1.2383, 0.79644, 2.78268],
							"size": [0.2398, 0.04796, 0.03597],
							"pivot": [-1.1184, 0.78445, 2.74671],
							"rotation": [37.5, 0, 0],
							"uv": {
								"north": {"uv": [0, 58], "uv_size": [2, 1]},
								"east": {"uv": [58, 46], "uv_size": [1, 1]},
								"south": {"uv": [2, 58], "uv_size": [2, 1]},
								"west": {"uv": [47, 58], "uv_size": [1, 1]},
								"up": {"uv": [4, 58], "uv_size": [2, 1]},
								"down": {"uv": [6, 59], "uv_size": [2, -1]}
							}
						},
						{
							"origin": [-0.9985, 0.50868, 1.23597],
							"size": [0.2398, 0.43164, 0.03597],
							"pivot": [-0.8786, 0.50868, 1.2],
							"rotation": [0, 0, -37.5],
							"uv": {
								"north": {"uv": [24, 51], "uv_size": [2, 4]},
								"east": {"uv": [55, 49], "uv_size": [1, 4]},
								"south": {"uv": [26, 51], "uv_size": [2, 4]},
								"west": {"uv": [55, 53], "uv_size": [1, 4]},
								"up": {"uv": [16, 58], "uv_size": [2, 1]},
								"down": {"uv": [58, 17], "uv_size": [2, -1]}
							}
						},
						{
							"origin": [-0.93855, 0.41276, 1.23597],
							"size": [0.21582, 0.4796, 0.03597],
							"pivot": [-0.84263, 0.41276, 1.2],
							"rotation": [0, 0, -67.5],
							"uv": {
								"north": {"uv": [28, 51], "uv_size": [2, 4]},
								"east": {"uv": [56, 0], "uv_size": [1, 4]},
								"south": {"uv": [30, 51], "uv_size": [2, 4]},
								"west": {"uv": [56, 4], "uv_size": [1, 4]},
								"up": {"uv": [58, 17], "uv_size": [2, 1]},
								"down": {"uv": [18, 59], "uv_size": [2, -1]}
							}
						},
						{
							"origin": [-0.8786, 0.42475, 1.23597],
							"size": [0.2398, 0.46761, 0.03597],
							"pivot": [-0.7587, 0.42475, 1.2],
							"rotation": [0, 0, -55],
							"uv": {
								"north": {"uv": [32, 51], "uv_size": [2, 4]},
								"east": {"uv": [8, 56], "uv_size": [1, 4]},
								"south": {"uv": [34, 51], "uv_size": [2, 4]},
								"west": {"uv": [56, 8], "uv_size": [1, 4]},
								"up": {"uv": [58, 18], "uv_size": [2, 1]},
								"down": {"uv": [58, 20], "uv_size": [2, -1]}
							}
						},
						{
							"origin": [-0.8786, 0.35281, 1.23597],
							"size": [0.21582, 0.63547, 0.03597],
							"pivot": [-0.7587, 0.42475, 1.2],
							"rotation": [0, 0, -91],
							"uv": {
								"north": {"uv": [47, 49], "uv_size": [2, 5]},
								"east": {"uv": [49, 54], "uv_size": [1, 5]},
								"south": {"uv": [49, 49], "uv_size": [2, 5]},
								"west": {"uv": [50, 54], "uv_size": [1, 5]},
								"up": {"uv": [20, 58], "uv_size": [2, 1]},
								"down": {"uv": [58, 21], "uv_size": [2, -1]}
							}
						},
						{
							"origin": [-0.9985, 0.50868, 2.7587],
							"size": [0.2398, 0.43164, 0.03597],
							"pivot": [-0.8786, 0.50868, 2.72273],
							"rotation": [0, 0, -37.5],
							"uv": {
								"north": {"uv": [36, 51], "uv_size": [2, 4]},
								"east": {"uv": [9, 56], "uv_size": [1, 4]},
								"south": {"uv": [38, 51], "uv_size": [2, 4]},
								"west": {"uv": [10, 56], "uv_size": [1, 4]},
								"up": {"uv": [58, 21], "uv_size": [2, 1]},
								"down": {"uv": [22, 59], "uv_size": [2, -1]}
							}
						},
						{
							"origin": [-0.93855, 0.41276, 2.7587],
							"size": [0.21582, 0.4796, 0.03597],
							"pivot": [-0.84263, 0.41276, 2.72273],
							"rotation": [0, 0, -67.5],
							"uv": {
								"north": {"uv": [40, 51], "uv_size": [2, 4]},
								"east": {"uv": [11, 56], "uv_size": [1, 4]},
								"south": {"uv": [42, 51], "uv_size": [2, 4]},
								"west": {"uv": [56, 12], "uv_size": [1, 4]},
								"up": {"uv": [24, 58], "uv_size": [2, 1]},
								"down": {"uv": [26, 59], "uv_size": [2, -1]}
							}
						},
						{
							"origin": [-0.8786, 0.35281, 2.7587],
							"size": [0.21582, 0.63547, 0.03597],
							"pivot": [-0.7587, 0.42475, 2.72273],
							"rotation": [0, 0, -91],
							"uv": {
								"north": {"uv": [8, 51], "uv_size": [2, 5]},
								"east": {"uv": [34, 55], "uv_size": [1, 5]},
								"south": {"uv": [10, 51], "uv_size": [2, 5]},
								"west": {"uv": [35, 55], "uv_size": [1, 5]},
								"up": {"uv": [58, 26], "uv_size": [2, 1]},
								"down": {"uv": [58, 28], "uv_size": [2, -1]}
							}
						},
						{
							"origin": [-0.8786, 0.42475, 2.7587],
							"size": [0.2398, 0.46761, 0.03597],
							"pivot": [-0.7587, 0.42475, 2.72273],
							"rotation": [0, 0, -55],
							"uv": {
								"north": {"uv": [44, 51], "uv_size": [2, 4]},
								"east": {"uv": [56, 22], "uv_size": [1, 4]},
								"south": {"uv": [51, 49], "uv_size": [2, 4]},
								"west": {"uv": [56, 32], "uv_size": [1, 4]},
								"up": {"uv": [28, 58], "uv_size": [2, 1]},
								"down": {"uv": [58, 29], "uv_size": [2, -1]}
							}
						},
						{
							"origin": [-1.2383, 0.3648, 2.7587],
							"size": [0.2398, 1.06711, 0.03597],
							"uv": {
								"north": {"uv": [4, 48], "uv_size": [2, 9]},
								"east": {"uv": [14, 51], "uv_size": [1, 9]},
								"south": {"uv": [6, 48], "uv_size": [2, 9]},
								"west": {"uv": [15, 51], "uv_size": [1, 9]},
								"up": {"uv": [58, 29], "uv_size": [2, 1]},
								"down": {"uv": [30, 59], "uv_size": [2, -1]}
							}
						},
						{
							"origin": [-1.28626, 0.25689, 1.37985],
							"size": [1.89442, 0.2398, 1.25895],
							"uv": {
								"north": {"uv": [9, 37], "uv_size": [16, 2]},
								"east": {"uv": [27, 41], "uv_size": [11, 2]},
								"south": {"uv": [25, 37], "uv_size": [16, 2]},
								"west": {"uv": [41, 36], "uv_size": [11, 2]},
								"up": {"uv": [20, 22], "uv_size": [16, 11]},
								"down": {"uv": [0, 37], "uv_size": [16, -11]}
							}
						},
						{
							"origin": [-1.45412, -0.125, 1.24796],
							"size": [2.37402, 0.46582, 1.53472],
							"uv": {
								"north": {"uv": [16, 33], "uv_size": [20, 2]},
								"east": {"uv": [40, 18], "uv_size": [13, 2]},
								"south": {"uv": [16, 35], "uv_size": [20, 2]},
								"west": {"uv": [40, 20], "uv_size": [13, 2]},
								"up": {"uv": [0, 0], "uv_size": [20, 13]},
								"down": {"uv": [0, 26], "uv_size": [20, -13]}
							}
						},
						{
							"origin": [-1.45412, -0.18189, 1.32985],
							"size": [2.37402, 0.39082, 1.30895],
							"uv": {
								"north": {"uv": [36, 22], "uv_size": [20, 2]},
								"east": {"uv": [38, 41], "uv_size": [11, 2]},
								"south": {"uv": [36, 24], "uv_size": [20, 2]},
								"west": {"uv": [41, 38], "uv_size": [11, 2]},
								"up": {"uv": [20, 0], "uv_size": [20, 11]},
								"down": {"uv": [20, 22], "uv_size": [20, -11]}
							}
						},
						{
							"origin": [-1.28626, 1.16813, 2.81865],
							"size": [1.94238, 0.2398, 0.19184],
							"pivot": [0.48826, 1.16813, 1.57169],
							"rotation": [-43.5, 0, 0],
							"uv": {
								"north": {"uv": [9, 39], "uv_size": [16, 2]},
								"east": {"uv": [56, 16], "uv_size": [2, 2]},
								"south": {"uv": [25, 39], "uv_size": [16, 2]},
								"west": {"uv": [56, 36], "uv_size": [2, 2]},
								"up": {"uv": [39, 26], "uv_size": [16, 2]},
								"down": {"uv": [39, 30], "uv_size": [16, -2]}
							}
						},
						{
							"origin": [-1.28626, 1.2041, 1.5597],
							"size": [1.93039, 0.20383, 0.19184],
							"pivot": [0.48826, 1.16813, 0.31274],
							"rotation": [-43.5, 0, 0],
							"uv": {
								"north": {"uv": [39, 30], "uv_size": [16, 2]},
								"east": {"uv": [56, 38], "uv_size": [2, 2]},
								"south": {"uv": [39, 32], "uv_size": [16, 2]},
								"west": {"uv": [56, 42], "uv_size": [2, 2]},
								"up": {"uv": [39, 34], "uv_size": [16, 2]},
								"down": {"uv": [40, 2], "uv_size": [16, -2]}
							}
						},
						{
							"origin": [-1.28626, 0.98828, 1.5597],
							"size": [1.93039, 0.20383, 0.19184],
							"pivot": [0.48826, 0.95231, 0.31274],
							"rotation": [-43.5, 0, 0],
							"uv": {
								"north": {"uv": [40, 2], "uv_size": [16, 2]},
								"east": {"uv": [56, 44], "uv_size": [2, 2]},
								"south": {"uv": [40, 4], "uv_size": [16, 2]},
								"west": {"uv": [46, 56], "uv_size": [2, 2]},
								"up": {"uv": [40, 6], "uv_size": [16, 2]},
								"down": {"uv": [40, 10], "uv_size": [16, -2]}
							}
						},
						{
							"origin": [-1.28626, 0.98828, 2.83064],
							"size": [1.93039, 0.20383, 0.19184],
							"pivot": [0.48826, 0.95231, 1.58368],
							"rotation": [-43.5, 0, 0],
							"uv": {
								"north": {"uv": [40, 10], "uv_size": [16, 2]},
								"east": {"uv": [56, 49], "uv_size": [2, 2]},
								"south": {"uv": [40, 12], "uv_size": [16, 2]},
								"west": {"uv": [51, 56], "uv_size": [2, 2]},
								"up": {"uv": [40, 14], "uv_size": [16, 2]},
								"down": {"uv": [40, 18], "uv_size": [16, -2]}
							}
						},
						{
							"origin": [0.47627, 0.18495, 1.37985],
							"size": [0.3597, 0.2398, 1.25895],
							"pivot": [0.71607, 0.18495, 1.2],
							"rotation": [0, 0, 25],
							"uv": {
								"north": {"uv": [46, 54], "uv_size": [3, 2]},
								"east": {"uv": [27, 43], "uv_size": [11, 2]},
								"south": {"uv": [16, 55], "uv_size": [3, 2]},
								"west": {"uv": [38, 43], "uv_size": [11, 2]},
								"up": {"uv": [36, 26], "uv_size": [3, 11]},
								"down": {"uv": [0, 48], "uv_size": [3, -11]}
							}
						},
						{
							"origin": [-1.52606, 0.16097, 1.37985],
							"size": [0.3597, 0.2398, 1.25895],
							"pivot": [-1.28626, 0.16097, 1.2],
							"rotation": [0, 0, 44],
							"uv": {
								"north": {"uv": [55, 18], "uv_size": [3, 2]},
								"east": {"uv": [27, 45], "uv_size": [11, 2]},
								"south": {"uv": [19, 55], "uv_size": [3, 2]},
								"west": {"uv": [38, 45], "uv_size": [11, 2]},
								"up": {"uv": [3, 37], "uv_size": [3, 11]},
								"down": {"uv": [6, 48], "uv_size": [3, -11]}
							}
						},
						{
							"origin": [-0.67477, 0.22092, 1.45179],
							"size": [0.3597, 0.2398, 1.13905],
							"pivot": [-0.43497, 0.22092, 1.51174],
							"rotation": [0, 0, 25],
							"uv": {
								"north": {"uv": [55, 20], "uv_size": [3, 2]},
								"east": {"uv": [27, 47], "uv_size": [10, 2]},
								"south": {"uv": [22, 55], "uv_size": [3, 2]},
								"west": {"uv": [37, 47], "uv_size": [10, 2]},
								"up": {"uv": [9, 41], "uv_size": [3, 10]},
								"down": {"uv": [12, 51], "uv_size": [3, -10]}
							}
						},
						{
							"origin": [-1.03447, 0.22092, 1.45179],
							"size": [0.3597, 0.2398, 1.13905],
							"pivot": [-0.79467, 0.22092, 1.51174],
							"rotation": [0, 0, 25],
							"uv": {
								"north": {"uv": [25, 55], "uv_size": [3, 2]},
								"east": {"uv": [47, 47], "uv_size": [10, 2]},
								"south": {"uv": [55, 26], "uv_size": [3, 2]},
								"west": {"uv": [27, 49], "uv_size": [10, 2]},
								"up": {"uv": [15, 41], "uv_size": [3, 10]},
								"down": {"uv": [18, 51], "uv_size": [3, -10]}
							}
						},
						{
							"origin": [-0.11124, 0.26888, 1.7995],
							"size": [0.3597, 0.2398, 0.43164],
							"pivot": [0.12856, 0.26888, 1.75154],
							"rotation": [0, 0, 25],
							"uv": {
								"north": {"uv": [28, 55], "uv_size": [3, 2]},
								"east": {"uv": [16, 30], "uv_size": [4, 2]},
								"south": {"uv": [55, 28], "uv_size": [3, 2]},
								"west": {"uv": [52, 36], "uv_size": [4, 2]},
								"up": {"uv": [16, 26], "uv_size": [3, 4]},
								"down": {"uv": [49, 46], "uv_size": [3, -4]}
							}
						},
						{
							"origin": [-0.23114, 0.34082, 1.7995],
							"size": [0.25179, 0.2398, 0.43164],
							"uv": {
								"north": {"uv": [56, 51], "uv_size": [2, 2]},
								"east": {"uv": [52, 38], "uv_size": [4, 2]},
								"south": {"uv": [53, 56], "uv_size": [2, 2]},
								"west": {"uv": [52, 42], "uv_size": [4, 2]},
								"up": {"uv": [53, 18], "uv_size": [2, 4]},
								"down": {"uv": [53, 53], "uv_size": [2, -4]}
							}
						},
						{
							"origin": [-0.90258, 0.29286, 1.45179],
							"size": [0.3597, 0.2398, 1.13905],
							"uv": {
								"north": {"uv": [55, 30], "uv_size": [3, 2]},
								"east": {"uv": [37, 49], "uv_size": [10, 2]},
								"south": {"uv": [31, 55], "uv_size": [3, 2]},
								"west": {"uv": [49, 40], "uv_size": [10, 2]},
								"up": {"uv": [21, 41], "uv_size": [3, 10]},
								"down": {"uv": [24, 51], "uv_size": [3, -10]}
							}
						},
						{
							"origin": [0.88945, -0.11478, 1.5892],
							"size": [0.097, 0.291, 1.25406],
							"pivot": [0.30688, -0.07406, 1.82314],
							"rotation": [0, 90, 0],
							"uv": {
								"north": {"uv": [0, 0], "uv_size": [0, 0]},
								"east": {"uv": [0, 0], "uv_size": [0, 0]},
								"south": {"uv": [0, 0], "uv_size": [0, 0]},
								"west": {"uv": [0, 0], "uv_size": [0.5, 0]},
								"up": {"uv": [0, 0], "uv_size": [0, 0]},
								"down": {"uv": [0, 0], "uv_size": [0, 0]}
							}
						},
						{
							"origin": [0.98038, -0.11478, 1.71076],
							"size": [0.097, 0.291, 0.4365],
							"pivot": [0.30688, -0.07406, 1.82314],
							"rotation": [0, 77.5, 0],
							"uv": {
								"north": {"uv": [0, 0], "uv_size": [0, 0]},
								"east": {"uv": [0, 0], "uv_size": [0, 0]},
								"south": {"uv": [0, 0], "uv_size": [0, 0]},
								"west": {"uv": [0.5, 0], "uv_size": [-0.5, 0]},
								"up": {"uv": [0, 0], "uv_size": [0, 0]},
								"down": {"uv": [0, 0], "uv_size": [0, 0]}
							}
						},
						{
							"origin": [0.98645, -0.11478, 1.5892],
							"size": [0.097, 0.291, 0.291],
							"pivot": [0.30688, -0.07406, 1.82314],
							"rotation": [0, 90, 0],
							"uv": {
								"north": {"uv": [0, 0], "uv_size": [0, 0]},
								"east": {"uv": [0, 0], "uv_size": [0, 0]},
								"south": {"uv": [0, 0], "uv_size": [0, 0]},
								"west": {"uv": [0.5, 0], "uv_size": [-0.5, 0]},
								"up": {"uv": [0, 0], "uv_size": [0, 0]},
								"down": {"uv": [0, 0], "uv_size": [0, 0]}
							}
						},
						{
							"origin": [0.88338, -0.00685, 1.84845],
							"size": [0.1456, 0.07225, -0.06705],
							"inflate": 0.10938,
							"pivot": [0.30688, -0.07406, 1.82314],
							"rotation": [-180, 67.5, 180],
							"uv": {
								"north": {"uv": [0, 0], "uv_size": [0, 0]},
								"east": {"uv": [0, 0], "uv_size": [0, 0]},
								"south": {"uv": [0, 0], "uv_size": [0, 0]},
								"west": {"uv": [0.5, 0], "uv_size": [-0.5, 0]},
								"up": {"uv": [0, 0], "uv_size": [0, 0]},
								"down": {"uv": [0, 0], "uv_size": [0, 0]}
							}
						},
						{
							"origin": [0.6874, -0.00685, 1.39173],
							"size": [0.1456, 0.07225, -0.06705],
							"inflate": 0.10938,
							"pivot": [0.30688, -0.07406, 1.82314],
							"rotation": [0, 67.5, 0],
							"uv": {
								"north": {"uv": [0, 0], "uv_size": [0, 0]},
								"east": {"uv": [0, 0], "uv_size": [0, 0]},
								"south": {"uv": [0, 0], "uv_size": [0, 0]},
								"west": {"uv": [0.5, 0], "uv_size": [-0.5, 0]},
								"up": {"uv": [0, 0], "uv_size": [0, 0]},
								"down": {"uv": [0, 0], "uv_size": [0, 0]}
							}
						},
						{
							"origin": [0.79373, -0.00685, 1.2854],
							"size": [-0.06705, 0.07225, 0.1456],
							"inflate": 0.10938,
							"pivot": [0.30688, -0.07406, 1.82314],
							"rotation": [0, 67.5, 0],
							"uv": {
								"north": {"uv": [0, 0], "uv_size": [0, 0]},
								"east": {"uv": [0, 0], "uv_size": [0, 0]},
								"south": {"uv": [0, 0], "uv_size": [0, 0]},
								"west": {"uv": [0.5, 0], "uv_size": [-0.5, 0]},
								"up": {"uv": [0, 0], "uv_size": [0, 0]},
								"down": {"uv": [0, 0], "uv_size": [0, 0]}
							}
						},
						{
							"origin": [0.98971, -0.00685, 1.74212],
							"size": [-0.06705, 0.07225, 0.1456],
							"inflate": 0.10938,
							"pivot": [0.30688, -0.07406, 1.82314],
							"rotation": [-180, 67.5, 180],
							"uv": {
								"north": {"uv": [0, 0], "uv_size": [0, 0]},
								"east": {"uv": [0, 0], "uv_size": [0, 0]},
								"south": {"uv": [0, 0], "uv_size": [0, 0]},
								"west": {"uv": [0.5, 0], "uv_size": [-0.5, 0]},
								"up": {"uv": [0, 0], "uv_size": [0, 0]},
								"down": {"uv": [0, 0], "uv_size": [0, 0]}
							}
						},
						{
							"origin": [-1.38043, 0.06359, 1.31926],
							"size": [2.23845, 0.21298, 0.21483],
							"pivot": [0.13188, -0.07406, 1.74814],
							"rotation": [47.5, 0, 0],
							"uv": {
								"north": {"uv": [0.25, 0], "uv_size": [0.25, 0]},
								"east": {"uv": [1.5, -0.46667], "uv_size": [-0.225, -0.03333]},
								"south": {"uv": [0.25, 0], "uv_size": [0.25, 0]},
								"west": {"uv": [0.15, 0], "uv_size": [-0.15, 0]},
								"up": {"uv": [0.03125, 0], "uv_size": [0.25, 0]},
								"down": {"uv": [0, 0], "uv_size": [0.25, 0]}
							}
						},
						{
							"origin": [-1.37176, 0.33544, 2.33485],
							"size": [2.23845, 0.21298, 0.21483],
							"pivot": [0.13188, -0.02406, 1.87314],
							"rotation": [-47.5, 0, 0],
							"uv": {
								"north": {"uv": [0.25, 0], "uv_size": [0.25, 0]},
								"east": {"uv": [0.225, 0], "uv_size": [-0.225, -0.03333]},
								"south": {"uv": [0.25, 0], "uv_size": [0.25, 0]},
								"west": {"uv": [1, 0], "uv_size": [-0.15, 0]},
								"up": {"uv": [0.28125, 0], "uv_size": [-0.25, 0]},
								"down": {"uv": [0.25, 0], "uv_size": [-0.25, 0]}
							}
						}
					]
				},
				{
					"name": "division",
					"pivot": [1.365, 0.315, -26.69625],
					"rotation": [0, 0, -90]
				},
				{
					"name": "division_illuminated",
					"parent": "division",
					"pivot": [1.97261, 0.62295, -114.00375],
					"cubes": [
						{
							"origin": [1.29953, 0.95632, -84.28859],
							"size": [1.44344, 1.44344, 0.41969],
							"inflate": -0.26562,
							"uv": {
								"south": {"uv": [0, 62.5], "uv_size": [1.5, 1.5]}
							}
						}
					]
				},
				{
					"name": "ocular",
					"pivot": [0, -0.02625, 0.39375],
					"cubes": [
						{
							"origin": [-0.735, 0.28875, -0.65625],
							"size": [1.47, 1.47, 0],
							"uv": {
								"south": {"uv": [0, 2.25], "uv_size": [2.25, 1]}
							}
						}
					]
				},
				{
					"name": "scope_view",
					"pivot": [0, 0.98765, 7.63]
				}
			]
		}
	]
}