{
	"format_version": "1.21.0",
	"minecraft:geometry": [
		{
			"description": {
				"identifier": "geometry.unknown",
				"texture_width": 128,
				"texture_height": 128,
				"visible_bounds_width": 3,
				"visible_bounds_height": 1.5,
				"visible_bounds_offset": [0, 0.25, 0]
			},
			"bones": [
				{
					"name": "division",
					"pivot": [1.3, 0.45, 32.275],
					"rotation": [0, 0, -90]
				},
				{
					"name": "division_illuminated",
					"parent": "division",
					"pivot": [1.87868, 0.74329, -50.875],
					"cubes": [
						{
							"origin": [1.51848, 1.31007, -25.1375],
							"size": [0.9, 0.7, 0.425],
							"inflate": -0.26562,
							"pivot": [1.96848, 1.66007, -24.925],
							"rotation": [0, 0, -50],
							"uv": {
								"south": {"uv": [78.5, 0], "uv_size": [0.5, 2.5], "uv_rotation": 180}
							}
						},
						{
							"origin": [1.51848, 1.48993, -25.1375],
							"size": [0.9, 0.7, 0.425],
							"inflate": -0.26562,
							"pivot": [1.96848, 1.83993, -24.925],
							"rotation": [0, 0, 50],
							"uv": {
								"south": {"uv": [78.5, 2.5], "uv_size": [0.5, -2.5], "uv_rotation": 180}
							}
						}
					]
				},
				{
					"name": "scope_body",
					"pivot": [0.625, -0.2, -0.175]
				},
				{
					"name": "bone",
					"parent": "scope_body",
					"pivot": [0.625, -0.2, -0.175],
					"cubes": [
						{
							"origin": [-0.851, -0.2, -0.355],
							"size": [1.656, 0.648, 2.016],
							"uv": {
								"north": {"uv": [36, 0], "uv_size": [9, 4]},
								"east": {"uv": [30, 6], "uv_size": [11, 4]},
								"south": {"uv": [36, 32], "uv_size": [9, 4]},
								"west": {"uv": [30, 10], "uv_size": [11, 4]},
								"up": {"uv": [0, 15], "uv_size": [9, 11]},
								"down": {"uv": [9, 26], "uv_size": [9, -11]}
							}
						},
						{
							"origin": [-1.049, -0.038, -0.355],
							"size": [1.656, 0.414, 2.016],
							"uv": {
								"north": {"uv": [52, 30], "uv_size": [9, 2]},
								"east": {"uv": [45, 38], "uv_size": [11, 2]},
								"south": {"uv": [25, 53], "uv_size": [9, 2]},
								"west": {"uv": [46, 26], "uv_size": [11, 2]},
								"up": {"uv": [18, 0], "uv_size": [9, 11]},
								"down": {"uv": [18, 22], "uv_size": [9, -11]}
							}
						},
						{
							"origin": [-1.121, -0.038, 1.517],
							"size": [1.548, 0.414, 0.126],
							"uv": {
								"north": {"uv": [0, 54], "uv_size": [9, 2]},
								"east": {"uv": [25, 51], "uv_size": [1, 2]},
								"south": {"uv": [9, 54], "uv_size": [9, 2]},
								"west": {"uv": [73, 49], "uv_size": [1, 2]},
								"up": {"uv": [0, 43], "uv_size": [9, 1]},
								"down": {"uv": [63, 38], "uv_size": [9, -1]}
							}
						},
						{
							"origin": [-1.121, -0.038, 1.319],
							"size": [1.548, 0.414, 0.126],
							"uv": {
								"north": {"uv": [54, 32], "uv_size": [9, 2]},
								"east": {"uv": [73, 58], "uv_size": [1, 2]},
								"south": {"uv": [54, 34], "uv_size": [9, 2]},
								"west": {"uv": [59, 73], "uv_size": [1, 2]},
								"up": {"uv": [64, 16], "uv_size": [9, 1]},
								"down": {"uv": [64, 18], "uv_size": [9, -1]}
							}
						},
						{
							"origin": [-1.121, -0.038, 1.139],
							"size": [1.548, 0.414, 0.126],
							"uv": {
								"north": {"uv": [54, 36], "uv_size": [9, 2]},
								"east": {"uv": [60, 73], "uv_size": [1, 2]},
								"south": {"uv": [54, 40], "uv_size": [9, 2]},
								"west": {"uv": [73, 60], "uv_size": [1, 2]},
								"up": {"uv": [64, 18], "uv_size": [9, 1]},
								"down": {"uv": [64, 20], "uv_size": [9, -1]}
							}
						},
						{
							"origin": [-1.247, -0.038, -0.049],
							"size": [1.656, 0.414, 0.486],
							"uv": {
								"north": {"uv": [54, 42], "uv_size": [9, 2]},
								"east": {"uv": [65, 35], "uv_size": [3, 2]},
								"south": {"uv": [54, 44], "uv_size": [9, 2]},
								"west": {"uv": [65, 52], "uv_size": [3, 2]},
								"up": {"uv": [20, 41], "uv_size": [9, 3]},
								"down": {"uv": [45, 35], "uv_size": [9, -3]}
							}
						},
						{
							"origin": [-0.905, -0.038, 0.419],
							"size": [1.656, 0.414, 0.486],
							"pivot": [0.625, -0.2, -0.175],
							"rotation": [0, -31, 0],
							"uv": {
								"north": {"uv": [55, 14], "uv_size": [9, 2]},
								"east": {"uv": [66, 3], "uv_size": [3, 2]},
								"south": {"uv": [55, 16], "uv_size": [9, 2]},
								"west": {"uv": [67, 5], "uv_size": [3, 2]},
								"up": {"uv": [33, 45], "uv_size": [9, 3]},
								"down": {"uv": [45, 38], "uv_size": [9, -3]}
							}
						},
						{
							"origin": [-1.337, -0.038, -0.085],
							"size": [1.656, 0.414, 1.278],
							"pivot": [0.625, -0.2, -0.175],
							"rotation": [0, 15, 0],
							"uv": {
								"north": {"uv": [18, 55], "uv_size": [9, 2]},
								"east": {"uv": [41, 57], "uv_size": [7, 2]},
								"south": {"uv": [55, 18], "uv_size": [9, 2]},
								"west": {"uv": [57, 46], "uv_size": [7, 2]},
								"up": {"uv": [18, 22], "uv_size": [9, 7]},
								"down": {"uv": [0, 33], "uv_size": [9, -7]}
							}
						},
						{
							"origin": [0.535, 0.466, -0.769],
							"size": [0.612, 0.09, 2.646],
							"pivot": [0.625, 0.394, -0.589],
							"rotation": [0, 0, -47.5],
							"uv": {
								"north": {"uv": [22, 35], "uv_size": [3, 1]},
								"east": {"uv": [56, 12], "uv_size": [15, 1]},
								"south": {"uv": [33, 44], "uv_size": [3, 1]},
								"west": {"uv": [56, 13], "uv_size": [15, 1]},
								"up": {"uv": [27, 6], "uv_size": [3, 15]},
								"down": {"uv": [27, 36], "uv_size": [3, -15]}
							}
						},
						{
							"origin": [0.535, 0.52, -0.769],
							"size": [0.666, 0.162, 1.116],
							"pivot": [0.625, 0.394, -0.589],
							"rotation": [0, 0, -47.5],
							"uv": {
								"north": {"uv": [0, 53], "uv_size": [4, 1]},
								"east": {"uv": [65, 54], "uv_size": [6, 1]},
								"south": {"uv": [57, 29], "uv_size": [4, 1]},
								"west": {"uv": [67, 7], "uv_size": [6, 1]},
								"up": {"uv": [46, 20], "uv_size": [4, 6]},
								"down": {"uv": [42, 52], "uv_size": [4, -6]}
							}
						},
						{
							"origin": [-0.869, 0.664, -0.769],
							"size": [1.53, 0.162, 1.116],
							"uv": {
								"north": {"uv": [64, 46], "uv_size": [9, 1]},
								"east": {"uv": [67, 8], "uv_size": [6, 1]},
								"south": {"uv": [64, 47], "uv_size": [9, 1]},
								"west": {"uv": [67, 48], "uv_size": [6, 1]},
								"up": {"uv": [9, 26], "uv_size": [9, 6]},
								"down": {"uv": [27, 6], "uv_size": [9, -6]}
							}
						},
						{
							"origin": [-0.815, -0.488, -0.769],
							"size": [0.666, 0.162, 1.116],
							"pivot": [0.625, 0.394, -0.589],
							"rotation": [0, 0, 47.5],
							"uv": {
								"north": {"uv": [71, 12], "uv_size": [4, 1]},
								"east": {"uv": [67, 49], "uv_size": [6, 1]},
								"south": {"uv": [71, 13], "uv_size": [4, 1]},
								"west": {"uv": [67, 50], "uv_size": [6, 1]},
								"up": {"uv": [46, 46], "uv_size": [4, 6]},
								"down": {"uv": [0, 53], "uv_size": [4, -6]}
							}
						},
						{
							"origin": [-0.203, 1.6, -0.769],
							"size": [0.126, 0.216, 2.646],
							"pivot": [0.625, 0.394, -0.589],
							"rotation": [0, 0, -47.5],
							"uv": {
								"north": {"uv": [42, 45], "uv_size": [1, 1]},
								"east": {"uv": [56, 38], "uv_size": [15, 1]},
								"south": {"uv": [17, 59], "uv_size": [1, 1]},
								"west": {"uv": [56, 39], "uv_size": [15, 1]},
								"up": {"uv": [36, 50], "uv_size": [1, 15]},
								"down": {"uv": [34, 72], "uv_size": [1, -15]}
							}
						},
						{
							"origin": [-0.851, 0.412, -0.769],
							"size": [1.656, 0.306, 2.646],
							"uv": {
								"north": {"uv": [27, 55], "uv_size": [9, 2]},
								"east": {"uv": [37, 30], "uv_size": [15, 2]},
								"south": {"uv": [41, 55], "uv_size": [9, 2]},
								"west": {"uv": [41, 12], "uv_size": [15, 2]},
								"up": {"uv": [0, 0], "uv_size": [9, 15]},
								"down": {"uv": [9, 15], "uv_size": [9, -15]}
							}
						},
						{
							"origin": [0.805, -0.128, -0.697],
							"size": [0.144, 1.116, 1.26],
							"uv": {
								"north": {"uv": [27, 67], "uv_size": [1, 6]},
								"east": {"uv": [18, 29], "uv_size": [7, 6]},
								"south": {"uv": [29, 67], "uv_size": [1, 6]},
								"west": {"uv": [30, 14], "uv_size": [7, 6]},
								"up": {"uv": [28, 62], "uv_size": [1, 7]},
								"down": {"uv": [40, 71], "uv_size": [1, -7]}
							}
						},
						{
							"origin": [0.805, 0.484, -0.769],
							"size": [0.144, 0.504, 1.332],
							"uv": {
								"north": {"uv": [29, 36], "uv_size": [1, 3]},
								"east": {"uv": [50, 22], "uv_size": [7, 3]},
								"south": {"uv": [33, 50], "uv_size": [1, 3]},
								"west": {"uv": [26, 50], "uv_size": [7, 3]},
								"up": {"uv": [15, 65], "uv_size": [1, 7]},
								"down": {"uv": [16, 72], "uv_size": [1, -7]}
							}
						},
						{
							"origin": [0.805, 0.772, -0.391],
							"size": [0.144, 0.45, 2.034],
							"uv": {
								"north": {"uv": [73, 62], "uv_size": [1, 2]},
								"east": {"uv": [46, 28], "uv_size": [11, 2]},
								"south": {"uv": [73, 64], "uv_size": [1, 2]},
								"west": {"uv": [4, 47], "uv_size": [11, 2]},
								"up": {"uv": [35, 57], "uv_size": [1, 11]},
								"down": {"uv": [6, 72], "uv_size": [1, -11]}
							}
						},
						{
							"origin": [1.345, 0.502, 0.635],
							"size": [0.144, 0.288, 1.314],
							"pivot": [0.769, -0.146, -0.499],
							"rotation": [0, 0, -30.5],
							"uv": {
								"north": {"uv": [66, 73], "uv_size": [1, 2]},
								"east": {"uv": [57, 48], "uv_size": [7, 2]},
								"south": {"uv": [73, 66], "uv_size": [1, 2]},
								"west": {"uv": [57, 50], "uv_size": [7, 2]},
								"up": {"uv": [36, 65], "uv_size": [1, 7]},
								"down": {"uv": [43, 72], "uv_size": [1, -7]}
							}
						},
						{
							"origin": [0.949, 1.132, -0.391],
							"size": [0.144, 0.468, 2.034],
							"pivot": [0.769, -0.146, -0.499],
							"rotation": [0, 0, -6],
							"uv": {
								"north": {"uv": [65, 60], "uv_size": [1, 3]},
								"east": {"uv": [9, 41], "uv_size": [11, 3]},
								"south": {"uv": [72, 4], "uv_size": [1, 3]},
								"west": {"uv": [0, 78], "uv_size": [102, 59]},
								"up": {"uv": [31, 61], "uv_size": [1, 11]},
								"down": {"uv": [32, 72], "uv_size": [1, -11]}
							}
						},
						{
							"origin": [0.931, 0.7, -1.273],
							"size": [0.144, 0.99, 1.242],
							"pivot": [0.769, -0.146, -0.499],
							"rotation": [-28, 0, -6],
							"uv": {
								"north": {"uv": [70, 56], "uv_size": [1, 5]},
								"east": {"uv": [22, 36], "uv_size": [7, 5]},
								"south": {"uv": [70, 61], "uv_size": [1, 5]},
								"west": {"uv": [29, 39], "uv_size": [7, 5]},
								"up": {"uv": [44, 65], "uv_size": [1, 7]},
								"down": {"uv": [45, 72], "uv_size": [1, -7]}
							}
						},
						{
							"origin": [-1.121, 0.556, -1.183],
							"size": [0.144, 0.99, 1.242],
							"pivot": [0.769, -0.146, -0.499],
							"rotation": [-28, 0, 6],
							"uv": {
								"north": {"uv": [71, 38], "uv_size": [1, 5]},
								"east": {"uv": [36, 40], "uv_size": [7, 5]},
								"south": {"uv": [40, 71], "uv_size": [1, 5]},
								"west": {"uv": [41, 4], "uv_size": [7, 5]},
								"up": {"uv": [46, 65], "uv_size": [1, 7]},
								"down": {"uv": [61, 72], "uv_size": [1, -7]}
							}
						},
						{
							"origin": [-1.139, 0.97, -0.391],
							"size": [0.144, 0.468, 2.034],
							"pivot": [0.769, -0.146, -0.499],
							"rotation": [0, 0, 6],
							"uv": {
								"north": {"uv": [62, 72], "uv_size": [1, 3]},
								"east": {"uv": [43, 40], "uv_size": [11, 3]},
								"south": {"uv": [63, 72], "uv_size": [1, 3]},
								"west": {"uv": [43, 43], "uv_size": [11, 3]},
								"up": {"uv": [33, 61], "uv_size": [1, 11]},
								"down": {"uv": [41, 72], "uv_size": [1, -11]}
							}
						},
						{
							"origin": [1.021, 1.582, -0.391],
							"size": [0.144, 0.27, 2.034],
							"pivot": [0.769, -0.146, -0.499],
							"rotation": [0, 0, -8.5],
							"uv": {
								"north": {"uv": [74, 44], "uv_size": [1, 1]},
								"east": {"uv": [61, 20], "uv_size": [11, 1]},
								"south": {"uv": [74, 45], "uv_size": [1, 1]},
								"west": {"uv": [61, 21], "uv_size": [11, 1]},
								"up": {"uv": [42, 61], "uv_size": [1, 11]},
								"down": {"uv": [7, 73], "uv_size": [1, -11]}
							}
						},
						{
							"origin": [-1.211, 1.33, -0.391],
							"size": [0.144, 0.27, 2.034],
							"pivot": [0.769, -0.146, -0.499],
							"rotation": [0, 0, 8.5],
							"uv": {
								"north": {"uv": [74, 46], "uv_size": [1, 1]},
								"east": {"uv": [61, 31], "uv_size": [11, 1]},
								"south": {"uv": [47, 74], "uv_size": [1, 1]},
								"west": {"uv": [62, 0], "uv_size": [11, 1]},
								"up": {"uv": [8, 62], "uv_size": [1, 11]},
								"down": {"uv": [9, 73], "uv_size": [1, -11]}
							}
						},
						{
							"origin": [2.605, 0.358, -0.391],
							"size": [0.144, 0.36, 2.034],
							"pivot": [0.769, -0.146, -0.499],
							"rotation": [0, 0, -73.5],
							"uv": {
								"north": {"uv": [67, 73], "uv_size": [1, 2]},
								"east": {"uv": [15, 47], "uv_size": [11, 2]},
								"south": {"uv": [68, 73], "uv_size": [1, 2]},
								"west": {"uv": [48, 3], "uv_size": [11, 2]},
								"up": {"uv": [10, 62], "uv_size": [1, 11]},
								"down": {"uv": [11, 73], "uv_size": [1, -11]}
							}
						},
						{
							"origin": [-1.661, -1.19, -0.391],
							"size": [0.144, 0.36, 2.034],
							"pivot": [0.769, -0.146, -0.499],
							"rotation": [0, 0, 73.5],
							"uv": {
								"north": {"uv": [73, 68], "uv_size": [1, 2]},
								"east": {"uv": [48, 5], "uv_size": [11, 2]},
								"south": {"uv": [73, 70], "uv_size": [1, 2]},
								"west": {"uv": [48, 7], "uv_size": [11, 2]},
								"up": {"uv": [12, 62], "uv_size": [1, 11]},
								"down": {"uv": [13, 73], "uv_size": [1, -11]}
							}
						},
						{
							"origin": [2.749, 0.268, -0.391],
							"size": [0.144, 0.54, 2.034],
							"pivot": [0.769, -0.146, -0.499],
							"rotation": [0, 0, -86],
							"uv": {
								"north": {"uv": [64, 72], "uv_size": [1, 3]},
								"east": {"uv": [0, 44], "uv_size": [11, 3]},
								"south": {"uv": [65, 72], "uv_size": [1, 3]},
								"west": {"uv": [11, 44], "uv_size": [11, 3]},
								"up": {"uv": [14, 62], "uv_size": [1, 11]},
								"down": {"uv": [17, 73], "uv_size": [1, -11]}
							}
						},
						{
							"origin": [-1.463, -1.352, -0.391],
							"size": [0.144, 0.558, 2.034],
							"pivot": [0.769, -0.146, -0.499],
							"rotation": [0, 0, 86],
							"uv": {
								"north": {"uv": [72, 66], "uv_size": [1, 3]},
								"east": {"uv": [22, 44], "uv_size": [11, 3]},
								"south": {"uv": [72, 69], "uv_size": [1, 3]},
								"west": {"uv": [45, 0], "uv_size": [11, 3]},
								"up": {"uv": [18, 62], "uv_size": [1, 11]},
								"down": {"uv": [19, 73], "uv_size": [1, -11]}
							}
						},
						{
							"origin": [1.363, -0.128, 0.293],
							"size": [0.144, 0.666, 0.216],
							"pivot": [0.769, -0.146, -0.499],
							"rotation": [0, -33.5, 0],
							"uv": {
								"north": {"uv": [41, 48], "uv_size": [1, 4]},
								"east": {"uv": [71, 68], "uv_size": [1, 4]},
								"south": {"uv": [69, 71], "uv_size": [1, 4]},
								"west": {"uv": [70, 71], "uv_size": [1, 4]},
								"up": {"uv": [74, 47], "uv_size": [1, 1]},
								"down": {"uv": [48, 75], "uv_size": [1, -1]}
							}
						},
						{
							"origin": [0.805, 0.106, 0.221],
							"size": [0.144, 0.468, 0.72],
							"pivot": [0.769, 0.088, 0.419],
							"rotation": [42.5, 0, 0],
							"uv": {
								"north": {"uv": [71, 72], "uv_size": [1, 3]},
								"east": {"uv": [7, 59], "uv_size": [4, 3]},
								"south": {"uv": [72, 72], "uv_size": [1, 3]},
								"west": {"uv": [11, 59], "uv_size": [4, 3]},
								"up": {"uv": [6, 72], "uv_size": [1, 4]},
								"down": {"uv": [15, 76], "uv_size": [1, -4]}
							}
						},
						{
							"origin": [0.805, 0.376, 0.563],
							"size": [0.144, 0.486, 0.486],
							"pivot": [0.769, 0.376, 0.761],
							"rotation": [22.5, 0, 0],
							"uv": {
								"north": {"uv": [73, 0], "uv_size": [1, 3]},
								"east": {"uv": [15, 32], "uv_size": [3, 3]},
								"south": {"uv": [73, 4], "uv_size": [1, 3]},
								"west": {"uv": [37, 64], "uv_size": [3, 3]},
								"up": {"uv": [7, 73], "uv_size": [1, 3]},
								"down": {"uv": [8, 76], "uv_size": [1, -3]}
							}
						},
						{
							"origin": [0.733, 0.052, 0.563],
							"size": [0.144, 0.468, 0.486],
							"pivot": [0.769, 0.376, 0.761],
							"rotation": [14.15251, -17.67415, 50.28872],
							"uv": {
								"north": {"uv": [9, 73], "uv_size": [1, 3]},
								"east": {"uv": [64, 48], "uv_size": [3, 3]},
								"south": {"uv": [10, 73], "uv_size": [1, 3]},
								"west": {"uv": [65, 9], "uv_size": [3, 3]},
								"up": {"uv": [11, 73], "uv_size": [1, 3]},
								"down": {"uv": [12, 76], "uv_size": [1, -3]}
							}
						},
						{
							"origin": [0.805, 0.448, 0.851],
							"size": [0.144, 0.486, 1.116],
							"pivot": [0.769, 0.448, 1.049],
							"rotation": [2.5, 0, 0],
							"uv": {
								"north": {"uv": [13, 73], "uv_size": [1, 3]},
								"east": {"uv": [50, 55], "uv_size": [6, 3]},
								"south": {"uv": [14, 73], "uv_size": [1, 3]},
								"west": {"uv": [55, 52], "uv_size": [6, 3]},
								"up": {"uv": [30, 67], "uv_size": [1, 6]},
								"down": {"uv": [37, 73], "uv_size": [1, -6]}
							}
						},
						{
							"origin": [0.931, 0.448, 0.617],
							"size": [0.126, 0.342, 1.332],
							"uv": {
								"north": {"uv": [73, 72], "uv_size": [1, 2]},
								"east": {"uv": [48, 58], "uv_size": [7, 2]},
								"south": {"uv": [0, 74], "uv_size": [1, 2]},
								"west": {"uv": [55, 58], "uv_size": [7, 2]},
								"up": {"uv": [62, 65], "uv_size": [1, 7]},
								"down": {"uv": [63, 72], "uv_size": [1, -7]}
							}
						},
						{
							"origin": [0.805, 0.934, 1.049],
							"size": [0.144, 0.486, 0.396],
							"pivot": [0.769, 0.448, 1.049],
							"rotation": [-37.5, 0, 0],
							"uv": {
								"north": {"uv": [73, 14], "uv_size": [1, 3]},
								"east": {"uv": [38, 67], "uv_size": [2, 3]},
								"south": {"uv": [17, 73], "uv_size": [1, 3]},
								"west": {"uv": [67, 56], "uv_size": [2, 3]},
								"up": {"uv": [74, 0], "uv_size": [1, 2]},
								"down": {"uv": [1, 76], "uv_size": [1, -2]}
							}
						},
						{
							"origin": [0.535, 0.124, 0.851],
							"size": [0.342, 0.468, 1.116],
							"pivot": [0.769, 0.448, 1.049],
							"rotation": [1.60757, -1.91486, 49.97313],
							"uv": {
								"north": {"uv": [67, 59], "uv_size": [2, 3]},
								"east": {"uv": [0, 56], "uv_size": [6, 3]},
								"south": {"uv": [67, 62], "uv_size": [2, 3]},
								"west": {"uv": [56, 0], "uv_size": [6, 3]},
								"up": {"uv": [7, 33], "uv_size": [2, 6]},
								"down": {"uv": [15, 65], "uv_size": [2, -6]}
							}
						},
						{
							"origin": [-0.635, 0.178, 0.851],
							"size": [1.224, 0.468, 1.116],
							"uv": {
								"north": {"uv": [50, 46], "uv_size": [7, 3]},
								"east": {"uv": [6, 56], "uv_size": [6, 3]},
								"south": {"uv": [50, 49], "uv_size": [7, 3]},
								"west": {"uv": [12, 56], "uv_size": [6, 3]},
								"up": {"uv": [30, 20], "uv_size": [7, 6]},
								"down": {"uv": [30, 32], "uv_size": [7, -6]}
							}
						},
						{
							"origin": [0.157, 0.25, 0.923],
							"size": [0.216, 0.324, 1.116],
							"uv": {
								"north": {"uv": [2, 74], "uv_size": [1, 2]},
								"east": {"uv": [9, 39], "uv_size": [6, 2]},
								"south": {"uv": [3, 74], "uv_size": [1, 2]},
								"west": {"uv": [37, 59], "uv_size": [6, 2]},
								"up": {"uv": [67, 65], "uv_size": [1, 6]},
								"down": {"uv": [66, 73], "uv_size": [1, -6]}
							}
						},
						{
							"origin": [0.157, 0.304, 0.923],
							"size": [0.288, 0.198, 1.116],
							"uv": {
								"north": {"uv": [48, 57], "uv_size": [2, 1]},
								"east": {"uv": [68, 9], "uv_size": [6, 1]},
								"south": {"uv": [74, 2], "uv_size": [2, 1]},
								"west": {"uv": [68, 10], "uv_size": [6, 1]},
								"up": {"uv": [43, 59], "uv_size": [2, 6]},
								"down": {"uv": [45, 65], "uv_size": [2, -6]}
							}
						},
						{
							"origin": [0.391, 0.07, 0.923],
							"size": [0.108, 0.198, 1.116],
							"pivot": [0.769, 0.448, 1.049],
							"rotation": [0, 0, 44],
							"uv": {
								"north": {"uv": [74, 48], "uv_size": [1, 1]},
								"east": {"uv": [68, 11], "uv_size": [6, 1]},
								"south": {"uv": [49, 74], "uv_size": [1, 1]},
								"west": {"uv": [68, 22], "uv_size": [6, 1]},
								"up": {"uv": [35, 68], "uv_size": [1, 6]},
								"down": {"uv": [68, 46], "uv_size": [1, -6]}
							}
						},
						{
							"origin": [0.517, 0.034, 0.923],
							"size": [0.108, 0.09, 1.116],
							"pivot": [0.769, 0.448, 1.049],
							"rotation": [0, 0, 44],
							"uv": {
								"north": {"uv": [74, 49], "uv_size": [1, 1]},
								"east": {"uv": [68, 23], "uv_size": [6, 1]},
								"south": {"uv": [50, 74], "uv_size": [1, 1]},
								"west": {"uv": [68, 24], "uv_size": [6, 1]},
								"up": {"uv": [47, 68], "uv_size": [1, 6]},
								"down": {"uv": [48, 74], "uv_size": [1, -6]}
							}
						},
						{
							"origin": [-0.58892, 0.2365, 0.78782],
							"size": [1.13544, 0.35316, 1.21644],
							"uv": {
								"north": {"uv": [17, 60], "uv_size": [6, 2]},
								"east": {"uv": [0, 59], "uv_size": [7, 2]},
								"south": {"uv": [23, 60], "uv_size": [6, 2]},
								"west": {"uv": [59, 3], "uv_size": [7, 2]},
								"up": {"uv": [9, 32], "uv_size": [6, 7]},
								"down": {"uv": [30, 39], "uv_size": [6, -7]}
							}
						},
						{
							"origin": [0.56614, 0.0403, 0.78782],
							"size": [0.11772, 0.21582, 1.21644],
							"pivot": [0.97816, 0.45232, 0.92516],
							"rotation": [0, 0, 44],
							"uv": {
								"north": {"uv": [74, 50], "uv_size": [1, 1]},
								"east": {"uv": [26, 47], "uv_size": [7, 1]},
								"south": {"uv": [51, 74], "uv_size": [1, 1]},
								"west": {"uv": [50, 25], "uv_size": [7, 1]},
								"up": {"uv": [64, 65], "uv_size": [1, 7]},
								"down": {"uv": [65, 72], "uv_size": [1, -7]}
							}
						},
						{
							"origin": [0.31108, 0.29536, 0.78782],
							"size": [0.31392, 0.21582, 1.21644],
							"uv": {
								"north": {"uv": [4, 74], "uv_size": [2, 1]},
								"east": {"uv": [18, 54], "uv_size": [7, 1]},
								"south": {"uv": [74, 4], "uv_size": [2, 1]},
								"west": {"uv": [64, 51], "uv_size": [7, 1]},
								"up": {"uv": [25, 29], "uv_size": [2, 7]},
								"down": {"uv": [59, 12], "uv_size": [2, -7]}
							}
						},
						{
							"origin": [0.70348, 0.00106, 0.78782],
							"size": [0.11772, 0.0981, 1.21644],
							"pivot": [0.97816, 0.45232, 0.92516],
							"rotation": [0, 0, 44],
							"uv": {
								"north": {"uv": [74, 51], "uv_size": [1, 1]},
								"east": {"uv": [65, 27], "uv_size": [7, 1]},
								"south": {"uv": [52, 74], "uv_size": [1, 1]},
								"west": {"uv": [65, 28], "uv_size": [7, 1]},
								"up": {"uv": [59, 66], "uv_size": [1, 7]},
								"down": {"uv": [60, 73], "uv_size": [1, -7]}
							}
						},
						{
							"origin": [0.157, 0.034, 0.923],
							"size": [0.108, 0.09, 1.116],
							"pivot": [0.409, 0.448, 1.049],
							"rotation": [0, 0, 44],
							"uv": {
								"north": {"uv": [74, 52], "uv_size": [1, 1]},
								"east": {"uv": [68, 25], "uv_size": [6, 1]},
								"south": {"uv": [53, 74], "uv_size": [1, 1]},
								"west": {"uv": [68, 26], "uv_size": [6, 1]},
								"up": {"uv": [49, 68], "uv_size": [1, 6]},
								"down": {"uv": [50, 74], "uv_size": [1, -6]}
							}
						},
						{
							"origin": [-0.203, 0.25, 0.923],
							"size": [0.216, 0.324, 1.116],
							"uv": {
								"north": {"uv": [74, 5], "uv_size": [1, 2]},
								"east": {"uv": [47, 60], "uv_size": [6, 2]},
								"south": {"uv": [74, 9], "uv_size": [1, 2]},
								"west": {"uv": [53, 60], "uv_size": [6, 2]},
								"up": {"uv": [51, 68], "uv_size": [1, 6]},
								"down": {"uv": [52, 74], "uv_size": [1, -6]}
							}
						},
						{
							"origin": [0.031, 0.07, 0.923],
							"size": [0.108, 0.198, 1.116],
							"pivot": [0.409, 0.448, 1.049],
							"rotation": [0, 0, 44],
							"uv": {
								"north": {"uv": [74, 53], "uv_size": [1, 1]},
								"east": {"uv": [68, 29], "uv_size": [6, 1]},
								"south": {"uv": [54, 74], "uv_size": [1, 1]},
								"west": {"uv": [68, 30], "uv_size": [6, 1]},
								"up": {"uv": [53, 68], "uv_size": [1, 6]},
								"down": {"uv": [54, 74], "uv_size": [1, -6]}
							}
						},
						{
							"origin": [-0.203, 0.304, 0.923],
							"size": [0.288, 0.198, 1.116],
							"uv": {
								"north": {"uv": [74, 11], "uv_size": [2, 1]},
								"east": {"uv": [68, 32], "uv_size": [6, 1]},
								"south": {"uv": [74, 14], "uv_size": [2, 1]},
								"west": {"uv": [68, 33], "uv_size": [6, 1]},
								"up": {"uv": [59, 60], "uv_size": [2, 6]},
								"down": {"uv": [0, 67], "uv_size": [2, -6]}
							}
						},
						{
							"origin": [-0.203, 0.034, 0.923],
							"size": [0.108, 0.09, 1.116],
							"pivot": [0.049, 0.448, 1.049],
							"rotation": [0, 0, 44],
							"uv": {
								"north": {"uv": [74, 54], "uv_size": [1, 1]},
								"east": {"uv": [68, 34], "uv_size": [6, 1]},
								"south": {"uv": [55, 74], "uv_size": [1, 1]},
								"west": {"uv": [68, 35], "uv_size": [6, 1]},
								"up": {"uv": [55, 68], "uv_size": [1, 6]},
								"down": {"uv": [56, 74], "uv_size": [1, -6]}
							}
						},
						{
							"origin": [-0.563, 0.25, 0.923],
							"size": [0.216, 0.324, 1.116],
							"uv": {
								"north": {"uv": [74, 15], "uv_size": [1, 2]},
								"east": {"uv": [61, 5], "uv_size": [6, 2]},
								"south": {"uv": [74, 17], "uv_size": [1, 2]},
								"west": {"uv": [61, 7], "uv_size": [6, 2]},
								"up": {"uv": [57, 68], "uv_size": [1, 6]},
								"down": {"uv": [58, 74], "uv_size": [1, -6]}
							}
						},
						{
							"origin": [-0.329, 0.07, 0.923],
							"size": [0.108, 0.198, 1.116],
							"pivot": [0.049, 0.448, 1.049],
							"rotation": [0, 0, 44],
							"uv": {
								"north": {"uv": [74, 55], "uv_size": [1, 1]},
								"east": {"uv": [68, 36], "uv_size": [6, 1]},
								"south": {"uv": [56, 74], "uv_size": [1, 1]},
								"west": {"uv": [68, 52], "uv_size": [6, 1]},
								"up": {"uv": [68, 65], "uv_size": [1, 6]},
								"down": {"uv": [28, 75], "uv_size": [1, -6]}
							}
						},
						{
							"origin": [-0.563, 0.304, 0.923],
							"size": [0.288, 0.198, 1.116],
							"uv": {
								"north": {"uv": [74, 19], "uv_size": [2, 1]},
								"east": {"uv": [68, 53], "uv_size": [6, 1]},
								"south": {"uv": [74, 22], "uv_size": [2, 1]},
								"west": {"uv": [69, 3], "uv_size": [6, 1]},
								"up": {"uv": [2, 61], "uv_size": [2, 6]},
								"down": {"uv": [4, 67], "uv_size": [2, -6]}
							}
						},
						{
							"origin": [-0.401, 1.312, 0.851],
							"size": [0.36, 0.486, 1.116],
							"pivot": [0.769, 0.448, 1.049],
							"rotation": [0, 0, -47.4731],
							"uv": {
								"north": {"uv": [69, 40], "uv_size": [2, 3]},
								"east": {"uv": [56, 55], "uv_size": [6, 3]},
								"south": {"uv": [69, 43], "uv_size": [2, 3]},
								"west": {"uv": [18, 57], "uv_size": [6, 3]},
								"up": {"uv": [61, 25], "uv_size": [2, 6]},
								"down": {"uv": [29, 67], "uv_size": [2, -6]}
							}
						},
						{
							"origin": [0.805, -0.002, -0.733],
							"size": [0.144, 0.09, 0.522],
							"pivot": [0.769, -0.02, -0.553],
							"rotation": [40, 0, 0],
							"uv": {
								"north": {"uv": [74, 56], "uv_size": [1, 1]},
								"east": {"uv": [73, 7], "uv_size": [3, 1]},
								"south": {"uv": [57, 74], "uv_size": [1, 1]},
								"west": {"uv": [73, 8], "uv_size": [3, 1]},
								"up": {"uv": [73, 17], "uv_size": [1, 3]},
								"down": {"uv": [18, 76], "uv_size": [1, -3]}
							}
						},
						{
							"origin": [0.805, -0.056, -0.769],
							"size": [0.144, 0.594, 1.332],
							"uv": {
								"north": {"uv": [19, 73], "uv_size": [1, 3]},
								"east": {"uv": [4, 51], "uv_size": [7, 3]},
								"south": {"uv": [20, 73], "uv_size": [1, 3]},
								"west": {"uv": [11, 51], "uv_size": [7, 3]},
								"up": {"uv": [66, 60], "uv_size": [1, 7]},
								"down": {"uv": [0, 74], "uv_size": [1, -7]}
							}
						},
						{
							"origin": [-1.013, 0.484, -0.769],
							"size": [0.144, 0.504, 1.332],
							"uv": {
								"north": {"uv": [21, 73], "uv_size": [1, 3]},
								"east": {"uv": [18, 51], "uv_size": [7, 3]},
								"south": {"uv": [22, 73], "uv_size": [1, 3]},
								"west": {"uv": [52, 9], "uv_size": [7, 3]},
								"up": {"uv": [1, 67], "uv_size": [1, 7]},
								"down": {"uv": [2, 74], "uv_size": [1, -7]}
							}
						},
						{
							"origin": [-1.013, -0.056, -0.769],
							"size": [0.144, 0.594, 1.332],
							"uv": {
								"north": {"uv": [23, 73], "uv_size": [1, 3]},
								"east": {"uv": [41, 52], "uv_size": [7, 3]},
								"south": {"uv": [24, 73], "uv_size": [1, 3]},
								"west": {"uv": [48, 52], "uv_size": [7, 3]},
								"up": {"uv": [3, 67], "uv_size": [1, 7]},
								"down": {"uv": [4, 74], "uv_size": [1, -7]}
							}
						},
						{
							"origin": [-1.013, -0.128, -0.697],
							"size": [0.144, 1.116, 1.26],
							"uv": {
								"north": {"uv": [69, 56], "uv_size": [1, 6]},
								"east": {"uv": [0, 33], "uv_size": [7, 6]},
								"south": {"uv": [69, 62], "uv_size": [1, 6]},
								"west": {"uv": [15, 35], "uv_size": [7, 6]},
								"up": {"uv": [5, 67], "uv_size": [1, 7]},
								"down": {"uv": [26, 74], "uv_size": [1, -7]}
							}
						},
						{
							"origin": [-1.013, -0.002, -0.733],
							"size": [0.144, 0.09, 0.522],
							"pivot": [-1.049, -0.02, -0.553],
							"rotation": [40, 0, 0],
							"uv": {
								"north": {"uv": [74, 57], "uv_size": [1, 1]},
								"east": {"uv": [73, 37], "uv_size": [3, 1]},
								"south": {"uv": [58, 74], "uv_size": [1, 1]},
								"west": {"uv": [73, 38], "uv_size": [3, 1]},
								"up": {"uv": [25, 73], "uv_size": [1, 3]},
								"down": {"uv": [27, 76], "uv_size": [1, -3]}
							}
						},
						{
							"origin": [-1.013, 0.106, 0.221],
							"size": [0.144, 0.468, 0.72],
							"pivot": [-1.049, 0.088, 0.419],
							"rotation": [42.5, 0, 0],
							"uv": {
								"north": {"uv": [29, 73], "uv_size": [1, 3]},
								"east": {"uv": [61, 9], "uv_size": [4, 3]},
								"south": {"uv": [30, 73], "uv_size": [1, 3]},
								"west": {"uv": [37, 61], "uv_size": [4, 3]},
								"up": {"uv": [16, 72], "uv_size": [1, 4]},
								"down": {"uv": [31, 76], "uv_size": [1, -4]}
							}
						},
						{
							"origin": [-1.013, 0.376, 0.563],
							"size": [0.144, 0.486, 0.486],
							"pivot": [-1.049, 0.376, 0.761],
							"rotation": [22.5, 0, 0],
							"uv": {
								"north": {"uv": [37, 73], "uv_size": [1, 3]},
								"east": {"uv": [65, 24], "uv_size": [3, 3]},
								"south": {"uv": [73, 39], "uv_size": [1, 3]},
								"west": {"uv": [65, 32], "uv_size": [3, 3]},
								"up": {"uv": [73, 42], "uv_size": [1, 3]},
								"down": {"uv": [43, 76], "uv_size": [1, -3]}
							}
						},
						{
							"origin": [-1.013, 0.772, -0.391],
							"size": [0.144, 0.45, 2.034],
							"uv": {
								"north": {"uv": [74, 23], "uv_size": [1, 2]},
								"east": {"uv": [26, 48], "uv_size": [11, 2]},
								"south": {"uv": [74, 25], "uv_size": [1, 2]},
								"west": {"uv": [4, 49], "uv_size": [11, 2]},
								"up": {"uv": [20, 62], "uv_size": [1, 11]},
								"down": {"uv": [21, 73], "uv_size": [1, -11]}
							}
						},
						{
							"origin": [-1.571, 0.646, -0.391],
							"size": [0.144, 0.324, 2.034],
							"pivot": [-1.049, -0.146, -0.499],
							"rotation": [0, 0, 27.5],
							"uv": {
								"north": {"uv": [26, 74], "uv_size": [1, 2]},
								"east": {"uv": [15, 49], "uv_size": [11, 2]},
								"south": {"uv": [74, 29], "uv_size": [1, 2]},
								"west": {"uv": [50, 20], "uv_size": [11, 2]},
								"up": {"uv": [22, 62], "uv_size": [1, 11]},
								"down": {"uv": [23, 73], "uv_size": [1, -11]}
							}
						},
						{
							"origin": [-1.139, 0.664, -0.391],
							"size": [0.252, 0.144, 2.034],
							"uv": {
								"north": {"uv": [74, 58], "uv_size": [1, 1]},
								"east": {"uv": [62, 1], "uv_size": [11, 1]},
								"south": {"uv": [74, 59], "uv_size": [1, 1]},
								"west": {"uv": [62, 2], "uv_size": [11, 1]},
								"up": {"uv": [24, 62], "uv_size": [1, 11]},
								"down": {"uv": [25, 73], "uv_size": [1, -11]}
							}
						},
						{
							"origin": [-0.761, 0.358, -0.391],
							"size": [0.27, 0.252, 2.034],
							"pivot": [-1.049, -0.146, -0.499],
							"rotation": [0, 0, -27],
							"uv": {
								"north": {"uv": [74, 32], "uv_size": [2, 1]},
								"east": {"uv": [47, 62], "uv_size": [11, 1]},
								"south": {"uv": [74, 33], "uv_size": [2, 1]},
								"west": {"uv": [62, 55], "uv_size": [11, 1]},
								"up": {"uv": [37, 48], "uv_size": [2, 11]},
								"down": {"uv": [39, 59], "uv_size": [2, -11]}
							}
						},
						{
							"origin": [-1.013, 0.934, 1.049],
							"size": [0.144, 0.486, 0.396],
							"pivot": [-1.049, 0.448, 1.049],
							"rotation": [-37.5, 0, 0],
							"uv": {
								"north": {"uv": [44, 73], "uv_size": [1, 3]},
								"east": {"uv": [69, 68], "uv_size": [2, 3]},
								"south": {"uv": [45, 73], "uv_size": [1, 3]},
								"west": {"uv": [70, 4], "uv_size": [2, 3]},
								"up": {"uv": [74, 34], "uv_size": [1, 2]},
								"down": {"uv": [35, 76], "uv_size": [1, -2]}
							}
						},
						{
							"origin": [-1.013, 0.448, 0.851],
							"size": [0.144, 0.486, 1.116],
							"pivot": [-1.049, 0.448, 1.049],
							"rotation": [2.5, 0, 0],
							"uv": {
								"north": {"uv": [73, 46], "uv_size": [1, 3]},
								"east": {"uv": [57, 22], "uv_size": [6, 3]},
								"south": {"uv": [73, 55], "uv_size": [1, 3]},
								"west": {"uv": [24, 57], "uv_size": [6, 3]},
								"up": {"uv": [38, 70], "uv_size": [1, 6]},
								"down": {"uv": [39, 76], "uv_size": [1, -6]}
							}
						},
						{
							"origin": [-0.851, 0.988, -0.481],
							"size": [1.656, 0.54, 0.738],
							"pivot": [0.625, 0.988, -1.183],
							"rotation": [-55, 0, 0],
							"uv": {
								"north": {"uv": [46, 14], "uv_size": [9, 3]},
								"east": {"uv": [61, 52], "uv_size": [4, 3]},
								"south": {"uv": [46, 17], "uv_size": [9, 3]},
								"west": {"uv": [61, 60], "uv_size": [4, 3]},
								"up": {"uv": [36, 36], "uv_size": [9, 4]},
								"down": {"uv": [37, 18], "uv_size": [9, -4]}
							}
						},
						{
							"origin": [-0.851, 0.412, 1.085],
							"size": [1.656, 0.666, 0.72],
							"pivot": [0.625, 0.412, 0.365],
							"rotation": [-25, 0, 0],
							"uv": {
								"north": {"uv": [37, 18], "uv_size": [9, 4]},
								"east": {"uv": [57, 25], "uv_size": [4, 4]},
								"south": {"uv": [37, 22], "uv_size": [9, 4]},
								"west": {"uv": [30, 57], "uv_size": [4, 4]},
								"up": {"uv": [37, 26], "uv_size": [9, 4]},
								"down": {"uv": [0, 43], "uv_size": [9, -4]}
							}
						}
					]
				},
				{
					"name": "bone2",
					"parent": "bone",
					"pivot": [0.877, 0.52, -0.409],
					"rotation": [0, 0, 90],
					"cubes": [
						{
							"origin": [0.7132, 0.52, -0.5728],
							"size": [0.3276, 0.3276, 0.9828],
							"uv": {
								"north": {"uv": [71, 14], "uv_size": [2, 2]},
								"east": {"uv": [62, 58], "uv_size": [5, 2]},
								"south": {"uv": [71, 43], "uv_size": [2, 2]},
								"west": {"uv": [63, 22], "uv_size": [5, 2]},
								"up": {"uv": [63, 24], "uv_size": [2, 5]},
								"down": {"uv": [63, 37], "uv_size": [2, -5]}
							}
						},
						{
							"origin": [0.7132, 0.52, -0.5728],
							"size": [0.3276, 0.3276, 0.9828],
							"pivot": [0.877, 0.52, -0.0814],
							"rotation": [0, 37.5, 0],
							"uv": {
								"north": {"uv": [69, 14], "uv_size": [2, 2]},
								"east": {"uv": [36, 4], "uv_size": [5, 2]},
								"south": {"uv": [70, 66], "uv_size": [2, 2]},
								"west": {"uv": [62, 56], "uv_size": [5, 2]},
								"up": {"uv": [34, 50], "uv_size": [2, 5]},
								"down": {"uv": [26, 67], "uv_size": [2, -5]}
							}
						},
						{
							"origin": [0.7132, 0.52, -0.5728],
							"size": [0.3276, 0.3276, 0.9828],
							"pivot": [0.877, 0.52, -0.0814],
							"rotation": [0, 77.5, 0],
							"uv": {
								"north": {"uv": [71, 56], "uv_size": [2, 2]},
								"east": {"uv": [63, 29], "uv_size": [5, 2]},
								"south": {"uv": [71, 58], "uv_size": [2, 2]},
								"west": {"uv": [63, 40], "uv_size": [5, 2]},
								"up": {"uv": [47, 63], "uv_size": [2, 5]},
								"down": {"uv": [49, 68], "uv_size": [2, -5]}
							}
						},
						{
							"origin": [0.7132, 0.52, -0.5728],
							"size": [0.3276, 0.3276, 0.9828],
							"pivot": [0.877, 0.52, -0.0814],
							"rotation": [0, 115, 0],
							"uv": {
								"north": {"uv": [71, 60], "uv_size": [2, 2]},
								"east": {"uv": [63, 42], "uv_size": [5, 2]},
								"south": {"uv": [71, 62], "uv_size": [2, 2]},
								"west": {"uv": [63, 44], "uv_size": [5, 2]},
								"up": {"uv": [51, 63], "uv_size": [2, 5]},
								"down": {"uv": [53, 68], "uv_size": [2, -5]}
							}
						},
						{
							"origin": [0.7132, 0.52, -0.5728],
							"size": [0.3276, 0.3276, 0.9828],
							"pivot": [0.877, 0.52, -0.0814],
							"rotation": [0, 142.5, 0],
							"uv": {
								"north": {"uv": [71, 64], "uv_size": [2, 2]},
								"east": {"uv": [61, 63], "uv_size": [5, 2]},
								"south": {"uv": [67, 71], "uv_size": [2, 2]},
								"west": {"uv": [64, 14], "uv_size": [5, 2]},
								"up": {"uv": [55, 63], "uv_size": [2, 5]},
								"down": {"uv": [57, 68], "uv_size": [2, -5]}
							}
						}
					]
				},
				{
					"name": "bone3",
					"parent": "bone",
					"pivot": [0.733, 0.124, 0.905],
					"rotation": [0, 0, 90],
					"cubes": [
						{
							"origin": [0.64619, 0.124, 0.81819],
							"size": [0.17363, 0.17363, 0.52088],
							"uv": {
								"north": {"uv": [47, 59], "uv_size": [1, 1]},
								"east": {"uv": [45, 3], "uv_size": [3, 1]},
								"south": {"uv": [29, 60], "uv_size": [1, 1]},
								"west": {"uv": [71, 45], "uv_size": [3, 1]},
								"up": {"uv": [32, 72], "uv_size": [1, 3]},
								"down": {"uv": [33, 75], "uv_size": [1, -3]}
							}
						},
						{
							"origin": [0.64619, 0.124, 0.81819],
							"size": [0.17363, 0.17363, 0.52088],
							"pivot": [0.733, 0.124, 1.07863],
							"rotation": [0, 37.5, 0],
							"uv": {
								"north": {"uv": [58, 62], "uv_size": [1, 1]},
								"east": {"uv": [71, 51], "uv_size": [3, 1]},
								"south": {"uv": [69, 4], "uv_size": [1, 1]},
								"west": {"uv": [71, 54], "uv_size": [3, 1]},
								"up": {"uv": [34, 72], "uv_size": [1, 3]},
								"down": {"uv": [36, 75], "uv_size": [1, -3]}
							}
						},
						{
							"origin": [0.64619, 0.124, 0.81819],
							"size": [0.17363, 0.17363, 0.52088],
							"pivot": [0.733, 0.124, 1.07863],
							"rotation": [0, 77.5, 0],
							"uv": {
								"north": {"uv": [74, 36], "uv_size": [1, 1]},
								"east": {"uv": [72, 20], "uv_size": [3, 1]},
								"south": {"uv": [74, 39], "uv_size": [1, 1]},
								"west": {"uv": [72, 21], "uv_size": [3, 1]},
								"up": {"uv": [72, 37], "uv_size": [1, 3]},
								"down": {"uv": [72, 43], "uv_size": [1, -3]}
							}
						},
						{
							"origin": [0.64619, 0.124, 0.81819],
							"size": [0.17363, 0.17363, 0.52088],
							"pivot": [0.733, 0.124, 1.07863],
							"rotation": [0, 115, 0],
							"uv": {
								"north": {"uv": [74, 40], "uv_size": [1, 1]},
								"east": {"uv": [72, 27], "uv_size": [3, 1]},
								"south": {"uv": [74, 41], "uv_size": [1, 1]},
								"west": {"uv": [72, 28], "uv_size": [3, 1]},
								"up": {"uv": [41, 72], "uv_size": [1, 3]},
								"down": {"uv": [42, 75], "uv_size": [1, -3]}
							}
						},
						{
							"origin": [0.64619, 0.124, 0.81819],
							"size": [0.17363, 0.17363, 0.52088],
							"pivot": [0.733, 0.124, 1.07863],
							"rotation": [0, 142.5, 0],
							"uv": {
								"north": {"uv": [74, 42], "uv_size": [1, 1]},
								"east": {"uv": [72, 31], "uv_size": [3, 1]},
								"south": {"uv": [74, 43], "uv_size": [1, 1]},
								"west": {"uv": [43, 72], "uv_size": [3, 1]},
								"up": {"uv": [46, 72], "uv_size": [1, 3]},
								"down": {"uv": [61, 75], "uv_size": [1, -3]}
							}
						}
					]
				},
				{
					"name": "scope_view",
					"pivot": [0, 1.24062, 6.125]
				},
				{
					"name": "ocular",
					"pivot": [-0.075, -0.2, -1.275],
					"cubes": [
						{
							"origin": [-0.95, 0.15, -0.275],
							"size": [1.725, 1.725, 0],
							"uv": {
								"south": {"uv": [1.725, 0], "uv_size": [1.725, 1.725]}
							}
						},
						{
							"origin": [-0.95, 0.15, 1.55],
							"size": [1.725, 1.725, 0],
							"uv": {
								"south": {"uv": [0, 0], "uv_size": [1.725, 1.725]}
							}
						}
					]
				}
			]
		}
	]
}