{
	"format_version": "1.12.0",
	"minecraft:geometry": [
		{
			"description": {
				"identifier": "geometry.unknown",
				"texture_width": 128,
				"texture_height": 128,
				"visible_bounds_width": 21,
				"visible_bounds_height": 1.5,
				"visible_bounds_offset": [0, 0.25, 0]
			},
			"bones": [
				{
					"name": "division",
					"pivot": [0.07659, 1.40521, -47.99161]
				},
				{
					"name": "division_illuminated",
					"parent": "division",
					"pivot": [-0.18584, -0.06028, -169.46336],
					"cubes": [
						{
							"origin": [-1.42884, -0.21797, -172.17508],
							"size": [2.78109, 2.78109, 0.3685],
							"inflate": -0.26562,
							"uv": {
								"south": {"uv": [84.25, 3], "uv_size": [39.75, 39.5]}
							}
						}
					]
				},
				{
					"name": "scope_view",
					"pivot": [-0.03829, 1.16107, 8.65467]
				},
				{
					"name": "scope_body",
					"pivot": [0.57442, -0.08829, 1.5318],
					"cubes": [
						{
							"origin": [-0.90419, -0.14344, -1.50116],
							"size": [1.71299, 0.66174, 3.3951],
							"uv": {
								"north": {"uv": [0, 42], "uv_size": [12, 3]},
								"east": {"uv": [38, 14], "uv_size": [21, 3]},
								"south": {"uv": [12, 42], "uv_size": [12, 3]},
								"west": {"uv": [38, 17], "uv_size": [21, 3]},
								"up": {"uv": [26, 0], "uv_size": [12, 21]},
								"down": {"uv": [26, 42], "uv_size": [12, -21]}
							}
						},
						{
							"origin": [0.02298, -0.17101, -1.50116],
							"size": [0.60659, 0.16543, 3.3951],
							"pivot": [0.53307, -0.33645, -1.3633],
							"rotation": [0, 0, 37.5],
							"uv": {
								"north": {"uv": [0, 42], "uv_size": [12, 3]},
								"east": {"uv": [38, 14], "uv_size": [21, 3]},
								"south": {"uv": [12, 42], "uv_size": [12, 3]},
								"west": {"uv": [38, 17], "uv_size": [21, 3]},
								"up": {"uv": [26, 0], "uv_size": [12, 21]},
								"down": {"uv": [26, 42], "uv_size": [12, -21]}
							}
						},
						{
							"origin": [-0.82258, 0.06335, -1.50116],
							"size": [0.60659, 0.16543, 3.3951],
							"pivot": [-0.31249, -0.10208, -1.3633],
							"rotation": [0, 0, -37.5],
							"uv": {
								"north": {"uv": [0, 42], "uv_size": [12, 3]},
								"east": {"uv": [38, 14], "uv_size": [21, 3]},
								"south": {"uv": [12, 42], "uv_size": [12, 3]},
								"west": {"uv": [38, 17], "uv_size": [21, 3]},
								"up": {"uv": [26, 0], "uv_size": [12, 21]},
								"down": {"uv": [26, 42], "uv_size": [12, -21]}
							}
						},
						{
							"origin": [-0.91448, 0.04957, -1.50116],
							"size": [1.72328, 0.60659, 2.8986],
							"uv": {
								"north": {"uv": [38, 30], "uv_size": [13, 4]},
								"east": {"uv": [38, 0], "uv_size": [20, 4]},
								"south": {"uv": [38, 34], "uv_size": [13, 4]},
								"west": {"uv": [38, 4], "uv_size": [20, 4]},
								"up": {"uv": [0, 22], "uv_size": [13, 20]},
								"down": {"uv": [13, 42], "uv_size": [13, -20]}
							}
						},
						{
							"origin": [-0.91448, -0.14344, -1.77689],
							"size": [1.72328, 0.62038, 3.07432],
							"uv": {
								"north": {"uv": [38, 38], "uv_size": [13, 3]},
								"east": {"uv": [38, 8], "uv_size": [22, 3]},
								"south": {"uv": [38, 41], "uv_size": [13, 3]},
								"west": {"uv": [38, 11], "uv_size": [22, 3]},
								"up": {"uv": [0, 0], "uv_size": [13, 22]},
								"down": {"uv": [13, 22], "uv_size": [13, -22]}
							}
						},
						{
							"origin": [-0.91448, 0.07714, -1.68038],
							"size": [1.72328, 0.19301, 0.31708],
							"pivot": [0.71229, 0.215, -2.09397],
							"rotation": [32.5, 0, 0],
							"uv": {
								"north": {"uv": [59, 18], "uv_size": [13, 1]},
								"east": {"uv": [22, 45], "uv_size": [2, 1]},
								"south": {"uv": [59, 19], "uv_size": [13, 1]},
								"west": {"uv": [62, 55], "uv_size": [2, 1]},
								"up": {"uv": [49, 26], "uv_size": [13, 2]},
								"down": {"uv": [49, 30], "uv_size": [13, -2]}
							}
						},
						{
							"origin": [0.13327, 0.18743, 0.09032],
							"size": [0.52388, 0.60659, 1.28212],
							"uv": {
								"north": {"uv": [58, 0], "uv_size": [4, 4]},
								"east": {"uv": [24, 42], "uv_size": [9, 4]},
								"south": {"uv": [58, 4], "uv_size": [4, 4]},
								"west": {"uv": [33, 44], "uv_size": [9, 4]},
								"up": {"uv": [42, 44], "uv_size": [4, 9]},
								"down": {"uv": [0, 54], "uv_size": [4, -9]}
							}
						},
						{
							"origin": [0.17463, 0.22879, 0.09032],
							"size": [0.24815, 0.33087, 0.17922],
							"pivot": [0.6985, 0.09093, -1.42616],
							"rotation": [0, 0, 45],
							"uv": {
								"north": {"uv": [56, 66], "uv_size": [2, 2]},
								"east": {"uv": [45, 53], "uv_size": [1, 2]},
								"south": {"uv": [43, 67], "uv_size": [2, 2]},
								"west": {"uv": [23, 57], "uv_size": [1, 2]},
								"up": {"uv": [37, 65], "uv_size": [2, 1]},
								"down": {"uv": [45, 71], "uv_size": [2, -1]}
							}
						},
						{
							"origin": [0.17463, 0.22879, 0.36604],
							"size": [0.24815, 0.33087, 0.17922],
							"pivot": [0.6985, 0.09093, -1.15044],
							"rotation": [0, 0, 45],
							"uv": {
								"north": {"uv": [5, 68], "uv_size": [2, 2]},
								"east": {"uv": [27, 60], "uv_size": [1, 2]},
								"south": {"uv": [23, 68], "uv_size": [2, 2]},
								"west": {"uv": [27, 62], "uv_size": [1, 2]},
								"up": {"uv": [47, 70], "uv_size": [2, 1]},
								"down": {"uv": [49, 71], "uv_size": [2, -1]}
							}
						},
						{
							"origin": [0.17463, 0.22879, 1.19321],
							"size": [0.24815, 0.33087, 0.17922],
							"pivot": [0.6985, 0.09093, -0.32327],
							"rotation": [0, 0, 45],
							"uv": {
								"north": {"uv": [25, 68], "uv_size": [2, 2]},
								"east": {"uv": [19, 66], "uv_size": [1, 2]},
								"south": {"uv": [30, 68], "uv_size": [2, 2]},
								"west": {"uv": [26, 66], "uv_size": [1, 2]},
								"up": {"uv": [51, 70], "uv_size": [2, 1]},
								"down": {"uv": [70, 53], "uv_size": [2, -1]}
							}
						},
						{
							"origin": [0.17463, 0.22879, 0.91749],
							"size": [0.24815, 0.33087, 0.17922],
							"pivot": [0.6985, 0.09093, -0.59899],
							"rotation": [0, 0, 45],
							"uv": {
								"north": {"uv": [32, 68], "uv_size": [2, 2]},
								"east": {"uv": [40, 66], "uv_size": [1, 2]},
								"south": {"uv": [37, 68], "uv_size": [2, 2]},
								"west": {"uv": [58, 66], "uv_size": [1, 2]},
								"up": {"uv": [53, 70], "uv_size": [2, 1]},
								"down": {"uv": [55, 71], "uv_size": [2, -1]}
							}
						},
						{
							"origin": [0.17463, 0.22879, 0.64177],
							"size": [0.24815, 0.33087, 0.17922],
							"pivot": [0.6985, 0.09093, -0.87472],
							"rotation": [0, 0, 45],
							"uv": {
								"north": {"uv": [39, 68], "uv_size": [2, 2]},
								"east": {"uv": [19, 68], "uv_size": [1, 2]},
								"south": {"uv": [68, 61], "uv_size": [2, 2]},
								"west": {"uv": [64, 69], "uv_size": [1, 2]},
								"up": {"uv": [70, 61], "uv_size": [2, 1]},
								"down": {"uv": [70, 63], "uv_size": [2, -1]}
							}
						},
						{
							"origin": [-0.34925, 0.22879, 0.09032],
							"size": [0.24815, 0.33087, 1.28212],
							"pivot": [0.17463, 0.09093, -1.2883],
							"rotation": [0, 0, 45],
							"uv": {
								"north": {"uv": [65, 68], "uv_size": [2, 2]},
								"east": {"uv": [55, 56], "uv_size": [9, 2]},
								"south": {"uv": [67, 68], "uv_size": [2, 2]},
								"west": {"uv": [12, 57], "uv_size": [9, 2]},
								"up": {"uv": [43, 53], "uv_size": [2, 9]},
								"down": {"uv": [28, 64], "uv_size": [2, -9]}
							}
						},
						{
							"origin": [-0.73526, 0.22879, 0.09032],
							"size": [0.24815, 0.33087, 1.28212],
							"pivot": [-0.21139, 0.09093, -1.2883],
							"rotation": [0, 0, 45],
							"uv": {
								"north": {"uv": [0, 69], "uv_size": [2, 2]},
								"east": {"uv": [51, 58], "uv_size": [8, 2]},
								"south": {"uv": [2, 69], "uv_size": [2, 2]},
								"west": {"uv": [12, 59], "uv_size": [8, 2]},
								"up": {"uv": [21, 57], "uv_size": [2, 8]},
								"down": {"uv": [39, 66], "uv_size": [2, -8]}
							}
						},
						{
							"origin": [-1.24535, 0.32529, 1.19321],
							"size": [0.24815, 0.23437, 0.17922],
							"pivot": [-0.72148, 0.09093, -1.2883],
							"rotation": [0, 0, 45],
							"uv": {
								"north": {"uv": [8, 69], "uv_size": [2, 2]},
								"east": {"uv": [6, 70], "uv_size": [1, 2]},
								"south": {"uv": [10, 69], "uv_size": [2, 2]},
								"west": {"uv": [19, 70], "uv_size": [1, 2]},
								"up": {"uv": [65, 70], "uv_size": [2, 1]},
								"down": {"uv": [70, 67], "uv_size": [2, -1]}
							}
						},
						{
							"origin": [-1.24535, 0.32529, 0.91749],
							"size": [0.24815, 0.23437, 0.17922],
							"pivot": [-0.72148, 0.09093, -1.56403],
							"rotation": [0, 0, 45],
							"uv": {
								"north": {"uv": [12, 69], "uv_size": [2, 2]},
								"east": {"uv": [33, 70], "uv_size": [1, 2]},
								"south": {"uv": [69, 13], "uv_size": [2, 2]},
								"west": {"uv": [57, 70], "uv_size": [1, 2]},
								"up": {"uv": [67, 70], "uv_size": [2, 1]},
								"down": {"uv": [70, 68], "uv_size": [2, -1]}
							}
						},
						{
							"origin": [-1.24535, 0.32529, 0.64177],
							"size": [0.24815, 0.23437, 0.17922],
							"pivot": [-0.72148, 0.09093, -1.83975],
							"rotation": [0, 0, 45],
							"uv": {
								"north": {"uv": [14, 69], "uv_size": [2, 2]},
								"east": {"uv": [69, 70], "uv_size": [1, 2]},
								"south": {"uv": [16, 69], "uv_size": [2, 2]},
								"west": {"uv": [70, 70], "uv_size": [1, 2]},
								"up": {"uv": [0, 71], "uv_size": [2, 1]},
								"down": {"uv": [2, 72], "uv_size": [2, -1]}
							}
						},
						{
							"origin": [-1.24535, 0.32529, 0.36604],
							"size": [0.24815, 0.23437, 0.17922],
							"pivot": [-0.72148, 0.09093, -2.11547],
							"rotation": [0, 0, 45],
							"uv": {
								"north": {"uv": [27, 69], "uv_size": [2, 2]},
								"east": {"uv": [7, 71], "uv_size": [1, 2]},
								"south": {"uv": [34, 69], "uv_size": [2, 2]},
								"west": {"uv": [8, 71], "uv_size": [1, 2]},
								"up": {"uv": [9, 71], "uv_size": [2, 1]},
								"down": {"uv": [11, 72], "uv_size": [2, -1]}
							}
						},
						{
							"origin": [-1.24535, 0.32529, 0.09032],
							"size": [0.24815, 0.23437, 0.17922],
							"pivot": [-0.72148, 0.09093, -2.3912],
							"rotation": [0, 0, 45],
							"uv": {
								"north": {"uv": [41, 69], "uv_size": [2, 2]},
								"east": {"uv": [13, 71], "uv_size": [1, 2]},
								"south": {"uv": [43, 69], "uv_size": [2, 2]},
								"west": {"uv": [71, 13], "uv_size": [1, 2]},
								"up": {"uv": [14, 71], "uv_size": [2, 1]},
								"down": {"uv": [71, 16], "uv_size": [2, -1]}
							}
						},
						{
							"origin": [-0.76284, 0.18743, 0.09032],
							"size": [0.52388, 0.60659, 1.28212],
							"uv": {
								"north": {"uv": [59, 14], "uv_size": [4, 4]},
								"east": {"uv": [4, 45], "uv_size": [9, 4]},
								"south": {"uv": [30, 59], "uv_size": [4, 4]},
								"west": {"uv": [13, 45], "uv_size": [9, 4]},
								"up": {"uv": [22, 46], "uv_size": [4, 9]},
								"down": {"uv": [26, 55], "uv_size": [4, -9]}
							}
						},
						{
							"origin": [-0.80419, -0.70867, 1.08035],
							"size": [1.51648, 0.16543, 0.63417],
							"pivot": [0.71229, -0.57081, -0.90486],
							"rotation": [27.5, 0, 0],
							"uv": {
								"north": {"uv": [60, 36], "uv_size": [11, 1]},
								"east": {"uv": [66, 34], "uv_size": [5, 1]},
								"south": {"uv": [60, 37], "uv_size": [11, 1]},
								"west": {"uv": [51, 66], "uv_size": [5, 1]},
								"up": {"uv": [38, 20], "uv_size": [11, 5]},
								"down": {"uv": [38, 30], "uv_size": [11, -5]}
							}
						},
						{
							"origin": [1.27138, -2.34729, -1.32211],
							"size": [0.72033, 0.11374, 0.87198],
							"pivot": [-0.39519, -1.181, -2.65539],
							"rotation": [0, 0, -90],
							"uv": {
								"north": {"uv": [65, 66], "uv_size": [5, 1]},
								"east": {"uv": [12, 54], "uv_size": [6, 1]},
								"south": {"uv": [67, 0], "uv_size": [5, 1]},
								"west": {"uv": [62, 35], "uv_size": [6, 1]},
								"up": {"uv": [46, 44], "uv_size": [5, 6]},
								"down": {"uv": [30, 54], "uv_size": [5, -6]}
							}
						},
						{
							"origin": [2.67757, -2.76087, -1.32211],
							"size": [0.11374, 0.11374, 0.87198],
							"pivot": [0.69392, -1.59459, -2.65539],
							"rotation": [0, 0, -117.5],
							"uv": {
								"north": {"uv": [45, 55], "uv_size": [1, 1]},
								"east": {"uv": [64, 52], "uv_size": [6, 1]},
								"south": {"uv": [23, 59], "uv_size": [1, 1]},
								"west": {"uv": [65, 15], "uv_size": [6, 1]},
								"up": {"uv": [20, 59], "uv_size": [1, 6]},
								"down": {"uv": [50, 68], "uv_size": [1, -6]}
							}
						},
						{
							"origin": [0.70614, 0.03773, -1.32211],
							"size": [0.11374, 0.66518, 0.87198],
							"uv": {
								"north": {"uv": [41, 48], "uv_size": [1, 5]},
								"east": {"uv": [35, 48], "uv_size": [6, 5]},
								"south": {"uv": [34, 54], "uv_size": [1, 5]},
								"west": {"uv": [4, 49], "uv_size": [6, 5]},
								"up": {"uv": [29, 64], "uv_size": [1, 6]},
								"down": {"uv": [36, 70], "uv_size": [1, -6]}
							}
						},
						{
							"origin": [1.72632, -2.65058, -1.32211],
							"size": [0.11374, 0.11374, 0.87198],
							"pivot": [-0.25733, -1.4843, -2.65539],
							"rotation": [0, 0, -132.5],
							"uv": {
								"north": {"uv": [62, 13], "uv_size": [1, 1]},
								"east": {"uv": [65, 16], "uv_size": [6, 1]},
								"south": {"uv": [4, 69], "uv_size": [1, 1]},
								"west": {"uv": [65, 17], "uv_size": [6, 1]},
								"up": {"uv": [49, 64], "uv_size": [1, 6]},
								"down": {"uv": [20, 71], "uv_size": [1, -6]}
							}
						},
						{
							"origin": [-0.90684, 0.10666, -1.32211],
							"size": [0.11374, 0.66518, 0.87198],
							"uv": {
								"north": {"uv": [7, 66], "uv_size": [1, 5]},
								"east": {"uv": [10, 49], "uv_size": [6, 5]},
								"south": {"uv": [18, 66], "uv_size": [1, 5]},
								"west": {"uv": [16, 49], "uv_size": [6, 5]},
								"up": {"uv": [21, 65], "uv_size": [1, 6]},
								"down": {"uv": [22, 71], "uv_size": [1, -6]}
							}
						},
						{
							"origin": [0.27877, -1.76827, -1.32211],
							"size": [0.61004, 0.11374, 0.87198],
							"pivot": [-1.3878, -0.60198, -2.65539],
							"rotation": [0, 0, -60],
							"uv": {
								"north": {"uv": [18, 54], "uv_size": [4, 1]},
								"east": {"uv": [65, 38], "uv_size": [6, 1]},
								"south": {"uv": [0, 67], "uv_size": [4, 1]},
								"west": {"uv": [65, 39], "uv_size": [6, 1]},
								"up": {"uv": [51, 40], "uv_size": [4, 6]},
								"down": {"uv": [51, 52], "uv_size": [4, -6]}
							}
						},
						{
							"origin": [1.03701, 1.67828, -1.32211],
							"size": [0.58247, 0.11374, 0.87198],
							"pivot": [-0.65713, 2.84457, -2.65539],
							"rotation": [0, 0, 60],
							"uv": {
								"north": {"uv": [45, 69], "uv_size": [4, 1]},
								"east": {"uv": [65, 63], "uv_size": [6, 1]},
								"south": {"uv": [69, 48], "uv_size": [4, 1]},
								"west": {"uv": [65, 64], "uv_size": [6, 1]},
								"up": {"uv": [51, 52], "uv_size": [4, 6]},
								"down": {"uv": [35, 59], "uv_size": [4, -6]}
							}
						},
						{
							"origin": [0.43888, 1.3588, -1.32211],
							"size": [0.34121, 0.11374, 0.87198],
							"pivot": [0.66635, 1.41566, -0.88612],
							"rotation": [0, 0, -102.5],
							"uv": {
								"north": {"uv": [16, 71], "uv_size": [2, 1]},
								"east": {"uv": [65, 65], "uv_size": [6, 1]},
								"south": {"uv": [71, 16], "uv_size": [2, 1]},
								"west": {"uv": [66, 8], "uv_size": [6, 1]},
								"up": {"uv": [41, 58], "uv_size": [2, 6]},
								"down": {"uv": [37, 65], "uv_size": [2, -6]}
							}
						},
						{
							"origin": [0.46645, 1.41394, -1.32211],
							"size": [0.57557, 0.05859, 0.62383],
							"pivot": [0.69392, 1.41566, -0.88612],
							"rotation": [0, 0, -102.5],
							"uv": {
								"north": {"uv": [69, 49], "uv_size": [4, 1]},
								"east": {"uv": [67, 1], "uv_size": [5, 1]},
								"south": {"uv": [50, 69], "uv_size": [4, 1]},
								"west": {"uv": [67, 2], "uv_size": [5, 1]},
								"up": {"uv": [39, 53], "uv_size": [4, 5]},
								"down": {"uv": [30, 59], "uv_size": [4, -5]}
							}
						},
						{
							"origin": [0.20451, 1.91024, -1.32211],
							"size": [0.56179, 0.08616, 0.62383],
							"pivot": [0.43198, 1.88439, -0.88612],
							"rotation": [0, 0, -150],
							"uv": {
								"north": {"uv": [69, 50], "uv_size": [4, 1]},
								"east": {"uv": [67, 3], "uv_size": [5, 1]},
								"south": {"uv": [69, 51], "uv_size": [4, 1]},
								"west": {"uv": [67, 4], "uv_size": [5, 1]},
								"up": {"uv": [24, 55], "uv_size": [4, 5]},
								"down": {"uv": [55, 51], "uv_size": [4, -5]}
							}
						},
						{
							"origin": [-0.15393, 1.9516, -1.32211],
							"size": [0.28606, 0.07238, 0.62383],
							"uv": {
								"north": {"uv": [71, 17], "uv_size": [2, 1]},
								"east": {"uv": [67, 5], "uv_size": [5, 1]},
								"south": {"uv": [20, 71], "uv_size": [2, 1]},
								"west": {"uv": [67, 6], "uv_size": [5, 1]},
								"up": {"uv": [4, 61], "uv_size": [2, 5]},
								"down": {"uv": [6, 66], "uv_size": [2, -5]}
							}
						},
						{
							"origin": [0.37342, 1.57628, -1.32211],
							"size": [0.34121, 0.11374, 0.87198],
							"pivot": [0.54402, 1.63314, -0.88612],
							"rotation": [0, 0, -130],
							"uv": {
								"north": {"uv": [27, 71], "uv_size": [2, 1]},
								"east": {"uv": [66, 9], "uv_size": [6, 1]},
								"south": {"uv": [34, 71], "uv_size": [2, 1]},
								"west": {"uv": [66, 10], "uv_size": [6, 1]},
								"up": {"uv": [60, 8], "uv_size": [2, 6]},
								"down": {"uv": [23, 66], "uv_size": [2, -6]}
							}
						},
						{
							"origin": [0.12973, 1.77185, -1.32211],
							"size": [0.34121, 0.11374, 0.87198],
							"pivot": [0.30034, 1.82872, -0.88612],
							"rotation": [0, 0, -152.5],
							"uv": {
								"north": {"uv": [71, 34], "uv_size": [2, 1]},
								"east": {"uv": [66, 11], "uv_size": [6, 1]},
								"south": {"uv": [71, 36], "uv_size": [2, 1]},
								"west": {"uv": [66, 12], "uv_size": [6, 1]},
								"up": {"uv": [25, 60], "uv_size": [2, 6]},
								"down": {"uv": [60, 36], "uv_size": [2, -6]}
							}
						},
						{
							"origin": [-0.28481, 1.84421, -1.32211],
							"size": [0.40064, 0.11374, 0.87198],
							"pivot": [-0.05478, 1.90107, -0.88612],
							"rotation": [0, 0, -180],
							"uv": {
								"north": {"uv": [69, 56], "uv_size": [3, 1]},
								"east": {"uv": [66, 20], "uv_size": [6, 1]},
								"south": {"uv": [38, 70], "uv_size": [3, 1]},
								"west": {"uv": [66, 21], "uv_size": [6, 1]},
								"up": {"uv": [45, 56], "uv_size": [3, 6]},
								"down": {"uv": [48, 62], "uv_size": [3, -6]}
							}
						},
						{
							"origin": [-0.52104, 1.77185, -1.32211],
							"size": [0.34121, 0.11374, 0.87198],
							"pivot": [-0.35045, 1.82872, -0.88612],
							"rotation": [0, 0, 152.5],
							"uv": {
								"north": {"uv": [71, 37], "uv_size": [2, 1]},
								"east": {"uv": [66, 22], "uv_size": [6, 1]},
								"south": {"uv": [38, 71], "uv_size": [2, 1]},
								"west": {"uv": [66, 23], "uv_size": [6, 1]},
								"up": {"uv": [51, 60], "uv_size": [2, 6]},
								"down": {"uv": [53, 66], "uv_size": [2, -6]}
							}
						},
						{
							"origin": [-0.76474, 1.57628, -1.32211],
							"size": [0.34121, 0.11374, 0.87198],
							"pivot": [-0.59412, 1.63314, -0.88612],
							"rotation": [0, 0, 130],
							"uv": {
								"north": {"uv": [71, 38], "uv_size": [2, 1]},
								"east": {"uv": [66, 24], "uv_size": [6, 1]},
								"south": {"uv": [71, 39], "uv_size": [2, 1]},
								"west": {"uv": [66, 25], "uv_size": [6, 1]},
								"up": {"uv": [55, 60], "uv_size": [2, 6]},
								"down": {"uv": [57, 66], "uv_size": [2, -6]}
							}
						},
						{
							"origin": [-0.83019, 1.3588, -1.32211],
							"size": [0.34121, 0.11374, 0.87198],
							"pivot": [-0.71645, 1.41566, -0.88612],
							"rotation": [0, 0, 102.5],
							"uv": {
								"north": {"uv": [40, 71], "uv_size": [2, 1]},
								"east": {"uv": [66, 30], "uv_size": [6, 1]},
								"south": {"uv": [42, 71], "uv_size": [2, 1]},
								"west": {"uv": [66, 31], "uv_size": [6, 1]},
								"up": {"uv": [0, 61], "uv_size": [2, 6]},
								"down": {"uv": [2, 67], "uv_size": [2, -6]}
							}
						},
						{
							"origin": [1.27138, -0.86872, -1.32211],
							"size": [0.72033, 0.11374, 0.87198],
							"pivot": [-0.39519, -1.181, -2.65539],
							"rotation": [0, 0, -90],
							"uv": {
								"north": {"uv": [67, 41], "uv_size": [5, 1]},
								"east": {"uv": [66, 32], "uv_size": [6, 1]},
								"south": {"uv": [67, 42], "uv_size": [5, 1]},
								"west": {"uv": [66, 33], "uv_size": [6, 1]},
								"up": {"uv": [49, 20], "uv_size": [5, 6]},
								"down": {"uv": [46, 56], "uv_size": [5, -6]}
							}
						},
						{
							"origin": [0.95799, -0.39536, -1.5417],
							"size": [0.5486, 0.2107, 0.6641],
							"pivot": [-0.31126, -0.6332, -2.55713],
							"rotation": [0, 0, -90],
							"uv": {
								"north": {"uv": [64, 57], "uv_size": [4, 2]},
								"east": {"uv": [33, 42], "uv_size": [5, 2]},
								"south": {"uv": [64, 59], "uv_size": [4, 2]},
								"west": {"uv": [60, 38], "uv_size": [5, 2]},
								"up": {"uv": [4, 56], "uv_size": [4, 5]},
								"down": {"uv": [8, 61], "uv_size": [4, -5]}
							}
						},
						{
							"origin": [0.95799, -1.65931, -1.5417],
							"size": [0.5486, 0.22449, 0.6641],
							"pivot": [-0.31126, -0.6332, -2.55713],
							"rotation": [0, 0, -90],
							"uv": {
								"north": {"uv": [64, 61], "uv_size": [4, 2]},
								"east": {"uv": [8, 61], "uv_size": [5, 2]},
								"south": {"uv": [65, 13], "uv_size": [4, 2]},
								"west": {"uv": [13, 61], "uv_size": [5, 2]},
								"up": {"uv": [56, 30], "uv_size": [4, 5]},
								"down": {"uv": [56, 40], "uv_size": [4, -5]}
							}
						},
						{
							"origin": [0.2826, 1.16325, -1.5417],
							"size": [0.35637, 0.22449, 0.6641],
							"pivot": [0.49719, 1.34441, -1.20965],
							"rotation": [0, 0, -102.5],
							"uv": {
								"north": {"uv": [30, 46], "uv_size": [3, 2]},
								"east": {"uv": [62, 0], "uv_size": [5, 2]},
								"south": {"uv": [4, 66], "uv_size": [3, 2]},
								"west": {"uv": [62, 2], "uv_size": [5, 2]},
								"up": {"uv": [34, 59], "uv_size": [3, 5]},
								"down": {"uv": [59, 51], "uv_size": [3, -5]}
							}
						},
						{
							"origin": [0.2741, 1.32888, -1.5417],
							"size": [0.34259, 0.22449, 0.6641],
							"pivot": [0.40403, 1.51006, -1.20965],
							"rotation": [0, 0, -130],
							"uv": {
								"north": {"uv": [58, 69], "uv_size": [2, 2]},
								"east": {"uv": [62, 4], "uv_size": [5, 2]},
								"south": {"uv": [60, 69], "uv_size": [2, 2]},
								"west": {"uv": [62, 6], "uv_size": [5, 2]},
								"up": {"uv": [18, 61], "uv_size": [2, 5]},
								"down": {"uv": [62, 13], "uv_size": [2, -5]}
							}
						},
						{
							"origin": [0.08851, 1.47783, -1.5417],
							"size": [0.25987, 0.22449, 0.6641],
							"pivot": [0.21845, 1.65901, -1.20965],
							"rotation": [0, 0, -152.5],
							"uv": {
								"north": {"uv": [62, 69], "uv_size": [2, 2]},
								"east": {"uv": [62, 26], "uv_size": [5, 2]},
								"south": {"uv": [69, 68], "uv_size": [2, 2]},
								"west": {"uv": [62, 28], "uv_size": [5, 2]},
								"up": {"uv": [62, 30], "uv_size": [2, 5]},
								"down": {"uv": [43, 67], "uv_size": [2, -5]}
							}
						},
						{
							"origin": [-0.29614, 1.53293, -1.5417],
							"size": [0.45678, 0.22449, 0.6641],
							"pivot": [-0.052, 1.71411, -1.20965],
							"rotation": [0, 0, -180],
							"uv": {
								"north": {"uv": [23, 66], "uv_size": [3, 2]},
								"east": {"uv": [45, 62], "uv_size": [5, 2]},
								"south": {"uv": [37, 66], "uv_size": [3, 2]},
								"west": {"uv": [62, 46], "uv_size": [5, 2]},
								"up": {"uv": [59, 51], "uv_size": [3, 5]},
								"down": {"uv": [59, 63], "uv_size": [3, -5]}
							}
						},
						{
							"origin": [-0.64256, 1.19082, -1.5417],
							"size": [0.28744, 0.19691, 0.6641],
							"pivot": [-0.55594, 1.34441, -1.20965],
							"rotation": [0, 0, 102.5],
							"uv": {
								"north": {"uv": [44, 71], "uv_size": [2, 1]},
								"east": {"uv": [67, 43], "uv_size": [5, 1]},
								"south": {"uv": [46, 71], "uv_size": [2, 1]},
								"west": {"uv": [67, 44], "uv_size": [5, 1]},
								"up": {"uv": [62, 48], "uv_size": [2, 5]},
								"down": {"uv": [62, 63], "uv_size": [2, -5]}
							}
						},
						{
							"origin": [-0.59271, 1.37024, -1.5417],
							"size": [0.3288, 0.18313, 0.6641],
							"pivot": [-0.46279, 1.51006, -1.20965],
							"rotation": [0, 0, 130],
							"uv": {
								"north": {"uv": [48, 71], "uv_size": [2, 1]},
								"east": {"uv": [67, 45], "uv_size": [5, 1]},
								"south": {"uv": [50, 71], "uv_size": [2, 1]},
								"west": {"uv": [67, 46], "uv_size": [5, 1]},
								"up": {"uv": [8, 63], "uv_size": [2, 5]},
								"down": {"uv": [10, 68], "uv_size": [2, -5]}
							}
						},
						{
							"origin": [-0.40712, 1.50541, -1.5417],
							"size": [0.3288, 0.19691, 0.6641],
							"pivot": [-0.27719, 1.65901, -1.20965],
							"rotation": [0, 0, 152.5],
							"uv": {
								"north": {"uv": [52, 71], "uv_size": [2, 1]},
								"east": {"uv": [67, 47], "uv_size": [5, 1]},
								"south": {"uv": [54, 71], "uv_size": [2, 1]},
								"west": {"uv": [51, 67], "uv_size": [5, 1]},
								"up": {"uv": [12, 63], "uv_size": [2, 5]},
								"down": {"uv": [63, 18], "uv_size": [2, -5]}
							}
						},
						{
							"origin": [-0.95584, 0.40801, 0.69084],
							"size": [1.86114, 0.28951, 0.28951],
							"pivot": [0.90529, 0.40801, 0.69084],
							"rotation": [-45, 0, 0],
							"uv": {
								"north": {"uv": [0, 54], "uv_size": [12, 2]},
								"east": {"uv": [4, 70], "uv_size": [2, 2]},
								"south": {"uv": [54, 20], "uv_size": [12, 2]},
								"west": {"uv": [23, 70], "uv_size": [2, 2]},
								"up": {"uv": [54, 22], "uv_size": [12, 2]},
								"down": {"uv": [54, 26], "uv_size": [12, -2]}
							}
						},
						{
							"origin": [-0.69391, 0.72509, -0.52914],
							"size": [0.63417, 0.28951, 0.28951],
							"pivot": [-0.05974, 0.72509, -0.52914],
							"rotation": [-45, 0, -90],
							"uv": {
								"north": {"uv": [62, 53], "uv_size": [5, 2]},
								"east": {"uv": [25, 70], "uv_size": [2, 2]},
								"south": {"uv": [64, 48], "uv_size": [5, 2]},
								"west": {"uv": [29, 70], "uv_size": [2, 2]},
								"up": {"uv": [64, 50], "uv_size": [5, 2]},
								"down": {"uv": [64, 57], "uv_size": [5, -2]}
							}
						},
						{
							"origin": [-0.95584, 0.40801, -0.41205],
							"size": [1.86114, 0.28951, 0.28951],
							"pivot": [0.90529, 0.40801, -0.41205],
							"rotation": [-45, 0, 0],
							"uv": {
								"north": {"uv": [12, 55], "uv_size": [12, 2]},
								"east": {"uv": [31, 70], "uv_size": [2, 2]},
								"south": {"uv": [55, 40], "uv_size": [12, 2]},
								"west": {"uv": [36, 70], "uv_size": [2, 2]},
								"up": {"uv": [55, 42], "uv_size": [12, 2]},
								"down": {"uv": [55, 46], "uv_size": [12, -2]}
							}
						}
					]
				},
				{
					"name": "Redot2",
					"parent": "scope_body",
					"pivot": [-0.32626, 1.99468, -0.88612],
					"rotation": [0, 0, -100],
					"cubes": [
						{
							"origin": [-0.92596, 2.42033, -1.32211],
							"size": [0.63072, 0.09995, 0.62383],
							"pivot": [-0.69849, 2.46341, -0.88612],
							"rotation": [0, 0, -157.5],
							"uv": {
								"north": {"uv": [67, 7], "uv_size": [5, 1]},
								"east": {"uv": [67, 26], "uv_size": [5, 1]},
								"south": {"uv": [67, 27], "uv_size": [5, 1]},
								"west": {"uv": [67, 28], "uv_size": [5, 1]},
								"up": {"uv": [51, 30], "uv_size": [5, 5]},
								"down": {"uv": [51, 40], "uv_size": [5, -5]}
							}
						},
						{
							"origin": [-0.49859, 2.04811, -1.32211],
							"size": [0.57557, 0.12752, 0.62383],
							"pivot": [-0.32626, 1.99468, -0.88612],
							"rotation": [0, 0, -102.5],
							"uv": {
								"north": {"uv": [54, 69], "uv_size": [4, 1]},
								"east": {"uv": [67, 29], "uv_size": [5, 1]},
								"south": {"uv": [69, 55], "uv_size": [4, 1]},
								"west": {"uv": [67, 40], "uv_size": [5, 1]},
								"up": {"uv": [55, 51], "uv_size": [4, 5]},
								"down": {"uv": [0, 61], "uv_size": [4, -5]}
							}
						}
					]
				},
				{
					"name": "Redot",
					"parent": "scope_body",
					"pivot": [0.5056, 0.80675, -1.20965],
					"rotation": [0, 0, -180],
					"cubes": [
						{
							"origin": [1.3855, 0.76345, -1.5417],
							"size": [0.25987, 0.08662, 0.6641],
							"pivot": [1.55873, 0.80675, -1.20965],
							"rotation": [0, 0, -102.5],
							"uv": {
								"north": {"uv": [58, 71], "uv_size": [2, 1]},
								"east": {"uv": [67, 53], "uv_size": [5, 1]},
								"south": {"uv": [60, 71], "uv_size": [2, 1]},
								"west": {"uv": [67, 54], "uv_size": [5, 1]},
								"up": {"uv": [14, 63], "uv_size": [2, 5]},
								"down": {"uv": [16, 68], "uv_size": [2, -5]}
							}
						},
						{
							"origin": [1.33564, 0.92908, -1.5417],
							"size": [0.25987, 0.08662, 0.6641],
							"pivot": [1.46556, 0.9724, -1.20965],
							"rotation": [0, 0, -130],
							"uv": {
								"north": {"uv": [62, 71], "uv_size": [2, 1]},
								"east": {"uv": [65, 67], "uv_size": [5, 1]},
								"south": {"uv": [71, 63], "uv_size": [2, 1]},
								"west": {"uv": [0, 68], "uv_size": [5, 1]},
								"up": {"uv": [30, 63], "uv_size": [2, 5]},
								"down": {"uv": [32, 68], "uv_size": [2, -5]}
							}
						},
						{
							"origin": [1.15004, 1.07803, -1.5417],
							"size": [0.25987, 0.08662, 0.6641],
							"pivot": [1.27999, 1.12135, -1.20965],
							"rotation": [0, 0, -152.5],
							"uv": {
								"north": {"uv": [64, 71], "uv_size": [2, 1]},
								"east": {"uv": [8, 68], "uv_size": [5, 1]},
								"south": {"uv": [71, 64], "uv_size": [2, 1]},
								"west": {"uv": [13, 68], "uv_size": [5, 1]},
								"up": {"uv": [59, 63], "uv_size": [2, 5]},
								"down": {"uv": [61, 68], "uv_size": [2, -5]}
							}
						},
						{
							"origin": [0.83433, 1.13313, -1.5417],
							"size": [0.30513, 0.08662, 0.6641],
							"pivot": [1.00953, 1.17645, -1.20965],
							"rotation": [0, 0, -180],
							"uv": {
								"north": {"uv": [71, 65], "uv_size": [2, 1]},
								"east": {"uv": [68, 35], "uv_size": [5, 1]},
								"south": {"uv": [66, 71], "uv_size": [2, 1]},
								"west": {"uv": [50, 68], "uv_size": [5, 1]},
								"up": {"uv": [63, 63], "uv_size": [2, 5]},
								"down": {"uv": [64, 13], "uv_size": [2, -5]}
							}
						},
						{
							"origin": [0.65442, 1.07803, -1.5417],
							"size": [0.25987, 0.08662, 0.6641],
							"pivot": [0.78434, 1.12135, -1.20965],
							"rotation": [0, 0, 152.5],
							"uv": {
								"north": {"uv": [71, 68], "uv_size": [2, 1]},
								"east": {"uv": [55, 68], "uv_size": [5, 1]},
								"south": {"uv": [71, 69], "uv_size": [2, 1]},
								"west": {"uv": [68, 57], "uv_size": [5, 1]},
								"up": {"uv": [27, 64], "uv_size": [2, 5]},
								"down": {"uv": [64, 35], "uv_size": [2, -5]}
							}
						},
						{
							"origin": [0.46882, 0.92908, -1.5417],
							"size": [0.25987, 0.08662, 0.6641],
							"pivot": [0.59875, 0.9724, -1.20965],
							"rotation": [0, 0, 130],
							"uv": {
								"north": {"uv": [71, 70], "uv_size": [2, 1]},
								"east": {"uv": [68, 58], "uv_size": [5, 1]},
								"south": {"uv": [71, 71], "uv_size": [2, 1]},
								"west": {"uv": [68, 59], "uv_size": [5, 1]},
								"up": {"uv": [34, 64], "uv_size": [2, 5]},
								"down": {"uv": [41, 69], "uv_size": [2, -5]}
							}
						},
						{
							"origin": [0.41898, 0.76345, -1.5417],
							"size": [0.25987, 0.08662, 0.6641],
							"pivot": [0.5056, 0.80675, -1.20965],
							"rotation": [0, 0, 102.5],
							"uv": {
								"north": {"uv": [0, 72], "uv_size": [2, 1]},
								"east": {"uv": [60, 68], "uv_size": [5, 1]},
								"south": {"uv": [72, 0], "uv_size": [2, 1]},
								"west": {"uv": [68, 60], "uv_size": [5, 1]},
								"up": {"uv": [45, 64], "uv_size": [2, 5]},
								"down": {"uv": [47, 69], "uv_size": [2, -5]}
							}
						}
					]
				},
				{
					"name": "ocular",
					"pivot": [0, -0.31806, 0.65102],
					"cubes": [
						{
							"origin": [-0.57442, 0.63931, -0.88078],
							"size": [1.14885, 1.11055, 0],
							"uv": {
								"south": {"uv": [0, 0], "uv_size": [0.75, 0.725]}
							}
						}
					]
				}
			]
		}
	]
}