{
	"format_version": "1.12.0",
	"minecraft:geometry": [
		{
			"description": {
				"identifier": "geometry.unknown",
				"texture_width": 64,
				"texture_height": 64,
				"visible_bounds_width": 15,
				"visible_bounds_height": 3,
				"visible_bounds_offset": [0, 0.5, 0]
			},
			"bones": [
				{
					"name": "ocular",
					"pivot": [-0.23342, -0.22102, 3.52722],
					"cubes": [
						{
							"origin": [-0.7877, 0.98832, 1.51167],
							"size": [1.61244, 1.61244, 0],
							"uv": {
								"south": {"uv": [0, 0], "uv_size": [0.8, 0.8]}
							}
						},
						{
							"origin": [-0.7877, 0.98832, -0.60467],
							"size": [1.61244, 1.61244, 0],
							"uv": {
								"south": {"uv": [0.8, 0], "uv_size": [0.8, 0.8]}
							}
						}
					]
				},
				{
					"name": "division",
					"pivot": [0.17339, 1.76361, 121.72114]
				},
				{
					"name": "division_illuminated",
					"parent": "division",
					"pivot": [-0.17192, -0.16468, -38.11235],
					"cubes": [
						{
							"origin": [-1.07906, 0.38899, -82.37934],
							"size": [2.28227, 2.28227, 0.31711],
							"inflate": -0.26562,
							"pivot": [0.06207, 1.53013, -82.22078],
							"rotation": [0, 0, -45],
							"uv": {
								"south": {"uv": [58.25, 0], "uv_size": [5.75, 5.5]}
							}
						},
						{
							"origin": [-0.45071, 0.8482, -82.23854],
							"size": [1.10732, 1.10732, 0.4608],
							"inflate": -0.26562,
							"pivot": [0.10296, 1.40185, -82.00815],
							"rotation": [0, 0, -45],
							"uv": {
								"south": {"uv": [58.25, 5], "uv_size": [0.75, 0.5]}
							}
						}
					]
				},
				{
					"name": "scope_view",
					"pivot": [0.02222, 1.66615, 11.53905]
				},
				{
					"name": "scope_body",
					"pivot": [0.20663, 1.70591, 0.64214],
					"rotation": [0, -90, 0],
					"cubes": [
						{
							"origin": [-1.29535, -0.04187, -0.33147],
							"size": [2.56703, 0.68817, 2.29199],
							"uv": {
								"north": {"uv": [17, 2], "uv_size": [6, 1]},
								"east": {"uv": [12, 19], "uv_size": [5, 1]},
								"south": {"uv": [17, 3], "uv_size": [6, 1]},
								"west": {"uv": [17, 19], "uv_size": [5, 1]},
								"up": {"uv": [6, 0], "uv_size": [6, 5]},
								"down": {"uv": [6, 10], "uv_size": [6, -5]}
							}
						},
						{
							"origin": [-1.02031, 1.63158, -0.33147],
							"size": [0.4584, 0.59591, 2.29199],
							"pivot": [1.45502, 0.43974, -0.33147],
							"rotation": [0, 0, -27.5],
							"uv": {
								"north": {"uv": [18, 28], "uv_size": [1, 1]},
								"east": {"uv": [2, 20], "uv_size": [5, 1]},
								"south": {"uv": [19, 28], "uv_size": [1, 1]},
								"west": {"uv": [7, 20], "uv_size": [5, 1]},
								"up": {"uv": [12, 20], "uv_size": [1, 5]},
								"down": {"uv": [13, 25], "uv_size": [1, -5]}
							}
						},
						{
							"origin": [0.76743, 0.39391, -0.33147],
							"size": [0.50423, 0.4584, 2.29199],
							"pivot": [1.27166, 0.39391, -0.33147],
							"rotation": [0, 0, 20],
							"uv": {
								"north": {"uv": [28, 7], "uv_size": [1, 1]},
								"east": {"uv": [12, 18], "uv_size": [5, 1]},
								"south": {"uv": [17, 28], "uv_size": [1, 1]},
								"west": {"uv": [17, 18], "uv_size": [5, 1]},
								"up": {"uv": [0, 19], "uv_size": [1, 5]},
								"down": {"uv": [1, 24], "uv_size": [1, -5]}
							}
						},
						{
							"origin": [0.90311, 0.48193, -0.41949],
							"size": [0.32271, 0.29338, 2.4295],
							"pivot": [1.31751, 0.3444, -0.33147],
							"rotation": [0, 0, 20],
							"uv": {
								"north": {"uv": [20, 28], "uv_size": [1, 1]},
								"east": {"uv": [14, 20], "uv_size": [5, 1]},
								"south": {"uv": [28, 20], "uv_size": [1, 1]},
								"west": {"uv": [19, 20], "uv_size": [5, 1]},
								"up": {"uv": [2, 21], "uv_size": [1, 5]},
								"down": {"uv": [3, 26], "uv_size": [1, -5]}
							}
						},
						{
							"origin": [1.04247, 0.89814, -0.01058],
							"size": [0.22919, 1.78776, 0.13751],
							"pivot": [1.45502, 0.89814, -0.01058],
							"rotation": [0, -35, 0],
							"uv": {
								"north": {"uv": [11, 21], "uv_size": [1, 4]},
								"east": {"uv": [19, 23], "uv_size": [1, 4]},
								"south": {"uv": [20, 23], "uv_size": [1, 4]},
								"west": {"uv": [21, 23], "uv_size": [1, 4]},
								"up": {"uv": [21, 28], "uv_size": [1, 1]},
								"down": {"uv": [28, 22], "uv_size": [1, -1]}
							}
						},
						{
							"origin": [0.95079, 0.89814, 1.54797],
							"size": [0.27504, 1.74191, 0.13751],
							"pivot": [1.45502, 0.89814, 1.54797],
							"rotation": [0, 35, 0],
							"uv": {
								"north": {"uv": [22, 23], "uv_size": [1, 4]},
								"east": {"uv": [23, 23], "uv_size": [1, 4]},
								"south": {"uv": [0, 24], "uv_size": [1, 4]},
								"west": {"uv": [1, 24], "uv_size": [1, 4]},
								"up": {"uv": [26, 28], "uv_size": [1, 1]},
								"down": {"uv": [27, 29], "uv_size": [1, -1]}
							}
						},
						{
							"origin": [-1.52456, 0.79501, 1.82301],
							"size": [2.65871, 1.84506, 0.13751],
							"uv": {
								"north": {"uv": [0, 10], "uv_size": [5, 4]},
								"east": {"uv": [4, 24], "uv_size": [1, 4]},
								"south": {"uv": [5, 10], "uv_size": [5, 4]},
								"west": {"uv": [5, 24], "uv_size": [1, 4]},
								"up": {"uv": [4, 21], "uv_size": [5, 1]},
								"down": {"uv": [21, 11], "uv_size": [5, -1]}
							}
						},
						{
							"origin": [-1.24952, 0.71478, -0.23979],
							"size": [2.38367, 1.92527, 0.09168],
							"uv": {
								"north": {"uv": [17, 4], "uv_size": [5, 4]},
								"east": {"uv": [22, 4], "uv_size": [1, 4]},
								"south": {"uv": [30, 32], "uv_size": [5, 4]},
								"west": {"uv": [0, 33], "uv_size": [1, 4]},
								"up": {"uv": [12, 8], "uv_size": [5, 1]},
								"down": {"uv": [12, 10], "uv_size": [5, -1]}
							}
						},
						{
							"origin": [-1.57039, 0.85231, -0.28562],
							"size": [0.64176, 1.78776, 0.13751],
							"uv": {
								"north": {"uv": [10, 10], "uv_size": [5, 4]},
								"east": {"uv": [6, 24], "uv_size": [1, 4]},
								"south": {"uv": [12, 0], "uv_size": [5, 4]},
								"west": {"uv": [7, 24], "uv_size": [1, 4]},
								"up": {"uv": [21, 11], "uv_size": [5, 1]},
								"down": {"uv": [21, 13], "uv_size": [5, -1]}
							}
						},
						{
							"origin": [-3.67902, 0.1647, -0.28562],
							"size": [0.64176, 0.36672, 0.13751],
							"pivot": [-1.02031, 0.02718, -0.28562],
							"rotation": [0, 0, 75],
							"uv": {
								"north": {"uv": [10, 10], "uv_size": [5, 4]},
								"east": {"uv": [6, 24], "uv_size": [1, 4]},
								"south": {"uv": [12, 0], "uv_size": [5, 4]},
								"west": {"uv": [7, 24], "uv_size": [1, 4]},
								"up": {"uv": [21, 11], "uv_size": [5, 1]},
								"down": {"uv": [21, 13], "uv_size": [5, -1]}
							}
						},
						{
							"origin": [-3.67902, 0.1647, 1.82301],
							"size": [0.64176, 0.36672, 0.13751],
							"pivot": [-1.02031, 0.02718, 1.82301],
							"rotation": [0, 0, 75],
							"uv": {
								"north": {"uv": [10, 10], "uv_size": [5, 4]},
								"east": {"uv": [6, 24], "uv_size": [1, 4]},
								"south": {"uv": [12, 0], "uv_size": [5, 4]},
								"west": {"uv": [7, 24], "uv_size": [1, 4]},
								"up": {"uv": [21, 11], "uv_size": [5, 1]},
								"down": {"uv": [21, 13], "uv_size": [5, -1]}
							}
						},
						{
							"origin": [0.81328, 0.71478, -0.28562],
							"size": [0.32087, 1.92527, 0.13751],
							"uv": {
								"north": {"uv": [10, 10], "uv_size": [5, 4]},
								"east": {"uv": [6, 24], "uv_size": [1, 4]},
								"south": {"uv": [12, 0], "uv_size": [5, 4]},
								"west": {"uv": [7, 24], "uv_size": [1, 4]},
								"up": {"uv": [21, 11], "uv_size": [5, 1]},
								"down": {"uv": [21, 13], "uv_size": [5, -1]}
							}
						},
						{
							"origin": [-0.92863, 2.41085, -0.28562],
							"size": [2.0628, 0.22919, 0.13751],
							"uv": {
								"north": {"uv": [10, 10], "uv_size": [5, 4]},
								"east": {"uv": [6, 24], "uv_size": [1, 4]},
								"south": {"uv": [12, 0], "uv_size": [5, 4]},
								"west": {"uv": [7, 24], "uv_size": [1, 4]},
								"up": {"uv": [21, 11], "uv_size": [5, 1]},
								"down": {"uv": [21, 13], "uv_size": [5, -1]}
							}
						},
						{
							"origin": [-0.13789, 1.29926, -0.28562],
							"size": [0.09168, 1.11161, 0.13751],
							"uv": {
								"north": {"uv": [10, 10], "uv_size": [5, 4]},
								"east": {"uv": [6, 24], "uv_size": [1, 4]},
								"south": {"uv": [12, 0], "uv_size": [5, 4]},
								"west": {"uv": [7, 24], "uv_size": [1, 4]},
								"up": {"uv": [21, 11], "uv_size": [5, 1]},
								"down": {"uv": [21, 13], "uv_size": [5, -1]}
							}
						},
						{
							"origin": [-0.92863, 0.85231, -0.28562],
							"size": [2.0628, 0.4584, 0.13751],
							"uv": {
								"north": {"uv": [10, 10], "uv_size": [5, 4]},
								"east": {"uv": [6, 24], "uv_size": [1, 4]},
								"south": {"uv": [12, 0], "uv_size": [5, 4]},
								"west": {"uv": [7, 24], "uv_size": [1, 4]},
								"up": {"uv": [21, 11], "uv_size": [5, 1]},
								"down": {"uv": [21, 13], "uv_size": [5, -1]}
							}
						},
						{
							"origin": [-1.24952, 2.64005, -0.28562],
							"size": [2.38367, 0.18336, 0.13751],
							"pivot": [1.08832, 2.64005, -0.28562],
							"rotation": [-40, 0, 0],
							"uv": {
								"north": {"uv": [21, 13], "uv_size": [5, 1]},
								"east": {"uv": [20, 32], "uv_size": [1, 1]},
								"south": {"uv": [14, 21], "uv_size": [5, 1]},
								"west": {"uv": [32, 20], "uv_size": [1, 1]},
								"up": {"uv": [21, 16], "uv_size": [5, 1]},
								"down": {"uv": [21, 18], "uv_size": [5, -1]}
							}
						},
						{
							"origin": [-1.24952, 2.54837, 1.82301],
							"size": [2.38367, 0.18336, 0.13751],
							"pivot": [1.08832, 2.54837, 1.82301],
							"rotation": [40, 0, 0],
							"uv": {
								"north": {"uv": [19, 21], "uv_size": [5, 1]},
								"east": {"uv": [21, 32], "uv_size": [1, 1]},
								"south": {"uv": [4, 22], "uv_size": [5, 1]},
								"west": {"uv": [32, 21], "uv_size": [1, 1]},
								"up": {"uv": [14, 22], "uv_size": [5, 1]},
								"down": {"uv": [22, 19], "uv_size": [5, -1]}
							}
						},
						{
							"origin": [-1.24952, 2.41085, 1.45629],
							"size": [2.29199, 0.50423, 0.13751],
							"pivot": [0.99664, 2.73173, 1.45629],
							"rotation": [60, 0, 0],
							"uv": {
								"north": {"uv": [19, 22], "uv_size": [5, 1]},
								"east": {"uv": [22, 32], "uv_size": [1, 1]},
								"south": {"uv": [22, 19], "uv_size": [5, 1]},
								"west": {"uv": [32, 22], "uv_size": [1, 1]},
								"up": {"uv": [23, 0], "uv_size": [5, 1]},
								"down": {"uv": [23, 2], "uv_size": [5, -1]}
							}
						},
						{
							"origin": [-1.24952, 2.54837, 0.10373],
							"size": [2.29199, 0.50423, 0.13751],
							"pivot": [0.99664, 2.86926, 0.10373],
							"rotation": [-60, 0, 0],
							"uv": {
								"north": {"uv": [23, 2], "uv_size": [5, 1]},
								"east": {"uv": [23, 32], "uv_size": [1, 1]},
								"south": {"uv": [23, 3], "uv_size": [5, 1]},
								"west": {"uv": [32, 23], "uv_size": [1, 1]},
								"up": {"uv": [4, 23], "uv_size": [5, 1]},
								"down": {"uv": [23, 5], "uv_size": [5, -1]}
							}
						},
						{
							"origin": [-1.24952, 2.77758, -0.14811],
							"size": [2.4295, 1.92527, 0.22919],
							"pivot": [1.08832, 2.77758, -0.14811],
							"rotation": [-90, 0, 0],
							"uv": {
								"north": {"uv": [12, 4], "uv_size": [5, 4]},
								"east": {"uv": [8, 24], "uv_size": [1, 4]},
								"south": {"uv": [0, 14], "uv_size": [5, 4]},
								"west": {"uv": [14, 24], "uv_size": [1, 4]},
								"up": {"uv": [23, 5], "uv_size": [5, 1]},
								"down": {"uv": [23, 7], "uv_size": [5, -1]}
							}
						},
						{
							"origin": [-1.24952, 3.37349, -0.19394],
							"size": [2.29199, 1.05431, 0.18336],
							"pivot": [1.08832, 2.91509, -0.14811],
							"rotation": [-90, 0, 0],
							"uv": {
								"north": {"uv": [11, 16], "uv_size": [5, 2]},
								"east": {"uv": [4, 28], "uv_size": [1, 2]},
								"south": {"uv": [16, 16], "uv_size": [5, 2]},
								"west": {"uv": [5, 28], "uv_size": [1, 2]},
								"up": {"uv": [23, 7], "uv_size": [5, 1]},
								"down": {"uv": [14, 24], "uv_size": [5, -1]}
							}
						},
						{
							"origin": [0.44656, 1.26486, -0.14811],
							"size": [0.27504, 1.83359, 0.13751],
							"pivot": [2.64687, 1.21901, -0.14811],
							"rotation": [-90, 0, 47.5],
							"uv": {
								"north": {"uv": [15, 24], "uv_size": [1, 4]},
								"east": {"uv": [16, 24], "uv_size": [1, 4]},
								"south": {"uv": [17, 24], "uv_size": [1, 4]},
								"west": {"uv": [18, 24], "uv_size": [1, 4]},
								"up": {"uv": [24, 32], "uv_size": [1, 1]},
								"down": {"uv": [32, 25], "uv_size": [1, -1]}
							}
						},
						{
							"origin": [0.35488, 1.81494, -0.10226],
							"size": [0.27504, 1.05431, 0.09168],
							"pivot": [2.55519, 1.35654, -0.14811],
							"rotation": [-90, 0, 47.5],
							"uv": {
								"north": {"uv": [28, 5], "uv_size": [1, 2]},
								"east": {"uv": [6, 28], "uv_size": [1, 2]},
								"south": {"uv": [7, 28], "uv_size": [1, 2]},
								"west": {"uv": [8, 28], "uv_size": [1, 2]},
								"up": {"uv": [25, 32], "uv_size": [1, 1]},
								"down": {"uv": [32, 26], "uv_size": [1, -1]}
							}
						},
						{
							"origin": [0.95079, 0.76063, -0.33147],
							"size": [0.50423, 0.09168, 2.29199],
							"uv": {
								"north": {"uv": [26, 32], "uv_size": [1, 1]},
								"east": {"uv": [23, 14], "uv_size": [5, 1]},
								"south": {"uv": [32, 26], "uv_size": [1, 1]},
								"west": {"uv": [23, 15], "uv_size": [5, 1]},
								"up": {"uv": [9, 21], "uv_size": [1, 5]},
								"down": {"uv": [10, 26], "uv_size": [1, -5]}
							}
						},
						{
							"origin": [0.81328, 0.34806, -0.33147],
							"size": [0.50423, 0.4584, 0.32087],
							"pivot": [1.31751, 0.34806, -0.33147],
							"rotation": [0, 0, 20],
							"uv": {
								"north": {"uv": [27, 32], "uv_size": [1, 1]},
								"east": {"uv": [32, 27], "uv_size": [1, 1]},
								"south": {"uv": [28, 32], "uv_size": [1, 1]},
								"west": {"uv": [32, 28], "uv_size": [1, 1]},
								"up": {"uv": [29, 32], "uv_size": [1, 1]},
								"down": {"uv": [32, 30], "uv_size": [1, -1]}
							}
						},
						{
							"origin": [0.81328, 0.34806, 1.63965],
							"size": [0.50423, 0.4584, 0.32087],
							"pivot": [1.31751, 0.34806, 1.63965],
							"rotation": [0, 0, 20],
							"uv": {
								"north": {"uv": [33, 3], "uv_size": [1, 1]},
								"east": {"uv": [4, 33], "uv_size": [1, 1]},
								"south": {"uv": [33, 4], "uv_size": [1, 1]},
								"west": {"uv": [5, 33], "uv_size": [1, 1]},
								"up": {"uv": [33, 5], "uv_size": [1, 1]},
								"down": {"uv": [6, 34], "uv_size": [1, -1]}
							}
						},
						{
							"origin": [-1.29535, -0.24844, -0.33147],
							"size": [2.5441, 0.96322, 0.4584],
							"uv": {
								"north": {"uv": [11, 14], "uv_size": [6, 2]},
								"east": {"uv": [14, 28], "uv_size": [1, 2]},
								"south": {"uv": [15, 10], "uv_size": [6, 2]},
								"west": {"uv": [28, 14], "uv_size": [1, 2]},
								"up": {"uv": [0, 18], "uv_size": [6, 1]},
								"down": {"uv": [6, 19], "uv_size": [6, -1]}
							}
						},
						{
							"origin": [-1.29535, -0.24844, 1.50212],
							"size": [2.75039, 1.08926, 0.4584],
							"uv": {
								"north": {"uv": [15, 12], "uv_size": [6, 2]},
								"east": {"uv": [15, 28], "uv_size": [1, 2]},
								"south": {"uv": [5, 16], "uv_size": [6, 2]},
								"west": {"uv": [16, 28], "uv_size": [1, 2]},
								"up": {"uv": [18, 8], "uv_size": [6, 1]},
								"down": {"uv": [18, 10], "uv_size": [6, -1]}
							}
						}
					]
				},
				{
					"name": "bone2",
					"parent": "scope_body",
					"pivot": [-0.01184, 2.27332, -0.42315],
					"rotation": [-90, 0, 0],
					"cubes": [
						{
							"origin": [-0.2227, 2.27332, -0.42315],
							"size": [0.21086, 0.21086, 1.26517],
							"uv": {
								"north": {"uv": [28, 28], "uv_size": [1, 1]},
								"east": {"uv": [24, 8], "uv_size": [3, 1]},
								"south": {"uv": [29, 0], "uv_size": [1, 1]},
								"west": {"uv": [24, 9], "uv_size": [3, 1]},
								"up": {"uv": [24, 20], "uv_size": [1, 3]},
								"down": {"uv": [24, 26], "uv_size": [1, -3]}
							}
						},
						{
							"origin": [-0.2227, 2.27332, -0.42315],
							"size": [0.21086, 0.21086, 1.26517],
							"pivot": [-0.11728, 2.27332, 0.20946],
							"rotation": [0, 17.5, 0],
							"uv": {
								"north": {"uv": [29, 1], "uv_size": [1, 1]},
								"east": {"uv": [11, 25], "uv_size": [3, 1]},
								"south": {"uv": [2, 29], "uv_size": [1, 1]},
								"west": {"uv": [25, 20], "uv_size": [3, 1]},
								"up": {"uv": [25, 21], "uv_size": [1, 3]},
								"down": {"uv": [25, 27], "uv_size": [1, -3]}
							}
						},
						{
							"origin": [-0.2227, 2.27332, -0.42315],
							"size": [0.21086, 0.21086, 1.26517],
							"pivot": [-0.11728, 2.27332, 0.20946],
							"rotation": [0, 35, 0],
							"uv": {
								"north": {"uv": [29, 2], "uv_size": [1, 1]},
								"east": {"uv": [9, 26], "uv_size": [3, 1]},
								"south": {"uv": [3, 29], "uv_size": [1, 1]},
								"west": {"uv": [26, 10], "uv_size": [3, 1]},
								"up": {"uv": [2, 26], "uv_size": [1, 3]},
								"down": {"uv": [3, 29], "uv_size": [1, -3]}
							}
						},
						{
							"origin": [-0.2227, 2.27332, -0.42315],
							"size": [0.21086, 0.21086, 1.26517],
							"pivot": [-0.11728, 2.27332, 0.20946],
							"rotation": [0, 52.5, 0],
							"uv": {
								"north": {"uv": [29, 3], "uv_size": [1, 1]},
								"east": {"uv": [26, 11], "uv_size": [3, 1]},
								"south": {"uv": [29, 4], "uv_size": [1, 1]},
								"west": {"uv": [26, 12], "uv_size": [3, 1]},
								"up": {"uv": [12, 26], "uv_size": [1, 3]},
								"down": {"uv": [13, 29], "uv_size": [1, -3]}
							}
						},
						{
							"origin": [-0.2227, 2.27332, -0.42315],
							"size": [0.21086, 0.21086, 1.26517],
							"pivot": [-0.11728, 2.27332, 0.20946],
							"rotation": [0, 70, 0],
							"uv": {
								"north": {"uv": [29, 5], "uv_size": [1, 1]},
								"east": {"uv": [26, 13], "uv_size": [3, 1]},
								"south": {"uv": [29, 6], "uv_size": [1, 1]},
								"west": {"uv": [26, 16], "uv_size": [3, 1]},
								"up": {"uv": [26, 21], "uv_size": [1, 3]},
								"down": {"uv": [24, 29], "uv_size": [1, -3]}
							}
						},
						{
							"origin": [-0.2227, 2.27332, -0.42315],
							"size": [0.21086, 0.21086, 1.26517],
							"pivot": [-0.11728, 2.27332, 0.20946],
							"rotation": [0, -72.5, 0],
							"uv": {
								"north": {"uv": [29, 7], "uv_size": [1, 1]},
								"east": {"uv": [26, 17], "uv_size": [3, 1]},
								"south": {"uv": [29, 10], "uv_size": [1, 1]},
								"west": {"uv": [26, 24], "uv_size": [3, 1]},
								"up": {"uv": [26, 25], "uv_size": [1, 3]},
								"down": {"uv": [9, 30], "uv_size": [1, -3]}
							}
						},
						{
							"origin": [-0.11728, 2.27332, -0.31773],
							"size": [0.21086, 0.21086, 1.26517],
							"pivot": [-0.01184, 2.27332, 0.20946],
							"rotation": [0, -90, 0],
							"uv": {
								"north": {"uv": [29, 11], "uv_size": [1, 1]},
								"east": {"uv": [27, 8], "uv_size": [3, 1]},
								"south": {"uv": [12, 29], "uv_size": [1, 1]},
								"west": {"uv": [27, 9], "uv_size": [3, 1]},
								"up": {"uv": [10, 27], "uv_size": [1, 3]},
								"down": {"uv": [11, 30], "uv_size": [1, -3]}
							}
						},
						{
							"origin": [-0.2227, 2.27332, -0.42315],
							"size": [0.21086, 0.21086, 1.26517],
							"pivot": [-0.11728, 2.27332, 0.20946],
							"rotation": [0, -55, 0],
							"uv": {
								"north": {"uv": [29, 12], "uv_size": [1, 1]},
								"east": {"uv": [27, 18], "uv_size": [3, 1]},
								"south": {"uv": [13, 29], "uv_size": [1, 1]},
								"west": {"uv": [19, 27], "uv_size": [3, 1]},
								"up": {"uv": [27, 21], "uv_size": [1, 3]},
								"down": {"uv": [22, 30], "uv_size": [1, -3]}
							}
						},
						{
							"origin": [-0.2227, 2.27332, -0.42315],
							"size": [0.21086, 0.21086, 1.26517],
							"pivot": [-0.11728, 2.27332, 0.20946],
							"rotation": [0, -37.5, 0],
							"uv": {
								"north": {"uv": [29, 13], "uv_size": [1, 1]},
								"east": {"uv": [27, 19], "uv_size": [3, 1]},
								"south": {"uv": [29, 14], "uv_size": [1, 1]},
								"west": {"uv": [27, 25], "uv_size": [3, 1]},
								"up": {"uv": [23, 27], "uv_size": [1, 3]},
								"down": {"uv": [25, 30], "uv_size": [1, -3]}
							}
						},
						{
							"origin": [-0.2227, 2.27332, -0.42315],
							"size": [0.21086, 0.21086, 1.26517],
							"pivot": [-0.11728, 2.27332, 0.20946],
							"rotation": [0, -20, 0],
							"uv": {
								"north": {"uv": [29, 15], "uv_size": [1, 1]},
								"east": {"uv": [27, 26], "uv_size": [3, 1]},
								"south": {"uv": [29, 16], "uv_size": [1, 1]},
								"west": {"uv": [27, 27], "uv_size": [3, 1]},
								"up": {"uv": [0, 28], "uv_size": [1, 3]},
								"down": {"uv": [28, 3], "uv_size": [1, -3]}
							}
						}
					]
				},
				{
					"name": "bone3",
					"parent": "scope_body",
					"pivot": [0.17152, 0.6231, -0.42315],
					"rotation": [-90, 0, 0],
					"cubes": [
						{
							"origin": [0.09983, 0.6231, -0.42315],
							"size": [0.07169, 0.07169, 0.43016],
							"uv": {
								"north": {"uv": [17, 29], "uv_size": [1, 1]},
								"east": {"uv": [29, 17], "uv_size": [1, 1]},
								"south": {"uv": [18, 29], "uv_size": [1, 1]},
								"west": {"uv": [19, 29], "uv_size": [1, 1]},
								"up": {"uv": [20, 29], "uv_size": [1, 1]},
								"down": {"uv": [29, 21], "uv_size": [1, -1]}
							}
						},
						{
							"origin": [0.09983, 0.6231, -0.42315],
							"size": [0.07169, 0.07169, 0.43016],
							"pivot": [0.13568, 0.6231, -0.20808],
							"rotation": [0, 17.5, 0],
							"uv": {
								"north": {"uv": [21, 29], "uv_size": [1, 1]},
								"east": {"uv": [29, 21], "uv_size": [1, 1]},
								"south": {"uv": [29, 22], "uv_size": [1, 1]},
								"west": {"uv": [29, 23], "uv_size": [1, 1]},
								"up": {"uv": [24, 29], "uv_size": [1, 1]},
								"down": {"uv": [29, 25], "uv_size": [1, -1]}
							}
						},
						{
							"origin": [0.09983, 0.6231, -0.42315],
							"size": [0.07169, 0.07169, 0.43016],
							"pivot": [0.13568, 0.6231, -0.20808],
							"rotation": [0, 35, 0],
							"uv": {
								"north": {"uv": [26, 29], "uv_size": [1, 1]},
								"east": {"uv": [27, 29], "uv_size": [1, 1]},
								"south": {"uv": [28, 29], "uv_size": [1, 1]},
								"west": {"uv": [29, 28], "uv_size": [1, 1]},
								"up": {"uv": [29, 29], "uv_size": [1, 1]},
								"down": {"uv": [30, 1], "uv_size": [1, -1]}
							}
						},
						{
							"origin": [0.09983, 0.6231, -0.42315],
							"size": [0.07169, 0.07169, 0.43016],
							"pivot": [0.13568, 0.6231, -0.20808],
							"rotation": [0, 52.5, 0],
							"uv": {
								"north": {"uv": [1, 30], "uv_size": [1, 1]},
								"east": {"uv": [30, 1], "uv_size": [1, 1]},
								"south": {"uv": [2, 30], "uv_size": [1, 1]},
								"west": {"uv": [30, 2], "uv_size": [1, 1]},
								"up": {"uv": [3, 30], "uv_size": [1, 1]},
								"down": {"uv": [30, 4], "uv_size": [1, -1]}
							}
						},
						{
							"origin": [0.09983, 0.6231, -0.42315],
							"size": [0.07169, 0.07169, 0.43016],
							"pivot": [0.13568, 0.6231, -0.20808],
							"rotation": [0, 70, 0],
							"uv": {
								"north": {"uv": [4, 30], "uv_size": [1, 1]},
								"east": {"uv": [30, 4], "uv_size": [1, 1]},
								"south": {"uv": [5, 30], "uv_size": [1, 1]},
								"west": {"uv": [30, 5], "uv_size": [1, 1]},
								"up": {"uv": [6, 30], "uv_size": [1, 1]},
								"down": {"uv": [30, 7], "uv_size": [1, -1]}
							}
						},
						{
							"origin": [0.09983, 0.6231, -0.42315],
							"size": [0.07169, 0.07169, 0.43016],
							"pivot": [0.13568, 0.6231, -0.20808],
							"rotation": [0, -72.5, 0],
							"uv": {
								"north": {"uv": [7, 30], "uv_size": [1, 1]},
								"east": {"uv": [30, 7], "uv_size": [1, 1]},
								"south": {"uv": [8, 30], "uv_size": [1, 1]},
								"west": {"uv": [30, 8], "uv_size": [1, 1]},
								"up": {"uv": [9, 30], "uv_size": [1, 1]},
								"down": {"uv": [30, 10], "uv_size": [1, -1]}
							}
						},
						{
							"origin": [0.13568, 0.6231, -0.38729],
							"size": [0.07169, 0.07169, 0.43016],
							"pivot": [0.17152, 0.6231, -0.20808],
							"rotation": [0, -90, 0],
							"uv": {
								"north": {"uv": [10, 30], "uv_size": [1, 1]},
								"east": {"uv": [30, 10], "uv_size": [1, 1]},
								"south": {"uv": [11, 30], "uv_size": [1, 1]},
								"west": {"uv": [30, 11], "uv_size": [1, 1]},
								"up": {"uv": [12, 30], "uv_size": [1, 1]},
								"down": {"uv": [30, 13], "uv_size": [1, -1]}
							}
						},
						{
							"origin": [0.09983, 0.6231, -0.42315],
							"size": [0.07169, 0.07169, 0.43016],
							"pivot": [0.13568, 0.6231, -0.20808],
							"rotation": [0, -55, 0],
							"uv": {
								"north": {"uv": [13, 30], "uv_size": [1, 1]},
								"east": {"uv": [30, 13], "uv_size": [1, 1]},
								"south": {"uv": [14, 30], "uv_size": [1, 1]},
								"west": {"uv": [30, 14], "uv_size": [1, 1]},
								"up": {"uv": [15, 30], "uv_size": [1, 1]},
								"down": {"uv": [30, 16], "uv_size": [1, -1]}
							}
						},
						{
							"origin": [0.09983, 0.6231, -0.42315],
							"size": [0.07169, 0.07169, 0.43016],
							"pivot": [0.13568, 0.6231, -0.20808],
							"rotation": [0, -37.5, 0],
							"uv": {
								"north": {"uv": [16, 30], "uv_size": [1, 1]},
								"east": {"uv": [30, 16], "uv_size": [1, 1]},
								"south": {"uv": [17, 30], "uv_size": [1, 1]},
								"west": {"uv": [30, 17], "uv_size": [1, 1]},
								"up": {"uv": [18, 30], "uv_size": [1, 1]},
								"down": {"uv": [30, 19], "uv_size": [1, -1]}
							}
						},
						{
							"origin": [0.09983, 0.6231, -0.42315],
							"size": [0.07169, 0.07169, 0.43016],
							"pivot": [0.13568, 0.6231, -0.20808],
							"rotation": [0, -20, 0],
							"uv": {
								"north": {"uv": [19, 30], "uv_size": [1, 1]},
								"east": {"uv": [30, 19], "uv_size": [1, 1]},
								"south": {"uv": [20, 30], "uv_size": [1, 1]},
								"west": {"uv": [30, 20], "uv_size": [1, 1]},
								"up": {"uv": [21, 30], "uv_size": [1, 1]},
								"down": {"uv": [30, 22], "uv_size": [1, -1]}
							}
						}
					]
				},
				{
					"name": "bone4",
					"parent": "scope_body",
					"pivot": [1.56666, 0.70149, 0.49366],
					"rotation": [0, -90, -75],
					"cubes": [
						{
							"origin": [1.40087, 0.70149, 0.49366],
							"size": [0.0509, 0.0509, 0.30541],
							"uv": {
								"north": {"uv": [22, 30], "uv_size": [1, 1]},
								"east": {"uv": [30, 22], "uv_size": [1, 1]},
								"south": {"uv": [23, 30], "uv_size": [1, 1]},
								"west": {"uv": [30, 23], "uv_size": [1, 1]},
								"up": {"uv": [24, 30], "uv_size": [1, 1]},
								"down": {"uv": [30, 25], "uv_size": [1, -1]}
							}
						},
						{
							"origin": [1.40617, 0.70149, 0.45909],
							"size": [0.0509, 0.0509, 0.30541],
							"pivot": [1.5412, 0.70149, 0.64636],
							"rotation": [0, 17.5, 0],
							"uv": {
								"north": {"uv": [25, 30], "uv_size": [1, 1]},
								"east": {"uv": [30, 25], "uv_size": [1, 1]},
								"south": {"uv": [26, 30], "uv_size": [1, 1]},
								"west": {"uv": [30, 26], "uv_size": [1, 1]},
								"up": {"uv": [27, 30], "uv_size": [1, 1]},
								"down": {"uv": [30, 28], "uv_size": [1, -1]}
							}
						},
						{
							"origin": [1.42164, 0.70149, 0.42776],
							"size": [0.0509, 0.0509, 0.30541],
							"pivot": [1.5412, 0.70149, 0.64636],
							"rotation": [0, 35, 0],
							"uv": {
								"north": {"uv": [28, 30], "uv_size": [1, 1]},
								"east": {"uv": [30, 28], "uv_size": [1, 1]},
								"south": {"uv": [29, 30], "uv_size": [1, 1]},
								"west": {"uv": [30, 29], "uv_size": [1, 1]},
								"up": {"uv": [30, 30], "uv_size": [1, 1]},
								"down": {"uv": [0, 32], "uv_size": [1, -1]}
							}
						},
						{
							"origin": [1.44581, 0.70149, 0.4025],
							"size": [0.0509, 0.0509, 0.30541],
							"pivot": [1.5412, 0.70149, 0.64636],
							"rotation": [0, 52.5, 0],
							"uv": {
								"north": {"uv": [31, 0], "uv_size": [1, 1]},
								"east": {"uv": [1, 31], "uv_size": [1, 1]},
								"south": {"uv": [31, 1], "uv_size": [1, 1]},
								"west": {"uv": [2, 31], "uv_size": [1, 1]},
								"up": {"uv": [31, 2], "uv_size": [1, 1]},
								"down": {"uv": [3, 32], "uv_size": [1, -1]}
							}
						},
						{
							"origin": [1.47647, 0.70149, 0.38569],
							"size": [0.0509, 0.0509, 0.30541],
							"pivot": [1.5412, 0.70149, 0.64636],
							"rotation": [0, 70, 0],
							"uv": {
								"north": {"uv": [31, 3], "uv_size": [1, 1]},
								"east": {"uv": [4, 31], "uv_size": [1, 1]},
								"south": {"uv": [31, 4], "uv_size": [1, 1]},
								"west": {"uv": [5, 31], "uv_size": [1, 1]},
								"up": {"uv": [31, 5], "uv_size": [1, 1]},
								"down": {"uv": [6, 32], "uv_size": [1, -1]}
							}
						},
						{
							"origin": [1.48121, 0.70149, 0.60322],
							"size": [0.0509, 0.0509, 0.30541],
							"pivot": [1.5412, 0.70149, 0.64636],
							"rotation": [0, -72.5, 0],
							"uv": {
								"north": {"uv": [31, 6], "uv_size": [1, 1]},
								"east": {"uv": [7, 31], "uv_size": [1, 1]},
								"south": {"uv": [31, 7], "uv_size": [1, 1]},
								"west": {"uv": [8, 31], "uv_size": [1, 1]},
								"up": {"uv": [31, 8], "uv_size": [1, 1]},
								"down": {"uv": [9, 32], "uv_size": [1, -1]}
							}
						},
						{
							"origin": [1.5412, 0.70149, 0.63398],
							"size": [0.0509, 0.0509, 0.30541],
							"pivot": [1.56666, 0.70149, 0.64636],
							"rotation": [0, -90, 0],
							"uv": {
								"north": {"uv": [31, 9], "uv_size": [1, 1]},
								"east": {"uv": [10, 31], "uv_size": [1, 1]},
								"south": {"uv": [31, 10], "uv_size": [1, 1]},
								"west": {"uv": [11, 31], "uv_size": [1, 1]},
								"up": {"uv": [31, 11], "uv_size": [1, 1]},
								"down": {"uv": [12, 32], "uv_size": [1, -1]}
							}
						},
						{
							"origin": [1.44986, 0.70149, 0.58775],
							"size": [0.0509, 0.0509, 0.30541],
							"pivot": [1.5412, 0.70149, 0.64636],
							"rotation": [0, -55, 0],
							"uv": {
								"north": {"uv": [31, 12], "uv_size": [1, 1]},
								"east": {"uv": [13, 31], "uv_size": [1, 1]},
								"south": {"uv": [31, 13], "uv_size": [1, 1]},
								"west": {"uv": [14, 31], "uv_size": [1, 1]},
								"up": {"uv": [31, 14], "uv_size": [1, 1]},
								"down": {"uv": [15, 32], "uv_size": [1, -1]}
							}
						},
						{
							"origin": [1.4246, 0.70149, 0.56358],
							"size": [0.0509, 0.0509, 0.30541],
							"pivot": [1.5412, 0.70149, 0.64636],
							"rotation": [0, -37.5, 0],
							"uv": {
								"north": {"uv": [31, 15], "uv_size": [1, 1]},
								"east": {"uv": [16, 31], "uv_size": [1, 1]},
								"south": {"uv": [31, 16], "uv_size": [1, 1]},
								"west": {"uv": [17, 31], "uv_size": [1, 1]},
								"up": {"uv": [31, 17], "uv_size": [1, 1]},
								"down": {"uv": [18, 32], "uv_size": [1, -1]}
							}
						},
						{
							"origin": [1.40779, 0.70149, 0.53294],
							"size": [0.0509, 0.0509, 0.30541],
							"pivot": [1.5412, 0.70149, 0.64636],
							"rotation": [0, -20, 0],
							"uv": {
								"north": {"uv": [31, 18], "uv_size": [1, 1]},
								"east": {"uv": [19, 31], "uv_size": [1, 1]},
								"south": {"uv": [31, 19], "uv_size": [1, 1]},
								"west": {"uv": [20, 31], "uv_size": [1, 1]},
								"up": {"uv": [31, 20], "uv_size": [1, 1]},
								"down": {"uv": [21, 32], "uv_size": [1, -1]}
							}
						}
					]
				},
				{
					"name": "bone5",
					"parent": "scope_body",
					"pivot": [1.56666, 0.70149, 1.41046],
					"rotation": [0, -90, -75],
					"cubes": [
						{
							"origin": [1.40087, 0.70149, 1.41046],
							"size": [0.0509, 0.0509, 0.30541],
							"uv": {
								"north": {"uv": [31, 21], "uv_size": [1, 1]},
								"east": {"uv": [22, 31], "uv_size": [1, 1]},
								"south": {"uv": [31, 22], "uv_size": [1, 1]},
								"west": {"uv": [23, 31], "uv_size": [1, 1]},
								"up": {"uv": [31, 23], "uv_size": [1, 1]},
								"down": {"uv": [24, 32], "uv_size": [1, -1]}
							}
						},
						{
							"origin": [1.40617, 0.70149, 1.37589],
							"size": [0.0509, 0.0509, 0.30541],
							"pivot": [1.5412, 0.70149, 1.56316],
							"rotation": [0, 17.5, 0],
							"uv": {
								"north": {"uv": [31, 24], "uv_size": [1, 1]},
								"east": {"uv": [25, 31], "uv_size": [1, 1]},
								"south": {"uv": [31, 25], "uv_size": [1, 1]},
								"west": {"uv": [26, 31], "uv_size": [1, 1]},
								"up": {"uv": [31, 26], "uv_size": [1, 1]},
								"down": {"uv": [27, 32], "uv_size": [1, -1]}
							}
						},
						{
							"origin": [1.42164, 0.70149, 1.34455],
							"size": [0.0509, 0.0509, 0.30541],
							"pivot": [1.5412, 0.70149, 1.56316],
							"rotation": [0, 35, 0],
							"uv": {
								"north": {"uv": [31, 27], "uv_size": [1, 1]},
								"east": {"uv": [28, 31], "uv_size": [1, 1]},
								"south": {"uv": [31, 28], "uv_size": [1, 1]},
								"west": {"uv": [29, 31], "uv_size": [1, 1]},
								"up": {"uv": [31, 29], "uv_size": [1, 1]},
								"down": {"uv": [30, 32], "uv_size": [1, -1]}
							}
						},
						{
							"origin": [1.44581, 0.70149, 1.31931],
							"size": [0.0509, 0.0509, 0.30541],
							"pivot": [1.5412, 0.70149, 1.56316],
							"rotation": [0, 52.5, 0],
							"uv": {
								"north": {"uv": [31, 30], "uv_size": [1, 1]},
								"east": {"uv": [31, 31], "uv_size": [1, 1]},
								"south": {"uv": [0, 32], "uv_size": [1, 1]},
								"west": {"uv": [32, 0], "uv_size": [1, 1]},
								"up": {"uv": [1, 32], "uv_size": [1, 1]},
								"down": {"uv": [32, 2], "uv_size": [1, -1]}
							}
						},
						{
							"origin": [1.47647, 0.70149, 1.30248],
							"size": [0.0509, 0.0509, 0.30541],
							"pivot": [1.5412, 0.70149, 1.56316],
							"rotation": [0, 70, 0],
							"uv": {
								"north": {"uv": [2, 32], "uv_size": [1, 1]},
								"east": {"uv": [32, 2], "uv_size": [1, 1]},
								"south": {"uv": [3, 32], "uv_size": [1, 1]},
								"west": {"uv": [32, 3], "uv_size": [1, 1]},
								"up": {"uv": [4, 32], "uv_size": [1, 1]},
								"down": {"uv": [32, 5], "uv_size": [1, -1]}
							}
						},
						{
							"origin": [1.48121, 0.70149, 1.52],
							"size": [0.0509, 0.0509, 0.30541],
							"pivot": [1.5412, 0.70149, 1.56316],
							"rotation": [0, -72.5, 0],
							"uv": {
								"north": {"uv": [5, 32], "uv_size": [1, 1]},
								"east": {"uv": [32, 5], "uv_size": [1, 1]},
								"south": {"uv": [6, 32], "uv_size": [1, 1]},
								"west": {"uv": [32, 6], "uv_size": [1, 1]},
								"up": {"uv": [7, 32], "uv_size": [1, 1]},
								"down": {"uv": [32, 8], "uv_size": [1, -1]}
							}
						},
						{
							"origin": [1.5412, 0.70149, 1.55077],
							"size": [0.0509, 0.0509, 0.30541],
							"pivot": [1.56666, 0.70149, 1.56316],
							"rotation": [0, -90, 0],
							"uv": {
								"north": {"uv": [8, 32], "uv_size": [1, 1]},
								"east": {"uv": [32, 8], "uv_size": [1, 1]},
								"south": {"uv": [9, 32], "uv_size": [1, 1]},
								"west": {"uv": [32, 9], "uv_size": [1, 1]},
								"up": {"uv": [10, 32], "uv_size": [1, 1]},
								"down": {"uv": [32, 11], "uv_size": [1, -1]}
							}
						},
						{
							"origin": [1.44986, 0.70149, 1.50454],
							"size": [0.0509, 0.0509, 0.30541],
							"pivot": [1.5412, 0.70149, 1.56316],
							"rotation": [0, -55, 0],
							"uv": {
								"north": {"uv": [11, 32], "uv_size": [1, 1]},
								"east": {"uv": [32, 11], "uv_size": [1, 1]},
								"south": {"uv": [12, 32], "uv_size": [1, 1]},
								"west": {"uv": [32, 12], "uv_size": [1, 1]},
								"up": {"uv": [13, 32], "uv_size": [1, 1]},
								"down": {"uv": [32, 14], "uv_size": [1, -1]}
							}
						},
						{
							"origin": [1.4246, 0.70149, 1.48037],
							"size": [0.0509, 0.0509, 0.30541],
							"pivot": [1.5412, 0.70149, 1.56316],
							"rotation": [0, -37.5, 0],
							"uv": {
								"north": {"uv": [14, 32], "uv_size": [1, 1]},
								"east": {"uv": [32, 14], "uv_size": [1, 1]},
								"south": {"uv": [15, 32], "uv_size": [1, 1]},
								"west": {"uv": [32, 15], "uv_size": [1, 1]},
								"up": {"uv": [16, 32], "uv_size": [1, 1]},
								"down": {"uv": [32, 17], "uv_size": [1, -1]}
							}
						},
						{
							"origin": [1.40779, 0.70149, 1.44975],
							"size": [0.0509, 0.0509, 0.30541],
							"pivot": [1.5412, 0.70149, 1.56316],
							"rotation": [0, -20, 0],
							"uv": {
								"north": {"uv": [17, 32], "uv_size": [1, 1]},
								"east": {"uv": [32, 17], "uv_size": [1, 1]},
								"south": {"uv": [18, 32], "uv_size": [1, 1]},
								"west": {"uv": [32, 18], "uv_size": [1, 1]},
								"up": {"uv": [19, 32], "uv_size": [1, 1]},
								"down": {"uv": [32, 20], "uv_size": [1, -1]}
							}
						}
					]
				}
			]
		}
	]
}