{
	"format_version": "1.12.0",
	"minecraft:geometry": [
		{
			"description": {
				"identifier": "geometry.unknown",
				"texture_width": 64,
				"texture_height": 64,
				"visible_bounds_width": 6,
				"visible_bounds_height": 1.5,
				"visible_bounds_offset": [0, 0.25, 0]
			},
			"bones": [
				{
					"name": "scope_body",
					"pivot": [0, 0.15, 0]
				},
				{
					"name": "bone31",
					"parent": "scope_body",
					"pivot": [0.58305, 0.18887, -0.73853],
					"rotation": [0, -90, 0],
					"cubes": [
						{
							"origin": [0.50324, 0.10905, -0.75449],
							"size": [2.35347, 0.30329, 1.23711],
							"uv": {
								"north": {"uv": [8, 9], "uv_size": [6, 1]},
								"east": {"uv": [3, 16], "uv_size": [3, 1]},
								"south": {"uv": [8, 10], "uv_size": [6, 1]},
								"west": {"uv": [6, 16], "uv_size": [3, 1]},
								"up": {"uv": [0, 0], "uv_size": [6, 3]},
								"down": {"uv": [0, 6], "uv_size": [6, -3]}
							}
						},
						{
							"origin": [0.54211, -0.12728, -0.81834],
							"size": [2.3146, 0.39596, 1.35683],
							"uv": {
								"north": {"uv": [8, 11], "uv_size": [6, 1]},
								"east": {"uv": [9, 16], "uv_size": [3, 1]},
								"south": {"uv": [0, 12], "uv_size": [6, 1]},
								"west": {"uv": [12, 16], "uv_size": [3, 1]},
								"up": {"uv": [0, 6], "uv_size": [6, 3]},
								"down": {"uv": [6, 3], "uv_size": [6, -3]}
							}
						},
						{
							"origin": [0.50324, 0.10594, 0.34776],
							"size": [1.1485, 0.16274, 0.34621],
							"uv": {
								"north": {"uv": [15, 16], "uv_size": [3, 1]},
								"east": {"uv": [11, 20], "uv_size": [1, 1]},
								"south": {"uv": [0, 17], "uv_size": [3, 1]},
								"west": {"uv": [12, 20], "uv_size": [1, 1]},
								"up": {"uv": [3, 17], "uv_size": [3, 1]},
								"down": {"uv": [6, 18], "uv_size": [3, -1]}
							}
						},
						{
							"origin": [0.50324, -3.58671, 0.19228],
							"size": [1.1485, 0.27935, 0.38508],
							"pivot": [5.01423, -1.67689, 4.93649],
							"rotation": [-45, 0, 0],
							"uv": {
								"north": {"uv": [9, 17], "uv_size": [3, 1]},
								"east": {"uv": [13, 20], "uv_size": [1, 1]},
								"south": {"uv": [12, 17], "uv_size": [3, 1]},
								"west": {"uv": [14, 20], "uv_size": [1, 1]},
								"up": {"uv": [15, 17], "uv_size": [3, 1]},
								"down": {"uv": [0, 19], "uv_size": [3, -1]}
							}
						},
						{
							"origin": [0.50324, -3.70332, 0.19228],
							"size": [1.1485, 0.27935, 0.38508],
							"pivot": [5.01423, -1.7935, 4.93649],
							"rotation": [-45, 0, 0],
							"uv": {
								"north": {"uv": [18, 0], "uv_size": [3, 1]},
								"east": {"uv": [20, 15], "uv_size": [1, 1]},
								"south": {"uv": [18, 1], "uv_size": [3, 1]},
								"west": {"uv": [20, 16], "uv_size": [1, 1]},
								"up": {"uv": [18, 2], "uv_size": [3, 1]},
								"down": {"uv": [3, 19], "uv_size": [3, -1]}
							}
						},
						{
							"origin": [0.50324, -0.12728, -0.42964],
							"size": [2.47008, 0.16274, 0.57943],
							"uv": {
								"north": {"uv": [12, 0], "uv_size": [6, 1]},
								"east": {"uv": [17, 20], "uv_size": [1, 1]},
								"south": {"uv": [12, 1], "uv_size": [6, 1]},
								"west": {"uv": [18, 20], "uv_size": [1, 1]},
								"up": {"uv": [12, 2], "uv_size": [6, 1]},
								"down": {"uv": [12, 4], "uv_size": [6, -1]}
							}
						},
						{
							"origin": [2.8743, -1.64321, -0.42964],
							"size": [0.3711, 0.31822, 0.57943],
							"pivot": [0.81627, -1.17158, -0.73853],
							"rotation": [0, 0, -40],
							"uv": {
								"north": {"uv": [20, 18], "uv_size": [1, 1]},
								"east": {"uv": [20, 19], "uv_size": [1, 1]},
								"south": {"uv": [20, 20], "uv_size": [1, 1]},
								"west": {"uv": [0, 21], "uv_size": [1, 1]},
								"up": {"uv": [21, 0], "uv_size": [1, 1]},
								"down": {"uv": [1, 22], "uv_size": [1, -1]}
							}
						},
						{
							"origin": [1.93749, -0.01067, -0.97797],
							"size": [0.8085, 0.27935, 0.15963],
							"uv": {
								"north": {"uv": [18, 3], "uv_size": [3, 1]},
								"east": {"uv": [21, 1], "uv_size": [1, 1]},
								"south": {"uv": [18, 4], "uv_size": [3, 1]},
								"west": {"uv": [21, 2], "uv_size": [1, 1]},
								"up": {"uv": [18, 5], "uv_size": [3, 1]},
								"down": {"uv": [6, 19], "uv_size": [3, -1]}
							}
						},
						{
							"origin": [2.4906, 0.02126, -1.0099],
							"size": [0.04789, 0.2155, 0.15963],
							"uv": {
								"north": {"uv": [3, 21], "uv_size": [1, 1]},
								"east": {"uv": [21, 3], "uv_size": [1, 1]},
								"south": {"uv": [4, 21], "uv_size": [1, 1]},
								"west": {"uv": [21, 4], "uv_size": [1, 1]},
								"up": {"uv": [21, 5], "uv_size": [1, 1]},
								"down": {"uv": [6, 22], "uv_size": [1, -1]}
							}
						},
						{
							"origin": [2.01172, 0.02126, -1.0099],
							"size": [0.04789, 0.2155, 0.15963],
							"uv": {
								"north": {"uv": [21, 6], "uv_size": [1, 1]},
								"east": {"uv": [7, 21], "uv_size": [1, 1]},
								"south": {"uv": [21, 7], "uv_size": [1, 1]},
								"west": {"uv": [8, 21], "uv_size": [1, 1]},
								"up": {"uv": [21, 8], "uv_size": [1, 1]},
								"down": {"uv": [9, 22], "uv_size": [1, -1]}
							}
						},
						{
							"origin": [2.01172, 0.02126, -1.0099],
							"size": [0.47888, 0.02394, 0.15963],
							"uv": {
								"north": {"uv": [21, 9], "uv_size": [1, 1]},
								"east": {"uv": [10, 21], "uv_size": [1, 1]},
								"south": {"uv": [21, 10], "uv_size": [1, 1]},
								"west": {"uv": [11, 21], "uv_size": [1, 1]},
								"up": {"uv": [21, 11], "uv_size": [1, 1]},
								"down": {"uv": [12, 22], "uv_size": [1, -1]}
							}
						},
						{
							"origin": [2.01172, 0.21281, -1.0099],
							"size": [0.47888, 0.02394, 0.15963],
							"uv": {
								"north": {"uv": [21, 12], "uv_size": [1, 1]},
								"east": {"uv": [13, 21], "uv_size": [1, 1]},
								"south": {"uv": [21, 13], "uv_size": [1, 1]},
								"west": {"uv": [14, 21], "uv_size": [1, 1]},
								"up": {"uv": [21, 14], "uv_size": [1, 1]},
								"down": {"uv": [15, 22], "uv_size": [1, -1]}
							}
						},
						{
							"origin": [1.93749, 0.05319, -0.90614],
							"size": [0.8085, 0.27935, 0.15963],
							"pivot": [0.51122, 0.25272, -0.6667],
							"rotation": [-42.5, 0, 0],
							"uv": {
								"north": {"uv": [18, 6], "uv_size": [3, 1]},
								"east": {"uv": [21, 15], "uv_size": [1, 1]},
								"south": {"uv": [18, 7], "uv_size": [3, 1]},
								"west": {"uv": [16, 21], "uv_size": [1, 1]},
								"up": {"uv": [18, 8], "uv_size": [3, 1]},
								"down": {"uv": [9, 19], "uv_size": [3, -1]}
							}
						},
						{
							"origin": [0.888, -0.01067, -0.97797],
							"size": [0.8085, 0.27935, 0.15963],
							"uv": {
								"north": {"uv": [18, 3], "uv_size": [3, 1]},
								"east": {"uv": [21, 1], "uv_size": [1, 1]},
								"south": {"uv": [18, 4], "uv_size": [3, 1]},
								"west": {"uv": [21, 2], "uv_size": [1, 1]},
								"up": {"uv": [18, 5], "uv_size": [3, 1]},
								"down": {"uv": [6, 19], "uv_size": [3, -1]}
							}
						},
						{
							"origin": [0.888, 0.05319, -0.90614],
							"size": [0.8085, 0.27935, 0.15963],
							"pivot": [-0.53827, 0.25272, -0.6667],
							"rotation": [-42.5, 0, 0],
							"uv": {
								"north": {"uv": [18, 6], "uv_size": [3, 1]},
								"east": {"uv": [21, 15], "uv_size": [1, 1]},
								"south": {"uv": [18, 7], "uv_size": [3, 1]},
								"west": {"uv": [16, 21], "uv_size": [1, 1]},
								"up": {"uv": [18, 8], "uv_size": [3, 1]},
								"down": {"uv": [9, 19], "uv_size": [3, -1]}
							}
						},
						{
							"origin": [0.50324, 0.31657, -0.81834],
							"size": [2.3146, 0.19954, 1.35683],
							"uv": {
								"north": {"uv": [12, 4], "uv_size": [6, 1]},
								"east": {"uv": [12, 18], "uv_size": [3, 1]},
								"south": {"uv": [12, 5], "uv_size": [6, 1]},
								"west": {"uv": [18, 12], "uv_size": [3, 1]},
								"up": {"uv": [6, 3], "uv_size": [6, 3]},
								"down": {"uv": [6, 9], "uv_size": [6, -3]}
							}
						},
						{
							"origin": [0.50324, 0.31657, -0.81834],
							"size": [1.49251, 0.27137, 1.35683],
							"uv": {
								"north": {"uv": [10, 15], "uv_size": [4, 1]},
								"east": {"uv": [15, 14], "uv_size": [3, 1]},
								"south": {"uv": [14, 15], "uv_size": [4, 1]},
								"west": {"uv": [0, 16], "uv_size": [3, 1]},
								"up": {"uv": [0, 9], "uv_size": [4, 3]},
								"down": {"uv": [4, 12], "uv_size": [4, -3]}
							}
						},
						{
							"origin": [0.50324, 0.35544, -0.58512],
							"size": [1.49251, 0.27137, 0.89039],
							"uv": {
								"north": {"uv": [10, 15], "uv_size": [4, 1]},
								"east": {"uv": [15, 14], "uv_size": [3, 1]},
								"south": {"uv": [14, 15], "uv_size": [4, 1]},
								"west": {"uv": [0, 16], "uv_size": [3, 1]},
								"up": {"uv": [0, 9], "uv_size": [4, 3]},
								"down": {"uv": [4, 12], "uv_size": [4, -3]}
							}
						},
						{
							"origin": [1.22236, 0.47317, -0.52223],
							"size": [0.21869, 0.21869, 0.76541],
							"uv": {
								"north": {"uv": [21, 16], "uv_size": [1, 1]},
								"east": {"uv": [16, 18], "uv_size": [2, 1]},
								"south": {"uv": [17, 21], "uv_size": [1, 1]},
								"west": {"uv": [18, 18], "uv_size": [2, 1]},
								"up": {"uv": [0, 19], "uv_size": [1, 2]},
								"down": {"uv": [1, 21], "uv_size": [1, -2]}
							}
						},
						{
							"origin": [1.22236, 0.47317, -0.52223],
							"size": [0.21869, 0.21869, 0.76541],
							"pivot": [1.3317, 0.62625, -0.13953],
							"rotation": [0, 32.5, 0],
							"uv": {
								"north": {"uv": [21, 17], "uv_size": [1, 1]},
								"east": {"uv": [2, 19], "uv_size": [2, 1]},
								"south": {"uv": [18, 21], "uv_size": [1, 1]},
								"west": {"uv": [4, 19], "uv_size": [2, 1]},
								"up": {"uv": [6, 19], "uv_size": [1, 2]},
								"down": {"uv": [7, 21], "uv_size": [1, -2]}
							}
						},
						{
							"origin": [1.22236, 0.47317, -0.52223],
							"size": [0.21869, 0.21869, 0.76541],
							"pivot": [1.3317, 0.62625, -0.13953],
							"rotation": [0, 65, 0],
							"uv": {
								"north": {"uv": [21, 18], "uv_size": [1, 1]},
								"east": {"uv": [8, 19], "uv_size": [2, 1]},
								"south": {"uv": [19, 21], "uv_size": [1, 1]},
								"west": {"uv": [19, 9], "uv_size": [2, 1]},
								"up": {"uv": [10, 19], "uv_size": [1, 2]},
								"down": {"uv": [19, 12], "uv_size": [1, -2]}
							}
						},
						{
							"origin": [1.22236, 0.47317, -0.52223],
							"size": [0.21869, 0.21869, 0.76541],
							"pivot": [1.3317, 0.62625, -0.13953],
							"rotation": [-180, 32.5, 180],
							"uv": {
								"north": {"uv": [21, 19], "uv_size": [1, 1]},
								"east": {"uv": [11, 19], "uv_size": [2, 1]},
								"south": {"uv": [20, 21], "uv_size": [1, 1]},
								"west": {"uv": [13, 19], "uv_size": [2, 1]},
								"up": {"uv": [19, 15], "uv_size": [1, 2]},
								"down": {"uv": [16, 21], "uv_size": [1, -2]}
							}
						},
						{
							"origin": [1.22236, 0.47317, -0.52223],
							"size": [0.21869, 0.21869, 0.76541],
							"pivot": [1.3317, 0.62625, -0.13953],
							"rotation": [0, 82.5, 0],
							"uv": {
								"north": {"uv": [21, 20], "uv_size": [1, 1]},
								"east": {"uv": [17, 19], "uv_size": [2, 1]},
								"south": {"uv": [21, 21], "uv_size": [1, 1]},
								"west": {"uv": [19, 17], "uv_size": [2, 1]},
								"up": {"uv": [19, 19], "uv_size": [1, 2]},
								"down": {"uv": [2, 22], "uv_size": [1, -2]}
							}
						},
						{
							"origin": [1.22236, 0.47317, -0.52223],
							"size": [0.21869, 0.21869, 0.76541],
							"pivot": [1.3317, 0.62625, -0.13953],
							"rotation": [-180, 65, 180],
							"uv": {
								"north": {"uv": [0, 22], "uv_size": [1, 1]},
								"east": {"uv": [3, 20], "uv_size": [2, 1]},
								"south": {"uv": [22, 0], "uv_size": [1, 1]},
								"west": {"uv": [8, 20], "uv_size": [2, 1]},
								"up": {"uv": [5, 20], "uv_size": [1, 2]},
								"down": {"uv": [20, 12], "uv_size": [1, -2]}
							}
						},
						{
							"origin": [1.76152, 0.30482, -0.90733],
							"size": [0.05794, 0.05794, 0.2028],
							"pivot": [1.79049, 0.34538, -0.80593],
							"rotation": [90, 0, 115],
							"uv": {
								"north": {"uv": [1, 22], "uv_size": [1, 1]},
								"east": {"uv": [22, 1], "uv_size": [1, 1]},
								"south": {"uv": [2, 22], "uv_size": [1, 1]},
								"west": {"uv": [22, 2], "uv_size": [1, 1]},
								"up": {"uv": [3, 22], "uv_size": [1, 1]},
								"down": {"uv": [22, 4], "uv_size": [1, -1]}
							}
						},
						{
							"origin": [1.76152, 0.30482, -0.90733],
							"size": [0.05794, 0.05794, 0.2028],
							"pivot": [1.79049, 0.34538, -0.80593],
							"rotation": [90, 0, 65],
							"uv": {
								"north": {"uv": [4, 22], "uv_size": [1, 1]},
								"east": {"uv": [22, 4], "uv_size": [1, 1]},
								"south": {"uv": [5, 22], "uv_size": [1, 1]},
								"west": {"uv": [22, 5], "uv_size": [1, 1]},
								"up": {"uv": [6, 22], "uv_size": [1, 1]},
								"down": {"uv": [22, 7], "uv_size": [1, -1]}
							}
						},
						{
							"origin": [1.76152, 0.30482, -0.90733],
							"size": [0.05794, 0.05794, 0.2028],
							"pivot": [1.79049, 0.34538, -0.80593],
							"rotation": [90, 0, 32.5],
							"uv": {
								"north": {"uv": [7, 22], "uv_size": [1, 1]},
								"east": {"uv": [22, 7], "uv_size": [1, 1]},
								"south": {"uv": [8, 22], "uv_size": [1, 1]},
								"west": {"uv": [22, 8], "uv_size": [1, 1]},
								"up": {"uv": [9, 22], "uv_size": [1, 1]},
								"down": {"uv": [22, 10], "uv_size": [1, -1]}
							}
						},
						{
							"origin": [1.76152, 0.30482, -0.90733],
							"size": [0.05794, 0.05794, 0.2028],
							"pivot": [1.79049, 0.34538, -0.80593],
							"rotation": [90, 0, 147.5],
							"uv": {
								"north": {"uv": [10, 22], "uv_size": [1, 1]},
								"east": {"uv": [22, 10], "uv_size": [1, 1]},
								"south": {"uv": [11, 22], "uv_size": [1, 1]},
								"west": {"uv": [22, 11], "uv_size": [1, 1]},
								"up": {"uv": [12, 22], "uv_size": [1, 1]},
								"down": {"uv": [22, 13], "uv_size": [1, -1]}
							}
						},
						{
							"origin": [1.76152, 0.30482, -0.90733],
							"size": [0.05794, 0.05794, 0.2028],
							"pivot": [1.79049, 0.34538, -0.80593],
							"rotation": [90, 0, 82.5],
							"uv": {
								"north": {"uv": [13, 22], "uv_size": [1, 1]},
								"east": {"uv": [22, 13], "uv_size": [1, 1]},
								"south": {"uv": [14, 22], "uv_size": [1, 1]},
								"west": {"uv": [22, 14], "uv_size": [1, 1]},
								"up": {"uv": [15, 22], "uv_size": [1, 1]},
								"down": {"uv": [22, 16], "uv_size": [1, -1]}
							}
						},
						{
							"origin": [1.76152, 0.30482, -0.90733],
							"size": [0.05794, 0.05794, 0.2028],
							"pivot": [1.79049, 0.34538, -0.80593],
							"rotation": [90, 0, 0],
							"uv": {
								"north": {"uv": [16, 22], "uv_size": [1, 1]},
								"east": {"uv": [22, 16], "uv_size": [1, 1]},
								"south": {"uv": [17, 22], "uv_size": [1, 1]},
								"west": {"uv": [22, 17], "uv_size": [1, 1]},
								"up": {"uv": [18, 22], "uv_size": [1, 1]},
								"down": {"uv": [22, 19], "uv_size": [1, -1]}
							}
						},
						{
							"origin": [2.18909, 0.34369, 0.43457],
							"size": [0.05794, 0.05794, 0.2028],
							"pivot": [2.21806, 0.38425, 0.53598],
							"rotation": [90, 0, 115],
							"uv": {
								"north": {"uv": [19, 22], "uv_size": [1, 1]},
								"east": {"uv": [22, 19], "uv_size": [1, 1]},
								"south": {"uv": [20, 22], "uv_size": [1, 1]},
								"west": {"uv": [22, 20], "uv_size": [1, 1]},
								"up": {"uv": [21, 22], "uv_size": [1, 1]},
								"down": {"uv": [22, 22], "uv_size": [1, -1]}
							}
						},
						{
							"origin": [2.18909, 0.34369, 0.43457],
							"size": [0.05794, 0.05794, 0.2028],
							"pivot": [2.21806, 0.38425, 0.53598],
							"rotation": [90, 0, 65],
							"uv": {
								"north": {"uv": [22, 22], "uv_size": [1, 1]},
								"east": {"uv": [0, 23], "uv_size": [1, 1]},
								"south": {"uv": [23, 0], "uv_size": [1, 1]},
								"west": {"uv": [1, 23], "uv_size": [1, 1]},
								"up": {"uv": [23, 1], "uv_size": [1, 1]},
								"down": {"uv": [2, 24], "uv_size": [1, -1]}
							}
						},
						{
							"origin": [2.18909, 0.34369, 0.43457],
							"size": [0.05794, 0.05794, 0.2028],
							"pivot": [2.21806, 0.38425, 0.53598],
							"rotation": [90, 0, 32.5],
							"uv": {
								"north": {"uv": [23, 2], "uv_size": [1, 1]},
								"east": {"uv": [3, 23], "uv_size": [1, 1]},
								"south": {"uv": [23, 3], "uv_size": [1, 1]},
								"west": {"uv": [4, 23], "uv_size": [1, 1]},
								"up": {"uv": [23, 4], "uv_size": [1, 1]},
								"down": {"uv": [5, 24], "uv_size": [1, -1]}
							}
						},
						{
							"origin": [2.18909, 0.34369, 0.43457],
							"size": [0.05794, 0.05794, 0.2028],
							"pivot": [2.21806, 0.38425, 0.53598],
							"rotation": [90, 0, 147.5],
							"uv": {
								"north": {"uv": [23, 5], "uv_size": [1, 1]},
								"east": {"uv": [6, 23], "uv_size": [1, 1]},
								"south": {"uv": [23, 6], "uv_size": [1, 1]},
								"west": {"uv": [7, 23], "uv_size": [1, 1]},
								"up": {"uv": [23, 7], "uv_size": [1, 1]},
								"down": {"uv": [8, 24], "uv_size": [1, -1]}
							}
						},
						{
							"origin": [2.18909, 0.34369, 0.43457],
							"size": [0.05794, 0.05794, 0.2028],
							"pivot": [2.21806, 0.38425, 0.53598],
							"rotation": [90, 0, 82.5],
							"uv": {
								"north": {"uv": [23, 8], "uv_size": [1, 1]},
								"east": {"uv": [9, 23], "uv_size": [1, 1]},
								"south": {"uv": [23, 9], "uv_size": [1, 1]},
								"west": {"uv": [10, 23], "uv_size": [1, 1]},
								"up": {"uv": [23, 10], "uv_size": [1, 1]},
								"down": {"uv": [11, 24], "uv_size": [1, -1]}
							}
						},
						{
							"origin": [2.18909, 0.34369, 0.43457],
							"size": [0.05794, 0.05794, 0.2028],
							"pivot": [2.21806, 0.38425, 0.53598],
							"rotation": [90, 0, 0],
							"uv": {
								"north": {"uv": [23, 11], "uv_size": [1, 1]},
								"east": {"uv": [12, 23], "uv_size": [1, 1]},
								"south": {"uv": [23, 12], "uv_size": [1, 1]},
								"west": {"uv": [13, 23], "uv_size": [1, 1]},
								"up": {"uv": [23, 13], "uv_size": [1, 1]},
								"down": {"uv": [14, 24], "uv_size": [1, -1]}
							}
						},
						{
							"origin": [0.93312, 0.47719, 0.47759],
							"size": [0.03129, 0.03129, 0.10951],
							"pivot": [0.94876, 0.49909, 0.53234],
							"rotation": [90, 0, 115],
							"uv": {
								"north": {"uv": [23, 14], "uv_size": [1, 1]},
								"east": {"uv": [15, 23], "uv_size": [1, 1]},
								"south": {"uv": [23, 15], "uv_size": [1, 1]},
								"west": {"uv": [16, 23], "uv_size": [1, 1]},
								"up": {"uv": [23, 16], "uv_size": [1, 1]},
								"down": {"uv": [17, 24], "uv_size": [1, -1]}
							}
						},
						{
							"origin": [0.93312, 0.47719, 0.47759],
							"size": [0.03129, 0.03129, 0.10951],
							"pivot": [0.94876, 0.49909, 0.53234],
							"rotation": [90, 0, 65],
							"uv": {
								"north": {"uv": [23, 17], "uv_size": [1, 1]},
								"east": {"uv": [18, 23], "uv_size": [1, 1]},
								"south": {"uv": [23, 18], "uv_size": [1, 1]},
								"west": {"uv": [19, 23], "uv_size": [1, 1]},
								"up": {"uv": [23, 19], "uv_size": [1, 1]},
								"down": {"uv": [20, 24], "uv_size": [1, -1]}
							}
						},
						{
							"origin": [0.93312, 0.47719, 0.47759],
							"size": [0.03129, 0.03129, 0.10951],
							"pivot": [0.94876, 0.49909, 0.53234],
							"rotation": [90, 0, 32.5],
							"uv": {
								"north": {"uv": [23, 20], "uv_size": [1, 1]},
								"east": {"uv": [21, 23], "uv_size": [1, 1]},
								"south": {"uv": [23, 21], "uv_size": [1, 1]},
								"west": {"uv": [22, 23], "uv_size": [1, 1]},
								"up": {"uv": [23, 22], "uv_size": [1, 1]},
								"down": {"uv": [23, 24], "uv_size": [1, -1]}
							}
						},
						{
							"origin": [0.93312, 0.47719, 0.47759],
							"size": [0.03129, 0.03129, 0.10951],
							"pivot": [0.94876, 0.49909, 0.53234],
							"rotation": [90, 0, 147.5],
							"uv": {
								"north": {"uv": [0, 24], "uv_size": [1, 1]},
								"east": {"uv": [24, 0], "uv_size": [1, 1]},
								"south": {"uv": [1, 24], "uv_size": [1, 1]},
								"west": {"uv": [24, 1], "uv_size": [1, 1]},
								"up": {"uv": [2, 24], "uv_size": [1, 1]},
								"down": {"uv": [24, 3], "uv_size": [1, -1]}
							}
						},
						{
							"origin": [0.93312, 0.47719, 0.47759],
							"size": [0.03129, 0.03129, 0.10951],
							"pivot": [0.94876, 0.49909, 0.53234],
							"rotation": [90, 0, 82.5],
							"uv": {
								"north": {"uv": [3, 24], "uv_size": [1, 1]},
								"east": {"uv": [24, 3], "uv_size": [1, 1]},
								"south": {"uv": [4, 24], "uv_size": [1, 1]},
								"west": {"uv": [24, 4], "uv_size": [1, 1]},
								"up": {"uv": [5, 24], "uv_size": [1, 1]},
								"down": {"uv": [24, 6], "uv_size": [1, -1]}
							}
						},
						{
							"origin": [0.93312, 0.47719, 0.47759],
							"size": [0.03129, 0.03129, 0.10951],
							"pivot": [0.94876, 0.49909, 0.53234],
							"rotation": [90, 0, 0],
							"uv": {
								"north": {"uv": [6, 24], "uv_size": [1, 1]},
								"east": {"uv": [24, 6], "uv_size": [1, 1]},
								"south": {"uv": [7, 24], "uv_size": [1, 1]},
								"west": {"uv": [24, 7], "uv_size": [1, 1]},
								"up": {"uv": [8, 24], "uv_size": [1, 1]},
								"down": {"uv": [24, 9], "uv_size": [1, -1]}
							}
						},
						{
							"origin": [0.93312, 0.47719, -0.87925],
							"size": [0.03129, 0.03129, 0.10951],
							"pivot": [0.94876, 0.49909, -0.82449],
							"rotation": [90, 0, 115],
							"uv": {
								"north": {"uv": [9, 24], "uv_size": [1, 1]},
								"east": {"uv": [24, 9], "uv_size": [1, 1]},
								"south": {"uv": [10, 24], "uv_size": [1, 1]},
								"west": {"uv": [24, 10], "uv_size": [1, 1]},
								"up": {"uv": [11, 24], "uv_size": [1, 1]},
								"down": {"uv": [24, 12], "uv_size": [1, -1]}
							}
						},
						{
							"origin": [0.93312, 0.47719, -0.87925],
							"size": [0.03129, 0.03129, 0.10951],
							"pivot": [0.94876, 0.49909, -0.82449],
							"rotation": [90, 0, 65],
							"uv": {
								"north": {"uv": [12, 24], "uv_size": [1, 1]},
								"east": {"uv": [24, 12], "uv_size": [1, 1]},
								"south": {"uv": [13, 24], "uv_size": [1, 1]},
								"west": {"uv": [24, 13], "uv_size": [1, 1]},
								"up": {"uv": [14, 24], "uv_size": [1, 1]},
								"down": {"uv": [24, 15], "uv_size": [1, -1]}
							}
						},
						{
							"origin": [0.93312, 0.47719, -0.87925],
							"size": [0.03129, 0.03129, 0.10951],
							"pivot": [0.94876, 0.49909, -0.82449],
							"rotation": [90, 0, 32.5],
							"uv": {
								"north": {"uv": [15, 24], "uv_size": [1, 1]},
								"east": {"uv": [24, 15], "uv_size": [1, 1]},
								"south": {"uv": [16, 24], "uv_size": [1, 1]},
								"west": {"uv": [24, 16], "uv_size": [1, 1]},
								"up": {"uv": [17, 24], "uv_size": [1, 1]},
								"down": {"uv": [24, 18], "uv_size": [1, -1]}
							}
						},
						{
							"origin": [0.93312, 0.47719, -0.87925],
							"size": [0.03129, 0.03129, 0.10951],
							"pivot": [0.94876, 0.49909, -0.82449],
							"rotation": [90, 0, 147.5],
							"uv": {
								"north": {"uv": [18, 24], "uv_size": [1, 1]},
								"east": {"uv": [24, 18], "uv_size": [1, 1]},
								"south": {"uv": [19, 24], "uv_size": [1, 1]},
								"west": {"uv": [24, 19], "uv_size": [1, 1]},
								"up": {"uv": [20, 24], "uv_size": [1, 1]},
								"down": {"uv": [24, 21], "uv_size": [1, -1]}
							}
						},
						{
							"origin": [0.93312, 0.47719, -0.87925],
							"size": [0.03129, 0.03129, 0.10951],
							"pivot": [0.94876, 0.49909, -0.82449],
							"rotation": [90, 0, 82.5],
							"uv": {
								"north": {"uv": [21, 24], "uv_size": [1, 1]},
								"east": {"uv": [24, 21], "uv_size": [1, 1]},
								"south": {"uv": [22, 24], "uv_size": [1, 1]},
								"west": {"uv": [24, 22], "uv_size": [1, 1]},
								"up": {"uv": [23, 24], "uv_size": [1, 1]},
								"down": {"uv": [24, 24], "uv_size": [1, -1]}
							}
						},
						{
							"origin": [0.93312, 0.47719, -0.87925],
							"size": [0.03129, 0.03129, 0.10951],
							"pivot": [0.94876, 0.49909, -0.82449],
							"rotation": [90, 0, 0],
							"uv": {
								"north": {"uv": [24, 24], "uv_size": [1, 1]},
								"east": {"uv": [0, 25], "uv_size": [1, 1]},
								"south": {"uv": [25, 0], "uv_size": [1, 1]},
								"west": {"uv": [1, 25], "uv_size": [1, 1]},
								"up": {"uv": [25, 1], "uv_size": [1, 1]},
								"down": {"uv": [2, 26], "uv_size": [1, -1]}
							}
						},
						{
							"origin": [0.50324, 0.4762, -0.15755],
							"size": [1.85966, 0.19954, 0.23944],
							"uv": {
								"north": {"uv": [0, 14], "uv_size": [5, 1]},
								"east": {"uv": [25, 2], "uv_size": [1, 1]},
								"south": {"uv": [5, 14], "uv_size": [5, 1]},
								"west": {"uv": [3, 25], "uv_size": [1, 1]},
								"up": {"uv": [14, 9], "uv_size": [5, 1]},
								"down": {"uv": [10, 15], "uv_size": [5, -1]}
							}
						},
						{
							"origin": [1.86007, 0.4762, 0.08189],
							"size": [0.50283, 0.19954, 0.23944],
							"uv": {
								"north": {"uv": [25, 9], "uv_size": [1, 1]},
								"east": {"uv": [10, 25], "uv_size": [1, 1]},
								"south": {"uv": [25, 10], "uv_size": [1, 1]},
								"west": {"uv": [11, 25], "uv_size": [1, 1]},
								"up": {"uv": [25, 11], "uv_size": [1, 1]},
								"down": {"uv": [12, 26], "uv_size": [1, -1]}
							}
						},
						{
							"origin": [2.17932, 0.4762, 0.32133],
							"size": [0.18357, 0.19954, 0.07982],
							"uv": {
								"north": {"uv": [25, 12], "uv_size": [1, 1]},
								"east": {"uv": [13, 25], "uv_size": [1, 1]},
								"south": {"uv": [25, 13], "uv_size": [1, 1]},
								"west": {"uv": [14, 25], "uv_size": [1, 1]},
								"up": {"uv": [25, 14], "uv_size": [1, 1]},
								"down": {"uv": [15, 26], "uv_size": [1, -1]}
							}
						},
						{
							"origin": [2.17932, 0.4762, -0.71986],
							"size": [0.18357, 0.19954, 0.07981],
							"uv": {
								"north": {"uv": [25, 15], "uv_size": [1, 1]},
								"east": {"uv": [16, 25], "uv_size": [1, 1]},
								"south": {"uv": [25, 16], "uv_size": [1, 1]},
								"west": {"uv": [17, 25], "uv_size": [1, 1]},
								"up": {"uv": [25, 17], "uv_size": [1, 1]},
								"down": {"uv": [18, 26], "uv_size": [1, -1]}
							}
						},
						{
							"origin": [2.10749, 0.4762, -0.43254],
							"size": [0.18357, 0.19954, 0.07981],
							"pivot": [1.86805, 0.18887, -0.43254],
							"rotation": [0, 42.5, 0],
							"uv": {
								"north": {"uv": [25, 18], "uv_size": [1, 1]},
								"east": {"uv": [19, 25], "uv_size": [1, 1]},
								"south": {"uv": [25, 19], "uv_size": [1, 1]},
								"west": {"uv": [20, 25], "uv_size": [1, 1]},
								"up": {"uv": [25, 20], "uv_size": [1, 1]},
								"down": {"uv": [21, 26], "uv_size": [1, -1]}
							}
						},
						{
							"origin": [2.16336, 0.4762, 0.05794],
							"size": [0.18357, 0.19954, 0.07982],
							"pivot": [1.92392, 0.18887, 0.05794],
							"rotation": [0, -42.5, 0],
							"uv": {
								"north": {"uv": [25, 21], "uv_size": [1, 1]},
								"east": {"uv": [22, 25], "uv_size": [1, 1]},
								"south": {"uv": [25, 22], "uv_size": [1, 1]},
								"west": {"uv": [23, 25], "uv_size": [1, 1]},
								"up": {"uv": [25, 23], "uv_size": [1, 1]},
								"down": {"uv": [24, 26], "uv_size": [1, -1]}
							}
						},
						{
							"origin": [1.86007, 0.4762, -0.64005],
							"size": [0.50283, 0.19954, 0.23944],
							"uv": {
								"north": {"uv": [25, 24], "uv_size": [1, 1]},
								"east": {"uv": [25, 25], "uv_size": [1, 1]},
								"south": {"uv": [0, 26], "uv_size": [1, 1]},
								"west": {"uv": [26, 0], "uv_size": [1, 1]},
								"up": {"uv": [1, 26], "uv_size": [1, 1]},
								"down": {"uv": [26, 2], "uv_size": [1, -1]}
							}
						},
						{
							"origin": [0.41544, 0.4762, 0.05432],
							"size": [0.37512, 0.19954, 0.23944],
							"pivot": [0.58305, 0.18887, -1.43819],
							"rotation": [0, 50, 0],
							"uv": {
								"north": {"uv": [2, 26], "uv_size": [1, 1]},
								"east": {"uv": [26, 2], "uv_size": [1, 1]},
								"south": {"uv": [3, 26], "uv_size": [1, 1]},
								"west": {"uv": [26, 3], "uv_size": [1, 1]},
								"up": {"uv": [4, 26], "uv_size": [1, 1]},
								"down": {"uv": [26, 5], "uv_size": [1, -1]}
							}
						},
						{
							"origin": [1.3333, 0.4762, -1.04348],
							"size": [0.37512, 0.19954, 0.23944],
							"pivot": [0.58305, 0.18887, -0.07774],
							"rotation": [0, -50, 0],
							"uv": {
								"north": {"uv": [5, 26], "uv_size": [1, 1]},
								"east": {"uv": [26, 5], "uv_size": [1, 1]},
								"south": {"uv": [6, 26], "uv_size": [1, 1]},
								"west": {"uv": [26, 6], "uv_size": [1, 1]},
								"up": {"uv": [7, 26], "uv_size": [1, 1]},
								"down": {"uv": [26, 8], "uv_size": [1, -1]}
							}
						},
						{
							"origin": [0.50324, 0.4762, -0.40061],
							"size": [1.85966, 0.19954, 0.23944],
							"uv": {
								"north": {"uv": [14, 10], "uv_size": [5, 1]},
								"east": {"uv": [8, 26], "uv_size": [1, 1]},
								"south": {"uv": [14, 11], "uv_size": [5, 1]},
								"west": {"uv": [26, 8], "uv_size": [1, 1]},
								"up": {"uv": [0, 15], "uv_size": [5, 1]},
								"down": {"uv": [5, 16], "uv_size": [5, -1]}
							}
						},
						{
							"origin": [2.07556, 1.09077, -0.42964],
							"size": [0.47888, 0.19954, 0.47888],
							"pivot": [0.58305, 0.18887, -0.34983],
							"rotation": [0, 0, 21],
							"uv": {
								"north": {"uv": [24, 26], "uv_size": [1, 1]},
								"east": {"uv": [26, 24], "uv_size": [1, 1]},
								"south": {"uv": [25, 26], "uv_size": [1, 1]},
								"west": {"uv": [26, 25], "uv_size": [1, 1]},
								"up": {"uv": [26, 26], "uv_size": [1, 1]},
								"down": {"uv": [0, 28], "uv_size": [1, -1]}
							}
						},
						{
							"origin": [2.07556, 1.09077, -0.70173],
							"size": [0.12905, 0.19954, 1.1008],
							"pivot": [0.58305, 0.18887, -0.34983],
							"rotation": [0, 0, 21],
							"uv": {
								"north": {"uv": [24, 26], "uv_size": [1, 1]},
								"east": {"uv": [26, 24], "uv_size": [1, 1]},
								"south": {"uv": [25, 26], "uv_size": [1, 1]},
								"west": {"uv": [26, 25], "uv_size": [1, 1]},
								"up": {"uv": [26, 26], "uv_size": [1, 1]},
								"down": {"uv": [0, 28], "uv_size": [1, -1]}
							}
						},
						{
							"origin": [0.52076, 0.50772, -0.50738],
							"size": [0.28453, 0.27728, 0.16792],
							"uv": {
								"north": {"uv": [24, 26], "uv_size": [1, 1]},
								"east": {"uv": [26, 24], "uv_size": [1, 1]},
								"south": {"uv": [25, 26], "uv_size": [1, 1]},
								"west": {"uv": [26, 25], "uv_size": [1, 1]},
								"up": {"uv": [26, 26], "uv_size": [1, 1]},
								"down": {"uv": [0, 28], "uv_size": [1, -1]}
							}
						},
						{
							"origin": [0.52076, 0.50772, -0.00207],
							"size": [0.28453, 0.27728, 0.16792],
							"uv": {
								"north": {"uv": [24, 26], "uv_size": [1, 1]},
								"east": {"uv": [26, 24], "uv_size": [1, 1]},
								"south": {"uv": [25, 26], "uv_size": [1, 1]},
								"west": {"uv": [26, 25], "uv_size": [1, 1]},
								"up": {"uv": [26, 26], "uv_size": [1, 1]},
								"down": {"uv": [0, 28], "uv_size": [1, -1]}
							}
						},
						{
							"origin": [0.36528, 0.74094, -0.50738],
							"size": [0.20679, 0.27728, 0.16792],
							"uv": {
								"north": {"uv": [24, 26], "uv_size": [1, 1]},
								"east": {"uv": [26, 24], "uv_size": [1, 1]},
								"south": {"uv": [25, 26], "uv_size": [1, 1]},
								"west": {"uv": [26, 25], "uv_size": [1, 1]},
								"up": {"uv": [26, 26], "uv_size": [1, 1]},
								"down": {"uv": [0, 28], "uv_size": [1, -1]}
							}
						},
						{
							"origin": [0.36528, 0.89642, -0.50738],
							"size": [0.20679, 0.1218, 0.67323],
							"uv": {
								"north": {"uv": [24, 26], "uv_size": [1, 1]},
								"east": {"uv": [26, 24], "uv_size": [1, 1]},
								"south": {"uv": [25, 26], "uv_size": [1, 1]},
								"west": {"uv": [26, 25], "uv_size": [1, 1]},
								"up": {"uv": [26, 26], "uv_size": [1, 1]},
								"down": {"uv": [0, 28], "uv_size": [1, -1]}
							}
						},
						{
							"origin": [0.36528, 0.74094, -0.00207],
							"size": [0.20679, 0.27728, 0.16792],
							"uv": {
								"north": {"uv": [24, 26], "uv_size": [1, 1]},
								"east": {"uv": [26, 24], "uv_size": [1, 1]},
								"south": {"uv": [25, 26], "uv_size": [1, 1]},
								"west": {"uv": [26, 25], "uv_size": [1, 1]},
								"up": {"uv": [26, 26], "uv_size": [1, 1]},
								"down": {"uv": [0, 28], "uv_size": [1, -1]}
							}
						},
						{
							"origin": [1.57025, -0.15307, -0.50738],
							"size": [0.28453, 0.35502, 0.16792],
							"pivot": [0.15548, -1.05497, -0.34983],
							"rotation": [0, 0, -42.5],
							"uv": {
								"north": {"uv": [18, 13], "uv_size": [1, 1]},
								"east": {"uv": [18, 14], "uv_size": [1, 1]},
								"south": {"uv": [15, 18], "uv_size": [1, 1]},
								"west": {"uv": [18, 15], "uv_size": [1, 1]},
								"up": {"uv": [18, 16], "uv_size": [1, 1]},
								"down": {"uv": [18, 18], "uv_size": [1, -1]}
							}
						},
						{
							"origin": [1.57025, -0.23081, -0.3519],
							"size": [0.20679, 0.43276, 0.40114],
							"pivot": [0.15548, -1.05497, 0],
							"rotation": [0, 0, -42.5],
							"uv": {
								"north": {"uv": [19, 13], "uv_size": [1, 1]},
								"east": {"uv": [19, 14], "uv_size": [1, 1]},
								"south": {"uv": [15, 19], "uv_size": [1, 1]},
								"west": {"uv": [20, 13], "uv_size": [1, 1]},
								"up": {"uv": [20, 14], "uv_size": [1, 1]},
								"down": {"uv": [15, 21], "uv_size": [1, -1]}
							}
						},
						{
							"origin": [1.57025, -0.15307, -0.00207],
							"size": [0.28453, 0.35502, 0.16792],
							"pivot": [0.15548, -1.05497, 0.31096],
							"rotation": [0, 0, -42.5],
							"uv": {
								"north": {"uv": [18, 13], "uv_size": [1, 1]},
								"east": {"uv": [18, 14], "uv_size": [1, 1]},
								"south": {"uv": [15, 18], "uv_size": [1, 1]},
								"west": {"uv": [18, 15], "uv_size": [1, 1]},
								"up": {"uv": [18, 16], "uv_size": [1, 1]},
								"down": {"uv": [18, 18], "uv_size": [1, -1]}
							}
						},
						{
							"origin": [2.07556, 1.09077, -0.42964],
							"size": [0.35916, 0.19954, 0.5587],
							"pivot": [0.58305, 0.18887, -0.34983],
							"rotation": [0, 0, 21],
							"uv": {
								"north": {"uv": [27, 0], "uv_size": [1, 1]},
								"east": {"uv": [1, 27], "uv_size": [1, 1]},
								"south": {"uv": [27, 1], "uv_size": [1, 1]},
								"west": {"uv": [2, 27], "uv_size": [1, 1]},
								"up": {"uv": [27, 2], "uv_size": [1, 1]},
								"down": {"uv": [3, 28], "uv_size": [1, -1]}
							}
						},
						{
							"origin": [2.08355, 1.09077, -1.09769],
							"size": [0.39907, 0.19954, 0.0878],
							"pivot": [0.58305, 0.18887, -0.73853],
							"rotation": [0, -22.5, 21],
							"uv": {
								"north": {"uv": [27, 6], "uv_size": [1, 1]},
								"east": {"uv": [7, 27], "uv_size": [1, 1]},
								"south": {"uv": [27, 7], "uv_size": [1, 1]},
								"west": {"uv": [8, 27], "uv_size": [1, 1]},
								"up": {"uv": [27, 8], "uv_size": [1, 1]},
								"down": {"uv": [9, 28], "uv_size": [1, -1]}
							}
						},
						{
							"origin": [1.62063, 1.09077, 0.63427],
							"size": [0.39907, 0.19954, 0.0878],
							"pivot": [0.58305, 0.18887, -0.73853],
							"rotation": [0, 22.5, 21],
							"uv": {
								"north": {"uv": [27, 9], "uv_size": [1, 1]},
								"east": {"uv": [10, 27], "uv_size": [1, 1]},
								"south": {"uv": [27, 10], "uv_size": [1, 1]},
								"west": {"uv": [11, 27], "uv_size": [1, 1]},
								"up": {"uv": [27, 11], "uv_size": [1, 1]},
								"down": {"uv": [12, 28], "uv_size": [1, -1]}
							}
						},
						{
							"origin": [2.07556, 1.09077, -0.32909],
							"size": [0.47888, 0.19954, 0.47888],
							"pivot": [0.58305, 0.18887, -1.12723],
							"rotation": [0, 0, 21],
							"uv": {
								"north": {"uv": [27, 12], "uv_size": [1, 1]},
								"east": {"uv": [13, 27], "uv_size": [1, 1]},
								"south": {"uv": [27, 13], "uv_size": [1, 1]},
								"west": {"uv": [14, 27], "uv_size": [1, 1]},
								"up": {"uv": [27, 14], "uv_size": [1, 1]},
								"down": {"uv": [15, 28], "uv_size": [1, -1]}
							}
						},
						{
							"origin": [0.50324, 0.22878, -0.84229],
							"size": [2.35347, 0.15963, 0.23944],
							"pivot": [0.58305, 0.18887, -0.73853],
							"rotation": [-22.5, 0, 0],
							"uv": {
								"north": {"uv": [6, 12], "uv_size": [6, 1]},
								"east": {"uv": [27, 15], "uv_size": [1, 1]},
								"south": {"uv": [12, 6], "uv_size": [6, 1]},
								"west": {"uv": [16, 27], "uv_size": [1, 1]},
								"up": {"uv": [12, 7], "uv_size": [6, 1]},
								"down": {"uv": [12, 9], "uv_size": [6, -1]}
							}
						},
						{
							"origin": [0.50324, -0.22616, 0.2352],
							"size": [2.35347, 0.15963, 0.23944],
							"pivot": [0.58305, 0.18887, -0.73853],
							"rotation": [22.5, 0, 0],
							"uv": {
								"north": {"uv": [12, 12], "uv_size": [6, 1]},
								"east": {"uv": [27, 16], "uv_size": [1, 1]},
								"south": {"uv": [0, 13], "uv_size": [6, 1]},
								"west": {"uv": [17, 27], "uv_size": [1, 1]},
								"up": {"uv": [6, 13], "uv_size": [6, 1]},
								"down": {"uv": [12, 14], "uv_size": [6, -1]}
							}
						}
					]
				},
				{
					"name": "bone32",
					"parent": "bone31",
					"pivot": [0.39882, 1.67574, -0.1784],
					"rotation": [0, 0, 90],
					"cubes": [
						{
							"origin": [0.18672, 1.65089, 0.47859],
							"size": [0.42419, 0.19097, 0.08535],
							"pivot": [0.39882, 1.67574, -0.1784],
							"rotation": [0, 32.5, 0],
							"uv": {
								"north": {"uv": [18, 26], "uv_size": [1, 1]},
								"east": {"uv": [26, 18], "uv_size": [1, 1]},
								"south": {"uv": [19, 26], "uv_size": [1, 1]},
								"west": {"uv": [26, 19], "uv_size": [1, 1]},
								"up": {"uv": [20, 26], "uv_size": [1, 1]},
								"down": {"uv": [26, 21], "uv_size": [1, -1]}
							}
						},
						{
							"origin": [0.18672, 1.65089, -0.92073],
							"size": [0.42419, 0.19097, 0.08535],
							"uv": {
								"north": {"uv": [15, 26], "uv_size": [1, 1]},
								"east": {"uv": [26, 15], "uv_size": [1, 1]},
								"south": {"uv": [16, 26], "uv_size": [1, 1]},
								"west": {"uv": [26, 16], "uv_size": [1, 1]},
								"up": {"uv": [17, 26], "uv_size": [1, 1]},
								"down": {"uv": [26, 18], "uv_size": [1, -1]}
							}
						},
						{
							"origin": [0.18672, 1.65089, -0.92073],
							"size": [0.42419, 0.19097, 0.08535],
							"pivot": [0.39882, 1.67574, -0.1784],
							"rotation": [180, 32.5, 180],
							"uv": {
								"north": {"uv": [12, 26], "uv_size": [1, 1]},
								"east": {"uv": [26, 12], "uv_size": [1, 1]},
								"south": {"uv": [13, 26], "uv_size": [1, 1]},
								"west": {"uv": [26, 13], "uv_size": [1, 1]},
								"up": {"uv": [14, 26], "uv_size": [1, 1]},
								"down": {"uv": [26, 15], "uv_size": [1, -1]}
							}
						},
						{
							"origin": [0.18672, 1.65089, -0.92073],
							"size": [0.42419, 0.19097, 0.08535],
							"pivot": [0.39882, 1.67574, -0.1784],
							"rotation": [180, 65, 180],
							"uv": {
								"north": {"uv": [9, 26], "uv_size": [1, 1]},
								"east": {"uv": [26, 9], "uv_size": [1, 1]},
								"south": {"uv": [10, 26], "uv_size": [1, 1]},
								"west": {"uv": [26, 10], "uv_size": [1, 1]},
								"up": {"uv": [11, 26], "uv_size": [1, 1]},
								"down": {"uv": [26, 12], "uv_size": [1, -1]}
							}
						},
						{
							"origin": [0.26446, 1.65089, -0.92073],
							"size": [0.34645, 0.19097, 0.08535],
							"pivot": [0.39882, 1.67574, -0.1784],
							"rotation": [0, 65, 0],
							"uv": {
								"north": {"uv": [25, 6], "uv_size": [1, 1]},
								"east": {"uv": [7, 25], "uv_size": [1, 1]},
								"south": {"uv": [25, 7], "uv_size": [1, 1]},
								"west": {"uv": [8, 25], "uv_size": [1, 1]},
								"up": {"uv": [25, 8], "uv_size": [1, 1]},
								"down": {"uv": [9, 26], "uv_size": [1, -1]}
							}
						},
						{
							"origin": [0.18672, 1.65089, -0.92073],
							"size": [0.30758, 0.19097, 0.08535],
							"pivot": [0.39882, 1.67574, -0.1784],
							"rotation": [0, 82.5, 0],
							"uv": {
								"north": {"uv": [25, 3], "uv_size": [1, 1]},
								"east": {"uv": [4, 25], "uv_size": [1, 1]},
								"south": {"uv": [25, 4], "uv_size": [1, 1]},
								"west": {"uv": [5, 25], "uv_size": [1, 1]},
								"up": {"uv": [25, 5], "uv_size": [1, 1]},
								"down": {"uv": [6, 26], "uv_size": [1, -1]}
							}
						}
					]
				},
				{
					"name": "bone2",
					"parent": "bone31",
					"pivot": [0.39882, 1.67574, -0.1784],
					"rotation": [0, 0, 90],
					"cubes": [
						{
							"origin": [0.18672, 1.65089, -0.92073],
							"size": [0.42419, 0.19097, 0.08535],
							"pivot": [0.39882, 1.67574, -0.1784],
							"rotation": [0, 32.5, 0],
							"uv": {
								"north": {"uv": [18, 26], "uv_size": [1, 1]},
								"east": {"uv": [26, 18], "uv_size": [1, 1]},
								"south": {"uv": [19, 26], "uv_size": [1, 1]},
								"west": {"uv": [26, 19], "uv_size": [1, 1]},
								"up": {"uv": [20, 26], "uv_size": [1, 1]},
								"down": {"uv": [26, 21], "uv_size": [1, -1]}
							}
						},
						{
							"origin": [0.18672, 1.65089, 0.47859],
							"size": [0.42419, 0.19097, 0.08535],
							"uv": {
								"north": {"uv": [15, 26], "uv_size": [1, 1]},
								"east": {"uv": [26, 15], "uv_size": [1, 1]},
								"south": {"uv": [16, 26], "uv_size": [1, 1]},
								"west": {"uv": [26, 16], "uv_size": [1, 1]},
								"up": {"uv": [17, 26], "uv_size": [1, 1]},
								"down": {"uv": [26, 18], "uv_size": [1, -1]}
							}
						},
						{
							"origin": [0.18672, 1.65089, 0.47859],
							"size": [0.42419, 0.19097, 0.08535],
							"pivot": [0.39882, 1.67574, -0.1784],
							"rotation": [180, 32.5, 180],
							"uv": {
								"north": {"uv": [12, 26], "uv_size": [1, 1]},
								"east": {"uv": [26, 12], "uv_size": [1, 1]},
								"south": {"uv": [13, 26], "uv_size": [1, 1]},
								"west": {"uv": [26, 13], "uv_size": [1, 1]},
								"up": {"uv": [14, 26], "uv_size": [1, 1]},
								"down": {"uv": [26, 15], "uv_size": [1, -1]}
							}
						},
						{
							"origin": [0.18672, 1.65089, 0.47859],
							"size": [0.42419, 0.19097, 0.08535],
							"pivot": [0.39882, 1.67574, -0.1784],
							"rotation": [180, 65, 180],
							"uv": {
								"north": {"uv": [9, 26], "uv_size": [1, 1]},
								"east": {"uv": [26, 9], "uv_size": [1, 1]},
								"south": {"uv": [10, 26], "uv_size": [1, 1]},
								"west": {"uv": [26, 10], "uv_size": [1, 1]},
								"up": {"uv": [11, 26], "uv_size": [1, 1]},
								"down": {"uv": [26, 12], "uv_size": [1, -1]}
							}
						},
						{
							"origin": [0.18672, 1.65089, 0.47859],
							"size": [0.42419, 0.19097, 0.08535],
							"pivot": [0.39882, 1.67574, -0.1784],
							"rotation": [0, 65, 0],
							"uv": {
								"north": {"uv": [25, 6], "uv_size": [1, 1]},
								"east": {"uv": [7, 25], "uv_size": [1, 1]},
								"south": {"uv": [25, 7], "uv_size": [1, 1]},
								"west": {"uv": [8, 25], "uv_size": [1, 1]},
								"up": {"uv": [25, 8], "uv_size": [1, 1]},
								"down": {"uv": [9, 26], "uv_size": [1, -1]}
							}
						},
						{
							"origin": [0.18672, 1.65089, 0.43972],
							"size": [0.5408, 0.19097, 0.12422],
							"pivot": [0.39882, 1.67574, -0.1784],
							"rotation": [0, 82.5, 0],
							"uv": {
								"north": {"uv": [25, 3], "uv_size": [1, 1]},
								"east": {"uv": [4, 25], "uv_size": [1, 1]},
								"south": {"uv": [25, 4], "uv_size": [1, 1]},
								"west": {"uv": [5, 25], "uv_size": [1, 1]},
								"up": {"uv": [25, 5], "uv_size": [1, 1]},
								"down": {"uv": [6, 26], "uv_size": [1, -1]}
							}
						}
					]
				},
				{
					"name": "bone44",
					"parent": "bone31",
					"pivot": [0, 1.48159, -0.13485],
					"rotation": [0, -90, 0]
				},
				{
					"name": "bone40",
					"parent": "bone31",
					"pivot": [0.58305, 0.07713, 0.55445],
					"rotation": [0, 180, 0]
				},
				{
					"name": "ocular",
					"pivot": [0, 0.475, 0.1],
					"cubes": [
						{
							"origin": [-0.7, 0.975, -0.9],
							"size": [1.5, 1.5, 0],
							"uv": {
								"north": {"uv": [0, 0], "uv_size": [2, 2]},
								"east": {"uv": [0, 0], "uv_size": [0, 2]},
								"south": {"uv": [0, 0], "uv_size": [2, 2]},
								"west": {"uv": [0, 0], "uv_size": [0, 2]},
								"up": {"uv": [2, 0], "uv_size": [-2, 0]},
								"down": {"uv": [2, 0], "uv_size": [-2, 0]}
							}
						}
					]
				},
				{
					"name": "scope_view",
					"pivot": [0, 1.70305, 6.03641]
				},
				{
					"name": "division",
					"pivot": [0, 0.175, -37.6],
					"cubes": [
						{
							"origin": [-0.3, 1.375, -48.6],
							"size": [0.6, 0.6, 0],
							"uv": {
								"south": {"uv": [28, 28], "uv_size": [36, 36]}
							}
						}
					]
				}
			]
		}
	]
}