{
	"format_version": "1.12.0",
	"minecraft:geometry": [
		{
			"description": {
				"identifier": "geometry.sight_coyote - Converted",
				"texture_width": 64,
				"texture_height": 64,
				"visible_bounds_width": 9,
				"visible_bounds_height": 2.5,
				"visible_bounds_offset": [0, 0.75, 0]
			},
			"bones": [
				{
					"name": "scope_body",
					"pivot": [0, 15.7, 0.5],
					"cubes": [
						{
							"origin": [0.4375, 1.05625, -2.79687],
							"size": [0.1875, 0.3125, 2.625],
							"uv": {
								"north": {"uv": [14.5, 25], "uv_size": [-0.5, 0.5]},
								"south": {"uv": [25.5, 16], "uv_size": [-0.5, 0.5]},
								"down": {"uv": [0.5, 16.5], "uv_size": [-0.5, -2.5]}
							}
						},
						{
							"origin": [-0.31066, 1.05625, -2.79687],
							"size": [0.62132, 0.125, 2.625],
							"pivot": [0, 1.80625, -1.48437],
							"rotation": [0, 0, -45],
							"uv": {
								"north": {"uv": [18.5, 25], "uv_size": [-0.5, 0.5]},
								"south": {"uv": [25.5, 18], "uv_size": [-0.5, 0.5]},
								"down": {"uv": [2.5, 16.5], "uv_size": [-0.5, -2.5]}
							}
						},
						{
							"origin": [-0.31066, 1.05625, -2.79687],
							"size": [0.62132, 0.125, 2.625],
							"uv": {
								"north": {"uv": [25.5, 24], "uv_size": [-0.5, 0.5]},
								"south": {"uv": [6.5, 26], "uv_size": [-0.5, 0.5]},
								"down": {"uv": [8.5, 18.5], "uv_size": [-0.5, -2.5]}
							}
						},
						{
							"origin": [-0.31066, 2.43125, -2.79687],
							"size": [0.62132, 0.125, 2.625],
							"pivot": [0, 1.80625, -1.48437],
							"rotation": [0, 0, -45],
							"uv": {
								"north": {"uv": [26.5, 8], "uv_size": [-0.5, 0.5]},
								"south": {"uv": [26.5, 10], "uv_size": [-0.5, 0.5]},
								"up": {"uv": [10.5, 16], "uv_size": [-0.5, 2.5]}
							}
						},
						{
							"origin": [-0.31066, 2.43125, -2.79687],
							"size": [0.62132, 0.125, 2.625],
							"uv": {
								"north": {"uv": [26.5, 12], "uv_size": [-0.5, 0.5]},
								"south": {"uv": [26.5, 14], "uv_size": [-0.5, 0.5]},
								"up": {"uv": [4.5, 17], "uv_size": [-0.5, 2.5]}
							}
						},
						{
							"origin": [-0.75, 1.49559, -2.79687],
							"size": [0.125, 0.62132, 2.625],
							"pivot": [0, 1.80625, -1.48437],
							"rotation": [0, 0, -45],
							"uv": {
								"north": {"uv": [16.5, 26], "uv_size": [-0.5, 0.5]},
								"south": {"uv": [20.5, 26], "uv_size": [-0.5, 0.5]}
							}
						},
						{
							"origin": [-0.75, 1.49559, -2.79687],
							"size": [0.125, 0.62132, 2.625],
							"uv": {
								"north": {"uv": [26.5, 20], "uv_size": [-0.5, 0.5]},
								"east": {"uv": [14.5, 17], "uv_size": [-2.5, 0.5]},
								"south": {"uv": [22.5, 26], "uv_size": [-0.5, 0.5]}
							}
						},
						{
							"origin": [0.625, 1.49559, -2.79687],
							"size": [0.125, 0.62132, 2.625],
							"pivot": [0, 1.80625, -1.48437],
							"rotation": [0, 0, -45],
							"uv": {
								"north": {"uv": [26.5, 22], "uv_size": [-0.5, 0.5]},
								"south": {"uv": [24.5, 26], "uv_size": [-0.5, 0.5]},
								"west": {"uv": [18.5, 17], "uv_size": [-2.5, 0.5]}
							}
						},
						{
							"origin": [0.625, 1.05625, -2.79687],
							"size": [0.125, 1.06066, 2.625],
							"uv": {
								"north": {"uv": [11.5, 0], "uv_size": [-0.5, 1]},
								"east": {"uv": [2.5, 2], "uv_size": [-2.5, 1]},
								"south": {"uv": [22.5, 20], "uv_size": [-0.5, 1]},
								"west": {"uv": [2.5, 0], "uv_size": [-2.5, 1]},
								"down": {"uv": [6.5, 19.5], "uv_size": [-0.5, -2.5]}
							}
						},
						{
							"origin": [0.68566, 2.11691, -2.35937],
							"size": [0.06434, 0.37684, 0.625],
							"uv": {
								"east": {"uv": [30.5, 14], "uv_size": [-0.5, 0.5]},
								"west": {"uv": [30.5, 12], "uv_size": [-0.5, 0.5]}
							}
						},
						{
							"origin": [0.30492, 2.49191, -2.76914],
							"size": [0.37554, 0.06434, 0.62002],
							"pivot": [0.46209, 2.33658, -2.33662],
							"rotation": [0, 45, 0],
							"uv": {
								"west": {"uv": [16.5, 30], "uv_size": [-0.5, 0.5]},
								"up": {"uv": [20.5, 30], "uv_size": [-0.5, 0.5]},
								"down": {"uv": [30.5, 20.5], "uv_size": [-0.5, -0.5]}
							}
						},
						{
							"origin": [0.68566, 1.77935, -1.96478],
							"size": [0.06434, 0.43934, 1.1875],
							"pivot": [0.60317, 2.11033, -1.45312],
							"rotation": [-45, 0, 0],
							"uv": {
								"east": {"uv": [24, 0], "uv_size": [-1, 0.5]},
								"west": {"uv": [23, 22], "uv_size": [-1, 0.5]},
								"up": {"uv": [2.5, 23], "uv_size": [-0.5, 1]}
							}
						},
						{
							"origin": [0.68566, 1.76141, -2.65015],
							"size": [0.06434, 0.43803, 0.62002],
							"pivot": [0.53033, 1.98108, -2.62388],
							"rotation": [45, 0, 0],
							"uv": {
								"east": {"uv": [30.5, 22], "uv_size": [-0.5, 0.5]},
								"west": {"uv": [22.5, 30], "uv_size": [-0.5, 0.5]},
								"up": {"uv": [24.5, 30], "uv_size": [-0.5, 0.5]}
							}
						},
						{
							"origin": [0.18815, 2.49191, -1.99298],
							"size": [0.37554, 0.06434, 0.7084],
							"pivot": [0.34467, 2.33658, -1.63879],
							"rotation": [0, -45, 0],
							"uv": {
								"west": {"uv": [26.5, 30], "uv_size": [-0.5, 0.5]},
								"up": {"uv": [30.5, 26], "uv_size": [-0.5, 0.5]},
								"down": {"uv": [28.5, 30.5], "uv_size": [-0.5, -0.5]}
							}
						},
						{
							"origin": [0.31066, 2.49191, -2.35937],
							"size": [0.43934, 0.06434, 0.625],
							"uv": {
								"north": {"uv": [30.5, 28], "uv_size": [-0.5, 0.5]},
								"west": {"uv": [30.5, 30], "uv_size": [-0.5, 0.5]},
								"up": {"uv": [0.5, 31], "uv_size": [-0.5, 0.5]},
								"down": {"uv": [31.5, 0.5], "uv_size": [-0.5, -0.5]}
							}
						},
						{
							"origin": [0.66483, 2.30441, -2.52941],
							"size": [0.01563, 0.0625, 0.19279],
							"pivot": [0.46209, 2.27408, -2.33662],
							"rotation": [0, 45, 0],
							"uv": {
								"north": {"uv": [2.5, 31], "uv_size": [-0.5, 0.5]},
								"east": {"uv": [31.5, 4], "uv_size": [-0.5, 0.5]},
								"south": {"uv": [4.5, 31], "uv_size": [-0.5, 0.5]},
								"west": {"uv": [31.5, 2], "uv_size": [-0.5, 0.5]},
								"down": {"uv": [31.5, 6.5], "uv_size": [-0.5, -0.5]}
							}
						},
						{
							"origin": [0.66483, 2.36691, -2.71691],
							"size": [0.01563, 0.12684, 0.56779],
							"pivot": [0.46209, 2.39908, -2.33662],
							"rotation": [0, 45, 0],
							"uv": {
								"north": {"uv": [8.5, 31], "uv_size": [-0.5, 0.5]},
								"east": {"uv": [12.5, 31], "uv_size": [-0.5, 0.5]},
								"west": {"uv": [10.5, 31], "uv_size": [-0.5, 0.5]},
								"down": {"uv": [14.5, 31.5], "uv_size": [-0.5, -0.5]}
							}
						},
						{
							"origin": [0.66483, 2.36691, -1.75713],
							"size": [0.01563, 0.12684, 0.36466],
							"pivot": [0.46209, 2.39908, -1.75713],
							"rotation": [0, -45, 0],
							"uv": {
								"east": {"uv": [31.5, 18], "uv_size": [-0.5, 0.5]},
								"south": {"uv": [18.5, 31], "uv_size": [-0.5, 0.5]},
								"west": {"uv": [31.5, 16], "uv_size": [-0.5, 0.5]},
								"down": {"uv": [31.5, 24.5], "uv_size": [-0.5, -0.5]}
							}
						},
						{
							"origin": [0.55882, 2.29327, -2.86992],
							"size": [0.12684, 0.01562, 0.56778],
							"pivot": [0.49678, 2.30108, -2.60165],
							"rotation": [45, 0, 0],
							"uv": {
								"north": {"uv": [6.5, 32], "uv_size": [-0.5, 0.5]},
								"east": {"uv": [32.5, 10], "uv_size": [-0.5, 0.5]},
								"south": {"uv": [32.5, 8], "uv_size": [-0.5, 0.5]},
								"up": {"uv": [32.5, 12], "uv_size": [-0.5, 0.5]},
								"down": {"uv": [32.5, 14.5], "uv_size": [-0.5, -0.5]}
							}
						},
						{
							"origin": [0.5432, 2.20307, -1.90757],
							"size": [0.14246, 0.01563, 0.53341],
							"pivot": [0.60317, 2.11033, -1.45312],
							"rotation": [-45, 0, 0],
							"uv": {
								"north": {"uv": [16.5, 32], "uv_size": [-0.5, 0.5]},
								"east": {"uv": [24, 2], "uv_size": [-1, 0.5]},
								"south": {"uv": [20.5, 32], "uv_size": [-0.5, 0.5]},
								"up": {"uv": [4.5, 23], "uv_size": [-0.5, 1]},
								"down": {"uv": [23.5, 5], "uv_size": [-0.5, -1]}
							}
						},
						{
							"origin": [0.43382, 2.20307, -1.78257],
							"size": [0.10938, 0.01563, 0.24278],
							"pivot": [0.60317, 2.11033, -1.45312],
							"rotation": [-45, 0, 0],
							"uv": {
								"north": {"uv": [32.5, 20], "uv_size": [-0.5, 0.5]},
								"east": {"uv": [32.5, 22], "uv_size": [-0.5, 0.5]},
								"south": {"uv": [22.5, 32], "uv_size": [-0.5, 0.5]},
								"up": {"uv": [24.5, 32], "uv_size": [-0.5, 0.5]},
								"down": {"uv": [26.5, 32.5], "uv_size": [-0.5, -0.5]}
							}
						},
						{
							"origin": [-0.25, 2.53582, -2.7762],
							"size": [0.5, 0.125, 2.5875],
							"pivot": [0, 2.57332, 0.34255],
							"rotation": [1.75, 0, 0],
							"uv": {
								"north": {"uv": [18.5, 33], "uv_size": [-0.5, 0.5]},
								"east": {"uv": [33.5, 24], "uv_size": [-0.5, 0.5]},
								"south": {"uv": [0, 0], "uv_size": [0, 0]},
								"west": {"uv": [33.5, 18], "uv_size": [-0.5, 0.5]},
								"up": {"uv": [6.5, 34], "uv_size": [-0.5, 0.5]},
								"down": {"uv": [34.5, 8.5], "uv_size": [-0.5, -0.5]}
							}
						},
						{
							"origin": [-0.63935, 1.07188, -2.79687],
							"size": [0.13935, 0.47629, 2.625],
							"pivot": [-0.5625, 1.24375, -1.48437],
							"rotation": [0, 0, -22.5],
							"uv": {
								"north": {"uv": [0.5, 35], "uv_size": [-0.5, 0.5]},
								"east": {"uv": [2.5, 18], "uv_size": [-2.5, 0.5]},
								"south": {"uv": [35.5, 0], "uv_size": [-0.5, 0.5]},
								"down": {"uv": [18.5, 6.5], "uv_size": [-0.5, -2.5]}
							}
						},
						{
							"origin": [0.49632, 2.29327, -2.68242],
							"size": [0.0625, 0.01562, 0.25528],
							"pivot": [0.49678, 2.30108, -2.60165],
							"rotation": [45, 0, 0],
							"uv": {
								"north": {"uv": [2.5, 35], "uv_size": [-0.5, 0.5]},
								"east": {"uv": [4.5, 35], "uv_size": [-0.5, 0.5]},
								"south": {"uv": [35.5, 2], "uv_size": [-0.5, 0.5]},
								"up": {"uv": [35.5, 4], "uv_size": [-0.5, 0.5]},
								"down": {"uv": [35.5, 6.5], "uv_size": [-0.5, -0.5]}
							}
						},
						{
							"origin": [0.3125, 1.05625, -2.79687],
							"size": [0.125, 0.125, 2.625],
							"uv": {
								"north": {"uv": [8.5, 35], "uv_size": [-0.5, 0.5]},
								"south": {"uv": [10.5, 35], "uv_size": [-0.5, 0.5]},
								"down": {"uv": [18.5, 10.5], "uv_size": [-0.5, -2.5]}
							}
						},
						{
							"origin": [-0.56821, 1.05625, -2.79687],
							"size": [0.25755, 0.20185, 2.625],
							"uv": {
								"north": {"uv": [12.5, 35], "uv_size": [-0.5, 0.5]},
								"east": {"uv": [20.5, 12], "uv_size": [-2.5, 0.5]},
								"south": {"uv": [14.5, 35], "uv_size": [-0.5, 0.5]},
								"down": {"uv": [12.5, 21.5], "uv_size": [-0.5, -2.5]}
							}
						},
						{
							"origin": [0.6224, 1.31774, -0.48437],
							"size": [0.125, 0.17677, 0.3125],
							"pivot": [-0.0026, 1.80885, -1.48437],
							"rotation": [0, 0, -45],
							"uv": {
								"north": {"uv": [35.5, 16], "uv_size": [-0.5, 0.5]},
								"south": {"uv": [35.5, 18], "uv_size": [-0.5, 0.5]},
								"west": {"uv": [18.5, 35], "uv_size": [-0.5, 0.5]}
							}
						},
						{
							"origin": [0.75, 1.49559, -0.48437],
							"size": [0.125, 0.49632, 0.3125],
							"uv": {
								"north": {"uv": [35.5, 24], "uv_size": [-0.5, 0.5]},
								"south": {"uv": [36.5, 8], "uv_size": [-0.5, 0.5]},
								"west": {"uv": [6.5, 36], "uv_size": [-0.5, 0.5]},
								"down": {"uv": [36.5, 10.5], "uv_size": [-0.5, -0.5]}
							}
						},
						{
							"origin": [0.375, -0.28125, -2.61874],
							"size": [0.4, 0.625, 1.35],
							"uv": {
								"north": {"uv": [36.5, 12], "uv_size": [-0.5, 0.5]},
								"east": {"uv": [16.5, 36], "uv_size": [-0.5, 0.5]},
								"south": {"uv": [0, 0], "uv_size": [0, 0]},
								"west": {"uv": [36.5, 14], "uv_size": [-0.5, 0.5]},
								"up": {"uv": [20.5, 36], "uv_size": [-0.5, 0.5]},
								"down": {"uv": [36.5, 20.5], "uv_size": [-0.5, -0.5]}
							}
						},
						{
							"origin": [0.275, 0.28125, -2.59687],
							"size": [0.2875, 0.9, 2.425],
							"uv": {
								"north": {"uv": [10.5, 23], "uv_size": [-0.5, 1]},
								"east": {"uv": [23.5, 16], "uv_size": [-0.5, 1]},
								"south": {"uv": [14.5, 23], "uv_size": [-0.5, 1]},
								"west": {"uv": [12.5, 23], "uv_size": [-0.5, 1]}
							}
						},
						{
							"origin": [0.275, -0.28125, -2.67187],
							"size": [0.475, 0.625, 2.5],
							"uv": {
								"north": {"uv": [0, 0], "uv_size": [0, 0]},
								"east": {"uv": [34.5, 36], "uv_size": [-0.5, 0.5]},
								"south": {"uv": [36.5, 32], "uv_size": [-0.5, 0.5]},
								"west": {"uv": [32.5, 36], "uv_size": [-0.5, 0.5]},
								"up": {"uv": [0, 0], "uv_size": [0, 0]},
								"down": {"uv": [36.5, 34.5], "uv_size": [-0.5, -0.5]}
							}
						},
						{
							"origin": [0.375, -0.28125, -1.84375],
							"size": [0.375, 0.4375, 1.29687],
							"uv": {
								"east": {"uv": [21.5, 6], "uv_size": [-1.5, 0.5]},
								"west": {"uv": [21.5, 4], "uv_size": [-1.5, 0.5]},
								"up": {"uv": [8.5, 20], "uv_size": [-0.5, 1.5]},
								"down": {"uv": [20.5, 9.5], "uv_size": [-0.5, -1.5]}
							}
						},
						{
							"origin": [-0.75, -0.28125, -2.61874],
							"size": [0.475, 0.625, 2.15],
							"uv": {
								"north": {"uv": [4.5, 37], "uv_size": [-0.5, 0.5]},
								"east": {"uv": [37.5, 6], "uv_size": [-0.5, 0.5]},
								"west": {"uv": [37.5, 4], "uv_size": [-0.5, 0.5]},
								"up": {"uv": [8.5, 37], "uv_size": [-0.5, 0.5]},
								"down": {"uv": [10.5, 37.5], "uv_size": [-0.5, -0.5]}
							}
						},
						{
							"origin": [-0.5625, 0.28125, -2.59687],
							"size": [0.2875, 0.85, 2.425],
							"uv": {
								"north": {"uv": [24.5, 10], "uv_size": [-0.5, 1]},
								"east": {"uv": [16.5, 24], "uv_size": [-0.5, 1]},
								"south": {"uv": [24.5, 14], "uv_size": [-0.5, 1]},
								"west": {"uv": [24.5, 12], "uv_size": [-0.5, 1]}
							}
						},
						{
							"origin": [-0.75, -0.28125, -0.54687],
							"size": [0.475, 0.625, 0.375],
							"uv": {
								"north": {"uv": [0, 0], "uv_size": [0, 0]},
								"east": {"uv": [38.5, 12], "uv_size": [-0.5, 0.5]},
								"south": {"uv": [38.5, 10], "uv_size": [-0.5, 0.5]},
								"west": {"uv": [38.5, 8], "uv_size": [-0.5, 0.5]},
								"up": {"uv": [0, 0], "uv_size": [0, 0]},
								"down": {"uv": [38.5, 14.5], "uv_size": [-0.5, -0.5]}
							}
						},
						{
							"origin": [-0.75, -0.28125, -1.84375],
							"size": [0.375, 0.4375, 1.29687],
							"uv": {
								"east": {"uv": [21.5, 18], "uv_size": [-1.5, 0.5]},
								"west": {"uv": [21.5, 16], "uv_size": [-1.5, 0.5]},
								"up": {"uv": [10.5, 20], "uv_size": [-0.5, 1.5]},
								"down": {"uv": [20.5, 21.5], "uv_size": [-0.5, -1.5]}
							}
						},
						{
							"origin": [-0.5625, 0.89375, -2.60937],
							"size": [1.125, 0.2875, 2.425],
							"uv": {
								"north": {"uv": [1, 25], "uv_size": [-1, 0.5]},
								"east": {"uv": [16, 19], "uv_size": [-2, 0.5]},
								"south": {"uv": [26, 0], "uv_size": [-1, 0.5]},
								"west": {"uv": [20, 14], "uv_size": [-2, 0.5]},
								"up": {"uv": [3, 4], "uv_size": [-1, 2]},
								"down": {"uv": [5, 5], "uv_size": [-1, -2]}
							}
						},
						{
							"origin": [0.7175, -0.15969, -1.49261],
							"size": [0.07313, 0.2925, 0.12116],
							"pivot": [0.75406, -0.01344, -1.43203],
							"rotation": [22.5, 0, 0],
							"uv": {
								"east": {"uv": [2, 25], "uv_size": [0.5, 1]},
								"west": {"uv": [25, 2], "uv_size": [0.5, 1]},
								"up": {"uv": [38, 36], "uv_size": [0.5, 0.5]},
								"down": {"uv": [38, 38.5], "uv_size": [0.5, -0.5]}
							}
						},
						{
							"origin": [0.7175, -0.07402, -1.57828],
							"size": [0.07313, 0.12116, 0.2925],
							"pivot": [0.75406, -0.01344, -1.43203],
							"rotation": [-22.5, 0, 0],
							"uv": {
								"north": {"uv": [0, 39], "uv_size": [0.5, 0.5]},
								"east": {"uv": [4, 25], "uv_size": [1, 0.5]},
								"south": {"uv": [39, 0], "uv_size": [0.5, 0.5]},
								"west": {"uv": [25, 4], "uv_size": [1, 0.5]}
							}
						},
						{
							"origin": [0.7175, -0.07402, -1.57828],
							"size": [0.07313, 0.12116, 0.2925],
							"pivot": [0.75406, -0.01344, -1.43203],
							"rotation": [22.5, 0, 0],
							"uv": {
								"north": {"uv": [2, 39], "uv_size": [0.5, 0.5]},
								"east": {"uv": [25, 6], "uv_size": [1, 0.5]},
								"south": {"uv": [39, 2], "uv_size": [0.5, 0.5]},
								"west": {"uv": [8, 25], "uv_size": [1, 0.5]}
							}
						},
						{
							"origin": [0.7175, -0.15969, -1.49261],
							"size": [0.07313, 0.2925, 0.12116],
							"pivot": [0.75406, -0.01344, -1.43203],
							"rotation": [-22.5, 0, 0],
							"uv": {
								"east": {"uv": [10, 25], "uv_size": [0.5, 1]},
								"west": {"uv": [12, 25], "uv_size": [0.5, 1]},
								"up": {"uv": [4, 39], "uv_size": [0.5, 0.5]},
								"down": {"uv": [39, 4.5], "uv_size": [0.5, -0.5]}
							}
						},
						{
							"origin": [0.7075, 1.49313, -0.98643],
							"size": [0.09113, 0.55688, 0.23067],
							"uv": {
								"east": {"uv": [20.5, 40], "uv_size": [-0.5, 0.5]},
								"west": {"uv": [16.5, 40], "uv_size": [-0.5, 0.5]},
								"up": {"uv": [40.5, 20], "uv_size": [-0.5, 0.5]},
								"down": {"uv": [22.5, 40.5], "uv_size": [-0.5, -0.5]}
							}
						},
						{
							"origin": [0.7075, 1.49312, -0.98643],
							"size": [0.09113, 0.55687, 0.23067],
							"pivot": [0.75306, 1.77156, -0.87109],
							"rotation": [45, 0, 0],
							"uv": {
								"east": {"uv": [24.5, 40], "uv_size": [-0.5, 0.5]},
								"west": {"uv": [40.5, 22], "uv_size": [-0.5, 0.5]},
								"up": {"uv": [26.5, 40], "uv_size": [-0.5, 0.5]},
								"down": {"uv": [40.5, 26.5], "uv_size": [-0.5, -0.5]}
							}
						},
						{
							"origin": [0.7075, 1.65623, -1.14953],
							"size": [0.09113, 0.23067, 0.55688],
							"uv": {
								"north": {"uv": [28.5, 40], "uv_size": [-0.5, 0.5]},
								"south": {"uv": [30.5, 40], "uv_size": [-0.5, 0.5]},
								"west": {"uv": [40.5, 28], "uv_size": [-0.5, 0.5]}
							}
						},
						{
							"origin": [0.7075, 1.65622, -1.14953],
							"size": [0.09113, 0.23067, 0.55687],
							"pivot": [0.75306, 1.77156, -0.87109],
							"rotation": [45, 0, 0],
							"uv": {
								"north": {"uv": [40.5, 30], "uv_size": [-0.5, 0.5]},
								"east": {"uv": [34.5, 40], "uv_size": [-0.5, 0.5]},
								"south": {"uv": [40.5, 32], "uv_size": [-0.5, 0.5]},
								"west": {"uv": [32.5, 40], "uv_size": [-0.5, 0.5]}
							}
						},
						{
							"origin": [0.75, 1.52148, -2.67187],
							"size": [0.1375, 0.56954, 1.375],
							"pivot": [0.96875, 1.80625, -1.98437],
							"rotation": [-22.5, 0, 0],
							"uv": {
								"north": {"uv": [40.5, 34], "uv_size": [-0.5, 0.5]},
								"east": {"uv": [15.5, 21], "uv_size": [-1.5, 0.5]},
								"south": {"uv": [36.5, 40], "uv_size": [-0.5, 0.5]},
								"west": {"uv": [4.5, 21], "uv_size": [-1.5, 0.5]}
							}
						},
						{
							"origin": [0.75, 1.52148, -2.67187],
							"size": [0.1375, 0.56954, 1.375],
							"pivot": [0.96875, 1.80625, -1.98437],
							"rotation": [22.5, 0, 0],
							"uv": {
								"north": {"uv": [40.5, 36], "uv_size": [-0.5, 0.5]},
								"south": {"uv": [38.5, 40], "uv_size": [-0.5, 0.5]},
								"west": {"uv": [22.5, 14], "uv_size": [-1.5, 0.5]}
							}
						},
						{
							"origin": [0.75, 1.11875, -2.26914],
							"size": [0.1375, 1.375, 0.56954],
							"pivot": [0.96875, 1.80625, -1.98437],
							"rotation": [-22.5, 0, 0],
							"uv": {
								"east": {"uv": [17.5, 21], "uv_size": [-0.5, 1.5]},
								"west": {"uv": [6.5, 21], "uv_size": [-0.5, 1.5]},
								"up": {"uv": [40.5, 38], "uv_size": [-0.5, 0.5]},
								"down": {"uv": [40.5, 40.5], "uv_size": [-0.5, -0.5]}
							}
						},
						{
							"origin": [0.75, 1.11875, -2.26914],
							"size": [0.1375, 1.375, 0.56954],
							"pivot": [0.96875, 1.80625, -1.98437],
							"rotation": [22.5, 0, 0],
							"uv": {
								"east": {"uv": [22.5, 8], "uv_size": [-0.5, 1.5]},
								"west": {"uv": [0.5, 22], "uv_size": [-0.5, 1.5]},
								"up": {"uv": [0.5, 41], "uv_size": [-0.5, 0.5]},
								"down": {"uv": [41.5, 0.5], "uv_size": [-0.5, -0.5]}
							}
						},
						{
							"origin": [-0.76922, 1.53711, -1.05383],
							"size": [0.00142, 0.44116, 0.84212],
							"uv": {
								"north": {"uv": [184.25, 24], "uv_size": [-0.25, 3.25]},
								"east": {"uv": [26, 47.5], "uv_size": [-26, 12]},
								"south": {"uv": [184.25, 24], "uv_size": [-0.25, 3.25]},
								"up": {"uv": [168.25, 104], "uv_size": [-0.25, 12.75]},
								"down": {"uv": [168.25, 116.75], "uv_size": [-0.25, -12.75]}
							}
						},
						{
							"origin": [0.6125, 1.67773, -2.92187],
							"size": [0.075, 0.25704, 2.8375],
							"pivot": [0, 1.80625, -1.57812],
							"rotation": [0, 0, 22.5],
							"uv": {
								"north": {"uv": [2.5, 41], "uv_size": [-0.5, 0.5]},
								"east": {"uv": [9.5, 0], "uv_size": [-3.5, 0.5]},
								"south": {"uv": [41.5, 2], "uv_size": [-0.5, 0.5]}
							}
						},
						{
							"origin": [-0.12852, 1.11875, -2.92187],
							"size": [0.25704, 0.075, 2.8375],
							"pivot": [0, 1.80625, -1.57812],
							"rotation": [0, 0, -22.5],
							"uv": {
								"north": {"uv": [4.5, 41], "uv_size": [-0.5, 0.5]},
								"south": {"uv": [41.5, 4], "uv_size": [-0.5, 0.5]},
								"up": {"uv": [6.5, 2], "uv_size": [-0.5, 3.5]}
							}
						},
						{
							"origin": [-0.6875, 1.67773, -2.92187],
							"size": [0.075, 0.25704, 2.8375],
							"pivot": [0, 1.80625, -1.57812],
							"rotation": [0, 0, 22.5],
							"uv": {
								"north": {"uv": [41.5, 6], "uv_size": [-0.5, 0.5]},
								"south": {"uv": [8.5, 41], "uv_size": [-0.5, 0.5]},
								"west": {"uv": [3.5, 7], "uv_size": [-3.5, 0.5]}
							}
						},
						{
							"origin": [-0.12852, 2.41875, -2.92187],
							"size": [0.25704, 0.075, 2.8875],
							"pivot": [0, 1.80625, -1.57812],
							"rotation": [0, 0, -22.5],
							"uv": {
								"north": {"uv": [10.5, 41], "uv_size": [-0.5, 0.5]},
								"south": {"uv": [12.5, 41], "uv_size": [-0.5, 0.5]},
								"down": {"uv": [5.5, 10.5], "uv_size": [-0.5, -3.5]}
							}
						},
						{
							"origin": [-0.12852, 1.11875, -2.92187],
							"size": [0.25704, 0.075, 2.8375],
							"pivot": [0, 1.80625, -1.57812],
							"rotation": [0, 0, 22.5],
							"uv": {
								"north": {"uv": [14.5, 41], "uv_size": [-0.5, 0.5]},
								"south": {"uv": [41.5, 16], "uv_size": [-0.5, 0.5]},
								"up": {"uv": [7.5, 7], "uv_size": [-0.5, 3.5]}
							}
						},
						{
							"origin": [-0.6875, 1.67773, -2.92187],
							"size": [0.075, 0.25704, 2.8375],
							"pivot": [0, 1.80625, -1.57812],
							"rotation": [0, 0, -22.5],
							"uv": {
								"north": {"uv": [18.5, 41], "uv_size": [-0.5, 0.5]},
								"south": {"uv": [41.5, 18], "uv_size": [-0.5, 0.5]},
								"west": {"uv": [11.5, 2], "uv_size": [-3.5, 0.5]}
							}
						},
						{
							"origin": [-0.12852, 2.41875, -2.92187],
							"size": [0.25704, 0.075, 2.8375],
							"pivot": [0, 1.80625, -1.57812],
							"rotation": [0, 0, 22.5],
							"uv": {
								"north": {"uv": [41.5, 24], "uv_size": [-0.5, 0.5]},
								"south": {"uv": [6.5, 42], "uv_size": [-0.5, 0.5]},
								"down": {"uv": [0.5, 12.5], "uv_size": [-0.5, -3.5]}
							}
						},
						{
							"origin": [0.6125, 1.67773, -2.92187],
							"size": [0.075, 0.25704, 2.8375],
							"pivot": [0, 1.80625, -1.57812],
							"rotation": [0, 0, -22.5],
							"uv": {
								"north": {"uv": [42.5, 8], "uv_size": [-0.5, 0.5]},
								"east": {"uv": [11.5, 4], "uv_size": [-3.5, 0.5]},
								"south": {"uv": [42.5, 10], "uv_size": [-0.5, 0.5]}
							}
						},
						{
							"origin": [-0.28477, 1.11875, -2.92187],
							"size": [0.56954, 0.075, 2.8375],
							"pivot": [0, 1.80625, -1.48437],
							"rotation": [0, 0, -45],
							"uv": {
								"north": {"uv": [42.5, 12], "uv_size": [-0.5, 0.5]},
								"south": {"uv": [42.5, 14], "uv_size": [-0.5, 0.5]},
								"up": {"uv": [2.5, 9], "uv_size": [-0.5, 3.5]},
								"down": {"uv": [9.5, 9.5], "uv_size": [-0.5, -3.5]}
							}
						},
						{
							"origin": [-0.28477, 1.11875, -2.92187],
							"size": [0.56954, 0.075, 2.8375],
							"uv": {
								"north": {"uv": [16.5, 42], "uv_size": [-0.5, 0.5]},
								"south": {"uv": [20.5, 42], "uv_size": [-0.5, 0.5]},
								"up": {"uv": [11.5, 6], "uv_size": [-0.5, 3.5]},
								"down": {"uv": [9.5, 14.5], "uv_size": [-0.5, -3.5]}
							}
						},
						{
							"origin": [-0.28477, 2.41875, -2.92187],
							"size": [0.56954, 0.075, 2.8375],
							"pivot": [0, 1.80625, -1.48437],
							"rotation": [0, 0, -45],
							"uv": {
								"north": {"uv": [42.5, 20], "uv_size": [-0.5, 0.5]},
								"south": {"uv": [22.5, 42], "uv_size": [-0.5, 0.5]},
								"up": {"uv": [11.5, 11], "uv_size": [-0.5, 3.5]},
								"down": {"uv": [4.5, 15.5], "uv_size": [-0.5, -3.5]}
							}
						},
						{
							"origin": [-0.28477, 2.41875, -2.92187],
							"size": [0.56954, 0.075, 2.8375],
							"uv": {
								"north": {"uv": [42.5, 22], "uv_size": [-0.5, 0.5]},
								"south": {"uv": [24.5, 42], "uv_size": [-0.5, 0.5]},
								"up": {"uv": [6.5, 12], "uv_size": [-0.5, 3.5]},
								"down": {"uv": [13.5, 3.5], "uv_size": [-0.5, -3.5]}
							}
						},
						{
							"origin": [-0.6875, 1.52148, -2.92187],
							"size": [0.075, 0.56954, 2.8375],
							"pivot": [0, 1.80625, -1.48437],
							"rotation": [0, 0, -45],
							"uv": {
								"north": {"uv": [26.5, 42], "uv_size": [-0.5, 0.5]},
								"east": {"uv": [16.5, 7], "uv_size": [-3.5, 0.5]},
								"south": {"uv": [42.5, 26], "uv_size": [-0.5, 0.5]},
								"west": {"uv": [16.5, 5], "uv_size": [-3.5, 0.5]}
							}
						},
						{
							"origin": [-0.6875, 1.52148, -2.92187],
							"size": [0.075, 0.56954, 2.8375],
							"uv": {
								"north": {"uv": [28.5, 42], "uv_size": [-0.5, 0.5]},
								"east": {"uv": [16.5, 11], "uv_size": [-3.5, 0.5]},
								"south": {"uv": [42.5, 28], "uv_size": [-0.5, 0.5]},
								"west": {"uv": [16.5, 9], "uv_size": [-3.5, 0.5]}
							}
						},
						{
							"origin": [0.6125, 1.52148, -2.92187],
							"size": [0.075, 0.56954, 2.8375],
							"pivot": [0, 1.80625, -1.48437],
							"rotation": [0, 0, -45],
							"uv": {
								"north": {"uv": [30.5, 42], "uv_size": [-0.5, 0.5]},
								"east": {"uv": [18.5, 0], "uv_size": [-3.5, 0.5]},
								"south": {"uv": [42.5, 30], "uv_size": [-0.5, 0.5]},
								"west": {"uv": [16.5, 13], "uv_size": [-3.5, 0.5]}
							}
						},
						{
							"origin": [0.6125, 1.52148, -2.92187],
							"size": [0.075, 0.56954, 2.8375],
							"uv": {
								"north": {"uv": [32.5, 42], "uv_size": [-0.5, 0.5]},
								"east": {"uv": [16.5, 15], "uv_size": [-3.5, 0.5]},
								"south": {"uv": [42.5, 32], "uv_size": [-0.5, 0.5]},
								"west": {"uv": [18.5, 2], "uv_size": [-3.5, 0.5]}
							}
						}
					]
				},
				{
					"name": "knobs",
					"parent": "scope_body",
					"pivot": [0, 15.7, 0.5]
				},
				{
					"name": "octagon3",
					"parent": "knobs",
					"pivot": [0, 15.7, 0.5]
				},
				{
					"name": "octagon",
					"parent": "knobs",
					"pivot": [0, 15.7, 0.5]
				},
				{
					"name": "screws",
					"parent": "scope_body",
					"pivot": [0, 15.65581, 1.75]
				},
				{
					"name": "division",
					"pivot": [0.05, 0.575, -54.5]
				},
				{
					"name": "division_illuminated",
					"parent": "division",
					"pivot": [0.05, 0.675, -54.5],
					"cubes": [
						{
							"origin": [-0.25, 1.50437, -79.5],
							"size": [0.5, 0.5, 0.3],
							"uv": {
								"south": {"uv": [44, 0], "uv_size": [20, 20]}
							}
						}
					]
				},
				{
					"name": "ocular",
					"pivot": [0, 3, 1.5875],
					"cubes": [
						{
							"origin": [-0.36076, 1.14927, -0.1065],
							"size": [0.73401, 1.27491, 0.02463],
							"uv": {
								"south": {"uv": [22, 11], "uv_size": [0.5, 1.5]}
							}
						},
						{
							"origin": [0.35799, 1.36802, -0.1065],
							"size": [0.26526, 0.80616, 0.02463],
							"uv": {
								"south": {"uv": [22, 11], "uv_size": [0.5, 1.5]}
							}
						},
						{
							"origin": [-0.62638, 1.36802, -0.1065],
							"size": [0.28088, 0.80616, 0.02463],
							"uv": {
								"south": {"uv": [22, 11], "uv_size": [0.5, 1.5]}
							}
						},
						{
							"origin": [0.35799, 1.28989, -0.1065],
							"size": [0.20276, 0.08741, 0.02463],
							"uv": {
								"south": {"uv": [22, 11], "uv_size": [0.5, 1.5]}
							}
						},
						{
							"origin": [-0.54826, 1.27427, -0.1065],
							"size": [0.18713, 0.10304, 0.02463],
							"uv": {
								"south": {"uv": [22, 11], "uv_size": [0.5, 1.5]}
							}
						},
						{
							"origin": [0.35799, 2.14927, -0.1065],
							"size": [0.17151, 0.14991, 0.02463],
							"uv": {
								"south": {"uv": [22, 11], "uv_size": [0.5, 1.5]}
							}
						},
						{
							"origin": [-0.51701, 2.14927, -0.1065],
							"size": [0.17151, 0.14991, 0.02463],
							"uv": {
								"south": {"uv": [22, 11], "uv_size": [0.5, 1.5]}
							}
						}
					]
				},
				{
					"name": "scope_view",
					"pivot": [0, 1.75, 10.5]
				}
			]
		}
	]
}