{
	"format_version": "1.12.0",
	"minecraft:geometry": [
		{
			"description": {
				"identifier": "geometry.unknown",
				"texture_width": 64,
				"texture_height": 64,
				"visible_bounds_width": 2,
				"visible_bounds_height": 1.5,
				"visible_bounds_offset": [0, 0.25, 0]
			},
			"bones": [
				{
					"name": "bone",
					"pivot": [0.375, -0.2, 0.85],
					"rotation": [0, -90, 0],
					"cubes": [
						{
							"origin": [-1.3638, 0.49552, 0.80032],
							"size": [1.7388, 0.2484, 0.32292],
							"pivot": [0.375, 0.49552, 0.12964],
							"rotation": [-45, 0, 0],
							"uv": {
								"north": {"uv": [25, 2], "uv_size": [7, 1]},
								"east": {"uv": [22, 25], "uv_size": [1, 1]},
								"south": {"uv": [25, 3], "uv_size": [7, 1]},
								"west": {"uv": [16, 27], "uv_size": [1, 1]},
								"up": {"uv": [21, 26], "uv_size": [7, 1]},
								"down": {"uv": [27, 5], "uv_size": [7, -1]}
							}
						},
						{
							"origin": [-1.3638, -0.67196, 1.91812],
							"size": [1.7388, 0.2484, 0.32292],
							"pivot": [0.375, -0.67196, 1.24744],
							"rotation": [45, 0, 0],
							"uv": {
								"north": {"uv": [27, 5], "uv_size": [7, 1]},
								"east": {"uv": [28, 26], "uv_size": [1, 1]},
								"south": {"uv": [27, 6], "uv_size": [7, 1]},
								"west": {"uv": [31, 20], "uv_size": [1, 1]},
								"up": {"uv": [27, 7], "uv_size": [7, 1]},
								"down": {"uv": [27, 9], "uv_size": [7, -1]}
							}
						},
						{
							"origin": [-1.3638, -0.2, 0.85],
							"size": [1.7388, 0.2484, 0.8694],
							"uv": {
								"north": {"uv": [27, 9], "uv_size": [7, 1]},
								"east": {"uv": [27, 12], "uv_size": [4, 1]},
								"south": {"uv": [27, 10], "uv_size": [7, 1]},
								"west": {"uv": [27, 13], "uv_size": [4, 1]},
								"up": {"uv": [18, 0], "uv_size": [7, 4]},
								"down": {"uv": [4, 22], "uv_size": [7, -4]}
							}
						},
						{
							"origin": [-0.96636, -0.54776, 0.94936],
							"size": [0.96876, 0.39744, 0.54648],
							"uv": {
								"north": {"uv": [23, 4], "uv_size": [4, 2]},
								"east": {"uv": [20, 16], "uv_size": [2, 2]},
								"south": {"uv": [23, 6], "uv_size": [4, 2]},
								"west": {"uv": [2, 27], "uv_size": [2, 2]},
								"up": {"uv": [23, 8], "uv_size": [4, 2]},
								"down": {"uv": [23, 12], "uv_size": [4, -2]}
							}
						},
						{
							"origin": [-0.69312, -0.97004, 0.94936],
							"size": [0.42228, 0.52164, 0.54648],
							"uv": {
								"north": {"uv": [27, 14], "uv_size": [2, 2]},
								"east": {"uv": [27, 16], "uv_size": [2, 2]},
								"south": {"uv": [27, 18], "uv_size": [2, 2]},
								"west": {"uv": [27, 20], "uv_size": [2, 2]},
								"up": {"uv": [21, 27], "uv_size": [2, 2]},
								"down": {"uv": [27, 24], "uv_size": [2, -2]}
							}
						},
						{
							"origin": [-0.89184, -0.84584, 0.94936],
							"size": [0.42228, 0.52164, 0.54648],
							"pivot": [-0.56892, -0.5726, 0.94936],
							"rotation": [0, 0, -32.5],
							"uv": {
								"north": {"uv": [23, 27], "uv_size": [2, 2]},
								"east": {"uv": [27, 24], "uv_size": [2, 2]},
								"south": {"uv": [25, 27], "uv_size": [2, 2]},
								"west": {"uv": [27, 27], "uv_size": [2, 2]},
								"up": {"uv": [11, 28], "uv_size": [2, 2]},
								"down": {"uv": [13, 30], "uv_size": [2, -2]}
							}
						},
						{
							"origin": [-0.51924, -0.97004, 0.94936],
							"size": [0.42228, 0.52164, 0.54648],
							"pivot": [-0.19632, -0.6968, 0.94936],
							"rotation": [0, 0, 30.5],
							"uv": {
								"north": {"uv": [15, 28], "uv_size": [2, 2]},
								"east": {"uv": [29, 0], "uv_size": [2, 2]},
								"south": {"uv": [2, 29], "uv_size": [2, 2]},
								"west": {"uv": [29, 14], "uv_size": [2, 2]},
								"up": {"uv": [29, 16], "uv_size": [2, 2]},
								"down": {"uv": [29, 20], "uv_size": [2, -2]}
							}
						},
						{
							"origin": [-0.69312, -0.92036, 0.65128],
							"size": [0.2484, 0.2484, 1.14264],
							"pivot": [-0.44472, -0.92036, 1.42132],
							"rotation": [0, 0, 45],
							"uv": {
								"north": {"uv": [31, 21], "uv_size": [1, 1]},
								"east": {"uv": [11, 27], "uv_size": [5, 1]},
								"south": {"uv": [22, 31], "uv_size": [1, 1]},
								"west": {"uv": [27, 11], "uv_size": [5, 1]},
								"up": {"uv": [0, 27], "uv_size": [1, 5]},
								"down": {"uv": [1, 32], "uv_size": [1, -5]}
							}
						},
						{
							"origin": [-0.66828, -0.59744, 0.67612],
							"size": [0.2484, 0.14904, 0.2484],
							"pivot": [-0.41988, -0.6968, 0.67612],
							"rotation": [0, 0, -27.5],
							"uv": {
								"north": {"uv": [31, 22], "uv_size": [1, 1]},
								"east": {"uv": [23, 31], "uv_size": [1, 1]},
								"south": {"uv": [31, 23], "uv_size": [1, 1]},
								"west": {"uv": [24, 31], "uv_size": [1, 1]},
								"up": {"uv": [31, 24], "uv_size": [1, 1]},
								"down": {"uv": [25, 32], "uv_size": [1, -1]}
							}
						},
						{
							"origin": [-0.54408, -0.62228, 0.67612],
							"size": [0.17388, 0.14904, 0.2484],
							"pivot": [-0.27084, -0.72164, 0.67612],
							"rotation": [0, 0, 0.08937],
							"uv": {
								"north": {"uv": [31, 25], "uv_size": [1, 1]},
								"east": {"uv": [26, 31], "uv_size": [1, 1]},
								"south": {"uv": [31, 26], "uv_size": [1, 1]},
								"west": {"uv": [27, 31], "uv_size": [1, 1]},
								"up": {"uv": [31, 27], "uv_size": [1, 1]},
								"down": {"uv": [28, 32], "uv_size": [1, -1]}
							}
						},
						{
							"origin": [-0.7428, -1.0694, 0.67612],
							"size": [0.59616, 0.47196, 0.2484],
							"pivot": [-0.34536, -0.97004, 0.67612],
							"rotation": [0, 0, 0.08937],
							"uv": {
								"north": {"uv": [29, 20], "uv_size": [2, 2]},
								"east": {"uv": [31, 0], "uv_size": [1, 2]},
								"south": {"uv": [21, 29], "uv_size": [2, 2]},
								"west": {"uv": [2, 31], "uv_size": [1, 2]},
								"up": {"uv": [18, 8], "uv_size": [2, 1]},
								"down": {"uv": [3, 32], "uv_size": [2, -1]}
							}
						},
						{
							"origin": [-0.7428, -1.51652, 0.77548],
							"size": [0.59616, 0.47196, 0.2484],
							"pivot": [-0.34536, -1.41716, 0.77548],
							"rotation": [14.99998, -0.02313, 0.08633],
							"uv": {
								"north": {"uv": [29, 22], "uv_size": [2, 2]},
								"east": {"uv": [5, 31], "uv_size": [1, 2]},
								"south": {"uv": [23, 29], "uv_size": [2, 2]},
								"west": {"uv": [6, 31], "uv_size": [1, 2]},
								"up": {"uv": [7, 31], "uv_size": [2, 1]},
								"down": {"uv": [9, 32], "uv_size": [2, -1]}
							}
						},
						{
							"origin": [-0.7428, -1.442, 1.39648],
							"size": [0.59616, 0.47196, 0.2484],
							"pivot": [-0.34536, -1.34264, 1.39648],
							"rotation": [-19.99998, 0.03057, 0.08398],
							"uv": {
								"north": {"uv": [29, 24], "uv_size": [2, 2]},
								"east": {"uv": [31, 12], "uv_size": [1, 2]},
								"south": {"uv": [25, 29], "uv_size": [2, 2]},
								"west": {"uv": [31, 14], "uv_size": [1, 2]},
								"up": {"uv": [31, 16], "uv_size": [2, 1]},
								"down": {"uv": [17, 32], "uv_size": [2, -1]}
							}
						},
						{
							"origin": [-1.04088, -1.51652, 0.7258],
							"size": [0.59616, 0.47196, 0.9936],
							"pivot": [-0.64344, -1.41716, 0.67612],
							"rotation": [0, 0, 37.58937],
							"uv": {
								"north": {"uv": [29, 26], "uv_size": [2, 2]},
								"east": {"uv": [23, 12], "uv_size": [4, 2]},
								"south": {"uv": [27, 29], "uv_size": [2, 2]},
								"west": {"uv": [23, 14], "uv_size": [4, 2]},
								"up": {"uv": [23, 16], "uv_size": [2, 4]},
								"down": {"uv": [23, 24], "uv_size": [2, -4]}
							}
						},
						{
							"origin": [-1.01604, -3.47888, 0.77548],
							"size": [1.14264, 2.21076, 0.91908],
							"uv": {
								"north": {"uv": [0, 0], "uv_size": [5, 9]},
								"east": {"uv": [0, 9], "uv_size": [4, 9]},
								"south": {"uv": [5, 0], "uv_size": [5, 9]},
								"west": {"uv": [4, 9], "uv_size": [4, 9]},
								"up": {"uv": [18, 4], "uv_size": [5, 4]},
								"down": {"uv": [17, 22], "uv_size": [5, -4]}
							}
						},
						{
							"origin": [-0.84216, -3.47888, 0.67612],
							"size": [0.79488, 2.21076, 1.09296],
							"uv": {
								"north": {"uv": [11, 18], "uv_size": [3, 9]},
								"east": {"uv": [8, 9], "uv_size": [4, 9]},
								"south": {"uv": [14, 18], "uv_size": [3, 9]},
								"west": {"uv": [10, 0], "uv_size": [4, 9]},
								"up": {"uv": [20, 8], "uv_size": [3, 4]},
								"down": {"uv": [20, 16], "uv_size": [3, -4]}
							}
						},
						{
							"origin": [-1.04088, -3.47888, 0.65128],
							"size": [0.19872, 2.21076, 1.09296],
							"pivot": [-0.81732, -1.64072, 0.65128],
							"rotation": [0, 30, 0],
							"uv": {
								"north": {"uv": [4, 22], "uv_size": [1, 9]},
								"east": {"uv": [12, 9], "uv_size": [4, 9]},
								"south": {"uv": [5, 22], "uv_size": [1, 9]},
								"west": {"uv": [14, 0], "uv_size": [4, 9]},
								"up": {"uv": [21, 22], "uv_size": [1, 4]},
								"down": {"uv": [29, 32], "uv_size": [1, -4]}
							}
						},
						{
							"origin": [-0.246, -3.47888, 0.65128],
							"size": [0.19872, 2.21076, 0.19872],
							"pivot": [-0.02244, -1.64072, 0.65128],
							"rotation": [0, 57.5, 0],
							"uv": {
								"north": {"uv": [6, 22], "uv_size": [1, 9]},
								"east": {"uv": [7, 22], "uv_size": [1, 9]},
								"south": {"uv": [8, 22], "uv_size": [1, 9]},
								"west": {"uv": [9, 22], "uv_size": [1, 9]},
								"up": {"uv": [0, 32], "uv_size": [1, 1]},
								"down": {"uv": [32, 1], "uv_size": [1, -1]}
							}
						},
						{
							"origin": [-1.16508, -3.47888, 1.49584],
							"size": [0.19872, 2.21076, 0.19872],
							"pivot": [-0.94152, -1.64072, 1.49584],
							"rotation": [0, 70, 0],
							"uv": {
								"north": {"uv": [10, 22], "uv_size": [1, 9]},
								"east": {"uv": [22, 16], "uv_size": [1, 9]},
								"south": {"uv": [17, 22], "uv_size": [1, 9]},
								"west": {"uv": [18, 22], "uv_size": [1, 9]},
								"up": {"uv": [1, 32], "uv_size": [1, 1]},
								"down": {"uv": [32, 2], "uv_size": [1, -1]}
							}
						},
						{
							"origin": [-0.64344, -3.47888, 0.7258],
							"size": [0.19872, 2.21076, 1.09296],
							"pivot": [-0.41988, -1.64072, 0.7258],
							"rotation": [0, 30, 0],
							"uv": {
								"north": {"uv": [19, 22], "uv_size": [1, 9]},
								"east": {"uv": [16, 9], "uv_size": [4, 9]},
								"south": {"uv": [20, 22], "uv_size": [1, 9]},
								"west": {"uv": [0, 18], "uv_size": [4, 9]},
								"up": {"uv": [11, 30], "uv_size": [1, 4]},
								"down": {"uv": [12, 34], "uv_size": [1, -4]}
							}
						},
						{
							"origin": [-0.66828, -1.51652, 0.7258],
							"size": [0.59616, 0.47196, 0.9936],
							"pivot": [-0.27084, -1.41716, 0.67612],
							"rotation": [0, 0, 37.58937],
							"uv": {
								"north": {"uv": [13, 30], "uv_size": [2, 2]},
								"east": {"uv": [23, 24], "uv_size": [4, 2]},
								"south": {"uv": [15, 30], "uv_size": [2, 2]},
								"west": {"uv": [25, 0], "uv_size": [4, 2]},
								"up": {"uv": [25, 16], "uv_size": [2, 4]},
								"down": {"uv": [25, 24], "uv_size": [2, -4]}
							}
						},
						{
							"origin": [-0.46956, -0.6968, 0.67612],
							"size": [0.2484, 0.14904, 0.2484],
							"pivot": [-0.22116, -0.79616, 0.67612],
							"rotation": [0, 0, 19.5],
							"uv": {
								"north": {"uv": [32, 2], "uv_size": [1, 1]},
								"east": {"uv": [3, 32], "uv_size": [1, 1]},
								"south": {"uv": [32, 3], "uv_size": [1, 1]},
								"west": {"uv": [4, 32], "uv_size": [1, 1]},
								"up": {"uv": [7, 32], "uv_size": [1, 1]},
								"down": {"uv": [8, 33], "uv_size": [1, -1]}
							}
						},
						{
							"origin": [-0.66828, -0.59744, 1.52068],
							"size": [0.2484, 0.14904, 0.2484],
							"pivot": [-0.41988, -0.6968, 1.52068],
							"rotation": [0, 0, -27.5],
							"uv": {
								"north": {"uv": [9, 32], "uv_size": [1, 1]},
								"east": {"uv": [10, 32], "uv_size": [1, 1]},
								"south": {"uv": [32, 11], "uv_size": [1, 1]},
								"west": {"uv": [32, 12], "uv_size": [1, 1]},
								"up": {"uv": [13, 32], "uv_size": [1, 1]},
								"down": {"uv": [32, 14], "uv_size": [1, -1]}
							}
						},
						{
							"origin": [-0.54408, -0.62228, 1.52068],
							"size": [0.17388, 0.14904, 0.2484],
							"pivot": [-0.27084, -0.72164, 1.52068],
							"rotation": [0, 0, 0.08937],
							"uv": {
								"north": {"uv": [14, 32], "uv_size": [1, 1]},
								"east": {"uv": [32, 14], "uv_size": [1, 1]},
								"south": {"uv": [15, 32], "uv_size": [1, 1]},
								"west": {"uv": [32, 15], "uv_size": [1, 1]},
								"up": {"uv": [16, 32], "uv_size": [1, 1]},
								"down": {"uv": [17, 33], "uv_size": [1, -1]}
							}
						},
						{
							"origin": [-0.46956, -0.6968, 1.52068],
							"size": [0.2484, 0.14904, 0.2484],
							"pivot": [-0.22116, -0.79616, 1.52068],
							"rotation": [0, 0, 19.5],
							"uv": {
								"north": {"uv": [32, 17], "uv_size": [1, 1]},
								"east": {"uv": [18, 32], "uv_size": [1, 1]},
								"south": {"uv": [32, 18], "uv_size": [1, 1]},
								"west": {"uv": [20, 32], "uv_size": [1, 1]},
								"up": {"uv": [32, 20], "uv_size": [1, 1]},
								"down": {"uv": [21, 33], "uv_size": [1, -1]}
							}
						},
						{
							"origin": [-0.7428, -1.0694, 1.52068],
							"size": [0.59616, 0.47196, 0.2484],
							"pivot": [-0.34536, -0.97004, 1.52068],
							"rotation": [0, 0, 0.08937],
							"uv": {
								"north": {"uv": [30, 28], "uv_size": [2, 2]},
								"east": {"uv": [31, 17], "uv_size": [1, 2]},
								"south": {"uv": [30, 30], "uv_size": [2, 2]},
								"west": {"uv": [19, 31], "uv_size": [1, 2]},
								"up": {"uv": [31, 19], "uv_size": [2, 1]},
								"down": {"uv": [20, 32], "uv_size": [2, -1]}
							}
						}
					]
				}
			]
		}
	]
}