{
	"format_version": "1.12.0",
	"minecraft:geometry": [
		{
			"description": {
				"identifier": "geometry.unknown",
				"texture_width": 32,
				"texture_height": 32,
				"visible_bounds_width": 2,
				"visible_bounds_height": 1.5,
				"visible_bounds_offset": [0, 0.25, 0]
			},
			"bones": [
				{
					"name": "Laser_sight",
					"pivot": [-0.21381, 0.025, 0.22448],
					"rotation": [180, 0, -90],
					"cubes": [
						{
							"origin": [-1.01648, -0.27816, -0.00882],
							"size": [1.57264, 0.44314, 1.63304],
							"uv": {
								"north": {"uv": [10, 3], "uv_size": [-5, -1]},
								"east": {"uv": [10, 2], "uv_size": [-5, -1]},
								"south": {"uv": [10, 1], "uv_size": [-5, -1]},
								"west": {"uv": [10, 4], "uv_size": [-5, -1]},
								"up": {"uv": [0, 10], "uv_size": [5, -5]},
								"down": {"uv": [0, 0], "uv_size": [5, 5]}
							}
						},
						{
							"origin": [-1.05366, -0.2083, -0.00882],
							"size": [0.2333, 0.37327, 1.63304],
							"uv": {
								"north": {"uv": [8, 21], "uv_size": [-1, -1]},
								"east": {"uv": [10, 5], "uv_size": [-5, -1]},
								"south": {"uv": [7, 21], "uv_size": [-1, -1]},
								"west": {"uv": [10, 6], "uv_size": [-5, -1]},
								"up": {"uv": [6, 11], "uv_size": [1, -5]},
								"down": {"uv": [5, 6], "uv_size": [1, 5]}
							}
						},
						{
							"origin": [-1.05366, -0.2083, -0.00882],
							"size": [0.06845, 0.2333, 1.63304],
							"pivot": [-1.05366, -0.2083, 1.62423],
							"rotation": [0, 0, 45],
							"uv": {
								"north": {"uv": [10, 21], "uv_size": [-1, -1]},
								"east": {"uv": [12, 7], "uv_size": [-5, -1]},
								"south": {"uv": [9, 21], "uv_size": [-1, -1]},
								"west": {"uv": [12, 8], "uv_size": [-5, -1]},
								"up": {"uv": [8, 13], "uv_size": [1, -5]},
								"down": {"uv": [7, 8], "uv_size": [1, 5]}
							}
						},
						{
							"origin": [-0.82037, -0.44158, 1.29739],
							"size": [0.27995, 0.60656, 0.6068],
							"uv": {
								"north": {"uv": [11, 18], "uv_size": [-1, -2]},
								"east": {"uv": [5, 12], "uv_size": [-2, -2]},
								"south": {"uv": [10, 18], "uv_size": [-1, -2]},
								"west": {"uv": [7, 13], "uv_size": [-2, -2]},
								"up": {"uv": [12, 18], "uv_size": [1, -2]},
								"down": {"uv": [11, 16], "uv_size": [1, 2]}
							}
						},
						{
							"origin": [-0.82037, 5.63778, 3.94485],
							"size": [0.27995, 0.60656, 0.6068],
							"pivot": [-0.30469, 6.52795, -4.39964],
							"rotation": [-45, 0, 0],
							"uv": {
								"north": {"uv": [17, 16], "uv_size": [-1, -2]},
								"east": {"uv": [5, 14], "uv_size": [-2, -2]},
								"south": {"uv": [17, 14], "uv_size": [-1, -2]},
								"west": {"uv": [11, 14], "uv_size": [-2, -2]},
								"up": {"uv": [16, 18], "uv_size": [1, -2]},
								"down": {"uv": [15, 16], "uv_size": [1, 2]}
							}
						},
						{
							"origin": [-0.36279, -0.37621, 1.10128],
							"size": [0.27995, 0.60656, 0.6068],
							"uv": {
								"north": {"uv": [18, 14], "uv_size": [-1, -2]},
								"east": {"uv": [13, 14], "uv_size": [-2, -2]},
								"south": {"uv": [18, 8], "uv_size": [-1, -2]},
								"west": {"uv": [7, 15], "uv_size": [-2, -2]},
								"up": {"uv": [17, 18], "uv_size": [1, -2]},
								"down": {"uv": [17, 14], "uv_size": [1, 2]}
							}
						},
						{
							"origin": [-0.36279, 5.70315, 3.74874],
							"size": [0.27995, 0.60656, 0.6068],
							"pivot": [0.1529, 6.59332, -4.59574],
							"rotation": [-45, 0, 0],
							"uv": {
								"north": {"uv": [5, 20], "uv_size": [-1, -2]},
								"east": {"uv": [9, 15], "uv_size": [-2, -2]},
								"south": {"uv": [4, 20], "uv_size": [-1, -2]},
								"west": {"uv": [15, 14], "uv_size": [-2, -2]},
								"up": {"uv": [18, 10], "uv_size": [1, -2]},
								"down": {"uv": [18, 6], "uv_size": [1, 2]}
							}
						},
						{
							"origin": [-0.68039, -0.44158, 1.62423],
							"size": [0.13997, 0.60656, 0.27995],
							"pivot": [-0.54042, -0.44158, 1.90419],
							"rotation": [0, -9, 0],
							"uv": {
								"north": {"uv": [19, 12], "uv_size": [-1, -2]},
								"east": {"uv": [11, 20], "uv_size": [-1, -2]},
								"south": {"uv": [10, 20], "uv_size": [-1, -2]},
								"west": {"uv": [12, 20], "uv_size": [-1, -2]},
								"up": {"uv": [10, 21], "uv_size": [1, -1]},
								"down": {"uv": [20, 9], "uv_size": [1, 1]}
							}
						},
						{
							"origin": [-1.05366, -0.2083, 1.62423],
							"size": [0.32993, 0.2333, 0.27995],
							"pivot": [-1.05366, -0.2083, 1.90419],
							"rotation": [0, 0, 45],
							"uv": {
								"north": {"uv": [21, 12], "uv_size": [-1, -1]},
								"east": {"uv": [12, 21], "uv_size": [-1, -1]},
								"south": {"uv": [21, 11], "uv_size": [-1, -1]},
								"west": {"uv": [13, 21], "uv_size": [-1, -1]},
								"up": {"uv": [13, 21], "uv_size": [1, -1]},
								"down": {"uv": [20, 12], "uv_size": [1, 1]}
							}
						},
						{
							"origin": [-1.05366, -0.2083, 1.62423],
							"size": [0.2333, 0.37327, 0.27995],
							"uv": {
								"north": {"uv": [16, 21], "uv_size": [-1, -1]},
								"east": {"uv": [21, 15], "uv_size": [-1, -1]},
								"south": {"uv": [15, 21], "uv_size": [-1, -1]},
								"west": {"uv": [21, 16], "uv_size": [-1, -1]},
								"up": {"uv": [20, 17], "uv_size": [1, -1]},
								"down": {"uv": [16, 20], "uv_size": [1, 1]}
							}
						},
						{
							"origin": [0.52492, -0.2083, -0.00882],
							"size": [0.10114, 0.2333, 1.63304],
							"pivot": [0.62604, -0.2083, 1.62423],
							"rotation": [0, 0, -45],
							"uv": {
								"north": {"uv": [20, 21], "uv_size": [-1, -1]},
								"east": {"uv": [14, 9], "uv_size": [-5, -1]},
								"south": {"uv": [21, 18], "uv_size": [-1, -1]},
								"west": {"uv": [14, 10], "uv_size": [-5, -1]},
								"up": {"uv": [10, 5], "uv_size": [1, -5]},
								"down": {"uv": [0, 10], "uv_size": [1, 5]}
							}
						},
						{
							"origin": [0.39275, -0.2083, -0.00882],
							"size": [0.2333, 0.37327, 1.63304],
							"uv": {
								"north": {"uv": [1, 22], "uv_size": [-1, -1]},
								"east": {"uv": [15, 6], "uv_size": [-5, -1]},
								"south": {"uv": [21, 21], "uv_size": [-1, -1]},
								"west": {"uv": [14, 11], "uv_size": [-5, -1]},
								"up": {"uv": [2, 15], "uv_size": [1, -5]},
								"down": {"uv": [1, 10], "uv_size": [1, 5]}
							}
						},
						{
							"origin": [0.35636, -0.20371, -0.35876],
							"size": [0.21929, 0.35087, 0.34994],
							"uv": {
								"north": {"uv": [22, 2], "uv_size": [-1, -1]},
								"east": {"uv": [2, 22], "uv_size": [-1, -1]},
								"south": {"uv": [22, 1], "uv_size": [-1, -1]},
								"west": {"uv": [3, 22], "uv_size": [-1, -1]},
								"up": {"uv": [3, 22], "uv_size": [1, -1]},
								"down": {"uv": [21, 2], "uv_size": [1, 1]}
							}
						},
						{
							"origin": [0.49432, -0.20371, -0.35876],
							"size": [0.08133, 0.21929, 0.34994],
							"pivot": [0.57565, -0.20371, -0.00882],
							"rotation": [0, 0, -45],
							"uv": {
								"north": {"uv": [22, 6], "uv_size": [-1, -1]},
								"east": {"uv": [5, 22], "uv_size": [-1, -1]},
								"south": {"uv": [22, 4], "uv_size": [-1, -1]},
								"west": {"uv": [7, 22], "uv_size": [-1, -1]},
								"up": {"uv": [7, 22], "uv_size": [1, -1]},
								"down": {"uv": [21, 6], "uv_size": [1, 1]}
							}
						},
						{
							"origin": [-0.98008, -0.25958, -0.35876],
							"size": [1.49986, 0.40674, 0.34994],
							"uv": {
								"north": {"uv": [16, 2], "uv_size": [-5, -1]},
								"east": {"uv": [22, 8], "uv_size": [-1, -1]},
								"south": {"uv": [16, 1], "uv_size": [-5, -1]},
								"west": {"uv": [9, 22], "uv_size": [-1, -1]},
								"up": {"uv": [11, 4], "uv_size": [5, -1]},
								"down": {"uv": [11, 2], "uv_size": [5, 1]}
							}
						},
						{
							"origin": [-1.00327, -0.20371, -0.35876],
							"size": [0.04865, 0.21929, 0.34994],
							"pivot": [-1.00327, -0.20371, -0.00882],
							"rotation": [0, 0, 45],
							"uv": {
								"north": {"uv": [22, 10], "uv_size": [-1, -1]},
								"east": {"uv": [10, 22], "uv_size": [-1, -1]},
								"south": {"uv": [22, 9], "uv_size": [-1, -1]},
								"west": {"uv": [11, 22], "uv_size": [-1, -1]},
								"up": {"uv": [11, 22], "uv_size": [1, -1]},
								"down": {"uv": [21, 10], "uv_size": [1, 1]}
							}
						},
						{
							"origin": [-1.00327, -0.20371, -0.35876],
							"size": [0.21929, 0.35087, 0.34994],
							"uv": {
								"north": {"uv": [22, 13], "uv_size": [-1, -1]},
								"east": {"uv": [13, 22], "uv_size": [-1, -1]},
								"south": {"uv": [22, 12], "uv_size": [-1, -1]},
								"west": {"uv": [14, 22], "uv_size": [-1, -1]},
								"up": {"uv": [14, 22], "uv_size": [1, -1]},
								"down": {"uv": [21, 13], "uv_size": [1, 1]}
							}
						},
						{
							"origin": [0.39108, -0.20808, -0.54538],
							"size": [0.23265, 0.37224, 0.27995],
							"uv": {
								"north": {"uv": [22, 16], "uv_size": [-1, -1]},
								"east": {"uv": [16, 22], "uv_size": [-1, -1]},
								"south": {"uv": [22, 15], "uv_size": [-1, -1]},
								"west": {"uv": [17, 22], "uv_size": [-1, -1]},
								"up": {"uv": [17, 22], "uv_size": [1, -1]},
								"down": {"uv": [21, 16], "uv_size": [1, 1]}
							}
						},
						{
							"origin": [0.53294, -0.19865, -0.53595],
							"size": [0.08136, 0.21379, 0.26109],
							"inflate": 0.01,
							"pivot": [0.62373, -0.20808, -0.19544],
							"rotation": [0, 0, -45],
							"uv": {
								"north": {"uv": [22, 19], "uv_size": [-1, -1]},
								"east": {"uv": [19, 22], "uv_size": [-1, -1]},
								"south": {"uv": [22, 18], "uv_size": [-1, -1]},
								"west": {"uv": [20, 22], "uv_size": [-1, -1]},
								"up": {"uv": [20, 22], "uv_size": [1, -1]},
								"down": {"uv": [21, 19], "uv_size": [1, 1]}
							}
						},
						{
							"origin": [-1.01481, -0.2773, -0.54538],
							"size": [1.56931, 0.44147, 0.27995],
							"uv": {
								"north": {"uv": [14, 12], "uv_size": [-5, -1]},
								"east": {"uv": [22, 21], "uv_size": [-1, -1]},
								"south": {"uv": [16, 5], "uv_size": [-5, -1]},
								"west": {"uv": [22, 22], "uv_size": [-1, -1]},
								"up": {"uv": [12, 8], "uv_size": [5, -1]},
								"down": {"uv": [12, 6], "uv_size": [5, 1]}
							}
						},
						{
							"origin": [-1.04192, -0.19865, -0.53595],
							"size": [0.04867, 0.21379, 0.26109],
							"inflate": 0.01,
							"pivot": [-1.05135, -0.20808, -0.19544],
							"rotation": [0, 0, 45],
							"uv": {
								"north": {"uv": [2, 23], "uv_size": [-1, -1]},
								"east": {"uv": [23, 1], "uv_size": [-1, -1]},
								"south": {"uv": [1, 23], "uv_size": [-1, -1]},
								"west": {"uv": [23, 2], "uv_size": [-1, -1]},
								"up": {"uv": [22, 3], "uv_size": [1, -1]},
								"down": {"uv": [2, 22], "uv_size": [1, 1]}
							}
						},
						{
							"origin": [-1.05135, -0.20808, -0.54538],
							"size": [0.23265, 0.37224, 0.27995],
							"uv": {
								"north": {"uv": [5, 23], "uv_size": [-1, -1]},
								"east": {"uv": [23, 4], "uv_size": [-1, -1]},
								"south": {"uv": [4, 23], "uv_size": [-1, -1]},
								"west": {"uv": [23, 5], "uv_size": [-1, -1]},
								"up": {"uv": [22, 6], "uv_size": [1, -1]},
								"down": {"uv": [5, 22], "uv_size": [1, 1]}
							}
						},
						{
							"origin": [-0.74325, 0.19315, -0.00882],
							"size": [0.20798, 0.14707, 1.32977],
							"pivot": [-0.74325, 0.19315, 1.62423],
							"rotation": [0, 0, 45],
							"uv": {
								"north": {"uv": [23, 7], "uv_size": [-1, -1]},
								"east": {"uv": [18, 9], "uv_size": [-4, -1]},
								"south": {"uv": [7, 23], "uv_size": [-1, -1]},
								"west": {"uv": [13, 15], "uv_size": [-4, -1]},
								"up": {"uv": [4, 18], "uv_size": [1, -4]},
								"down": {"uv": [3, 14], "uv_size": [1, 4]}
							}
						},
						{
							"origin": [-0.74325, 0.19315, -0.00882],
							"size": [0.14707, 0.16532, 1.32977],
							"uv": {
								"north": {"uv": [23, 8], "uv_size": [-1, -1]},
								"east": {"uv": [18, 10], "uv_size": [-4, -1]},
								"south": {"uv": [8, 23], "uv_size": [-1, -1]},
								"west": {"uv": [18, 11], "uv_size": [-4, -1]},
								"up": {"uv": [14, 18], "uv_size": [1, -4]},
								"down": {"uv": [13, 14], "uv_size": [1, 4]}
							}
						},
						{
							"origin": [0.10765, 0.19315, -0.00882],
							"size": [0.20798, 0.14707, 1.32977],
							"pivot": [0.31563, 0.19315, 1.62423],
							"rotation": [0, 0, -45],
							"uv": {
								"north": {"uv": [23, 9], "uv_size": [-1, -1]},
								"east": {"uv": [18, 12], "uv_size": [-4, -1]},
								"south": {"uv": [9, 23], "uv_size": [-1, -1]},
								"west": {"uv": [9, 16], "uv_size": [-4, -1]},
								"up": {"uv": [1, 19], "uv_size": [1, -4]},
								"down": {"uv": [0, 15], "uv_size": [1, 4]}
							}
						},
						{
							"origin": [-0.74325, 0.23473, -0.00882],
							"size": [0.13799, 0.12374, 1.32977],
							"pivot": [-0.74325, 0.35847, 1.62423],
							"rotation": [0, 0, -45],
							"uv": {
								"north": {"uv": [23, 10], "uv_size": [-1, -1]},
								"east": {"uv": [19, 6], "uv_size": [-4, -1]},
								"south": {"uv": [10, 23], "uv_size": [-1, -1]},
								"west": {"uv": [13, 16], "uv_size": [-4, -1]},
								"up": {"uv": [15, 16], "uv_size": [1, -4]},
								"down": {"uv": [2, 15], "uv_size": [1, 4]}
							}
						},
						{
							"origin": [0.17763, 0.23473, -0.00882],
							"size": [0.13799, 0.12374, 1.32977],
							"pivot": [0.31563, 0.35847, 1.62423],
							"rotation": [0, 0, 45],
							"uv": {
								"north": {"uv": [23, 11], "uv_size": [-1, -1]},
								"east": {"uv": [20, 1], "uv_size": [-4, -1]},
								"south": {"uv": [11, 23], "uv_size": [-1, -1]},
								"west": {"uv": [20, 2], "uv_size": [-4, -1]},
								"up": {"uv": [6, 20], "uv_size": [1, -4]},
								"down": {"uv": [5, 16], "uv_size": [1, 4]}
							}
						},
						{
							"origin": [0.16856, 0.19315, -0.00882],
							"size": [0.14707, 0.16532, 1.32977],
							"uv": {
								"north": {"uv": [23, 12], "uv_size": [-1, -1]},
								"east": {"uv": [20, 3], "uv_size": [-4, -1]},
								"south": {"uv": [12, 23], "uv_size": [-1, -1]},
								"west": {"uv": [20, 4], "uv_size": [-4, -1]},
								"up": {"uv": [8, 20], "uv_size": [1, -4]},
								"down": {"uv": [7, 16], "uv_size": [1, 4]}
							}
						},
						{
							"origin": [-0.77536, -0.09164, 1.74087],
							"size": [0.09663, 0.2333, 0.27995],
							"pivot": [-0.72705, 0.025, 1.85752],
							"rotation": [0, 0, -22.5],
							"uv": {
								"north": {"uv": [14, 23], "uv_size": [-1, -1]},
								"east": {"uv": [23, 13], "uv_size": [-1, -1]},
								"south": {"uv": [13, 23], "uv_size": [-1, -1]},
								"west": {"uv": [23, 14], "uv_size": [-1, -1]},
								"up": {"uv": [22, 15], "uv_size": [1, -1]},
								"down": {"uv": [14, 22], "uv_size": [1, 1]}
							}
						},
						{
							"origin": [-0.77536, -0.09164, 1.74087],
							"size": [0.09663, 0.2333, 0.27995],
							"pivot": [-0.72705, 0.025, 1.85752],
							"rotation": [0, 0, 22.5],
							"uv": {
								"north": {"uv": [17, 23], "uv_size": [-1, -1]},
								"east": {"uv": [23, 16], "uv_size": [-1, -1]},
								"south": {"uv": [16, 23], "uv_size": [-1, -1]},
								"west": {"uv": [23, 17], "uv_size": [-1, -1]},
								"up": {"uv": [22, 18], "uv_size": [1, -1]},
								"down": {"uv": [17, 22], "uv_size": [1, 1]}
							}
						},
						{
							"origin": [-0.8437, -0.02332, 1.74087],
							"size": [0.2333, 0.09663, 0.27995],
							"pivot": [-0.72705, 0.025, 1.85752],
							"rotation": [0, 0, -22.5],
							"uv": {
								"north": {"uv": [20, 23], "uv_size": [-1, -1]},
								"east": {"uv": [23, 19], "uv_size": [-1, -1]},
								"south": {"uv": [19, 23], "uv_size": [-1, -1]},
								"west": {"uv": [23, 20], "uv_size": [-1, -1]},
								"up": {"uv": [22, 21], "uv_size": [1, -1]},
								"down": {"uv": [20, 22], "uv_size": [1, 1]}
							}
						},
						{
							"origin": [-0.8437, -0.02332, 1.74087],
							"size": [0.2333, 0.09663, 0.27995],
							"pivot": [-0.72705, 0.025, 1.85752],
							"rotation": [0, 0, 22.5],
							"uv": {
								"north": {"uv": [23, 23], "uv_size": [-1, -1]},
								"east": {"uv": [23, 22], "uv_size": [-1, -1]},
								"south": {"uv": [22, 23], "uv_size": [-1, -1]},
								"west": {"uv": [1, 24], "uv_size": [-1, -1]},
								"up": {"uv": [1, 24], "uv_size": [1, -1]},
								"down": {"uv": [23, 0], "uv_size": [1, 1]}
							}
						},
						{
							"origin": [-0.35343, -0.08869, 1.44671],
							"size": [0.2333, 0.09663, 0.27995],
							"pivot": [-0.23677, -0.04037, 1.56335],
							"rotation": [0, 0, -22.5],
							"uv": {
								"north": {"uv": [24, 3], "uv_size": [-1, -1]},
								"east": {"uv": [3, 24], "uv_size": [-1, -1]},
								"south": {"uv": [24, 2], "uv_size": [-1, -1]},
								"west": {"uv": [4, 24], "uv_size": [-1, -1]},
								"up": {"uv": [4, 24], "uv_size": [1, -1]},
								"down": {"uv": [23, 3], "uv_size": [1, 1]}
							}
						},
						{
							"origin": [-0.35343, -0.08869, 1.44671],
							"size": [0.2333, 0.09663, 0.27995],
							"pivot": [-0.23677, -0.04037, 1.56335],
							"rotation": [0, 0, 22.5],
							"uv": {
								"north": {"uv": [24, 6], "uv_size": [-1, -1]},
								"east": {"uv": [6, 24], "uv_size": [-1, -1]},
								"south": {"uv": [24, 5], "uv_size": [-1, -1]},
								"west": {"uv": [7, 24], "uv_size": [-1, -1]},
								"up": {"uv": [7, 24], "uv_size": [1, -1]},
								"down": {"uv": [23, 6], "uv_size": [1, 1]}
							}
						},
						{
							"origin": [-0.28509, -0.15701, 1.44671],
							"size": [0.09663, 0.2333, 0.27995],
							"pivot": [-0.23677, -0.04037, 1.56335],
							"rotation": [0, 0, -22.5],
							"uv": {
								"north": {"uv": [24, 9], "uv_size": [-1, -1]},
								"east": {"uv": [9, 24], "uv_size": [-1, -1]},
								"south": {"uv": [24, 8], "uv_size": [-1, -1]},
								"west": {"uv": [10, 24], "uv_size": [-1, -1]},
								"up": {"uv": [10, 24], "uv_size": [1, -1]},
								"down": {"uv": [23, 9], "uv_size": [1, 1]}
							}
						},
						{
							"origin": [-0.28509, -0.15701, 1.44671],
							"size": [0.09663, 0.2333, 0.27995],
							"pivot": [-0.23677, -0.04037, 1.56335],
							"rotation": [0, 0, 22.5],
							"uv": {
								"north": {"uv": [24, 12], "uv_size": [-1, -1]},
								"east": {"uv": [12, 24], "uv_size": [-1, -1]},
								"south": {"uv": [24, 11], "uv_size": [-1, -1]},
								"west": {"uv": [13, 24], "uv_size": [-1, -1]},
								"up": {"uv": [13, 24], "uv_size": [1, -1]},
								"down": {"uv": [23, 12], "uv_size": [1, 1]}
							}
						},
						{
							"origin": [-0.77536, -0.09164, -0.54706],
							"size": [0.09663, 0.2333, 0.27995],
							"pivot": [-0.72705, 0.025, -0.43042],
							"rotation": [0, 0, -22.5],
							"uv": {
								"north": {"uv": [24, 15], "uv_size": [-1, -1]},
								"east": {"uv": [15, 24], "uv_size": [-1, -1]},
								"south": {"uv": [24, 14], "uv_size": [-1, -1]},
								"west": {"uv": [16, 24], "uv_size": [-1, -1]},
								"up": {"uv": [16, 24], "uv_size": [1, -1]},
								"down": {"uv": [23, 15], "uv_size": [1, 1]}
							}
						},
						{
							"origin": [-0.8437, -0.02332, -0.54706],
							"size": [0.2333, 0.09663, 0.27995],
							"pivot": [-0.72705, 0.025, -0.43042],
							"rotation": [0, 0, -22.5],
							"uv": {
								"north": {"uv": [24, 18], "uv_size": [-1, -1]},
								"east": {"uv": [18, 24], "uv_size": [-1, -1]},
								"south": {"uv": [24, 17], "uv_size": [-1, -1]},
								"west": {"uv": [19, 24], "uv_size": [-1, -1]},
								"up": {"uv": [19, 24], "uv_size": [1, -1]},
								"down": {"uv": [23, 18], "uv_size": [1, 1]}
							}
						},
						{
							"origin": [-0.8437, -0.02332, -0.54706],
							"size": [0.2333, 0.09663, 0.27995],
							"pivot": [-0.72705, 0.025, -0.43042],
							"rotation": [0, 0, 22.5],
							"uv": {
								"north": {"uv": [24, 21], "uv_size": [-1, -1]},
								"east": {"uv": [21, 24], "uv_size": [-1, -1]},
								"south": {"uv": [24, 20], "uv_size": [-1, -1]},
								"west": {"uv": [22, 24], "uv_size": [-1, -1]},
								"up": {"uv": [22, 24], "uv_size": [1, -1]},
								"down": {"uv": [23, 21], "uv_size": [1, 1]}
							}
						},
						{
							"origin": [-0.77536, -0.09164, -0.54706],
							"size": [0.09663, 0.2333, 0.27995],
							"pivot": [-0.72705, 0.025, -0.43042],
							"rotation": [0, 0, 22.5],
							"uv": {
								"north": {"uv": [1, 25], "uv_size": [-1, -1]},
								"east": {"uv": [24, 24], "uv_size": [-1, -1]},
								"south": {"uv": [24, 23], "uv_size": [-1, -1]},
								"west": {"uv": [25, 1], "uv_size": [-1, -1]},
								"up": {"uv": [24, 2], "uv_size": [1, -1]},
								"down": {"uv": [1, 24], "uv_size": [1, 1]}
							}
						},
						{
							"origin": [-0.44851, -0.09164, -0.54706],
							"size": [0.09663, 0.2333, 0.27995],
							"pivot": [-0.4002, 0.025, -0.43042],
							"rotation": [0, 0, -22.5],
							"uv": {
								"north": {"uv": [4, 25], "uv_size": [-1, -1]},
								"east": {"uv": [25, 3], "uv_size": [-1, -1]},
								"south": {"uv": [3, 25], "uv_size": [-1, -1]},
								"west": {"uv": [25, 4], "uv_size": [-1, -1]},
								"up": {"uv": [24, 5], "uv_size": [1, -1]},
								"down": {"uv": [4, 24], "uv_size": [1, 1]}
							}
						},
						{
							"origin": [-0.51686, -0.02332, -0.54706],
							"size": [0.2333, 0.09663, 0.27995],
							"pivot": [-0.4002, 0.025, -0.43042],
							"rotation": [0, 0, -22.5],
							"uv": {
								"north": {"uv": [7, 25], "uv_size": [-1, -1]},
								"east": {"uv": [25, 6], "uv_size": [-1, -1]},
								"south": {"uv": [6, 25], "uv_size": [-1, -1]},
								"west": {"uv": [25, 7], "uv_size": [-1, -1]},
								"up": {"uv": [24, 8], "uv_size": [1, -1]},
								"down": {"uv": [7, 24], "uv_size": [1, 1]}
							}
						},
						{
							"origin": [-0.51686, -0.02332, -0.54706],
							"size": [0.2333, 0.09663, 0.27995],
							"pivot": [-0.4002, 0.025, -0.43042],
							"rotation": [0, 0, 22.5],
							"uv": {
								"north": {"uv": [10, 25], "uv_size": [-1, -1]},
								"east": {"uv": [25, 9], "uv_size": [-1, -1]},
								"south": {"uv": [9, 25], "uv_size": [-1, -1]},
								"west": {"uv": [25, 10], "uv_size": [-1, -1]},
								"up": {"uv": [24, 11], "uv_size": [1, -1]},
								"down": {"uv": [10, 24], "uv_size": [1, 1]}
							}
						},
						{
							"origin": [-0.44851, -0.09164, -0.54706],
							"size": [0.09663, 0.2333, 0.27995],
							"pivot": [-0.4002, 0.025, -0.43042],
							"rotation": [0, 0, 22.5],
							"uv": {
								"north": {"uv": [13, 25], "uv_size": [-1, -1]},
								"east": {"uv": [25, 12], "uv_size": [-1, -1]},
								"south": {"uv": [12, 25], "uv_size": [-1, -1]},
								"west": {"uv": [25, 13], "uv_size": [-1, -1]},
								"up": {"uv": [24, 14], "uv_size": [1, -1]},
								"down": {"uv": [13, 24], "uv_size": [1, 1]}
							}
						},
						{
							"origin": [-0.7976, -0.42525, 1.74087],
							"size": [0.14108, 0.3406, 0.27995],
							"pivot": [-0.72705, -0.25495, 1.85752],
							"rotation": [0, 0, -22.5],
							"uv": {
								"north": {"uv": [16, 25], "uv_size": [-1, -1]},
								"east": {"uv": [25, 15], "uv_size": [-1, -1]},
								"south": {"uv": [15, 25], "uv_size": [-1, -1]},
								"west": {"uv": [25, 16], "uv_size": [-1, -1]},
								"up": {"uv": [24, 17], "uv_size": [1, -1]},
								"down": {"uv": [16, 24], "uv_size": [1, 1]}
							}
						},
						{
							"origin": [-0.7976, -0.42525, 1.74087],
							"size": [0.14108, 0.3406, 0.27995],
							"pivot": [-0.72705, -0.25495, 1.85752],
							"rotation": [0, 0, 22.5],
							"uv": {
								"north": {"uv": [19, 25], "uv_size": [-1, -1]},
								"east": {"uv": [25, 18], "uv_size": [-1, -1]},
								"south": {"uv": [18, 25], "uv_size": [-1, -1]},
								"west": {"uv": [25, 19], "uv_size": [-1, -1]},
								"up": {"uv": [24, 20], "uv_size": [1, -1]},
								"down": {"uv": [19, 24], "uv_size": [1, 1]}
							}
						},
						{
							"origin": [-0.89736, -0.32549, 1.74087],
							"size": [0.3406, 0.14108, 0.27995],
							"pivot": [-0.72705, -0.25495, 1.85752],
							"rotation": [0, 0, -22.5],
							"uv": {
								"north": {"uv": [22, 25], "uv_size": [-1, -1]},
								"east": {"uv": [25, 21], "uv_size": [-1, -1]},
								"south": {"uv": [21, 25], "uv_size": [-1, -1]},
								"west": {"uv": [25, 22], "uv_size": [-1, -1]},
								"up": {"uv": [24, 23], "uv_size": [1, -1]},
								"down": {"uv": [22, 24], "uv_size": [1, 1]}
							}
						},
						{
							"origin": [-0.89736, -0.32549, 1.74087],
							"size": [0.3406, 0.14108, 0.27995],
							"pivot": [-0.72705, -0.25495, 1.85752],
							"rotation": [0, 0, 22.5],
							"uv": {
								"north": {"uv": [25, 25], "uv_size": [-1, -1]},
								"east": {"uv": [25, 24], "uv_size": [-1, -1]},
								"south": {"uv": [24, 25], "uv_size": [-1, -1]},
								"west": {"uv": [1, 26], "uv_size": [-1, -1]},
								"up": {"uv": [1, 26], "uv_size": [1, -1]},
								"down": {"uv": [25, 0], "uv_size": [1, 1]}
							}
						},
						{
							"origin": [0.05993, -0.37275, 0.65786],
							"size": [0.1716, 0.44095, 0.26109],
							"inflate": 0.01,
							"pivot": [0.14572, -0.15228, 0.76507],
							"rotation": [-90, -22.5, 0],
							"uv": {
								"north": {"uv": [26, 3], "uv_size": [-1, -1]},
								"east": {"uv": [3, 26], "uv_size": [-1, -1]},
								"south": {"uv": [26, 2], "uv_size": [-1, -1]},
								"west": {"uv": [4, 26], "uv_size": [-1, -1]},
								"up": {"uv": [4, 26], "uv_size": [1, -1]},
								"down": {"uv": [25, 3], "uv_size": [1, 1]}
							}
						},
						{
							"origin": [-0.06532, -0.22865, 0.6673],
							"size": [0.42209, 0.15273, 0.24221],
							"inflate": 0.02,
							"pivot": [0.14572, -0.15228, 0.76507],
							"rotation": [-90, -22.5, 0],
							"uv": {
								"north": {"uv": [26, 6], "uv_size": [-1, -1]},
								"east": {"uv": [6, 26], "uv_size": [-1, -1]},
								"south": {"uv": [26, 5], "uv_size": [-1, -1]},
								"west": {"uv": [7, 26], "uv_size": [-1, -1]},
								"up": {"uv": [7, 26], "uv_size": [1, -1]},
								"down": {"uv": [25, 6], "uv_size": [1, 1]}
							}
						},
						{
							"origin": [-0.08419, -0.24751, 0.64842],
							"size": [0.45981, 0.19047, 0.27995],
							"pivot": [0.14572, -0.15228, 0.76507],
							"rotation": [-90, 22.5, 0],
							"uv": {
								"north": {"uv": [26, 9], "uv_size": [-1, -1]},
								"east": {"uv": [9, 26], "uv_size": [-1, -1]},
								"south": {"uv": [26, 8], "uv_size": [-1, -1]},
								"west": {"uv": [10, 26], "uv_size": [-1, -1]},
								"up": {"uv": [10, 26], "uv_size": [1, -1]},
								"down": {"uv": [25, 9], "uv_size": [1, 1]}
							}
						},
						{
							"origin": [0.0505, -0.38218, 0.64842],
							"size": [0.19047, 0.45981, 0.27995],
							"pivot": [0.14572, -0.15228, 0.76507],
							"rotation": [-90, 22.5, 0],
							"uv": {
								"north": {"uv": [26, 12], "uv_size": [-1, -1]},
								"east": {"uv": [12, 26], "uv_size": [-1, -1]},
								"south": {"uv": [26, 11], "uv_size": [-1, -1]},
								"west": {"uv": [13, 26], "uv_size": [-1, -1]},
								"up": {"uv": [13, 26], "uv_size": [1, -1]},
								"down": {"uv": [25, 12], "uv_size": [1, 1]}
							}
						},
						{
							"origin": [0.09811, -0.22865, 1.19025],
							"size": [0.42209, 0.15273, 0.24221],
							"inflate": 0.02,
							"pivot": [0.30915, -0.15228, 1.28803],
							"rotation": [-90, -22.5, 0],
							"uv": {
								"north": {"uv": [26, 15], "uv_size": [-1, -1]},
								"east": {"uv": [15, 26], "uv_size": [-1, -1]},
								"south": {"uv": [26, 14], "uv_size": [-1, -1]},
								"west": {"uv": [16, 26], "uv_size": [-1, -1]},
								"up": {"uv": [16, 26], "uv_size": [1, -1]},
								"down": {"uv": [25, 15], "uv_size": [1, 1]}
							}
						},
						{
							"origin": [0.21392, -0.38218, 1.17137],
							"size": [0.19047, 0.45981, 0.27995],
							"pivot": [0.30915, -0.15228, 1.28803],
							"rotation": [-90, 22.5, 0],
							"uv": {
								"north": {"uv": [26, 18], "uv_size": [-1, -1]},
								"east": {"uv": [18, 26], "uv_size": [-1, -1]},
								"south": {"uv": [26, 17], "uv_size": [-1, -1]},
								"west": {"uv": [19, 26], "uv_size": [-1, -1]},
								"up": {"uv": [19, 26], "uv_size": [1, -1]},
								"down": {"uv": [25, 18], "uv_size": [1, 1]}
							}
						},
						{
							"origin": [0.07923, -0.24751, 1.17137],
							"size": [0.45981, 0.19047, 0.27995],
							"pivot": [0.30915, -0.15228, 1.28803],
							"rotation": [-90, 22.5, 0],
							"uv": {
								"north": {"uv": [26, 21], "uv_size": [-1, -1]},
								"east": {"uv": [21, 26], "uv_size": [-1, -1]},
								"south": {"uv": [26, 20], "uv_size": [-1, -1]},
								"west": {"uv": [22, 26], "uv_size": [-1, -1]},
								"up": {"uv": [22, 26], "uv_size": [1, -1]},
								"down": {"uv": [25, 21], "uv_size": [1, 1]}
							}
						},
						{
							"origin": [0.22335, -0.37275, 1.18082],
							"size": [0.1716, 0.44095, 0.26109],
							"inflate": 0.01,
							"pivot": [0.30915, -0.15228, 1.28803],
							"rotation": [-90, -22.5, 0],
							"uv": {
								"north": {"uv": [26, 24], "uv_size": [-1, -1]},
								"east": {"uv": [24, 26], "uv_size": [-1, -1]},
								"south": {"uv": [26, 23], "uv_size": [-1, -1]},
								"west": {"uv": [25, 26], "uv_size": [-1, -1]},
								"up": {"uv": [25, 26], "uv_size": [1, -1]},
								"down": {"uv": [25, 24], "uv_size": [1, 1]}
							}
						},
						{
							"origin": [0.04457, -0.38859, 0.61987],
							"size": [0.25398, 0.63916, 0.38195],
							"inflate": 0.01,
							"pivot": [0.17156, -0.06901, 0.77748],
							"rotation": [-90, -22.5, 0],
							"uv": {
								"north": {"uv": [14, 20], "uv_size": [-1, -2]},
								"east": {"uv": [19, 14], "uv_size": [-1, -2]},
								"south": {"uv": [13, 20], "uv_size": [-1, -2]},
								"west": {"uv": [15, 20], "uv_size": [-1, -2]},
								"up": {"uv": [26, 1], "uv_size": [1, -1]},
								"down": {"uv": [0, 26], "uv_size": [1, 1]}
							}
						},
						{
							"origin": [-0.13882, -0.18681, 0.62906],
							"size": [0.62079, 0.23561, 0.36358],
							"inflate": 0.02,
							"pivot": [0.17156, -0.06901, 0.77748],
							"rotation": [-90, -22.5, 0],
							"uv": {
								"north": {"uv": [20, 5], "uv_size": [-2, -1]},
								"east": {"uv": [2, 27], "uv_size": [-1, -1]},
								"south": {"uv": [18, 5], "uv_size": [-2, -1]},
								"west": {"uv": [27, 2], "uv_size": [-1, -1]},
								"up": {"uv": [15, 19], "uv_size": [2, -1]},
								"down": {"uv": [18, 14], "uv_size": [2, 1]}
							}
						},
						{
							"origin": [-0.15721, -0.20518, 0.61068],
							"size": [0.65754, 0.27237, 0.40032],
							"pivot": [0.17156, -0.06901, 0.77748],
							"rotation": [-90, 22.5, 0],
							"uv": {
								"north": {"uv": [20, 17], "uv_size": [-2, -1]},
								"east": {"uv": [3, 27], "uv_size": [-1, -1]},
								"south": {"uv": [20, 16], "uv_size": [-2, -1]},
								"west": {"uv": [27, 3], "uv_size": [-1, -1]},
								"up": {"uv": [18, 18], "uv_size": [2, -1]},
								"down": {"uv": [17, 18], "uv_size": [2, 1]}
							}
						},
						{
							"origin": [0.03539, -0.39778, 0.61068],
							"size": [0.27237, 0.65754, 0.40032],
							"pivot": [0.17156, -0.06901, 0.77748],
							"rotation": [-90, 22.5, 0],
							"uv": {
								"north": {"uv": [3, 21], "uv_size": [-1, -2]},
								"east": {"uv": [2, 21], "uv_size": [-1, -2]},
								"south": {"uv": [1, 21], "uv_size": [-1, -2]},
								"west": {"uv": [20, 7], "uv_size": [-1, -2]},
								"up": {"uv": [26, 4], "uv_size": [1, -1]},
								"down": {"uv": [3, 26], "uv_size": [1, 1]}
							}
						},
						{
							"origin": [0.18087, -0.23747, 1.46555],
							"size": [0.19047, 0.45981, 0.51324],
							"pivot": [0.2761, -0.00756, 1.58219],
							"rotation": [0, 0, -22.5],
							"uv": {
								"north": {"uv": [27, 5], "uv_size": [-1, -1]},
								"east": {"uv": [21, 8], "uv_size": [-2, -1]},
								"south": {"uv": [5, 27], "uv_size": [-1, -1]},
								"west": {"uv": [21, 9], "uv_size": [-2, -1]},
								"up": {"uv": [19, 13], "uv_size": [1, -2]},
								"down": {"uv": [19, 9], "uv_size": [1, 2]}
							}
						},
						{
							"origin": [0.18087, -0.23747, 1.46555],
							"size": [0.19047, 0.45981, 0.51324],
							"pivot": [0.2761, -0.00756, 1.58219],
							"rotation": [0, 0, 22.5],
							"uv": {
								"north": {"uv": [27, 6], "uv_size": [-1, -1]},
								"east": {"uv": [21, 14], "uv_size": [-2, -1]},
								"south": {"uv": [6, 27], "uv_size": [-1, -1]},
								"west": {"uv": [17, 20], "uv_size": [-2, -1]},
								"up": {"uv": [18, 21], "uv_size": [1, -2]},
								"down": {"uv": [17, 19], "uv_size": [1, 2]}
							}
						},
						{
							"origin": [0.0462, -0.1028, 1.46555],
							"size": [0.45981, 0.19047, 0.51324],
							"pivot": [0.2761, -0.00756, 1.58219],
							"rotation": [0, 0, -22.5],
							"uv": {
								"north": {"uv": [27, 7], "uv_size": [-1, -1]},
								"east": {"uv": [21, 19], "uv_size": [-2, -1]},
								"south": {"uv": [7, 27], "uv_size": [-1, -1]},
								"west": {"uv": [21, 20], "uv_size": [-2, -1]},
								"up": {"uv": [20, 4], "uv_size": [1, -2]},
								"down": {"uv": [20, 0], "uv_size": [1, 2]}
							}
						},
						{
							"origin": [0.0462, -0.1028, 1.46555],
							"size": [0.45981, 0.19047, 0.51324],
							"pivot": [0.2761, -0.00756, 1.58219],
							"rotation": [0, 0, 22.5],
							"uv": {
								"north": {"uv": [27, 8], "uv_size": [-1, -1]},
								"east": {"uv": [5, 21], "uv_size": [-2, -1]},
								"south": {"uv": [8, 27], "uv_size": [-1, -1]},
								"west": {"uv": [22, 5], "uv_size": [-2, -1]},
								"up": {"uv": [20, 7], "uv_size": [1, -2]},
								"down": {"uv": [5, 20], "uv_size": [1, 2]}
							}
						},
						{
							"origin": [0.1903, -0.22804, 2.08153],
							"size": [0.1716, 0.44095, 0.14444],
							"inflate": 0.01,
							"pivot": [0.2761, -0.00756, 2.18874],
							"rotation": [0, 0, -22.5],
							"uv": {
								"north": {"uv": [10, 27], "uv_size": [-1, -1]},
								"east": {"uv": [27, 9], "uv_size": [-1, -1]},
								"south": {"uv": [9, 27], "uv_size": [-1, -1]},
								"west": {"uv": [27, 10], "uv_size": [-1, -1]},
								"up": {"uv": [26, 11], "uv_size": [1, -1]},
								"down": {"uv": [10, 26], "uv_size": [1, 1]}
							}
						},
						{
							"origin": [0.18087, -0.23747, 2.0721],
							"size": [0.19047, 0.45981, 0.1633],
							"pivot": [0.2761, -0.00756, 2.18874],
							"rotation": [0, 0, 22.5],
							"uv": {
								"north": {"uv": [13, 27], "uv_size": [-1, -1]},
								"east": {"uv": [27, 12], "uv_size": [-1, -1]},
								"south": {"uv": [12, 27], "uv_size": [-1, -1]},
								"west": {"uv": [27, 13], "uv_size": [-1, -1]},
								"up": {"uv": [26, 14], "uv_size": [1, -1]},
								"down": {"uv": [13, 26], "uv_size": [1, 1]}
							}
						},
						{
							"origin": [0.05563, -0.09337, 2.08153],
							"size": [0.44095, 0.1716, 0.14444],
							"inflate": 0.01,
							"pivot": [0.2761, -0.00756, 2.18874],
							"rotation": [0, 0, -22.5],
							"uv": {
								"north": {"uv": [16, 27], "uv_size": [-1, -1]},
								"east": {"uv": [27, 15], "uv_size": [-1, -1]},
								"south": {"uv": [15, 27], "uv_size": [-1, -1]},
								"west": {"uv": [27, 16], "uv_size": [-1, -1]},
								"up": {"uv": [26, 17], "uv_size": [1, -1]},
								"down": {"uv": [16, 26], "uv_size": [1, 1]}
							}
						},
						{
							"origin": [0.0462, -0.1028, 2.0721],
							"size": [0.45981, 0.19047, 0.1633],
							"pivot": [0.2761, -0.00756, 2.18874],
							"rotation": [0, 0, 22.5],
							"uv": {
								"north": {"uv": [19, 27], "uv_size": [-1, -1]},
								"east": {"uv": [27, 18], "uv_size": [-1, -1]},
								"south": {"uv": [18, 27], "uv_size": [-1, -1]},
								"west": {"uv": [27, 19], "uv_size": [-1, -1]},
								"up": {"uv": [26, 20], "uv_size": [1, -1]},
								"down": {"uv": [19, 26], "uv_size": [1, 1]}
							}
						},
						{
							"origin": [0.87275, -0.09337, 2.04885],
							"size": [0.04874, 0.1716, 0.07907],
							"inflate": 0.01,
							"pivot": [0.701, -0.00756, 2.09069],
							"rotation": [-10.57244, 23.89126, -24.74284],
							"uv": {
								"north": {"uv": [22, 27], "uv_size": [-1, -1]},
								"east": {"uv": [27, 21], "uv_size": [-1, -1]},
								"south": {"uv": [21, 27], "uv_size": [-1, -1]},
								"west": {"uv": [27, 22], "uv_size": [-1, -1]},
								"up": {"uv": [26, 23], "uv_size": [1, -1]},
								"down": {"uv": [22, 26], "uv_size": [1, 1]}
							}
						},
						{
							"origin": [0.60577, 0.15474, 2.03942],
							"size": [0.19047, 0.0676, 0.09793],
							"pivot": [0.701, -0.00756, 2.09069],
							"rotation": [10.57244, 23.89126, 24.74284],
							"uv": {
								"north": {"uv": [25, 27], "uv_size": [-1, -1]},
								"east": {"uv": [27, 24], "uv_size": [-1, -1]},
								"south": {"uv": [24, 27], "uv_size": [-1, -1]},
								"west": {"uv": [27, 25], "uv_size": [-1, -1]},
								"up": {"uv": [26, 26], "uv_size": [1, -1]},
								"down": {"uv": [25, 26], "uv_size": [1, 1]}
							}
						},
						{
							"origin": [0.4711, -0.1028, 2.03942],
							"size": [0.0676, 0.19047, 0.09793],
							"pivot": [0.701, -0.00756, 2.09069],
							"rotation": [10.57244, 23.89126, 24.74284],
							"uv": {
								"north": {"uv": [28, 1], "uv_size": [-1, -1]},
								"east": {"uv": [1, 28], "uv_size": [-1, -1]},
								"south": {"uv": [27, 27], "uv_size": [-1, -1]},
								"west": {"uv": [2, 28], "uv_size": [-1, -1]},
								"up": {"uv": [2, 28], "uv_size": [1, -1]},
								"down": {"uv": [27, 1], "uv_size": [1, 1]}
							}
						},
						{
							"origin": [0.61521, 0.16417, 2.04885],
							"size": [0.1716, 0.04874, 0.07907],
							"inflate": 0.01,
							"pivot": [0.701, -0.00756, 2.09069],
							"rotation": [-10.57244, 23.89126, -24.74284],
							"uv": {
								"north": {"uv": [28, 4], "uv_size": [-1, -1]},
								"east": {"uv": [4, 28], "uv_size": [-1, -1]},
								"south": {"uv": [28, 3], "uv_size": [-1, -1]},
								"west": {"uv": [5, 28], "uv_size": [-1, -1]},
								"up": {"uv": [5, 28], "uv_size": [1, -1]},
								"down": {"uv": [27, 4], "uv_size": [1, 1]}
							}
						},
						{
							"origin": [0.61521, -0.22804, 2.04885],
							"size": [0.1716, 0.04874, 0.07907],
							"inflate": 0.01,
							"pivot": [0.701, -0.00756, 2.09069],
							"rotation": [-10.57244, 23.89126, -24.74284],
							"uv": {
								"north": {"uv": [28, 7], "uv_size": [-1, -1]},
								"east": {"uv": [7, 28], "uv_size": [-1, -1]},
								"south": {"uv": [28, 6], "uv_size": [-1, -1]},
								"west": {"uv": [8, 28], "uv_size": [-1, -1]},
								"up": {"uv": [8, 28], "uv_size": [1, -1]},
								"down": {"uv": [27, 7], "uv_size": [1, 1]}
							}
						},
						{
							"origin": [0.60577, -0.23747, 2.03942],
							"size": [0.19047, 0.0676, 0.09793],
							"pivot": [0.701, -0.00756, 2.09069],
							"rotation": [10.57244, 23.89126, 24.74284],
							"uv": {
								"north": {"uv": [28, 10], "uv_size": [-1, -1]},
								"east": {"uv": [10, 28], "uv_size": [-1, -1]},
								"south": {"uv": [28, 9], "uv_size": [-1, -1]},
								"west": {"uv": [11, 28], "uv_size": [-1, -1]},
								"up": {"uv": [11, 28], "uv_size": [1, -1]},
								"down": {"uv": [27, 10], "uv_size": [1, 1]}
							}
						},
						{
							"origin": [0.48053, -0.09337, 2.04885],
							"size": [0.04874, 0.1716, 0.07907],
							"inflate": 0.01,
							"pivot": [0.701, -0.00756, 2.09069],
							"rotation": [-10.57244, 23.89126, -24.74284],
							"uv": {
								"north": {"uv": [28, 13], "uv_size": [-1, -1]},
								"east": {"uv": [13, 28], "uv_size": [-1, -1]},
								"south": {"uv": [28, 12], "uv_size": [-1, -1]},
								"west": {"uv": [14, 28], "uv_size": [-1, -1]},
								"up": {"uv": [14, 28], "uv_size": [1, -1]},
								"down": {"uv": [27, 13], "uv_size": [1, 1]}
							}
						},
						{
							"origin": [0.86332, -0.1028, 2.03942],
							"size": [0.0676, 0.19047, 0.09793],
							"pivot": [0.701, -0.00756, 2.09069],
							"rotation": [10.57244, 23.89126, 24.74284],
							"uv": {
								"north": {"uv": [28, 16], "uv_size": [-1, -1]},
								"east": {"uv": [16, 28], "uv_size": [-1, -1]},
								"south": {"uv": [28, 15], "uv_size": [-1, -1]},
								"west": {"uv": [17, 28], "uv_size": [-1, -1]},
								"up": {"uv": [17, 28], "uv_size": [1, -1]},
								"down": {"uv": [27, 16], "uv_size": [1, 1]}
							}
						},
						{
							"origin": [0.1904, -0.21448, 1.93213],
							"size": [0.17142, 0.41384, 0.1633],
							"pivot": [0.2761, -0.00756, 2.04877],
							"rotation": [0, 0, -22.5],
							"uv": {
								"north": {"uv": [28, 19], "uv_size": [-1, -1]},
								"east": {"uv": [19, 28], "uv_size": [-1, -1]},
								"south": {"uv": [28, 18], "uv_size": [-1, -1]},
								"west": {"uv": [20, 28], "uv_size": [-1, -1]},
								"up": {"uv": [20, 28], "uv_size": [1, -1]},
								"down": {"uv": [27, 19], "uv_size": [1, 1]}
							}
						},
						{
							"origin": [0.19982, -0.20505, 1.94156],
							"size": [0.15256, 0.39498, 0.14444],
							"inflate": 0.01,
							"pivot": [0.2761, -0.00756, 2.04877],
							"rotation": [0, 0, 22.5],
							"uv": {
								"north": {"uv": [28, 22], "uv_size": [-1, -1]},
								"east": {"uv": [22, 28], "uv_size": [-1, -1]},
								"south": {"uv": [28, 21], "uv_size": [-1, -1]},
								"west": {"uv": [23, 28], "uv_size": [-1, -1]},
								"up": {"uv": [23, 28], "uv_size": [1, -1]},
								"down": {"uv": [27, 22], "uv_size": [1, 1]}
							}
						},
						{
							"origin": [0.06918, -0.09327, 1.93213],
							"size": [0.41384, 0.17142, 0.1633],
							"pivot": [0.2761, -0.00756, 2.04877],
							"rotation": [0, 0, -22.5],
							"uv": {
								"north": {"uv": [28, 25], "uv_size": [-1, -1]},
								"east": {"uv": [25, 28], "uv_size": [-1, -1]},
								"south": {"uv": [28, 24], "uv_size": [-1, -1]},
								"west": {"uv": [26, 28], "uv_size": [-1, -1]},
								"up": {"uv": [26, 28], "uv_size": [1, -1]},
								"down": {"uv": [27, 25], "uv_size": [1, 1]}
							}
						},
						{
							"origin": [0.08806, -0.07441, 1.95099],
							"size": [0.3761, 0.13368, 0.12557],
							"inflate": 0.02,
							"pivot": [0.2761, -0.00756, 2.04877],
							"rotation": [0, 0, 22.5],
							"uv": {
								"north": {"uv": [1, 29], "uv_size": [-1, -1]},
								"east": {"uv": [28, 28], "uv_size": [-1, -1]},
								"south": {"uv": [28, 27], "uv_size": [-1, -1]},
								"west": {"uv": [29, 1], "uv_size": [-1, -1]},
								"up": {"uv": [28, 2], "uv_size": [1, -1]},
								"down": {"uv": [1, 28], "uv_size": [1, 1]}
							}
						}
					]
				},
				{
					"name": "laser",
					"parent": "Laser_sight",
					"pivot": [-0.21381, 0.025, 0.22448]
				}
			]
		}
	]
}