{
	"format_version": "1.21.0",
	"minecraft:geometry": [
		{
			"description": {
				"identifier": "geometry.unknown",
				"texture_width": 128,
				"texture_height": 128,
				"visible_bounds_width": 3,
				"visible_bounds_height": 1.5,
				"visible_bounds_offset": [0, 0.25, 0]
			},
			"bones": [
				{
					"name": "scope_body",
					"pivot": [1.3, 0.575, 0],
					"rotation": [0, -90, 0],
					"cubes": [
						{
							"origin": [-0.0886, 0.575, 0],
							"size": [2.8296, 0.4716, 2.5938],
							"uv": {
								"north": {"uv": [48, 33], "uv_size": [12, 2]},
								"east": {"uv": [40, 54], "uv_size": [11, 2]},
								"south": {"uv": [48, 35], "uv_size": [12, 2]},
								"west": {"uv": [51, 54], "uv_size": [11, 2]},
								"up": {"uv": [0, 0], "uv_size": [12, 11]},
								"down": {"uv": [0, 22], "uv_size": [12, -11]}
							}
						},
						{
							"origin": [-0.0886, 0.74006, 0.3537],
							"size": [2.8296, 0.4716, 0.54234],
							"pivot": [1.3, 0.74006, 0.3537],
							"rotation": [50, 0, 0],
							"uv": {
								"north": {"uv": [36, 48], "uv_size": [12, 2]},
								"east": {"uv": [60, 25], "uv_size": [2, 2]},
								"south": {"uv": [48, 37], "uv_size": [12, 2]},
								"west": {"uv": [60, 52], "uv_size": [2, 2]},
								"up": {"uv": [48, 39], "uv_size": [12, 2]},
								"down": {"uv": [48, 43], "uv_size": [12, -2]}
							}
						},
						{
							"origin": [-0.0886, 1.1645, 1.8864],
							"size": [2.8296, 0.4716, 0.54234],
							"pivot": [1.3, 1.1645, 1.8864],
							"rotation": [-50, 0, 0],
							"uv": {
								"north": {"uv": [48, 43], "uv_size": [12, 2]},
								"east": {"uv": [62, 25], "uv_size": [2, 2]},
								"south": {"uv": [48, 45], "uv_size": [12, 2]},
								"west": {"uv": [64, 25], "uv_size": [2, 2]},
								"up": {"uv": [48, 47], "uv_size": [12, 2]},
								"down": {"uv": [24, 51], "uv_size": [12, -2]}
							}
						},
						{
							"origin": [-0.0886, 1.2824, 0.33012],
							"size": [2.8296, 1.179, 0.16506],
							"uv": {
								"north": {"uv": [24, 32], "uv_size": [12, 5]},
								"east": {"uv": [46, 66], "uv_size": [1, 5]},
								"south": {"uv": [0, 36], "uv_size": [12, 5]},
								"west": {"uv": [47, 66], "uv_size": [1, 5]},
								"up": {"uv": [4, 58], "uv_size": [12, 1]},
								"down": {"uv": [32, 59], "uv_size": [12, -1]}
							}
						},
						{
							"origin": [-0.0886, 2.4614, 0.33012],
							"size": [2.8296, 0.21222, 0.16506],
							"pivot": [1.3, 2.4614, 0.33012],
							"rotation": [-40, 0, 0],
							"uv": {
								"north": {"uv": [44, 58], "uv_size": [12, 1]},
								"east": {"uv": [35, 53], "uv_size": [1, 1]},
								"south": {"uv": [58, 56], "uv_size": [12, 1]},
								"west": {"uv": [16, 57], "uv_size": [1, 1]},
								"up": {"uv": [58, 57], "uv_size": [12, 1]},
								"down": {"uv": [58, 59], "uv_size": [12, -1]}
							}
						},
						{
							"origin": [-0.0886, 2.62646, 0.4716],
							"size": [2.8296, 0.68382, 0.16506],
							"pivot": [1.3, 2.62646, 0.4716],
							"rotation": [-85, 0, 0],
							"uv": {
								"north": {"uv": [36, 15], "uv_size": [12, 3]},
								"east": {"uv": [56, 67], "uv_size": [1, 3]},
								"south": {"uv": [36, 18], "uv_size": [12, 3]},
								"west": {"uv": [57, 67], "uv_size": [1, 3]},
								"up": {"uv": [4, 59], "uv_size": [12, 1]},
								"down": {"uv": [59, 28], "uv_size": [12, -1]}
							}
						},
						{
							"origin": [-0.0886, 2.90942, 0.9432],
							"size": [2.8296, 0.25938, 0.18864],
							"pivot": [1.3, 2.6972, 0.9432],
							"rotation": [-90, 0, 0],
							"uv": {
								"north": {"uv": [59, 28], "uv_size": [12, 1]},
								"east": {"uv": [17, 57], "uv_size": [1, 1]},
								"south": {"uv": [59, 29], "uv_size": [12, 1]},
								"west": {"uv": [38, 57], "uv_size": [1, 1]},
								"up": {"uv": [59, 30], "uv_size": [12, 1]},
								"down": {"uv": [59, 32], "uv_size": [12, -1]}
							}
						},
						{
							"origin": [-0.0886, 1.2824, 2.07504],
							"size": [2.8296, 1.179, 0.16506],
							"uv": {
								"north": {"uv": [0, 31], "uv_size": [12, 5]},
								"east": {"uv": [3, 65], "uv_size": [1, 5]},
								"south": {"uv": [12, 31], "uv_size": [12, 5]},
								"west": {"uv": [45, 66], "uv_size": [1, 5]},
								"up": {"uv": [56, 51], "uv_size": [12, 1]},
								"down": {"uv": [4, 58], "uv_size": [12, -1]}
							}
						},
						{
							"origin": [-0.0886, 2.3435, 2.09862],
							"size": [2.8296, 0.21222, 0.16506],
							"pivot": [1.3, 2.3435, 2.09862],
							"rotation": [40, 0, 0],
							"uv": {
								"north": {"uv": [32, 59], "uv_size": [12, 1]},
								"east": {"uv": [39, 57], "uv_size": [1, 1]},
								"south": {"uv": [59, 32], "uv_size": [12, 1]},
								"west": {"uv": [63, 48], "uv_size": [1, 1]},
								"up": {"uv": [44, 59], "uv_size": [12, 1]},
								"down": {"uv": [58, 60], "uv_size": [12, -1]}
							}
						},
						{
							"origin": [-0.0886, 2.4614, 2.07504],
							"size": [2.8296, 0.68382, 0.16506],
							"pivot": [1.3, 2.4614, 2.07504],
							"rotation": [85, 0, 0],
							"uv": {
								"north": {"uv": [36, 21], "uv_size": [12, 3]},
								"east": {"uv": [67, 60], "uv_size": [1, 3]},
								"south": {"uv": [36, 24], "uv_size": [12, 3]},
								"west": {"uv": [67, 63], "uv_size": [1, 3]},
								"up": {"uv": [60, 0], "uv_size": [12, 1]},
								"down": {"uv": [60, 2], "uv_size": [12, -1]}
							}
						},
						{
							"origin": [0.383, 1.18808, 0.4716],
							"size": [2.8296, 0.68382, 0.2358],
							"pivot": [1.7716, 1.18808, 0.4716],
							"rotation": [-85, 0, 0],
							"uv": {
								"north": {"uv": [36, 27], "uv_size": [12, 3]},
								"east": {"uv": [0, 68], "uv_size": [1, 3]},
								"south": {"uv": [36, 30], "uv_size": [12, 3]},
								"west": {"uv": [1, 68], "uv_size": [1, 3]},
								"up": {"uv": [60, 2], "uv_size": [12, 1]},
								"down": {"uv": [60, 4], "uv_size": [12, -1]}
							}
						},
						{
							"origin": [0.383, 1.02302, 0.33012],
							"size": [2.8296, 0.21222, 0.16506],
							"pivot": [1.7716, 1.02302, 0.33012],
							"rotation": [-40, 0, 0],
							"uv": {
								"north": {"uv": [4, 60], "uv_size": [12, 1]},
								"east": {"uv": [66, 47], "uv_size": [1, 1]},
								"south": {"uv": [60, 4], "uv_size": [12, 1]},
								"west": {"uv": [31, 72], "uv_size": [1, 1]},
								"up": {"uv": [60, 5], "uv_size": [12, 1]},
								"down": {"uv": [60, 7], "uv_size": [12, -1]}
							}
						},
						{
							"origin": [0.383, 1.02302, 1.95714],
							"size": [2.8296, 0.68382, 0.28296],
							"pivot": [1.7716, 1.02302, 2.07504],
							"rotation": [85, 0, 0],
							"uv": {
								"north": {"uv": [36, 33], "uv_size": [12, 3]},
								"east": {"uv": [2, 68], "uv_size": [1, 3]},
								"south": {"uv": [36, 36], "uv_size": [12, 3]},
								"west": {"uv": [16, 68], "uv_size": [1, 3]},
								"up": {"uv": [60, 7], "uv_size": [12, 1]},
								"down": {"uv": [60, 9], "uv_size": [12, -1]}
							}
						},
						{
							"origin": [0.383, 0.90512, 2.09862],
							"size": [2.8296, 0.21222, 0.16506],
							"pivot": [1.7716, 0.90512, 2.09862],
							"rotation": [40, 0, 0],
							"uv": {
								"north": {"uv": [60, 9], "uv_size": [12, 1]},
								"east": {"uv": [32, 72], "uv_size": [1, 1]},
								"south": {"uv": [60, 10], "uv_size": [12, 1]},
								"west": {"uv": [72, 32], "uv_size": [1, 1]},
								"up": {"uv": [60, 11], "uv_size": [12, 1]},
								"down": {"uv": [60, 13], "uv_size": [12, -1]}
							}
						},
						{
							"origin": [-0.0886, 0.26846, 0],
							"size": [2.8296, 0.77814, 2.5938],
							"uv": {
								"north": {"uv": [24, 37], "uv_size": [12, 3]},
								"east": {"uv": [48, 27], "uv_size": [11, 3]},
								"south": {"uv": [36, 39], "uv_size": [12, 3]},
								"west": {"uv": [48, 30], "uv_size": [11, 3]},
								"up": {"uv": [12, 0], "uv_size": [12, 11]},
								"down": {"uv": [12, 22], "uv_size": [12, -11]}
							}
						},
						{
							"origin": [0.383, 0.26846, 0.33012],
							"size": [2.8296, 0.75456, 1.8864],
							"uv": {
								"north": {"uv": [24, 40], "uv_size": [12, 3]},
								"east": {"uv": [48, 49], "uv_size": [8, 3]},
								"south": {"uv": [0, 41], "uv_size": [12, 3]},
								"west": {"uv": [0, 50], "uv_size": [8, 3]},
								"up": {"uv": [24, 0], "uv_size": [12, 8]},
								"down": {"uv": [24, 16], "uv_size": [12, -8]}
							}
						},
						{
							"origin": [0.383, 0.55142, 0.89604],
							"size": [2.8296, 0.68382, 0.80172],
							"uv": {
								"north": {"uv": [12, 41], "uv_size": [12, 3]},
								"east": {"uv": [34, 66], "uv_size": [3, 3]},
								"south": {"uv": [36, 42], "uv_size": [12, 3]},
								"west": {"uv": [66, 36], "uv_size": [3, 3]},
								"up": {"uv": [24, 43], "uv_size": [12, 3]},
								"down": {"uv": [0, 47], "uv_size": [12, -3]}
							}
						},
						{
							"origin": [0.383, 0.59858, 0.89604],
							"size": [2.8296, 0.68382, 0.80172],
							"uv": {
								"north": {"uv": [12, 44], "uv_size": [12, 3]},
								"east": {"uv": [37, 66], "uv_size": [3, 3]},
								"south": {"uv": [36, 45], "uv_size": [12, 3]},
								"west": {"uv": [66, 39], "uv_size": [3, 3]},
								"up": {"uv": [24, 46], "uv_size": [12, 3]},
								"down": {"uv": [0, 50], "uv_size": [12, -3]}
							}
						},
						{
							"origin": [-0.0886, -0.08524, 0.37728],
							"size": [2.8296, 0.77814, 1.8864],
							"uv": {
								"north": {"uv": [48, 21], "uv_size": [12, 3]},
								"east": {"uv": [8, 50], "uv_size": [8, 3]},
								"south": {"uv": [48, 24], "uv_size": [12, 3]},
								"west": {"uv": [16, 50], "uv_size": [8, 3]},
								"up": {"uv": [24, 16], "uv_size": [12, 8]},
								"down": {"uv": [24, 32], "uv_size": [12, -8]}
							}
						},
						{
							"origin": [-0.0886, -0.3682, 0.4716],
							"size": [2.8296, 0.51876, 1.22616],
							"pivot": [1.3, -0.32104, 0.09432],
							"rotation": [47.5, 0, 0],
							"uv": {
								"north": {"uv": [36, 50], "uv_size": [12, 2]},
								"east": {"uv": [16, 58], "uv_size": [5, 2]},
								"south": {"uv": [24, 51], "uv_size": [12, 2]},
								"west": {"uv": [21, 58], "uv_size": [5, 2]},
								"up": {"uv": [36, 0], "uv_size": [12, 5]},
								"down": {"uv": [36, 10], "uv_size": [12, -5]}
							}
						},
						{
							"origin": [-0.0886, 1.07018, 1.55628],
							"size": [2.8296, 0.51876, 1.22616],
							"pivot": [1.3, 1.11734, 1.179],
							"rotation": [-47.5, 0, 0],
							"uv": {
								"north": {"uv": [36, 52], "uv_size": [12, 2]},
								"east": {"uv": [16, 60], "uv_size": [5, 2]},
								"south": {"uv": [48, 52], "uv_size": [12, 2]},
								"west": {"uv": [21, 60], "uv_size": [5, 2]},
								"up": {"uv": [36, 10], "uv_size": [12, 5]},
								"down": {"uv": [12, 41], "uv_size": [12, -5]}
							}
						},
						{
							"origin": [-0.0886, 0.8108, 0.2358],
							"size": [2.8296, 0.4716, 2.1222],
							"uv": {
								"north": {"uv": [0, 53], "uv_size": [12, 2]},
								"east": {"uv": [0, 55], "uv_size": [9, 2]},
								"south": {"uv": [12, 53], "uv_size": [12, 2]},
								"west": {"uv": [9, 55], "uv_size": [9, 2]},
								"up": {"uv": [0, 22], "uv_size": [12, 9]},
								"down": {"uv": [12, 31], "uv_size": [12, -9]}
							}
						},
						{
							"origin": [-0.78587, 1.45135, 0.33012],
							"size": [0.4716, 0.4716, 1.90998],
							"pivot": [0.8284, 2.2256, 0.2358],
							"rotation": [0, 0, -32.5],
							"uv": {
								"north": {"uv": [27, 67], "uv_size": [2, 2]},
								"east": {"uv": [18, 56], "uv_size": [8, 2]},
								"south": {"uv": [29, 67], "uv_size": [2, 2]},
								"west": {"uv": [40, 56], "uv_size": [8, 2]},
								"up": {"uv": [26, 56], "uv_size": [2, 8]},
								"down": {"uv": [28, 64], "uv_size": [2, -8]}
							}
						},
						{
							"origin": [-1.02167, -0.37209, 0.33012],
							"size": [0.4716, 0.4716, 1.90998],
							"pivot": [0.5926, -1.14634, 0.2358],
							"rotation": [0, 0, 32.5],
							"uv": {
								"north": {"uv": [67, 47], "uv_size": [2, 2]},
								"east": {"uv": [48, 56], "uv_size": [8, 2]},
								"south": {"uv": [67, 49], "uv_size": [2, 2]},
								"west": {"uv": [56, 49], "uv_size": [8, 2]},
								"up": {"uv": [30, 56], "uv_size": [2, 8]},
								"down": {"uv": [56, 64], "uv_size": [2, -8]}
							}
						},
						{
							"origin": [-0.37156, 0.38636, 0.33012],
							"size": [0.4716, 0.7074, 1.90998],
							"uv": {
								"north": {"uv": [56, 64], "uv_size": [2, 3]},
								"east": {"uv": [24, 53], "uv_size": [8, 3]},
								"south": {"uv": [43, 66], "uv_size": [2, 3]},
								"west": {"uv": [32, 54], "uv_size": [8, 3]},
								"up": {"uv": [0, 57], "uv_size": [2, 8]},
								"down": {"uv": [2, 65], "uv_size": [2, -8]}
							}
						}
					]
				},
				{
					"name": "bone2",
					"parent": "scope_body",
					"pivot": [1.39432, 1.07018, 1.32048],
					"rotation": [-90, -90, 0],
					"cubes": [
						{
							"origin": [1.26022, -0.94146, 1.32048],
							"size": [0.1341, 0.70474, 0.8046],
							"uv": {
								"north": {"uv": [17, 68], "uv_size": [1, 3]},
								"east": {"uv": [32, 60], "uv_size": [3, 3]},
								"south": {"uv": [18, 68], "uv_size": [1, 3]},
								"west": {"uv": [60, 33], "uv_size": [3, 3]},
								"up": {"uv": [19, 68], "uv_size": [1, 3]},
								"down": {"uv": [20, 71], "uv_size": [1, -3]}
							}
						},
						{
							"origin": [1.26022, -0.94146, 1.32048],
							"size": [0.1341, 0.70474, 0.8046],
							"pivot": [1.32727, 1.07018, 1.72278],
							"rotation": [0, 20, 0],
							"uv": {
								"north": {"uv": [21, 68], "uv_size": [1, 3]},
								"east": {"uv": [35, 60], "uv_size": [3, 3]},
								"south": {"uv": [22, 68], "uv_size": [1, 3]},
								"west": {"uv": [60, 36], "uv_size": [3, 3]},
								"up": {"uv": [23, 68], "uv_size": [1, 3]},
								"down": {"uv": [24, 71], "uv_size": [1, -3]}
							}
						},
						{
							"origin": [1.26022, -0.94146, 1.32048],
							"size": [0.1341, 0.70474, 0.8046],
							"pivot": [1.32727, 1.07018, 1.72278],
							"rotation": [0, 40, 0],
							"uv": {
								"north": {"uv": [48, 68], "uv_size": [1, 3]},
								"east": {"uv": [38, 60], "uv_size": [3, 3]},
								"south": {"uv": [49, 68], "uv_size": [1, 3]},
								"west": {"uv": [60, 39], "uv_size": [3, 3]},
								"up": {"uv": [50, 68], "uv_size": [1, 3]},
								"down": {"uv": [51, 71], "uv_size": [1, -3]}
							}
						},
						{
							"origin": [1.26022, -0.94146, 1.32048],
							"size": [0.1341, 0.70474, 0.8046],
							"pivot": [1.32727, 1.07018, 1.72278],
							"rotation": [0, 60, 0],
							"uv": {
								"north": {"uv": [68, 51], "uv_size": [1, 3]},
								"east": {"uv": [41, 60], "uv_size": [3, 3]},
								"south": {"uv": [52, 68], "uv_size": [1, 3]},
								"west": {"uv": [60, 42], "uv_size": [3, 3]},
								"up": {"uv": [53, 68], "uv_size": [1, 3]},
								"down": {"uv": [54, 71], "uv_size": [1, -3]}
							}
						},
						{
							"origin": [1.26022, -0.94146, 1.32048],
							"size": [0.1341, 0.70474, 0.8046],
							"pivot": [1.32727, 1.07018, 1.72278],
							"rotation": [0, 80, 0],
							"uv": {
								"north": {"uv": [55, 68], "uv_size": [1, 3]},
								"east": {"uv": [44, 60], "uv_size": [3, 3]},
								"south": {"uv": [58, 68], "uv_size": [1, 3]},
								"west": {"uv": [60, 45], "uv_size": [3, 3]},
								"up": {"uv": [59, 68], "uv_size": [1, 3]},
								"down": {"uv": [60, 71], "uv_size": [1, -3]}
							}
						},
						{
							"origin": [1.26022, -0.94146, 1.32048],
							"size": [0.1341, 0.70474, 0.8046],
							"pivot": [1.32727, 1.07018, 1.72278],
							"rotation": [0, 100, 0],
							"uv": {
								"north": {"uv": [68, 60], "uv_size": [1, 3]},
								"east": {"uv": [47, 60], "uv_size": [3, 3]},
								"south": {"uv": [61, 68], "uv_size": [1, 3]},
								"west": {"uv": [50, 60], "uv_size": [3, 3]},
								"up": {"uv": [62, 68], "uv_size": [1, 3]},
								"down": {"uv": [63, 71], "uv_size": [1, -3]}
							}
						},
						{
							"origin": [1.26022, -0.94146, 1.32048],
							"size": [0.1341, 0.70474, 0.8046],
							"pivot": [1.32727, 1.07018, 1.72278],
							"rotation": [0, 120, 0],
							"uv": {
								"north": {"uv": [68, 63], "uv_size": [1, 3]},
								"east": {"uv": [53, 60], "uv_size": [3, 3]},
								"south": {"uv": [64, 68], "uv_size": [1, 3]},
								"west": {"uv": [58, 60], "uv_size": [3, 3]},
								"up": {"uv": [65, 68], "uv_size": [1, 3]},
								"down": {"uv": [66, 71], "uv_size": [1, -3]}
							}
						},
						{
							"origin": [1.26022, -0.94146, 1.32048],
							"size": [0.1341, 0.70474, 0.8046],
							"pivot": [1.32727, 1.07018, 1.72278],
							"rotation": [0, 140, 0],
							"uv": {
								"north": {"uv": [68, 66], "uv_size": [1, 3]},
								"east": {"uv": [4, 61], "uv_size": [3, 3]},
								"south": {"uv": [67, 68], "uv_size": [1, 3]},
								"west": {"uv": [7, 61], "uv_size": [3, 3]},
								"up": {"uv": [4, 69], "uv_size": [1, 3]},
								"down": {"uv": [5, 72], "uv_size": [1, -3]}
							}
						},
						{
							"origin": [1.26022, -0.94146, 1.32048],
							"size": [0.1341, 0.70474, 0.8046],
							"pivot": [1.32727, 1.07018, 1.72278],
							"rotation": [0, 160, 0],
							"uv": {
								"north": {"uv": [6, 69], "uv_size": [1, 3]},
								"east": {"uv": [10, 61], "uv_size": [3, 3]},
								"south": {"uv": [7, 69], "uv_size": [1, 3]},
								"west": {"uv": [13, 61], "uv_size": [3, 3]},
								"up": {"uv": [8, 69], "uv_size": [1, 3]},
								"down": {"uv": [9, 72], "uv_size": [1, -3]}
							}
						}
					]
				},
				{
					"name": "bone7",
					"parent": "scope_body",
					"pivot": [0.4747, 1.21166, 1.32048],
					"rotation": [0, -90, 0],
					"cubes": [
						{
							"origin": [0.3406, 0.64102, -0.12052],
							"size": [0.1341, 0.70474, 0.8046],
							"uv": {
								"north": {"uv": [17, 68], "uv_size": [1, 3]},
								"east": {"uv": [32, 60], "uv_size": [3, 3]},
								"south": {"uv": [18, 68], "uv_size": [1, 3]},
								"west": {"uv": [60, 33], "uv_size": [3, 3]},
								"up": {"uv": [19, 68], "uv_size": [1, 3]},
								"down": {"uv": [20, 71], "uv_size": [1, -3]}
							}
						},
						{
							"origin": [0.83346, 0.64102, -0.03361],
							"size": [0.1341, 0.70474, 0.8046],
							"pivot": [0.40765, 1.21166, 1.72278],
							"rotation": [0, 20, 0],
							"uv": {
								"north": {"uv": [21, 68], "uv_size": [1, 3]},
								"east": {"uv": [35, 60], "uv_size": [3, 3]},
								"south": {"uv": [22, 68], "uv_size": [1, 3]},
								"west": {"uv": [60, 36], "uv_size": [3, 3]},
								"up": {"uv": [23, 68], "uv_size": [1, 3]},
								"down": {"uv": [24, 71], "uv_size": [1, -3]}
							}
						},
						{
							"origin": [1.26686, 0.64102, 0.21661],
							"size": [0.1341, 0.70474, 0.8046],
							"pivot": [0.40765, 1.21166, 1.72278],
							"rotation": [0, 40, 0],
							"uv": {
								"north": {"uv": [48, 68], "uv_size": [1, 3]},
								"east": {"uv": [38, 60], "uv_size": [3, 3]},
								"south": {"uv": [49, 68], "uv_size": [1, 3]},
								"west": {"uv": [60, 39], "uv_size": [3, 3]},
								"up": {"uv": [50, 68], "uv_size": [1, 3]},
								"down": {"uv": [51, 71], "uv_size": [1, -3]}
							}
						},
						{
							"origin": [1.58854, 0.64102, 0.59998],
							"size": [0.1341, 0.70474, 0.8046],
							"pivot": [0.40765, 1.21166, 1.72278],
							"rotation": [0, 60, 0],
							"uv": {
								"north": {"uv": [68, 51], "uv_size": [1, 3]},
								"east": {"uv": [41, 60], "uv_size": [3, 3]},
								"south": {"uv": [52, 68], "uv_size": [1, 3]},
								"west": {"uv": [60, 42], "uv_size": [3, 3]},
								"up": {"uv": [53, 68], "uv_size": [1, 3]},
								"down": {"uv": [54, 71], "uv_size": [1, -3]}
							}
						},
						{
							"origin": [1.75971, 0.64102, 1.07026],
							"size": [0.1341, 0.70474, 0.8046],
							"pivot": [0.40765, 1.21166, 1.72278],
							"rotation": [0, 80, 0],
							"uv": {
								"north": {"uv": [55, 68], "uv_size": [1, 3]},
								"east": {"uv": [44, 60], "uv_size": [3, 3]},
								"south": {"uv": [58, 68], "uv_size": [1, 3]},
								"west": {"uv": [60, 45], "uv_size": [3, 3]},
								"up": {"uv": [59, 68], "uv_size": [1, 3]},
								"down": {"uv": [60, 71], "uv_size": [1, -3]}
							}
						},
						{
							"origin": [1.75971, 0.64102, 1.5707],
							"size": [0.1341, 0.70474, 0.8046],
							"pivot": [0.40765, 1.21166, 1.72278],
							"rotation": [0, 100, 0],
							"uv": {
								"north": {"uv": [68, 60], "uv_size": [1, 3]},
								"east": {"uv": [47, 60], "uv_size": [3, 3]},
								"south": {"uv": [61, 68], "uv_size": [1, 3]},
								"west": {"uv": [50, 60], "uv_size": [3, 3]},
								"up": {"uv": [62, 68], "uv_size": [1, 3]},
								"down": {"uv": [63, 71], "uv_size": [1, -3]}
							}
						},
						{
							"origin": [1.58854, 0.64102, 2.04098],
							"size": [0.1341, 0.70474, 0.8046],
							"pivot": [0.40765, 1.21166, 1.72278],
							"rotation": [0, 120, 0],
							"uv": {
								"north": {"uv": [68, 63], "uv_size": [1, 3]},
								"east": {"uv": [53, 60], "uv_size": [3, 3]},
								"south": {"uv": [64, 68], "uv_size": [1, 3]},
								"west": {"uv": [58, 60], "uv_size": [3, 3]},
								"up": {"uv": [65, 68], "uv_size": [1, 3]},
								"down": {"uv": [66, 71], "uv_size": [1, -3]}
							}
						},
						{
							"origin": [1.26686, 0.64102, 2.42435],
							"size": [0.1341, 0.70474, 0.8046],
							"pivot": [0.40765, 1.21166, 1.72278],
							"rotation": [0, 140, 0],
							"uv": {
								"north": {"uv": [68, 66], "uv_size": [1, 3]},
								"east": {"uv": [4, 61], "uv_size": [3, 3]},
								"south": {"uv": [67, 68], "uv_size": [1, 3]},
								"west": {"uv": [7, 61], "uv_size": [3, 3]},
								"up": {"uv": [4, 69], "uv_size": [1, 3]},
								"down": {"uv": [5, 72], "uv_size": [1, -3]}
							}
						},
						{
							"origin": [0.83346, 0.64102, 2.67457],
							"size": [0.1341, 0.70474, 0.8046],
							"pivot": [0.40765, 1.21166, 1.72278],
							"rotation": [0, 160, 0],
							"uv": {
								"north": {"uv": [6, 69], "uv_size": [1, 3]},
								"east": {"uv": [10, 61], "uv_size": [3, 3]},
								"south": {"uv": [7, 69], "uv_size": [1, 3]},
								"west": {"uv": [13, 61], "uv_size": [3, 3]},
								"up": {"uv": [8, 69], "uv_size": [1, 3]},
								"down": {"uv": [9, 72], "uv_size": [1, -3]}
							}
						}
					]
				},
				{
					"name": "bone3",
					"parent": "scope_body",
					"pivot": [0.49828, 1.07018, 0.49518],
					"rotation": [-90, 0, 0],
					"cubes": [
						{
							"origin": [1.80518, 0.49954, 0.49518],
							"size": [0.1341, 0.70474, 0.8046],
							"uv": {
								"north": {"uv": [10, 69], "uv_size": [1, 3]},
								"east": {"uv": [61, 60], "uv_size": [3, 3]},
								"south": {"uv": [11, 69], "uv_size": [1, 3]},
								"west": {"uv": [16, 62], "uv_size": [3, 3]},
								"up": {"uv": [12, 69], "uv_size": [1, 3]},
								"down": {"uv": [13, 72], "uv_size": [1, -3]}
							}
						},
						{
							"origin": [1.71828, 0.49954, 0.98803],
							"size": [0.1341, 0.70474, 0.8046],
							"pivot": [0.43123, 1.07018, 0.89748],
							"rotation": [0, 20, 0],
							"uv": {
								"north": {"uv": [14, 69], "uv_size": [1, 3]},
								"east": {"uv": [19, 62], "uv_size": [3, 3]},
								"south": {"uv": [15, 69], "uv_size": [1, 3]},
								"west": {"uv": [22, 62], "uv_size": [3, 3]},
								"up": {"uv": [25, 69], "uv_size": [1, 3]},
								"down": {"uv": [26, 72], "uv_size": [1, -3]}
							}
						},
						{
							"origin": [1.46805, 0.49954, 1.42144],
							"size": [0.1341, 0.70474, 0.8046],
							"pivot": [0.43123, 1.07018, 0.89748],
							"rotation": [0, 40, 0],
							"uv": {
								"north": {"uv": [27, 69], "uv_size": [1, 3]},
								"east": {"uv": [62, 52], "uv_size": [3, 3]},
								"south": {"uv": [28, 69], "uv_size": [1, 3]},
								"west": {"uv": [32, 63], "uv_size": [3, 3]},
								"up": {"uv": [29, 69], "uv_size": [1, 3]},
								"down": {"uv": [30, 72], "uv_size": [1, -3]}
							}
						},
						{
							"origin": [1.08468, 0.49954, 1.74313],
							"size": [0.1341, 0.70474, 0.8046],
							"pivot": [0.43123, 1.07018, 0.89748],
							"rotation": [0, 60, 0],
							"uv": {
								"north": {"uv": [31, 69], "uv_size": [1, 3]},
								"east": {"uv": [63, 33], "uv_size": [3, 3]},
								"south": {"uv": [32, 69], "uv_size": [1, 3]},
								"west": {"uv": [35, 63], "uv_size": [3, 3]},
								"up": {"uv": [33, 69], "uv_size": [1, 3]},
								"down": {"uv": [69, 36], "uv_size": [1, -3]}
							}
						},
						{
							"origin": [0.61441, 0.49954, 1.91429],
							"size": [0.1341, 0.70474, 0.8046],
							"pivot": [0.43123, 1.07018, 0.89748],
							"rotation": [0, 80, 0],
							"uv": {
								"north": {"uv": [34, 69], "uv_size": [1, 3]},
								"east": {"uv": [63, 36], "uv_size": [3, 3]},
								"south": {"uv": [35, 69], "uv_size": [1, 3]},
								"west": {"uv": [38, 63], "uv_size": [3, 3]},
								"up": {"uv": [36, 69], "uv_size": [1, 3]},
								"down": {"uv": [69, 39], "uv_size": [1, -3]}
							}
						},
						{
							"origin": [0.11395, 0.49954, 1.91429],
							"size": [0.1341, 0.70474, 0.8046],
							"pivot": [0.43123, 1.07018, 0.89748],
							"rotation": [0, 100, 0],
							"uv": {
								"north": {"uv": [37, 69], "uv_size": [1, 3]},
								"east": {"uv": [63, 39], "uv_size": [3, 3]},
								"south": {"uv": [38, 69], "uv_size": [1, 3]},
								"west": {"uv": [41, 63], "uv_size": [3, 3]},
								"up": {"uv": [39, 69], "uv_size": [1, 3]},
								"down": {"uv": [69, 42], "uv_size": [1, -3]}
							}
						},
						{
							"origin": [-0.35632, 0.49954, 1.74313],
							"size": [0.1341, 0.70474, 0.8046],
							"pivot": [0.43123, 1.07018, 0.89748],
							"rotation": [0, 120, 0],
							"uv": {
								"north": {"uv": [40, 69], "uv_size": [1, 3]},
								"east": {"uv": [63, 42], "uv_size": [3, 3]},
								"south": {"uv": [41, 69], "uv_size": [1, 3]},
								"west": {"uv": [44, 63], "uv_size": [3, 3]},
								"up": {"uv": [42, 69], "uv_size": [1, 3]},
								"down": {"uv": [69, 45], "uv_size": [1, -3]}
							}
						},
						{
							"origin": [-0.73968, 0.49954, 1.42144],
							"size": [0.1341, 0.70474, 0.8046],
							"pivot": [0.43123, 1.07018, 0.89748],
							"rotation": [0, 140, 0],
							"uv": {
								"north": {"uv": [43, 69], "uv_size": [1, 3]},
								"east": {"uv": [63, 45], "uv_size": [3, 3]},
								"south": {"uv": [44, 69], "uv_size": [1, 3]},
								"west": {"uv": [47, 63], "uv_size": [3, 3]},
								"up": {"uv": [69, 45], "uv_size": [1, 3]},
								"down": {"uv": [69, 51], "uv_size": [1, -3]}
							}
						},
						{
							"origin": [-0.98992, 0.49954, 0.98803],
							"size": [0.1341, 0.70474, 0.8046],
							"pivot": [0.43123, 1.07018, 0.89748],
							"rotation": [0, 160, 0],
							"uv": {
								"north": {"uv": [69, 51], "uv_size": [1, 3]},
								"east": {"uv": [50, 63], "uv_size": [3, 3]},
								"south": {"uv": [69, 60], "uv_size": [1, 3]},
								"west": {"uv": [53, 63], "uv_size": [3, 3]},
								"up": {"uv": [69, 63], "uv_size": [1, 3]},
								"down": {"uv": [69, 69], "uv_size": [1, -3]}
							}
						}
					]
				},
				{
					"name": "bone4",
					"parent": "scope_body",
					"pivot": [0.92272, 1.07018, 2.61738],
					"rotation": [-90, 0, 0],
					"cubes": [
						{
							"origin": [2.22962, 0.49954, 2.61738],
							"size": [0.1341, 0.70474, 0.8046],
							"uv": {
								"north": {"uv": [68, 69], "uv_size": [1, 3]},
								"east": {"uv": [58, 63], "uv_size": [3, 3]},
								"south": {"uv": [69, 69], "uv_size": [1, 3]},
								"west": {"uv": [61, 63], "uv_size": [3, 3]},
								"up": {"uv": [3, 70], "uv_size": [1, 3]},
								"down": {"uv": [70, 36], "uv_size": [1, -3]}
							}
						},
						{
							"origin": [2.14272, 0.49954, 3.11023],
							"size": [0.1341, 0.70474, 0.8046],
							"pivot": [0.85567, 1.07018, 3.01968],
							"rotation": [0, 20, 0],
							"uv": {
								"north": {"uv": [70, 36], "uv_size": [1, 3]},
								"east": {"uv": [4, 64], "uv_size": [3, 3]},
								"south": {"uv": [70, 39], "uv_size": [1, 3]},
								"west": {"uv": [7, 64], "uv_size": [3, 3]},
								"up": {"uv": [70, 42], "uv_size": [1, 3]},
								"down": {"uv": [70, 48], "uv_size": [1, -3]}
							}
						},
						{
							"origin": [1.89249, 0.49954, 3.54364],
							"size": [0.1341, 0.70474, 0.8046],
							"pivot": [0.85567, 1.07018, 3.01968],
							"rotation": [0, 40, 0],
							"uv": {
								"north": {"uv": [70, 48], "uv_size": [1, 3]},
								"east": {"uv": [10, 64], "uv_size": [3, 3]},
								"south": {"uv": [70, 51], "uv_size": [1, 3]},
								"west": {"uv": [13, 64], "uv_size": [3, 3]},
								"up": {"uv": [70, 54], "uv_size": [1, 3]},
								"down": {"uv": [56, 73], "uv_size": [1, -3]}
							}
						},
						{
							"origin": [1.50912, 0.49954, 3.86533],
							"size": [0.1341, 0.70474, 0.8046],
							"pivot": [0.85567, 1.07018, 3.01968],
							"rotation": [0, 60, 0],
							"uv": {
								"north": {"uv": [57, 70], "uv_size": [1, 3]},
								"east": {"uv": [25, 64], "uv_size": [3, 3]},
								"south": {"uv": [70, 57], "uv_size": [1, 3]},
								"west": {"uv": [28, 64], "uv_size": [3, 3]},
								"up": {"uv": [70, 60], "uv_size": [1, 3]},
								"down": {"uv": [70, 66], "uv_size": [1, -3]}
							}
						},
						{
							"origin": [1.03885, 0.49954, 4.03649],
							"size": [0.1341, 0.70474, 0.8046],
							"pivot": [0.85567, 1.07018, 3.01968],
							"rotation": [0, 80, 0],
							"uv": {
								"north": {"uv": [70, 66], "uv_size": [1, 3]},
								"east": {"uv": [64, 48], "uv_size": [3, 3]},
								"south": {"uv": [70, 69], "uv_size": [1, 3]},
								"west": {"uv": [64, 60], "uv_size": [3, 3]},
								"up": {"uv": [0, 71], "uv_size": [1, 3]},
								"down": {"uv": [1, 74], "uv_size": [1, -3]}
							}
						},
						{
							"origin": [0.53839, 0.49954, 4.03649],
							"size": [0.1341, 0.70474, 0.8046],
							"pivot": [0.85567, 1.07018, 3.01968],
							"rotation": [0, 100, 0],
							"uv": {
								"north": {"uv": [2, 71], "uv_size": [1, 3]},
								"east": {"uv": [64, 63], "uv_size": [3, 3]},
								"south": {"uv": [16, 71], "uv_size": [1, 3]},
								"west": {"uv": [0, 65], "uv_size": [3, 3]},
								"up": {"uv": [17, 71], "uv_size": [1, 3]},
								"down": {"uv": [18, 74], "uv_size": [1, -3]}
							}
						},
						{
							"origin": [0.06812, 0.49954, 3.86533],
							"size": [0.1341, 0.70474, 0.8046],
							"pivot": [0.85567, 1.07018, 3.01968],
							"rotation": [0, 120, 0],
							"uv": {
								"north": {"uv": [19, 71], "uv_size": [1, 3]},
								"east": {"uv": [16, 65], "uv_size": [3, 3]},
								"south": {"uv": [20, 71], "uv_size": [1, 3]},
								"west": {"uv": [19, 65], "uv_size": [3, 3]},
								"up": {"uv": [21, 71], "uv_size": [1, 3]},
								"down": {"uv": [22, 74], "uv_size": [1, -3]}
							}
						},
						{
							"origin": [-0.31524, 0.49954, 3.54364],
							"size": [0.1341, 0.70474, 0.8046],
							"pivot": [0.85567, 1.07018, 3.01968],
							"rotation": [0, 140, 0],
							"uv": {
								"north": {"uv": [23, 71], "uv_size": [1, 3]},
								"east": {"uv": [22, 65], "uv_size": [3, 3]},
								"south": {"uv": [24, 71], "uv_size": [1, 3]},
								"west": {"uv": [65, 52], "uv_size": [3, 3]},
								"up": {"uv": [71, 25], "uv_size": [1, 3]},
								"down": {"uv": [71, 31], "uv_size": [1, -3]}
							}
						},
						{
							"origin": [-0.56548, 0.49954, 3.11023],
							"size": [0.1341, 0.70474, 0.8046],
							"pivot": [0.85567, 1.07018, 3.01968],
							"rotation": [0, 160, 0],
							"uv": {
								"north": {"uv": [71, 31], "uv_size": [1, 3]},
								"east": {"uv": [31, 66], "uv_size": [3, 3]},
								"south": {"uv": [71, 34], "uv_size": [1, 3]},
								"west": {"uv": [66, 33], "uv_size": [3, 3]},
								"up": {"uv": [71, 37], "uv_size": [1, 3]},
								"down": {"uv": [71, 43], "uv_size": [1, -3]}
							}
						}
					]
				},
				{
					"name": "bone6",
					"parent": "scope_body",
					"pivot": [0.92272, 1.07018, 2.78244],
					"rotation": [-90, 0, 0],
					"cubes": [
						{
							"origin": [2.22962, 1.06546, 2.78244],
							"size": [0.1341, 0.13882, 0.8046],
							"uv": {
								"north": {"uv": [33, 72], "uv_size": [1, 1]},
								"east": {"uv": [32, 53], "uv_size": [3, 1]},
								"south": {"uv": [72, 33], "uv_size": [1, 1]},
								"west": {"uv": [18, 55], "uv_size": [3, 1]},
								"up": {"uv": [71, 43], "uv_size": [1, 3]},
								"down": {"uv": [45, 74], "uv_size": [1, -3]}
							}
						},
						{
							"origin": [2.14272, 1.06546, 3.27529],
							"size": [0.1341, 0.13882, 0.8046],
							"pivot": [0.85567, 1.07018, 3.18474],
							"rotation": [0, 20, 0],
							"uv": {
								"north": {"uv": [34, 72], "uv_size": [1, 1]},
								"east": {"uv": [21, 55], "uv_size": [3, 1]},
								"south": {"uv": [72, 34], "uv_size": [1, 1]},
								"west": {"uv": [32, 57], "uv_size": [3, 1]},
								"up": {"uv": [46, 71], "uv_size": [1, 3]},
								"down": {"uv": [71, 49], "uv_size": [1, -3]}
							}
						},
						{
							"origin": [1.89249, 1.06546, 3.7087],
							"size": [0.1341, 0.13882, 0.8046],
							"pivot": [0.85567, 1.07018, 3.18474],
							"rotation": [0, 40, 0],
							"uv": {
								"north": {"uv": [35, 72], "uv_size": [1, 1]},
								"east": {"uv": [35, 57], "uv_size": [3, 1]},
								"south": {"uv": [72, 35], "uv_size": [1, 1]},
								"west": {"uv": [60, 48], "uv_size": [3, 1]},
								"up": {"uv": [47, 71], "uv_size": [1, 3]},
								"down": {"uv": [48, 74], "uv_size": [1, -3]}
							}
						},
						{
							"origin": [1.50912, 1.06546, 4.03039],
							"size": [0.1341, 0.13882, 0.8046],
							"pivot": [0.85567, 1.07018, 3.18474],
							"rotation": [0, 60, 0],
							"uv": {
								"north": {"uv": [36, 72], "uv_size": [1, 1]},
								"east": {"uv": [62, 55], "uv_size": [3, 1]},
								"south": {"uv": [72, 36], "uv_size": [1, 1]},
								"west": {"uv": [65, 55], "uv_size": [3, 1]},
								"up": {"uv": [49, 71], "uv_size": [1, 3]},
								"down": {"uv": [71, 52], "uv_size": [1, -3]}
							}
						},
						{
							"origin": [1.03885, 1.06546, 4.20155],
							"size": [0.1341, 0.13882, 0.8046],
							"pivot": [0.85567, 1.07018, 3.18474],
							"rotation": [0, 80, 0],
							"uv": {
								"north": {"uv": [37, 72], "uv_size": [1, 1]},
								"east": {"uv": [68, 25], "uv_size": [3, 1]},
								"south": {"uv": [72, 37], "uv_size": [1, 1]},
								"west": {"uv": [68, 26], "uv_size": [3, 1]},
								"up": {"uv": [50, 71], "uv_size": [1, 3]},
								"down": {"uv": [51, 74], "uv_size": [1, -3]}
							}
						},
						{
							"origin": [0.53839, 1.06546, 4.20155],
							"size": [0.1341, 0.13882, 0.8046],
							"pivot": [0.85567, 1.07018, 3.18474],
							"rotation": [0, 100, 0],
							"uv": {
								"north": {"uv": [38, 72], "uv_size": [1, 1]},
								"east": {"uv": [52, 71], "uv_size": [3, 1]},
								"south": {"uv": [72, 38], "uv_size": [1, 1]},
								"west": {"uv": [71, 52], "uv_size": [3, 1]},
								"up": {"uv": [71, 53], "uv_size": [1, 3]},
								"down": {"uv": [55, 74], "uv_size": [1, -3]}
							}
						},
						{
							"origin": [0.06812, 1.06546, 4.03039],
							"size": [0.1341, 0.13882, 0.8046],
							"pivot": [0.85567, 1.07018, 3.18474],
							"rotation": [0, 120, 0],
							"uv": {
								"north": {"uv": [39, 72], "uv_size": [1, 1]},
								"east": {"uv": [71, 56], "uv_size": [3, 1]},
								"south": {"uv": [72, 39], "uv_size": [1, 1]},
								"west": {"uv": [71, 57], "uv_size": [3, 1]},
								"up": {"uv": [58, 71], "uv_size": [1, 3]},
								"down": {"uv": [71, 61], "uv_size": [1, -3]}
							}
						},
						{
							"origin": [-0.31524, 1.06546, 3.7087],
							"size": [0.1341, 0.13882, 0.8046],
							"pivot": [0.85567, 1.07018, 3.18474],
							"rotation": [0, 140, 0],
							"uv": {
								"north": {"uv": [40, 72], "uv_size": [1, 1]},
								"east": {"uv": [59, 71], "uv_size": [3, 1]},
								"south": {"uv": [72, 40], "uv_size": [1, 1]},
								"west": {"uv": [71, 61], "uv_size": [3, 1]},
								"up": {"uv": [62, 71], "uv_size": [1, 3]},
								"down": {"uv": [71, 65], "uv_size": [1, -3]}
							}
						},
						{
							"origin": [-0.56548, 1.06546, 3.27529],
							"size": [0.1341, 0.13882, 0.8046],
							"pivot": [0.85567, 1.07018, 3.18474],
							"rotation": [0, 160, 0],
							"uv": {
								"north": {"uv": [41, 72], "uv_size": [1, 1]},
								"east": {"uv": [63, 71], "uv_size": [3, 1]},
								"south": {"uv": [72, 41], "uv_size": [1, 1]},
								"west": {"uv": [71, 65], "uv_size": [3, 1]},
								"up": {"uv": [66, 71], "uv_size": [1, 3]},
								"down": {"uv": [71, 69], "uv_size": [1, -3]}
							}
						}
					]
				},
				{
					"name": "bone5",
					"parent": "scope_body",
					"pivot": [0.92272, 0.95228, 2.73528],
					"rotation": [-90, 0, 0],
					"cubes": [
						{
							"origin": [2.27119, 0.55855, 2.73528],
							"size": [0.09253, 0.48627, 0.55518],
							"uv": {
								"north": {"uv": [25, 62], "uv_size": [1, 2]},
								"east": {"uv": [66, 25], "uv_size": [2, 2]},
								"south": {"uv": [31, 64], "uv_size": [1, 2]},
								"west": {"uv": [66, 45], "uv_size": [2, 2]},
								"up": {"uv": [68, 45], "uv_size": [1, 2]},
								"down": {"uv": [68, 56], "uv_size": [1, -2]}
							}
						},
						{
							"origin": [2.18429, 0.55855, 3.22813],
							"size": [0.09253, 0.48627, 0.55518],
							"pivot": [0.87645, 0.95228, 3.01287],
							"rotation": [0, 20, 0],
							"uv": {
								"north": {"uv": [69, 54], "uv_size": [1, 2]},
								"east": {"uv": [48, 66], "uv_size": [2, 2]},
								"south": {"uv": [4, 72], "uv_size": [1, 2]},
								"west": {"uv": [50, 66], "uv_size": [2, 2]},
								"up": {"uv": [5, 72], "uv_size": [1, 2]},
								"down": {"uv": [6, 74], "uv_size": [1, -2]}
							}
						},
						{
							"origin": [1.93407, 0.55855, 3.66154],
							"size": [0.09253, 0.48627, 0.55518],
							"pivot": [0.87645, 0.95228, 3.01287],
							"rotation": [0, 40, 0],
							"uv": {
								"north": {"uv": [72, 6], "uv_size": [1, 2]},
								"east": {"uv": [52, 66], "uv_size": [2, 2]},
								"south": {"uv": [7, 72], "uv_size": [1, 2]},
								"west": {"uv": [54, 66], "uv_size": [2, 2]},
								"up": {"uv": [8, 72], "uv_size": [1, 2]},
								"down": {"uv": [72, 10], "uv_size": [1, -2]}
							}
						},
						{
							"origin": [1.55069, 0.55855, 3.98323],
							"size": [0.09253, 0.48627, 0.55518],
							"pivot": [0.87645, 0.95228, 3.01287],
							"rotation": [0, 60, 0],
							"uv": {
								"north": {"uv": [9, 72], "uv_size": [1, 2]},
								"east": {"uv": [58, 66], "uv_size": [2, 2]},
								"south": {"uv": [10, 72], "uv_size": [1, 2]},
								"west": {"uv": [60, 66], "uv_size": [2, 2]},
								"up": {"uv": [72, 10], "uv_size": [1, 2]},
								"down": {"uv": [11, 74], "uv_size": [1, -2]}
							}
						},
						{
							"origin": [1.08042, 0.55855, 4.15439],
							"size": [0.09253, 0.48627, 0.55518],
							"pivot": [0.87645, 0.95228, 3.01287],
							"rotation": [0, 80, 0],
							"uv": {
								"north": {"uv": [12, 72], "uv_size": [1, 2]},
								"east": {"uv": [62, 66], "uv_size": [2, 2]},
								"south": {"uv": [72, 12], "uv_size": [1, 2]},
								"west": {"uv": [64, 66], "uv_size": [2, 2]},
								"up": {"uv": [13, 72], "uv_size": [1, 2]},
								"down": {"uv": [14, 74], "uv_size": [1, -2]}
							}
						},
						{
							"origin": [0.57996, 0.55855, 4.15439],
							"size": [0.09253, 0.48627, 0.55518],
							"pivot": [0.87645, 0.95228, 3.01287],
							"rotation": [0, 100, 0],
							"uv": {
								"north": {"uv": [72, 14], "uv_size": [1, 2]},
								"east": {"uv": [66, 66], "uv_size": [2, 2]},
								"south": {"uv": [15, 72], "uv_size": [1, 2]},
								"west": {"uv": [4, 67], "uv_size": [2, 2]},
								"up": {"uv": [72, 16], "uv_size": [1, 2]},
								"down": {"uv": [72, 20], "uv_size": [1, -2]}
							}
						},
						{
							"origin": [0.10969, 0.55855, 3.98323],
							"size": [0.09253, 0.48627, 0.55518],
							"pivot": [0.87645, 0.95228, 3.01287],
							"rotation": [0, 120, 0],
							"uv": {
								"north": {"uv": [72, 20], "uv_size": [1, 2]},
								"east": {"uv": [6, 67], "uv_size": [2, 2]},
								"south": {"uv": [72, 22], "uv_size": [1, 2]},
								"west": {"uv": [8, 67], "uv_size": [2, 2]},
								"up": {"uv": [72, 24], "uv_size": [1, 2]},
								"down": {"uv": [25, 74], "uv_size": [1, -2]}
							}
						},
						{
							"origin": [-0.27368, 0.55855, 3.66154],
							"size": [0.09253, 0.48627, 0.55518],
							"pivot": [0.87645, 0.95228, 3.01287],
							"rotation": [0, 140, 0],
							"uv": {
								"north": {"uv": [26, 72], "uv_size": [1, 2]},
								"east": {"uv": [10, 67], "uv_size": [2, 2]},
								"south": {"uv": [72, 26], "uv_size": [1, 2]},
								"west": {"uv": [12, 67], "uv_size": [2, 2]},
								"up": {"uv": [27, 72], "uv_size": [1, 2]},
								"down": {"uv": [28, 74], "uv_size": [1, -2]}
							}
						},
						{
							"origin": [-0.5239, 0.55855, 3.22813],
							"size": [0.09253, 0.48627, 0.55518],
							"pivot": [0.87645, 0.95228, 3.01287],
							"rotation": [0, 160, 0],
							"uv": {
								"north": {"uv": [72, 28], "uv_size": [1, 2]},
								"east": {"uv": [14, 67], "uv_size": [2, 2]},
								"south": {"uv": [29, 72], "uv_size": [1, 2]},
								"west": {"uv": [25, 67], "uv_size": [2, 2]},
								"up": {"uv": [30, 72], "uv_size": [1, 2]},
								"down": {"uv": [72, 32], "uv_size": [1, -2]}
							}
						}
					]
				},
				{
					"name": "bone",
					"parent": "scope_body",
					"pivot": [1.7716, 0.38636, 0.44802],
					"rotation": [180, 0, 0],
					"cubes": [
						{
							"origin": [0.383, 0.50426, -1.32048],
							"size": [2.8296, 0.21222, 0.16506],
							"pivot": [1.7716, 0.50426, -1.32048],
							"rotation": [-40, 0, 0],
							"uv": {
								"north": {"uv": [60, 13], "uv_size": [12, 1]},
								"east": {"uv": [42, 72], "uv_size": [1, 1]},
								"south": {"uv": [60, 14], "uv_size": [12, 1]},
								"west": {"uv": [72, 42], "uv_size": [1, 1]},
								"up": {"uv": [60, 15], "uv_size": [12, 1]},
								"down": {"uv": [60, 17], "uv_size": [12, -1]}
							}
						},
						{
							"origin": [0.383, 0.03266, -0.75456],
							"size": [2.8296, 0.68382, 0.80172],
							"uv": {
								"north": {"uv": [12, 47], "uv_size": [12, 3]},
								"east": {"uv": [40, 66], "uv_size": [3, 3]},
								"south": {"uv": [48, 0], "uv_size": [12, 3]},
								"west": {"uv": [66, 42], "uv_size": [3, 3]},
								"up": {"uv": [48, 3], "uv_size": [12, 3]},
								"down": {"uv": [48, 9], "uv_size": [12, -3]}
							}
						},
						{
							"origin": [0.383, 0.66932, -1.179],
							"size": [2.8296, 0.68382, 0.2358],
							"pivot": [1.7716, 0.66932, -1.179],
							"rotation": [-85, 0, 0],
							"uv": {
								"north": {"uv": [48, 9], "uv_size": [12, 3]},
								"east": {"uv": [67, 71], "uv_size": [1, 3]},
								"south": {"uv": [48, 12], "uv_size": [12, 3]},
								"west": {"uv": [71, 69], "uv_size": [1, 3]},
								"up": {"uv": [60, 17], "uv_size": [12, 1]},
								"down": {"uv": [60, 19], "uv_size": [12, -1]}
							}
						},
						{
							"origin": [0.383, 0.50426, 0.30654],
							"size": [2.8296, 0.68382, 0.28296],
							"pivot": [1.7716, 0.50426, 0.42444],
							"rotation": [85, 0, 0],
							"uv": {
								"north": {"uv": [48, 15], "uv_size": [12, 3]},
								"east": {"uv": [72, 0], "uv_size": [1, 3]},
								"south": {"uv": [48, 18], "uv_size": [12, 3]},
								"west": {"uv": [72, 3], "uv_size": [1, 3]},
								"up": {"uv": [60, 19], "uv_size": [12, 1]},
								"down": {"uv": [60, 21], "uv_size": [12, -1]}
							}
						},
						{
							"origin": [0.383, 0.38636, 0.44802],
							"size": [2.8296, 0.21222, 0.16506],
							"pivot": [1.7716, 0.38636, 0.44802],
							"rotation": [40, 0, 0],
							"uv": {
								"north": {"uv": [60, 21], "uv_size": [12, 1]},
								"east": {"uv": [43, 72], "uv_size": [1, 1]},
								"south": {"uv": [60, 22], "uv_size": [12, 1]},
								"west": {"uv": [72, 43], "uv_size": [1, 1]},
								"up": {"uv": [60, 23], "uv_size": [12, 1]},
								"down": {"uv": [60, 25], "uv_size": [12, -1]}
							}
						}
					]
				},
				{
					"name": "ocular",
					"pivot": [0.1, 0.3, -1.125],
					"cubes": [
						{
							"origin": [-0.74, 1.2, -1.005],
							"size": [1.53, 1.32, 0],
							"uv": {
								"south": {"uv": [0, 0], "uv_size": [1.275, 1.1]}
							}
						},
						{
							"origin": [-0.74, 1.2, 1.425],
							"size": [1.53, 1.32, 0],
							"uv": {
								"south": {"uv": [0, 0], "uv_size": [1.275, 1.1]}
							}
						}
					]
				},
				{
					"name": "scope_view",
					"pivot": [0, 1.91562, 6.425]
				},
				{
					"name": "division",
					"pivot": [1.4, 1.3, 26.625],
					"rotation": [0, 0, -90]
				},
				{
					"name": "division_illuminated",
					"parent": "division",
					"pivot": [1.90368, 1.59329, -52.4],
					"cubes": [
						{
							"origin": [1.49348, 2.38507, -26.6625],
							"size": [0.85, 0.625, 0.425],
							"inflate": -0.26562,
							"uv": {
								"south": {"uv": [78.5, 0], "uv_size": [0.5, 2.5], "uv_rotation": 180}
							}
						},
						{
							"origin": [1.51848, 2.41493, -26.6625],
							"size": [0.925, 0.625, 0.425],
							"inflate": -0.26562,
							"pivot": [1.99348, 2.68993, -26.45],
							"rotation": [0, 0, 90],
							"uv": {
								"south": {"uv": [78.5, 2.5], "uv_size": [0.5, -2.5], "uv_rotation": 180}
							}
						}
					]
				}
			]
		}
	]
}