{
	"format_version": "1.12.0",
	"minecraft:geometry": [
		{
			"description": {
				"identifier": "geometry.unknown",
				"texture_width": 512,
				"texture_height": 512,
				"visible_bounds_width": 4,
				"visible_bounds_height": 1.5,
				"visible_bounds_offset": [0, 0.25, 0]
			},
			"bones": [
				{
					"name": "scope_body",
					"pivot": [0.23383, 0.36141, -0.62429],
					"rotation": [0, -90, 0],
					"cubes": [
						{
							"origin": [-0.63521, 0.1515, -1.10856],
							"size": [2.128, 0.12768, 1.4896],
							"uv": {
								"north": {"uv": [415, 429], "uv_size": [10, 1]},
								"east": {"uv": [426, 432], "uv_size": [7, 1]},
								"south": {"uv": [438, 412], "uv_size": [10, 1]},
								"west": {"uv": [443, 426], "uv_size": [7, 1]},
								"up": {"uv": [409, 400], "uv_size": [10, 7]},
								"down": {"uv": [409, 414], "uv_size": [10, -7]}
							}
						},
						{
							"origin": [1.62047, 1.61982, -1.12984],
							"size": [0.12768, 0.12768, 1.53216],
							"pivot": [-0.16705, 1.61982, -1.12984],
							"rotation": [0, 0, 45],
							"uv": {
								"north": {"uv": [449, 424], "uv_size": [1, 1]},
								"east": {"uv": [443, 427], "uv_size": [7, 1]},
								"south": {"uv": [434, 440], "uv_size": [1, 1]},
								"west": {"uv": [437, 434], "uv_size": [7, 1]},
								"up": {"uv": [414, 431], "uv_size": [1, 7]},
								"down": {"uv": [409, 440], "uv_size": [1, -7]}
							}
						},
						{
							"origin": [1.13103, 1.23678, -1.2788],
							"size": [0.12768, 0.12768, 1.53216],
							"pivot": [-0.65649, 1.23678, -1.2788],
							"rotation": [0, 0, 45],
							"uv": {
								"north": {"uv": [449, 424], "uv_size": [1, 1]},
								"east": {"uv": [443, 427], "uv_size": [7, 1]},
								"south": {"uv": [434, 440], "uv_size": [1, 1]},
								"west": {"uv": [437, 434], "uv_size": [7, 1]},
								"up": {"uv": [414, 431], "uv_size": [1, 7]},
								"down": {"uv": [409, 440], "uv_size": [1, -7]}
							}
						},
						{
							"origin": [-0.63521, 0.30046, -1.10856],
							"size": [2.128, 0.14896, 1.4896],
							"uv": {
								"north": {"uv": [438, 413], "uv_size": [10, 1]},
								"east": {"uv": [443, 428], "uv_size": [7, 1]},
								"south": {"uv": [438, 414], "uv_size": [10, 1]},
								"west": {"uv": [443, 429], "uv_size": [7, 1]},
								"up": {"uv": [419, 400], "uv_size": [10, 7]},
								"down": {"uv": [419, 414], "uv_size": [10, -7]}
							}
						},
						{
							"origin": [-0.63521, 0.23662, -0.98088],
							"size": [2.00032, 0.2128, 1.23424],
							"uv": {
								"north": {"uv": [417, 432], "uv_size": [9, 1]},
								"east": {"uv": [443, 435], "uv_size": [6, 1]},
								"south": {"uv": [441, 409], "uv_size": [9, 1]},
								"west": {"uv": [444, 434], "uv_size": [6, 1]},
								"up": {"uv": [429, 412], "uv_size": [9, 6]},
								"down": {"uv": [429, 424], "uv_size": [9, -6]}
							}
						},
						{
							"origin": [-0.63521, 0.30046, -1.10856],
							"size": [0.34048, 1.12784, 0.08512],
							"uv": {
								"north": {"uv": [438, 415], "uv_size": [2, 5]},
								"east": {"uv": [410, 433], "uv_size": [1, 5]},
								"south": {"uv": [439, 400], "uv_size": [2, 5]},
								"west": {"uv": [411, 433], "uv_size": [1, 5]},
								"up": {"uv": [427, 425], "uv_size": [2, 1]},
								"down": {"uv": [425, 428], "uv_size": [2, -1]}
							}
						},
						{
							"origin": [-0.57137, 0.51326, -1.10962],
							"size": [0.34048, 0.48944, 0],
							"uv": {
								"north": {"uv": [39, 0], "uv_size": [218, 316]},
								"east": {"uv": [4, 0], "uv_size": [1, 5]},
								"south": {"uv": [2, 0], "uv_size": [2, 5]},
								"west": {"uv": [0, 5], "uv_size": [1, 5]},
								"up": {"uv": [5, 0], "uv_size": [2, 1]},
								"down": {"uv": [1, 6], "uv_size": [2, -1]}
							}
						},
						{
							"origin": [-0.63521, 1.4283, -1.06342],
							"size": [0.34048, 0.04514, 1.39932],
							"uv": {
								"north": {"uv": [448, 412], "uv_size": [2, 1]},
								"east": {"uv": [415, 435], "uv_size": [7, 1]},
								"south": {"uv": [448, 413], "uv_size": [2, 1]},
								"west": {"uv": [422, 435], "uv_size": [7, 1]},
								"up": {"uv": [433, 428], "uv_size": [2, 7]},
								"down": {"uv": [435, 435], "uv_size": [2, -7]}
							}
						},
						{
							"origin": [-0.63521, 1.70254, -1.77064],
							"size": [0.34048, 0.06384, 0.06384],
							"pivot": [-0.42241, 0.76622, -1.77064],
							"rotation": [-45, 0, 0],
							"uv": {
								"north": {"uv": [448, 414], "uv_size": [2, 1]},
								"east": {"uv": [449, 425], "uv_size": [1, 1]},
								"south": {"uv": [425, 439], "uv_size": [2, 1]},
								"west": {"uv": [435, 440], "uv_size": [1, 1]},
								"up": {"uv": [427, 439], "uv_size": [2, 1]},
								"down": {"uv": [429, 440], "uv_size": [2, -1]}
							}
						},
						{
							"origin": [-0.63521, 1.68126, -1.72808],
							"size": [0.34048, 0.12768, 0.06384],
							"pivot": [-0.42241, 0.76622, -1.77064],
							"rotation": [-45, 0, 0],
							"uv": {
								"north": {"uv": [448, 420], "uv_size": [2, 1]},
								"east": {"uv": [436, 440], "uv_size": [1, 1]},
								"south": {"uv": [448, 421], "uv_size": [2, 1]},
								"west": {"uv": [437, 440], "uv_size": [1, 1]},
								"up": {"uv": [431, 439], "uv_size": [2, 1]},
								"down": {"uv": [448, 423], "uv_size": [2, -1]}
							}
						},
						{
							"origin": [-0.63521, 1.57486, 0.99576],
							"size": [0.34048, 0.12768, 0.06384],
							"pivot": [-0.42241, 0.65982, 0.9532],
							"rotation": [45, 0, 0],
							"uv": {
								"north": {"uv": [448, 423], "uv_size": [2, 1]},
								"east": {"uv": [438, 440], "uv_size": [1, 1]},
								"south": {"uv": [433, 439], "uv_size": [2, 1]},
								"west": {"uv": [439, 440], "uv_size": [1, 1]},
								"up": {"uv": [435, 439], "uv_size": [2, 1]},
								"down": {"uv": [437, 440], "uv_size": [2, -1]}
							}
						},
						{
							"origin": [-0.63521, 1.70254, -0.37132],
							"size": [0.34048, 0.06384, 0.06384],
							"pivot": [-0.42241, 0.76622, -0.37132],
							"rotation": [-45, 0, 0],
							"uv": {
								"north": {"uv": [439, 439], "uv_size": [2, 1]},
								"east": {"uv": [440, 440], "uv_size": [1, 1]},
								"south": {"uv": [441, 439], "uv_size": [2, 1]},
								"west": {"uv": [441, 440], "uv_size": [1, 1]},
								"up": {"uv": [443, 439], "uv_size": [2, 1]},
								"down": {"uv": [446, 440], "uv_size": [2, -1]}
							}
						},
						{
							"origin": [-0.08481, 0.30046, -1.10856],
							"size": [-0.20992, 0.91658, 0.08512],
							"pivot": [-0.57137, 0.30046, -1.10856],
							"rotation": [0, 0, -12.5],
							"uv": {
								"north": {"uv": [445, 436], "uv_size": [1, 4]},
								"east": {"uv": [446, 405], "uv_size": [1, 4]},
								"south": {"uv": [415, 437], "uv_size": [1, 4]},
								"west": {"uv": [416, 437], "uv_size": [1, 4]},
								"up": {"uv": [442, 440], "uv_size": [1, 1]},
								"down": {"uv": [443, 441], "uv_size": [1, -1]}
							}
						},
						{
							"origin": [0.10959, 0.42814, -1.10856],
							"size": [0.27664, 0.14896, 0.08512],
							"pivot": [0.10959, -0.42306, -1.10856],
							"rotation": [0, 0, -30],
							"uv": {
								"north": {"uv": [444, 440], "uv_size": [1, 1]},
								"east": {"uv": [449, 435], "uv_size": [1, 1]},
								"south": {"uv": [445, 440], "uv_size": [1, 1]},
								"west": {"uv": [446, 440], "uv_size": [1, 1]},
								"up": {"uv": [447, 440], "uv_size": [1, 1]},
								"down": {"uv": [448, 441], "uv_size": [1, -1]}
							}
						},
						{
							"origin": [-0.63521, 0.30046, 0.29592],
							"size": [0.34048, 1.12784, 0.08512],
							"uv": {
								"north": {"uv": [439, 405], "uv_size": [2, 5]},
								"east": {"uv": [412, 433], "uv_size": [1, 5]},
								"south": {"uv": [415, 430], "uv_size": [2, 5]},
								"west": {"uv": [413, 433], "uv_size": [1, 5]},
								"up": {"uv": [448, 439], "uv_size": [2, 1]},
								"down": {"uv": [409, 441], "uv_size": [2, -1]}
							}
						},
						{
							"origin": [-0.08481, 0.30046, 0.29592],
							"size": [-0.20992, 0.91658, 0.08512],
							"pivot": [-0.57137, 0.30046, 0.3172],
							"rotation": [0, 0, -12.5],
							"uv": {
								"north": {"uv": [417, 437], "uv_size": [1, 4]},
								"east": {"uv": [418, 437], "uv_size": [1, 4]},
								"south": {"uv": [419, 437], "uv_size": [1, 4]},
								"west": {"uv": [420, 437], "uv_size": [1, 4]},
								"up": {"uv": [449, 440], "uv_size": [1, 1]},
								"down": {"uv": [409, 442], "uv_size": [1, -1]}
							}
						},
						{
							"origin": [0.10959, 0.42814, 0.29592],
							"size": [0.27664, 0.14896, 0.08512],
							"pivot": [0.10959, -0.42306, 0.3172],
							"rotation": [0, 0, -30],
							"uv": {
								"north": {"uv": [410, 441], "uv_size": [1, 1]},
								"east": {"uv": [415, 441], "uv_size": [1, 1]},
								"south": {"uv": [416, 441], "uv_size": [1, 1]},
								"west": {"uv": [417, 441], "uv_size": [1, 1]},
								"up": {"uv": [418, 441], "uv_size": [1, 1]},
								"down": {"uv": [450, 410], "uv_size": [1, -1]}
							}
						},
						{
							"origin": [-0.63521, 0.41281, 0.32875],
							"size": [2.128, 0.04256, 0.06384],
							"pivot": [-0.42241, 0.41281, 0.32875],
							"rotation": [35, 0, 0],
							"uv": {
								"north": {"uv": [417, 430], "uv_size": [10, 1]},
								"east": {"uv": [420, 441], "uv_size": [1, 1]},
								"south": {"uv": [439, 410], "uv_size": [10, 1]},
								"west": {"uv": [450, 411], "uv_size": [1, 1]},
								"up": {"uv": [439, 411], "uv_size": [10, 1]},
								"down": {"uv": [439, 425], "uv_size": [10, -1]}
							}
						},
						{
							"origin": [-0.63521, -0.25282, -0.81064],
							"size": [2.128, 0.40432, 1.19168],
							"uv": {
								"north": {"uv": [409, 421], "uv_size": [10, 2]},
								"east": {"uv": [437, 428], "uv_size": [6, 2]},
								"south": {"uv": [419, 421], "uv_size": [10, 2]},
								"west": {"uv": [409, 429], "uv_size": [6, 2]},
								"up": {"uv": [429, 400], "uv_size": [10, 6]},
								"down": {"uv": [429, 412], "uv_size": [10, -6]}
							}
						},
						{
							"origin": [-0.63521, -0.25282, -1.12984],
							"size": [2.128, 0.12768, 1.51088],
							"uv": {
								"north": {"uv": [439, 425], "uv_size": [10, 1]},
								"east": {"uv": [429, 435], "uv_size": [7, 1]},
								"south": {"uv": [437, 430], "uv_size": [10, 1]},
								"west": {"uv": [436, 435], "uv_size": [7, 1]},
								"up": {"uv": [409, 414], "uv_size": [10, 7]},
								"down": {"uv": [419, 421], "uv_size": [10, -7]}
							}
						},
						{
							"origin": [0.64159, -0.34889, -0.94046],
							"size": [0.8512, 0.12768, 0.12768],
							"pivot": [-0.42241, -0.07225, -0.91918],
							"rotation": [-45, 0, 0],
							"uv": {
								"north": {"uv": [421, 437], "uv_size": [4, 1]},
								"east": {"uv": [450, 412], "uv_size": [1, 1]},
								"south": {"uv": [425, 437], "uv_size": [4, 1]},
								"west": {"uv": [450, 413], "uv_size": [1, 1]},
								"up": {"uv": [429, 437], "uv_size": [4, 1]},
								"down": {"uv": [433, 438], "uv_size": [4, -1]}
							}
						},
						{
							"origin": [-0.63521, -0.34889, 0.38986],
							"size": [2.128, 0.12768, 0.12768],
							"pivot": [-0.42241, -0.07225, 0.41114],
							"rotation": [-45, 0, 0],
							"uv": {
								"north": {"uv": [417, 431], "uv_size": [10, 1]},
								"east": {"uv": [450, 414], "uv_size": [1, 1]},
								"south": {"uv": [440, 415], "uv_size": [10, 1]},
								"west": {"uv": [450, 415], "uv_size": [1, 1]},
								"up": {"uv": [440, 416], "uv_size": [10, 1]},
								"down": {"uv": [440, 418], "uv_size": [10, -1]}
							}
						},
						{
							"origin": [0.64159, -0.12514, -1.12984],
							"size": [0.8512, 0.14896, 0.14896],
							"uv": {
								"north": {"uv": [437, 437], "uv_size": [4, 1]},
								"east": {"uv": [450, 416], "uv_size": [1, 1]},
								"south": {"uv": [441, 437], "uv_size": [4, 1]},
								"west": {"uv": [450, 417], "uv_size": [1, 1]},
								"up": {"uv": [446, 436], "uv_size": [4, 1]},
								"down": {"uv": [446, 438], "uv_size": [4, -1]}
							}
						},
						{
							"origin": [-0.63521, -0.53324, -0.85872],
							"size": [2.128, 0.40432, 0.17024],
							"pivot": [-0.42241, -0.2566, -1.28432],
							"rotation": [50, 0, 0],
							"uv": {
								"north": {"uv": [409, 423], "uv_size": [10, 2]},
								"east": {"uv": [449, 410], "uv_size": [1, 2]},
								"south": {"uv": [419, 423], "uv_size": [10, 2]},
								"west": {"uv": [421, 440], "uv_size": [1, 2]},
								"up": {"uv": [440, 418], "uv_size": [10, 1]},
								"down": {"uv": [440, 420], "uv_size": [10, -1]}
							}
						},
						{
							"origin": [-0.63521, -0.49068, -0.85872],
							"size": [2.128, 0.36176, 0.29792],
							"pivot": [-0.42241, -0.2566, -1.28432],
							"rotation": [35, 0, 0],
							"uv": {
								"north": {"uv": [429, 424], "uv_size": [10, 2]},
								"east": {"uv": [422, 440], "uv_size": [1, 2]},
								"south": {"uv": [409, 425], "uv_size": [10, 2]},
								"west": {"uv": [423, 440], "uv_size": [1, 2]},
								"up": {"uv": [437, 431], "uv_size": [10, 1]},
								"down": {"uv": [441, 401], "uv_size": [10, -1]}
							}
						},
						{
							"origin": [-0.63521, -0.49484, -1.01097],
							"size": [2.128, 0.23023, 0.11861],
							"pivot": [-0.42241, -0.26076, -1.39401],
							"rotation": [35, 0, 0],
							"uv": {
								"north": {"uv": [441, 401], "uv_size": [10, 1]},
								"east": {"uv": [450, 418], "uv_size": [1, 1]},
								"south": {"uv": [441, 402], "uv_size": [10, 1]},
								"west": {"uv": [428, 441], "uv_size": [1, 1]},
								"up": {"uv": [441, 403], "uv_size": [10, 1]},
								"down": {"uv": [441, 405], "uv_size": [10, -1]}
							}
						},
						{
							"origin": [0.64159, 0.25728, -0.92737],
							"size": [0.8512, 0.10533, 0.10533],
							"pivot": [-0.42241, 0.38496, -1.31041],
							"rotation": [-45, 0, 0],
							"uv": {
								"north": {"uv": [410, 438], "uv_size": [4, 1]},
								"east": {"uv": [450, 419], "uv_size": [1, 1]},
								"south": {"uv": [447, 405], "uv_size": [4, 1]},
								"west": {"uv": [429, 441], "uv_size": [1, 1]},
								"up": {"uv": [447, 406], "uv_size": [4, 1]},
								"down": {"uv": [447, 408], "uv_size": [4, -1]}
							}
						},
						{
							"origin": [-0.63521, -0.34889, -0.94046],
							"size": [0.8512, 0.12768, 0.12768],
							"pivot": [-1.69921, -0.07225, -0.91918],
							"rotation": [-45, 0, 0],
							"uv": {
								"north": {"uv": [447, 408], "uv_size": [4, 1]},
								"east": {"uv": [450, 420], "uv_size": [1, 1]},
								"south": {"uv": [421, 438], "uv_size": [4, 1]},
								"west": {"uv": [430, 441], "uv_size": [1, 1]},
								"up": {"uv": [425, 438], "uv_size": [4, 1]},
								"down": {"uv": [429, 439], "uv_size": [4, -1]}
							}
						},
						{
							"origin": [-0.63521, 0.25728, -0.92737],
							"size": [0.8512, 0.10533, 0.10533],
							"pivot": [-1.69921, 0.38496, -1.31041],
							"rotation": [-45, 0, 0],
							"uv": {
								"north": {"uv": [433, 438], "uv_size": [4, 1]},
								"east": {"uv": [450, 421], "uv_size": [1, 1]},
								"south": {"uv": [437, 438], "uv_size": [4, 1]},
								"west": {"uv": [431, 441], "uv_size": [1, 1]},
								"up": {"uv": [447, 430], "uv_size": [4, 1]},
								"down": {"uv": [447, 432], "uv_size": [4, -1]}
							}
						},
						{
							"origin": [-0.63521, -0.12514, -1.12984],
							"size": [0.8512, 0.14896, 0.14896],
							"uv": {
								"north": {"uv": [441, 438], "uv_size": [4, 1]},
								"east": {"uv": [450, 422], "uv_size": [1, 1]},
								"south": {"uv": [446, 438], "uv_size": [4, 1]},
								"west": {"uv": [432, 441], "uv_size": [1, 1]},
								"up": {"uv": [410, 439], "uv_size": [4, 1]},
								"down": {"uv": [421, 440], "uv_size": [4, -1]}
							}
						},
						{
							"origin": [0.47135, -0.10751, -1.25752],
							"size": [1.10291, 0.13863, 0.12768],
							"uv": {
								"north": {"uv": [415, 436], "uv_size": [5, 1]},
								"east": {"uv": [450, 423], "uv_size": [1, 1]},
								"south": {"uv": [420, 436], "uv_size": [5, 1]},
								"west": {"uv": [433, 441], "uv_size": [1, 1]},
								"up": {"uv": [425, 436], "uv_size": [5, 1]},
								"down": {"uv": [430, 437], "uv_size": [5, -1]}
							}
						},
						{
							"origin": [2.19211, -2.36976, -1.25752],
							"size": [0.15777, 0.15777, 0.12768],
							"pivot": [-0.93605, -2.10558, -1.32136],
							"rotation": [0, 0, -45],
							"uv": {
								"north": {"uv": [428, 440], "uv_size": [1, 1]},
								"east": {"uv": [429, 440], "uv_size": [1, 1]},
								"south": {"uv": [430, 440], "uv_size": [1, 1]},
								"west": {"uv": [431, 440], "uv_size": [1, 1]},
								"up": {"uv": [432, 440], "uv_size": [1, 1]},
								"down": {"uv": [433, 441], "uv_size": [1, -1]}
							}
						},
						{
							"origin": [2.21704, -2.51355, -1.25752],
							"size": [0.14531, 0.14531, 0.12768],
							"pivot": [-0.93605, -2.26184, -1.32136],
							"rotation": [0, 0, -45],
							"uv": {
								"north": {"uv": [450, 424], "uv_size": [1, 1]},
								"east": {"uv": [434, 441], "uv_size": [1, 1]},
								"south": {"uv": [450, 425], "uv_size": [1, 1]},
								"west": {"uv": [435, 441], "uv_size": [1, 1]},
								"up": {"uv": [450, 426], "uv_size": [1, 1]},
								"down": {"uv": [436, 442], "uv_size": [1, -1]}
							}
						},
						{
							"origin": [-0.27345, -0.21026, -1.25752],
							"size": [1.73615, 0.35295, 0.12768],
							"uv": {
								"north": {"uv": [427, 430], "uv_size": [5, 2]},
								"east": {"uv": [424, 440], "uv_size": [1, 2]},
								"south": {"uv": [409, 431], "uv_size": [5, 2]},
								"west": {"uv": [425, 440], "uv_size": [1, 2]},
								"up": {"uv": [435, 436], "uv_size": [5, 1]},
								"down": {"uv": [440, 437], "uv_size": [5, -1]}
							}
						},
						{
							"origin": [0.3184, -0.21026, 0.99698],
							"size": [0.28911, 0.35295, 0.12768],
							"pivot": [-2.5544, 0.1515, 0.93314],
							"rotation": [0, 45, 0],
							"uv": {
								"north": {"uv": [441, 405], "uv_size": [5, 2]},
								"east": {"uv": [426, 440], "uv_size": [1, 2]},
								"south": {"uv": [441, 407], "uv_size": [5, 2]},
								"west": {"uv": [427, 440], "uv_size": [1, 2]},
								"up": {"uv": [445, 432], "uv_size": [5, 1]},
								"down": {"uv": [445, 434], "uv_size": [5, -1]}
							}
						}
					]
				},
				{
					"name": "bone",
					"parent": "scope_body",
					"pivot": [-0.42241, 0.44942, -1.10856],
					"cubes": [
						{
							"origin": [-0.63521, 0.44942, -1.10856],
							"size": [2.128, 0.04256, 0.06384],
							"pivot": [-0.42241, 0.44942, -1.10856],
							"rotation": [-35, 0, 0],
							"uv": {
								"north": {"uv": [438, 420], "uv_size": [10, 1]},
								"east": {"uv": [419, 441], "uv_size": [1, 1]},
								"south": {"uv": [438, 421], "uv_size": [10, 1]},
								"west": {"uv": [450, 410], "uv_size": [1, 1]},
								"up": {"uv": [438, 422], "uv_size": [10, 1]},
								"down": {"uv": [438, 424], "uv_size": [10, -1]}
							}
						}
					]
				},
				{
					"name": "bone2",
					"parent": "scope_body",
					"pivot": [-0.42241, 0.44942, -1.10856],
					"rotation": [-55, 0, 0],
					"cubes": [
						{
							"origin": [-0.10321, 0.48942, -1.12312],
							"size": [1.596, 0.46816, 0.08512],
							"pivot": [-0.42241, 0.48942, -1.12312],
							"rotation": [-30, 0, 0],
							"uv": {
								"north": {"uv": [419, 425], "uv_size": [8, 2]},
								"east": {"uv": [432, 430], "uv_size": [1, 2]},
								"south": {"uv": [427, 426], "uv_size": [8, 2]},
								"west": {"uv": [414, 438], "uv_size": [1, 2]},
								"up": {"uv": [437, 432], "uv_size": [8, 1]},
								"down": {"uv": [417, 434], "uv_size": [8, -1]}
							}
						},
						{
							"origin": [-0.10321, 0.89485, -0.88904],
							"size": [1.596, 0.50802, 0.08512],
							"pivot": [-0.42241, 0.89485, -0.88904],
							"rotation": [-35, 0, 0],
							"uv": {
								"north": {"uv": [435, 426], "uv_size": [8, 2]},
								"east": {"uv": [411, 440], "uv_size": [1, 2]},
								"south": {"uv": [409, 427], "uv_size": [8, 2]},
								"west": {"uv": [412, 440], "uv_size": [1, 2]},
								"up": {"uv": [425, 433], "uv_size": [8, 1]},
								"down": {"uv": [437, 434], "uv_size": [8, -1]}
							}
						},
						{
							"origin": [-0.10321, 1.311, -0.59765],
							"size": [1.596, 0.46816, 0.08512],
							"pivot": [-0.42241, 1.311, -0.59765],
							"rotation": [-40, 0, 0],
							"uv": {
								"north": {"uv": [417, 427], "uv_size": [8, 2]},
								"east": {"uv": [413, 440], "uv_size": [1, 2]},
								"south": {"uv": [425, 428], "uv_size": [8, 2]},
								"west": {"uv": [414, 440], "uv_size": [1, 2]},
								"up": {"uv": [417, 434], "uv_size": [8, 1]},
								"down": {"uv": [425, 435], "uv_size": [8, -1]}
							}
						}
					]
				},
				{
					"name": "ocular",
					"pivot": [0.05, -0.175, -0.25],
					"cubes": [
						{
							"origin": [-0.775, 0.325, -1.25],
							"size": [1.5, 1.1, 0],
							"uv": {
								"south": {"uv": [23, 0], "uv_size": [0, 0]}
							}
						}
					]
				},
				{
					"name": "scope_view",
					"pivot": [0, 0.95305, 5.26141]
				},
				{
					"name": "division",
					"pivot": [-0.025, -0.075, -37.6],
					"cubes": [
						{
							"origin": [-0.325, 0.625, -39.6],
							"size": [0.6, 0.6, 0],
							"uv": {
								"south": {"uv": [316, 59], "uv_size": [190, 190]}
							}
						}
					]
				}
			]
		}
	]
}