{
	"format_version": "1.21.0",
	"minecraft:geometry": [
		{
			"description": {
				"identifier": "geometry.unknown",
				"texture_width": 128,
				"texture_height": 128,
				"visible_bounds_width": 4,
				"visible_bounds_height": 1.5,
				"visible_bounds_offset": [0, 0.25, 0]
			},
			"bones": [
				{
					"name": "scope_body",
					"pivot": [0.5025, 0.49436, 0.23825],
					"rotation": [0, -90, 0],
					"cubes": [
						{
							"origin": [-2.35393, 0.17231, -0.23855],
							"size": [0.88781, 0.68805, 1.99757],
							"uv": {
								"north": {"uv": [29, 53], "uv_size": [4, 3]},
								"east": {"uv": [48, 18], "uv_size": [9, 3]},
								"south": {"uv": [33, 53], "uv_size": [4, 3]},
								"west": {"uv": [48, 21], "uv_size": [9, 3]},
								"up": {"uv": [10, 43], "uv_size": [4, 9]},
								"down": {"uv": [14, 52], "uv_size": [4, -9]}
							}
						},
						{
							"origin": [-3.68101, -2.0694, -0.14977],
							"size": [0.22195, 0.55488, 1.82001],
							"pivot": [-0.84003, -2.40233, -0.23855],
							"rotation": [0, 0, 55],
							"uv": {
								"north": {"uv": [4, 49], "uv_size": [1, 2]},
								"east": {"uv": [18, 51], "uv_size": [8, 2]},
								"south": {"uv": [21, 65], "uv_size": [1, 2]},
								"west": {"uv": [52, 0], "uv_size": [8, 2]},
								"up": {"uv": [11, 60], "uv_size": [1, 8]},
								"down": {"uv": [12, 68], "uv_size": [1, -8]}
							}
						},
						{
							"origin": [-2.02113, -0.20802, -0.14977],
							"size": [0.22195, 0.55488, 1.82001],
							"pivot": [-1.81662, -0.04964, -0.23855],
							"rotation": [0, 0, 35],
							"uv": {
								"north": {"uv": [22, 65], "uv_size": [1, 2]},
								"east": {"uv": [52, 2], "uv_size": [8, 2]},
								"south": {"uv": [23, 65], "uv_size": [1, 2]},
								"west": {"uv": [52, 4], "uv_size": [8, 2]},
								"up": {"uv": [13, 60], "uv_size": [1, 8]},
								"down": {"uv": [14, 68], "uv_size": [1, -8]}
							}
						},
						{
							"origin": [-2.19393, 0.06133, -0.14977],
							"size": [0.22195, 0.55488, 1.82001],
							"uv": {
								"north": {"uv": [24, 65], "uv_size": [1, 2]},
								"east": {"uv": [52, 6], "uv_size": [8, 2]},
								"south": {"uv": [25, 65], "uv_size": [1, 2]},
								"west": {"uv": [8, 52], "uv_size": [8, 2]},
								"up": {"uv": [15, 60], "uv_size": [1, 8]},
								"down": {"uv": [16, 68], "uv_size": [1, -8]}
							}
						},
						{
							"origin": [-1.8832, -0.31081, -0.14977],
							"size": [2.82278, 0.72727, 1.82001],
							"uv": {
								"north": {"uv": [52, 8], "uv_size": [5, 3]},
								"east": {"uv": [27, 15], "uv_size": [8, 3]},
								"south": {"uv": [52, 11], "uv_size": [5, 3]},
								"west": {"uv": [43, 48], "uv_size": [8, 3]},
								"up": {"uv": [0, 41], "uv_size": [5, 8]},
								"down": {"uv": [5, 51], "uv_size": [5, -8]}
							}
						},
						{
							"origin": [-2.19393, 1.48183, 1.58146],
							"size": [0.88781, 0.13317, 0.22195],
							"pivot": [0.64705, 0.94914, -0.19416],
							"rotation": [-40, 0, 0],
							"uv": {
								"north": {"uv": [22, 26], "uv_size": [4, 1]},
								"east": {"uv": [67, 45], "uv_size": [1, 1]},
								"south": {"uv": [0, 49], "uv_size": [4, 1]},
								"west": {"uv": [67, 46], "uv_size": [1, 1]},
								"up": {"uv": [0, 50], "uv_size": [4, 1]},
								"down": {"uv": [0, 65], "uv_size": [4, -1]}
							}
						},
						{
							"origin": [-2.19393, -0.93745, 0.60487],
							"size": [0.88781, 0.13317, 0.22195],
							"pivot": [0.64705, -1.47013, -1.17075],
							"rotation": [40, 0, 0],
							"uv": {
								"north": {"uv": [4, 64], "uv_size": [4, 1]},
								"east": {"uv": [47, 67], "uv_size": [1, 1]},
								"south": {"uv": [17, 64], "uv_size": [4, 1]},
								"west": {"uv": [67, 47], "uv_size": [1, 1]},
								"up": {"uv": [21, 64], "uv_size": [4, 1]},
								"down": {"uv": [25, 65], "uv_size": [4, -1]}
							}
						},
						{
							"origin": [-2.24296, 2.25866, -0.23855],
							"size": [0.15537, 0.08878, 1.99757],
							"pivot": [-0.13441, 1.45963, -0.23855],
							"rotation": [0, 0, -38],
							"uv": {
								"north": {"uv": [48, 67], "uv_size": [1, 1]},
								"east": {"uv": [51, 57], "uv_size": [9, 1]},
								"south": {"uv": [67, 48], "uv_size": [1, 1]},
								"west": {"uv": [0, 58], "uv_size": [9, 1]},
								"up": {"uv": [9, 58], "uv_size": [1, 9]},
								"down": {"uv": [10, 67], "uv_size": [1, -9]}
							}
						},
						{
							"origin": [-2.22076, 0.74939, -0.23855],
							"size": [3.26733, 0.19976, 1.99757],
							"uv": {
								"north": {"uv": [51, 50], "uv_size": [14, 1]},
								"east": {"uv": [11, 58], "uv_size": [9, 1]},
								"south": {"uv": [52, 51], "uv_size": [14, 1]},
								"west": {"uv": [20, 58], "uv_size": [9, 1]},
								"up": {"uv": [0, 0], "uv_size": [14, 9]},
								"down": {"uv": [0, 18], "uv_size": [14, -9]}
							}
						},
						{
							"origin": [-0.68466, 2.0811, 0.11658],
							"size": [1.59805, 0.17756, 1.30952],
							"uv": {
								"north": {"uv": [22, 55], "uv_size": [7, 1]},
								"east": {"uv": [41, 60], "uv_size": [6, 1]},
								"south": {"uv": [60, 48], "uv_size": [7, 1]},
								"west": {"uv": [41, 61], "uv_size": [6, 1]},
								"up": {"uv": [33, 39], "uv_size": [7, 6]},
								"down": {"uv": [40, 45], "uv_size": [7, -6]}
							}
						},
						{
							"origin": [0.91339, 0.74939, -0.06099],
							"size": [0.28854, 0.26634, 1.66464],
							"pivot": [1.20193, 0.74939, -0.23855],
							"rotation": [0, 0, -37.5],
							"uv": {
								"north": {"uv": [67, 49], "uv_size": [1, 1]},
								"east": {"uv": [17, 60], "uv_size": [8, 1]},
								"south": {"uv": [67, 50], "uv_size": [1, 1]},
								"west": {"uv": [25, 60], "uv_size": [8, 1]},
								"up": {"uv": [33, 60], "uv_size": [1, 8]},
								"down": {"uv": [34, 68], "uv_size": [1, -8]}
							}
						},
						{
							"origin": [0.91339, 0.74939, -0.23855],
							"size": [0.28854, 0.48829, 0.17756],
							"pivot": [1.20193, 0.74939, -0.23855],
							"rotation": [0, 0, -37.5],
							"uv": {
								"north": {"uv": [26, 65], "uv_size": [1, 2]},
								"east": {"uv": [27, 65], "uv_size": [1, 2]},
								"south": {"uv": [28, 65], "uv_size": [1, 2]},
								"west": {"uv": [51, 65], "uv_size": [1, 2]},
								"up": {"uv": [51, 67], "uv_size": [1, 1]},
								"down": {"uv": [52, 68], "uv_size": [1, -1]}
							}
						},
						{
							"origin": [-0.70686, 0.74939, -0.23855],
							"size": [1.62025, 1.15415, 0.17756],
							"uv": {
								"north": {"uv": [44, 27], "uv_size": [7, 5]},
								"east": {"uv": [31, 61], "uv_size": [1, 5]},
								"south": {"uv": [45, 4], "uv_size": [7, 5]},
								"west": {"uv": [32, 61], "uv_size": [1, 5]},
								"up": {"uv": [49, 60], "uv_size": [7, 1]},
								"down": {"uv": [60, 50], "uv_size": [7, -1]}
							}
						},
						{
							"origin": [-1.23954, 0.01694, -0.30513],
							"size": [2.50806, 0.75464, 0.04439],
							"uv": {
								"north": {"uv": [34, 45], "uv_size": [11, 3]},
								"east": {"uv": [26, 47], "uv_size": [1, 3]},
								"south": {"uv": [45, 45], "uv_size": [11, 3]},
								"west": {"uv": [1, 65], "uv_size": [1, 3]},
								"up": {"uv": [0, 54], "uv_size": [11, 1]},
								"down": {"uv": [11, 55], "uv_size": [11, -1]}
							}
						},
						{
							"origin": [-1.23954, 0.01694, -0.37172],
							"size": [1.66464, 0.75464, 0.11098],
							"uv": {
								"north": {"uv": [26, 50], "uv_size": [8, 3]},
								"east": {"uv": [2, 65], "uv_size": [1, 3]},
								"south": {"uv": [0, 51], "uv_size": [8, 3]},
								"west": {"uv": [3, 65], "uv_size": [1, 3]},
								"up": {"uv": [60, 31], "uv_size": [8, 1]},
								"down": {"uv": [60, 33], "uv_size": [8, -1]}
							}
						},
						{
							"origin": [-1.23954, 0.01694, -0.37172],
							"size": [2.50806, 0.13317, 0.11098],
							"uv": {
								"north": {"uv": [37, 54], "uv_size": [11, 1]},
								"east": {"uv": [67, 52], "uv_size": [1, 1]},
								"south": {"uv": [48, 54], "uv_size": [11, 1]},
								"west": {"uv": [53, 67], "uv_size": [1, 1]},
								"up": {"uv": [0, 55], "uv_size": [11, 1]},
								"down": {"uv": [11, 56], "uv_size": [11, -1]}
							}
						},
						{
							"origin": [0.869, 0.01694, -0.37172],
							"size": [0.39951, 0.75464, 0.11098],
							"uv": {
								"north": {"uv": [43, 4], "uv_size": [2, 3]},
								"east": {"uv": [4, 65], "uv_size": [1, 3]},
								"south": {"uv": [7, 61], "uv_size": [2, 3]},
								"west": {"uv": [5, 65], "uv_size": [1, 3]},
								"up": {"uv": [8, 51], "uv_size": [2, 1]},
								"down": {"uv": [16, 53], "uv_size": [2, -1]}
							}
						},
						{
							"origin": [-1.32832, -0.20501, -0.37172],
							"size": [0.31073, 0.91, 0.11098],
							"pivot": [1.17974, 0.08353, -0.37172],
							"rotation": [0, 0, 22.5],
							"uv": {
								"north": {"uv": [8, 64], "uv_size": [1, 4]},
								"east": {"uv": [35, 64], "uv_size": [1, 4]},
								"south": {"uv": [36, 64], "uv_size": [1, 4]},
								"west": {"uv": [37, 64], "uv_size": [1, 4]},
								"up": {"uv": [54, 67], "uv_size": [1, 1]},
								"down": {"uv": [55, 68], "uv_size": [1, -1]}
							}
						},
						{
							"origin": [-1.23954, 0.01694, 1.78122],
							"size": [2.50806, 0.75464, 0.11098],
							"uv": {
								"north": {"uv": [47, 39], "uv_size": [11, 3]},
								"east": {"uv": [6, 65], "uv_size": [1, 3]},
								"south": {"uv": [47, 42], "uv_size": [11, 3]},
								"west": {"uv": [7, 65], "uv_size": [1, 3]},
								"up": {"uv": [55, 33], "uv_size": [11, 1]},
								"down": {"uv": [55, 35], "uv_size": [11, -1]}
							}
						},
						{
							"origin": [-1.32832, -0.20501, 1.78122],
							"size": [0.31073, 0.91, 0.11098],
							"pivot": [1.17974, 0.08353, 1.78122],
							"rotation": [0, 0, 22.5],
							"uv": {
								"north": {"uv": [38, 64], "uv_size": [1, 4]},
								"east": {"uv": [41, 64], "uv_size": [1, 4]},
								"south": {"uv": [42, 64], "uv_size": [1, 4]},
								"west": {"uv": [43, 64], "uv_size": [1, 4]},
								"up": {"uv": [56, 67], "uv_size": [1, 1]},
								"down": {"uv": [57, 68], "uv_size": [1, -1]}
							}
						},
						{
							"origin": [-0.46271, -0.18281, -0.32733],
							"size": [1.3761, 0.24415, 0.11098],
							"uv": {
								"north": {"uv": [41, 62], "uv_size": [6, 1]},
								"east": {"uv": [67, 57], "uv_size": [1, 1]},
								"south": {"uv": [17, 63], "uv_size": [6, 1]},
								"west": {"uv": [58, 67], "uv_size": [1, 1]},
								"up": {"uv": [23, 63], "uv_size": [6, 1]},
								"down": {"uv": [41, 64], "uv_size": [6, -1]}
							}
						},
						{
							"origin": [-0.90661, -0.40476, -0.4383],
							"size": [0.37732, 0.39951, 0.11098],
							"uv": {
								"north": {"uv": [36, 7], "uv_size": [2, 2]},
								"east": {"uv": [52, 65], "uv_size": [1, 2]},
								"south": {"uv": [31, 43], "uv_size": [2, 2]},
								"west": {"uv": [53, 65], "uv_size": [1, 2]},
								"up": {"uv": [65, 50], "uv_size": [2, 1]},
								"down": {"uv": [65, 53], "uv_size": [2, -1]}
							}
						},
						{
							"origin": [-0.90661, -0.53794, -0.4383],
							"size": [0.4661, 0.39951, 0.11098],
							"uv": {
								"north": {"uv": [44, 64], "uv_size": [2, 2]},
								"east": {"uv": [54, 65], "uv_size": [1, 2]},
								"south": {"uv": [49, 64], "uv_size": [2, 2]},
								"west": {"uv": [55, 65], "uv_size": [1, 2]},
								"up": {"uv": [56, 65], "uv_size": [2, 1]},
								"down": {"uv": [65, 65], "uv_size": [2, -1]}
							}
						},
						{
							"origin": [-0.65514, 0.40691, -0.3644],
							"size": [0.09166, 0.10476, 0.06547],
							"pivot": [0.23533, 0.65573, -0.3644],
							"rotation": [0, 0, -45],
							"uv": {
								"north": {"uv": [67, 58], "uv_size": [1, 1]},
								"east": {"uv": [67, 59], "uv_size": [1, 1]},
								"south": {"uv": [67, 63], "uv_size": [1, 1]},
								"west": {"uv": [67, 64], "uv_size": [1, 1]},
								"up": {"uv": [65, 67], "uv_size": [1, 1]},
								"down": {"uv": [66, 68], "uv_size": [1, -1]}
							}
						},
						{
							"origin": [0.12169, 0.40691, -0.3644],
							"size": [0.09166, 0.10476, 0.06547],
							"pivot": [1.01216, 0.65573, -0.3644],
							"rotation": [0, 0, -45],
							"uv": {
								"north": {"uv": [67, 67], "uv_size": [1, 1]},
								"east": {"uv": [1, 68], "uv_size": [1, 1]},
								"south": {"uv": [2, 68], "uv_size": [1, 1]},
								"west": {"uv": [3, 68], "uv_size": [1, 1]},
								"up": {"uv": [4, 68], "uv_size": [1, 1]},
								"down": {"uv": [5, 69], "uv_size": [1, -1]}
							}
						},
						{
							"origin": [0.5434, 0.29593, -0.3644],
							"size": [0.06947, 0.3489, 0.06547],
							"uv": {
								"north": {"uv": [67, 67], "uv_size": [1, 1]},
								"east": {"uv": [1, 68], "uv_size": [1, 1]},
								"south": {"uv": [2, 68], "uv_size": [1, 1]},
								"west": {"uv": [3, 68], "uv_size": [1, 1]},
								"up": {"uv": [4, 68], "uv_size": [1, 1]},
								"down": {"uv": [5, 69], "uv_size": [1, -1]}
							}
						},
						{
							"origin": [0.69876, 0.29593, -0.3644],
							"size": [0.06947, 0.3489, 0.06547],
							"uv": {
								"north": {"uv": [67, 67], "uv_size": [1, 1]},
								"east": {"uv": [1, 68], "uv_size": [1, 1]},
								"south": {"uv": [2, 68], "uv_size": [1, 1]},
								"west": {"uv": [3, 68], "uv_size": [1, 1]},
								"up": {"uv": [4, 68], "uv_size": [1, 1]},
								"down": {"uv": [5, 69], "uv_size": [1, -1]}
							}
						},
						{
							"origin": [0.69876, 0.65106, -0.3422],
							"size": [0.06947, 0.3489, 0.06547],
							"pivot": [1.01216, 0.65573, -0.3644],
							"rotation": [-50, 0, 0],
							"uv": {
								"north": {"uv": [67, 67], "uv_size": [1, 1]},
								"east": {"uv": [1, 68], "uv_size": [1, 1]},
								"south": {"uv": [2, 68], "uv_size": [1, 1]},
								"west": {"uv": [3, 68], "uv_size": [1, 1]},
								"up": {"uv": [4, 68], "uv_size": [1, 1]},
								"down": {"uv": [5, 69], "uv_size": [1, -1]}
							}
						},
						{
							"origin": [0.5434, 0.65106, -0.3422],
							"size": [0.06947, 0.3489, 0.06547],
							"pivot": [1.01216, 0.65573, -0.3644],
							"rotation": [-50, 0, 0],
							"uv": {
								"north": {"uv": [67, 67], "uv_size": [1, 1]},
								"east": {"uv": [1, 68], "uv_size": [1, 1]},
								"south": {"uv": [2, 68], "uv_size": [1, 1]},
								"west": {"uv": [3, 68], "uv_size": [1, 1]},
								"up": {"uv": [4, 68], "uv_size": [1, 1]},
								"down": {"uv": [5, 69], "uv_size": [1, -1]}
							}
						},
						{
							"origin": [-0.19637, -0.53794, -0.52708],
							"size": [0.79903, 0.39951, 0.11098],
							"uv": {
								"north": {"uv": [5, 41], "uv_size": [4, 2]},
								"east": {"uv": [58, 65], "uv_size": [1, 2]},
								"south": {"uv": [27, 43], "uv_size": [4, 2]},
								"west": {"uv": [65, 65], "uv_size": [1, 2]},
								"up": {"uv": [51, 64], "uv_size": [4, 1]},
								"down": {"uv": [55, 65], "uv_size": [4, -1]}
							}
						},
						{
							"origin": [-0.57368, -0.53794, -0.88221],
							"size": [0.33293, 0.39951, 0.11098],
							"pivot": [0.93559, -0.11623, -0.88221],
							"rotation": [0, 17.5, 0],
							"uv": {
								"north": {"uv": [31, 66], "uv_size": [1, 2]},
								"east": {"uv": [32, 66], "uv_size": [1, 2]},
								"south": {"uv": [66, 33], "uv_size": [1, 2]},
								"west": {"uv": [66, 35], "uv_size": [1, 2]},
								"up": {"uv": [6, 68], "uv_size": [1, 1]},
								"down": {"uv": [7, 69], "uv_size": [1, -1]}
							}
						},
						{
							"origin": [0.53608, -0.53794, -0.06099],
							"size": [0.33293, 0.39951, 0.11098],
							"pivot": [2.04535, -0.11623, -0.06099],
							"rotation": [0, -17.5, 0],
							"uv": {
								"north": {"uv": [66, 37], "uv_size": [1, 2]},
								"east": {"uv": [44, 66], "uv_size": [1, 2]},
								"south": {"uv": [45, 66], "uv_size": [1, 2]},
								"west": {"uv": [49, 66], "uv_size": [1, 2]},
								"up": {"uv": [8, 68], "uv_size": [1, 1]},
								"down": {"uv": [68, 9], "uv_size": [1, -1]}
							}
						},
						{
							"origin": [0.53608, -0.53794, -0.06099],
							"size": [0.4661, 0.22195, 0.11098],
							"pivot": [2.04535, -0.11623, -0.06099],
							"rotation": [0, -17.5, 0],
							"uv": {
								"north": {"uv": [66, 51], "uv_size": [2, 1]},
								"east": {"uv": [9, 68], "uv_size": [1, 1]},
								"south": {"uv": [56, 66], "uv_size": [2, 1]},
								"west": {"uv": [68, 9], "uv_size": [1, 1]},
								"up": {"uv": [66, 56], "uv_size": [2, 1]},
								"down": {"uv": [66, 66], "uv_size": [2, -1]}
							}
						},
						{
							"origin": [0.97998, 0.34987, -0.06099],
							"size": [0.11098, 0.22195, 0.11098],
							"pivot": [2.04535, -0.11623, -0.06099],
							"rotation": [10.74423, -13.89565, -38.31309],
							"uv": {
								"north": {"uv": [10, 68], "uv_size": [1, 1]},
								"east": {"uv": [11, 68], "uv_size": [1, 1]},
								"south": {"uv": [12, 68], "uv_size": [1, 1]},
								"west": {"uv": [68, 12], "uv_size": [1, 1]},
								"up": {"uv": [13, 68], "uv_size": [1, 1]},
								"down": {"uv": [68, 14], "uv_size": [1, -1]}
							}
						},
						{
							"origin": [-0.9732, 0.37207, -0.4383],
							"size": [0.37732, 0.15537, 0.11098],
							"pivot": [0.53608, 0.41646, -0.4383],
							"rotation": [0, 0, -27.5],
							"uv": {
								"north": {"uv": [66, 66], "uv_size": [2, 1]},
								"east": {"uv": [14, 68], "uv_size": [1, 1]},
								"south": {"uv": [9, 67], "uv_size": [2, 1]},
								"west": {"uv": [68, 14], "uv_size": [1, 1]},
								"up": {"uv": [67, 10], "uv_size": [2, 1]},
								"down": {"uv": [67, 12], "uv_size": [2, -1]}
							}
						},
						{
							"origin": [0.73583, -0.51574, -0.32733],
							"size": [0.26634, 0.24415, 0.11098],
							"pivot": [1.3573, -0.2272, -0.32733],
							"rotation": [0, 0, 45],
							"uv": {
								"north": {"uv": [15, 68], "uv_size": [1, 1]},
								"east": {"uv": [68, 15], "uv_size": [1, 1]},
								"south": {"uv": [16, 68], "uv_size": [1, 1]},
								"west": {"uv": [68, 16], "uv_size": [1, 1]},
								"up": {"uv": [17, 68], "uv_size": [1, 1]},
								"down": {"uv": [68, 18], "uv_size": [1, -1]}
							}
						},
						{
							"origin": [-0.61807, -0.51574, -0.32733],
							"size": [0.26634, 0.24415, 0.11098],
							"pivot": [0.00339, -0.2272, -0.32733],
							"rotation": [0, 0, 45],
							"uv": {
								"north": {"uv": [18, 68], "uv_size": [1, 1]},
								"east": {"uv": [68, 18], "uv_size": [1, 1]},
								"south": {"uv": [19, 68], "uv_size": [1, 1]},
								"west": {"uv": [68, 19], "uv_size": [1, 1]},
								"up": {"uv": [20, 68], "uv_size": [1, 1]},
								"down": {"uv": [68, 21], "uv_size": [1, -1]}
							}
						},
						{
							"origin": [-0.86222, 0.01694, 1.78122],
							"size": [2.17513, 0.48829, 0.11098],
							"uv": {
								"north": {"uv": [51, 27], "uv_size": [10, 2]},
								"east": {"uv": [50, 66], "uv_size": [1, 2]},
								"south": {"uv": [51, 29], "uv_size": [10, 2]},
								"west": {"uv": [67, 12], "uv_size": [1, 2]},
								"up": {"uv": [38, 14], "uv_size": [10, 1]},
								"down": {"uv": [57, 11], "uv_size": [10, -1]}
							}
						},
						{
							"origin": [-0.90661, 0.77158, -0.37172],
							"size": [1.88659, 0.88781, 0.11098],
							"uv": {
								"north": {"uv": [43, 0], "uv_size": [9, 4]},
								"east": {"uv": [46, 64], "uv_size": [1, 4]},
								"south": {"uv": [18, 43], "uv_size": [9, 4]},
								"west": {"uv": [59, 64], "uv_size": [1, 4]},
								"up": {"uv": [29, 58], "uv_size": [9, 1]},
								"down": {"uv": [38, 59], "uv_size": [9, -1]}
							}
						},
						{
							"origin": [-0.90661, 0.01694, 1.78122],
							"size": [1.88659, 1.97537, 0.11098],
							"uv": {
								"north": {"uv": [26, 18], "uv_size": [9, 9]},
								"east": {"uv": [47, 58], "uv_size": [1, 9]},
								"south": {"uv": [27, 0], "uv_size": [9, 9]},
								"west": {"uv": [48, 58], "uv_size": [1, 9]},
								"up": {"uv": [58, 39], "uv_size": [9, 1]},
								"down": {"uv": [58, 41], "uv_size": [9, -1]}
							}
						},
						{
							"origin": [-0.90661, 1.77037, -0.32733],
							"size": [1.88659, 0.26634, 0.11098],
							"uv": {
								"north": {"uv": [58, 41], "uv_size": [9, 1]},
								"east": {"uv": [21, 68], "uv_size": [1, 1]},
								"south": {"uv": [58, 42], "uv_size": [9, 1]},
								"west": {"uv": [68, 21], "uv_size": [1, 1]},
								"up": {"uv": [58, 43], "uv_size": [9, 1]},
								"down": {"uv": [58, 45], "uv_size": [9, -1]}
							}
						},
						{
							"origin": [-0.90661, 1.63719, -0.28294],
							"size": [1.88659, 0.15537, 0.11098],
							"pivot": [1.26852, 1.92573, -0.28294],
							"rotation": [-17.5, 0, 0],
							"uv": {
								"north": {"uv": [49, 58], "uv_size": [9, 1]},
								"east": {"uv": [22, 68], "uv_size": [1, 1]},
								"south": {"uv": [58, 58], "uv_size": [9, 1]},
								"west": {"uv": [68, 23], "uv_size": [1, 1]},
								"up": {"uv": [0, 59], "uv_size": [9, 1]},
								"down": {"uv": [11, 60], "uv_size": [9, -1]}
							}
						},
						{
							"origin": [-0.90661, 1.99232, -0.19416],
							"size": [1.88659, 0.17756, 0.11098],
							"pivot": [1.26852, 2.28085, -0.19416],
							"rotation": [-27.5, 0, 0],
							"uv": {
								"north": {"uv": [20, 59], "uv_size": [9, 1]},
								"east": {"uv": [68, 24], "uv_size": [1, 1]},
								"south": {"uv": [29, 59], "uv_size": [9, 1]},
								"west": {"uv": [68, 25], "uv_size": [1, 1]},
								"up": {"uv": [38, 59], "uv_size": [9, 1]},
								"down": {"uv": [49, 60], "uv_size": [9, -1]}
							}
						},
						{
							"origin": [-0.90661, 1.90354, 1.64804],
							"size": [1.88659, 0.17756, 0.11098],
							"pivot": [1.26852, 2.19207, 1.64804],
							"rotation": [27.5, 0, 0],
							"uv": {
								"north": {"uv": [59, 54], "uv_size": [9, 1]},
								"east": {"uv": [68, 26], "uv_size": [1, 1]},
								"south": {"uv": [59, 55], "uv_size": [9, 1]},
								"west": {"uv": [68, 27], "uv_size": [1, 1]},
								"up": {"uv": [58, 59], "uv_size": [9, 1]},
								"down": {"uv": [0, 61], "uv_size": [9, -1]}
							}
						},
						{
							"origin": [-0.90661, 2.03671, -0.0166],
							"size": [1.88659, 0.37732, 0.11098],
							"pivot": [1.26852, 2.32525, -0.0166],
							"rotation": [-57.5, 0, 0],
							"uv": {
								"north": {"uv": [51, 31], "uv_size": [9, 2]},
								"east": {"uv": [67, 14], "uv_size": [1, 2]},
								"south": {"uv": [34, 51], "uv_size": [9, 2]},
								"west": {"uv": [67, 16], "uv_size": [1, 2]},
								"up": {"uv": [60, 0], "uv_size": [9, 1]},
								"down": {"uv": [60, 2], "uv_size": [9, -1]}
							}
						},
						{
							"origin": [-0.90661, 1.92573, 1.49268],
							"size": [1.88659, 0.37732, 0.11098],
							"pivot": [1.26852, 2.21427, 1.49268],
							"rotation": [57.5, 0, 0],
							"uv": {
								"north": {"uv": [43, 51], "uv_size": [9, 2]},
								"east": {"uv": [67, 18], "uv_size": [1, 2]},
								"south": {"uv": [51, 48], "uv_size": [9, 2]},
								"west": {"uv": [67, 20], "uv_size": [1, 2]},
								"up": {"uv": [60, 2], "uv_size": [9, 1]},
								"down": {"uv": [60, 4], "uv_size": [9, -1]}
							}
						},
						{
							"origin": [-0.90661, 2.25866, 0.04999],
							"size": [1.88659, 0.11098, 1.42049],
							"uv": {
								"north": {"uv": [60, 4], "uv_size": [9, 1]},
								"east": {"uv": [49, 63], "uv_size": [6, 1]},
								"south": {"uv": [60, 5], "uv_size": [9, 1]},
								"west": {"uv": [55, 63], "uv_size": [6, 1]},
								"up": {"uv": [33, 33], "uv_size": [9, 6]},
								"down": {"uv": [0, 41], "uv_size": [9, -6]}
							}
						},
						{
							"origin": [-0.90661, -0.09403, -0.0166],
							"size": [2.17513, 0.28854, 0.11098],
							"pivot": [1.26852, -0.27159, -0.0166],
							"rotation": [50, 0, 0],
							"uv": {
								"north": {"uv": [11, 57], "uv_size": [10, 1]},
								"east": {"uv": [68, 28], "uv_size": [1, 1]},
								"south": {"uv": [57, 11], "uv_size": [10, 1]},
								"west": {"uv": [29, 68], "uv_size": [1, 1]},
								"up": {"uv": [57, 12], "uv_size": [10, 1]},
								"down": {"uv": [57, 14], "uv_size": [10, -1]}
							}
						},
						{
							"origin": [-0.90661, -0.02745, 1.47048],
							"size": [2.17513, 0.28854, 0.11098],
							"pivot": [1.26852, -0.20501, 1.47048],
							"rotation": [-50, 0, 0],
							"uv": {
								"north": {"uv": [57, 18], "uv_size": [10, 1]},
								"east": {"uv": [68, 29], "uv_size": [1, 1]},
								"south": {"uv": [57, 19], "uv_size": [10, 1]},
								"west": {"uv": [30, 68], "uv_size": [1, 1]},
								"up": {"uv": [57, 20], "uv_size": [10, 1]},
								"down": {"uv": [21, 58], "uv_size": [10, -1]}
							}
						},
						{
							"origin": [-0.90661, -0.04964, 1.62585],
							"size": [2.17513, 0.22195, 0.11098],
							"pivot": [1.26852, -0.36037, 1.62585],
							"rotation": [-17.5, 0, 0],
							"uv": {
								"north": {"uv": [57, 21], "uv_size": [10, 1]},
								"east": {"uv": [68, 30], "uv_size": [1, 1]},
								"south": {"uv": [57, 22], "uv_size": [10, 1]},
								"west": {"uv": [31, 68], "uv_size": [1, 1]},
								"up": {"uv": [57, 23], "uv_size": [10, 1]},
								"down": {"uv": [57, 25], "uv_size": [10, -1]}
							}
						},
						{
							"origin": [-0.90661, 0.03914, 1.29292],
							"size": [2.17513, 0.22195, 0.11098],
							"pivot": [1.26852, -0.27159, 1.29292],
							"rotation": [-60, 0, 0],
							"uv": {
								"north": {"uv": [57, 25], "uv_size": [10, 1]},
								"east": {"uv": [68, 31], "uv_size": [1, 1]},
								"south": {"uv": [57, 26], "uv_size": [10, 1]},
								"west": {"uv": [32, 68], "uv_size": [1, 1]},
								"up": {"uv": [31, 57], "uv_size": [10, 1]},
								"down": {"uv": [41, 58], "uv_size": [10, -1]}
							}
						},
						{
							"origin": [0.869, 0.74939, -0.37172],
							"size": [0.33293, 0.9322, 0.11098],
							"pivot": [1.20193, 0.97134, -0.37172],
							"rotation": [0, 0, -17.5],
							"uv": {
								"north": {"uv": [35, 60], "uv_size": [2, 4]},
								"east": {"uv": [60, 64], "uv_size": [1, 4]},
								"south": {"uv": [37, 60], "uv_size": [2, 4]},
								"west": {"uv": [61, 64], "uv_size": [1, 4]},
								"up": {"uv": [21, 67], "uv_size": [2, 1]},
								"down": {"uv": [67, 23], "uv_size": [2, -1]}
							}
						},
						{
							"origin": [-0.4849, 0.74939, 1.78122],
							"size": [1.62025, 1.26513, 0.11098],
							"pivot": [1.13535, 1.30427, 1.78122],
							"rotation": [0, 0, -12.5],
							"uv": {
								"north": {"uv": [36, 0], "uv_size": [7, 7]},
								"east": {"uv": [39, 60], "uv_size": [1, 7]},
								"south": {"uv": [38, 7], "uv_size": [7, 7]},
								"west": {"uv": [40, 60], "uv_size": [1, 7]},
								"up": {"uv": [44, 32], "uv_size": [7, 1]},
								"down": {"uv": [22, 55], "uv_size": [7, -1]}
							}
						},
						{
							"origin": [-0.70686, 1.90354, -0.23855],
							"size": [1.62025, 0.26634, 0.17756],
							"pivot": [0.91339, 1.90354, -0.23855],
							"rotation": [-25, 0, 0],
							"uv": {
								"north": {"uv": [56, 60], "uv_size": [7, 1]},
								"east": {"uv": [68, 32], "uv_size": [1, 1]},
								"south": {"uv": [60, 57], "uv_size": [7, 1]},
								"west": {"uv": [33, 68], "uv_size": [1, 1]},
								"up": {"uv": [0, 61], "uv_size": [7, 1]},
								"down": {"uv": [17, 62], "uv_size": [7, -1]}
							}
						},
						{
							"origin": [-0.70686, 2.14768, -0.12757],
							"size": [1.62025, 0.26634, 0.17756],
							"pivot": [0.91339, 2.14768, -0.12757],
							"rotation": [-65, 0, 0],
							"uv": {
								"north": {"uv": [24, 61], "uv_size": [7, 1]},
								"east": {"uv": [68, 33], "uv_size": [1, 1]},
								"south": {"uv": [61, 27], "uv_size": [7, 1]},
								"west": {"uv": [34, 68], "uv_size": [1, 1]},
								"up": {"uv": [61, 28], "uv_size": [7, 1]},
								"down": {"uv": [61, 30], "uv_size": [7, -1]}
							}
						},
						{
							"origin": [-0.70686, 0.74939, 1.58146],
							"size": [1.62025, 1.15415, 0.17756],
							"uv": {
								"north": {"uv": [45, 9], "uv_size": [7, 5]},
								"east": {"uv": [29, 63], "uv_size": [1, 5]},
								"south": {"uv": [27, 45], "uv_size": [7, 5]},
								"west": {"uv": [30, 63], "uv_size": [1, 5]},
								"up": {"uv": [56, 62], "uv_size": [7, 1]},
								"down": {"uv": [0, 64], "uv_size": [7, -1]}
							}
						},
						{
							"origin": [0.91339, 0.74939, 1.58146],
							"size": [0.28854, 0.48829, 0.17756],
							"pivot": [1.20193, 0.74939, 1.58146],
							"rotation": [0, 0, -37.5],
							"uv": {
								"north": {"uv": [23, 67], "uv_size": [1, 2]},
								"east": {"uv": [67, 23], "uv_size": [1, 2]},
								"south": {"uv": [24, 67], "uv_size": [1, 2]},
								"west": {"uv": [25, 67], "uv_size": [1, 2]},
								"up": {"uv": [68, 36], "uv_size": [1, 1]},
								"down": {"uv": [37, 69], "uv_size": [1, -1]}
							}
						},
						{
							"origin": [-0.64027, 0.6828, 1.58146],
							"size": [0.28854, 0.48829, 0.17756],
							"pivot": [-0.35173, 0.61621, 1.58146],
							"rotation": [0, 0, -37.5],
							"uv": {
								"north": {"uv": [67, 25], "uv_size": [1, 2]},
								"east": {"uv": [26, 67], "uv_size": [1, 2]},
								"south": {"uv": [27, 67], "uv_size": [1, 2]},
								"west": {"uv": [28, 67], "uv_size": [1, 2]},
								"up": {"uv": [68, 37], "uv_size": [1, 1]},
								"down": {"uv": [38, 69], "uv_size": [1, -1]}
							}
						},
						{
							"origin": [-0.64027, 0.6828, -0.23855],
							"size": [0.28854, 0.48829, 0.17756],
							"pivot": [-0.35173, 0.61621, -0.23855],
							"rotation": [0, 0, -37.5],
							"uv": {
								"north": {"uv": [67, 33], "uv_size": [1, 2]},
								"east": {"uv": [67, 35], "uv_size": [1, 2]},
								"south": {"uv": [67, 37], "uv_size": [1, 2]},
								"west": {"uv": [39, 67], "uv_size": [1, 2]},
								"up": {"uv": [68, 38], "uv_size": [1, 1]},
								"down": {"uv": [68, 40], "uv_size": [1, -1]}
							}
						},
						{
							"origin": [-1.66125, -0.07184, -0.23855],
							"size": [2.86318, 0.82122, 0.26634],
							"uv": {
								"north": {"uv": [35, 19], "uv_size": [13, 4]},
								"east": {"uv": [62, 64], "uv_size": [1, 4]},
								"south": {"uv": [35, 23], "uv_size": [13, 4]},
								"west": {"uv": [63, 64], "uv_size": [1, 4]},
								"up": {"uv": [52, 52], "uv_size": [13, 1]},
								"down": {"uv": [16, 54], "uv_size": [13, -1]}
							}
						},
						{
							"origin": [-1.23954, -0.2494, 0.09438],
							"size": [2.44147, 0.22195, 0.08878],
							"pivot": [1.20193, -0.2494, -0.03879],
							"rotation": [40, 0, 0],
							"uv": {
								"north": {"uv": [55, 35], "uv_size": [11, 1]},
								"east": {"uv": [68, 40], "uv_size": [1, 1]},
								"south": {"uv": [55, 36], "uv_size": [11, 1]},
								"west": {"uv": [41, 68], "uv_size": [1, 1]},
								"up": {"uv": [37, 55], "uv_size": [11, 1]},
								"down": {"uv": [55, 38], "uv_size": [11, -1]}
							}
						},
						{
							"origin": [-1.23954, 0.28329, 1.53707],
							"size": [2.44147, 0.22195, 0.08878],
							"pivot": [1.20193, 0.28329, 1.4039],
							"rotation": [40, 0, 0],
							"uv": {
								"north": {"uv": [55, 38], "uv_size": [11, 1]},
								"east": {"uv": [68, 41], "uv_size": [1, 1]},
								"south": {"uv": [48, 55], "uv_size": [11, 1]},
								"west": {"uv": [42, 68], "uv_size": [1, 1]},
								"up": {"uv": [0, 56], "uv_size": [11, 1]},
								"down": {"uv": [11, 57], "uv_size": [11, -1]}
							}
						},
						{
							"origin": [-1.23954, 0.50524, -0.06099],
							"size": [2.44147, 0.22195, 0.08878],
							"pivot": [1.20193, 0.50524, -0.19416],
							"rotation": [-40, 0, 0],
							"uv": {
								"north": {"uv": [56, 14], "uv_size": [11, 1]},
								"east": {"uv": [68, 42], "uv_size": [1, 1]},
								"south": {"uv": [56, 15], "uv_size": [11, 1]},
								"west": {"uv": [43, 68], "uv_size": [1, 1]},
								"up": {"uv": [56, 16], "uv_size": [11, 1]},
								"down": {"uv": [56, 18], "uv_size": [11, -1]}
							}
						},
						{
							"origin": [-1.23954, -0.02745, 1.3817],
							"size": [2.44147, 0.22195, 0.08878],
							"pivot": [1.20193, -0.02745, 1.24853],
							"rotation": [-40, 0, 0],
							"uv": {
								"north": {"uv": [22, 56], "uv_size": [11, 1]},
								"east": {"uv": [68, 43], "uv_size": [1, 1]},
								"south": {"uv": [33, 56], "uv_size": [11, 1]},
								"west": {"uv": [44, 68], "uv_size": [1, 1]},
								"up": {"uv": [44, 56], "uv_size": [11, 1]},
								"down": {"uv": [56, 46], "uv_size": [11, -1]}
							}
						},
						{
							"origin": [-1.46149, -0.04964, 1.47048],
							"size": [2.66342, 0.79903, 0.28854],
							"uv": {
								"north": {"uv": [9, 39], "uv_size": [12, 4]},
								"east": {"uv": [64, 64], "uv_size": [1, 4]},
								"south": {"uv": [21, 39], "uv_size": [12, 4]},
								"west": {"uv": [0, 65], "uv_size": [1, 4]},
								"up": {"uv": [37, 53], "uv_size": [12, 1]},
								"down": {"uv": [49, 54], "uv_size": [12, -1]}
							}
						},
						{
							"origin": [-1.66125, 0.01694, -0.23855],
							"size": [2.81879, 0.73244, 1.99757],
							"uv": {
								"north": {"uv": [42, 33], "uv_size": [13, 3]},
								"east": {"uv": [48, 24], "uv_size": [9, 3]},
								"south": {"uv": [42, 36], "uv_size": [13, 3]},
								"west": {"uv": [8, 72], "uv_size": [120, 40]},
								"up": {"uv": [14, 0], "uv_size": [13, 9]},
								"down": {"uv": [14, 18], "uv_size": [13, -9]}
							}
						},
						{
							"origin": [-1.28393, 0.52743, -0.23855],
							"size": [2.48586, 0.22195, 1.99757],
							"uv": {
								"north": {"uv": [56, 46], "uv_size": [11, 1]},
								"east": {"uv": [60, 6], "uv_size": [9, 1]},
								"south": {"uv": [56, 47], "uv_size": [11, 1]},
								"west": {"uv": [60, 7], "uv_size": [9, 1]},
								"up": {"uv": [0, 26], "uv_size": [11, 9]},
								"down": {"uv": [11, 35], "uv_size": [11, -9]}
							}
						},
						{
							"origin": [-1.28393, -0.16062, 0.07219],
							"size": [2.48586, 0.06659, 1.35391],
							"uv": {
								"north": {"uv": [55, 56], "uv_size": [11, 1]},
								"east": {"uv": [63, 60], "uv_size": [6, 1]},
								"south": {"uv": [0, 57], "uv_size": [11, 1]},
								"west": {"uv": [61, 63], "uv_size": [6, 1]},
								"up": {"uv": [27, 9], "uv_size": [11, 6]},
								"down": {"uv": [22, 33], "uv_size": [11, -6]}
							}
						},
						{
							"origin": [-1.28393, -0.16062, 0.07219],
							"size": [2.44147, 0.17756, 1.35391],
							"uv": {
								"north": {"uv": [57, 8], "uv_size": [11, 1]},
								"east": {"uv": [63, 61], "uv_size": [6, 1]},
								"south": {"uv": [57, 9], "uv_size": [11, 1]},
								"west": {"uv": [63, 62], "uv_size": [6, 1]},
								"up": {"uv": [22, 33], "uv_size": [11, 6]},
								"down": {"uv": [33, 33], "uv_size": [11, -6]}
							}
						},
						{
							"origin": [1.04657, 0.19451, -0.12757],
							"size": [0.22195, 0.4439, 0.26634],
							"uv": {
								"north": {"uv": [67, 39], "uv_size": [1, 2]},
								"east": {"uv": [40, 67], "uv_size": [1, 2]},
								"south": {"uv": [67, 41], "uv_size": [1, 2]},
								"west": {"uv": [67, 43], "uv_size": [1, 2]},
								"up": {"uv": [68, 44], "uv_size": [1, 1]},
								"down": {"uv": [45, 69], "uv_size": [1, -1]}
							}
						},
						{
							"origin": [1.04657, 0.19451, -0.10538],
							"size": [0.24415, 0.0222, 0.0222],
							"uv": {
								"north": {"uv": [67, 39], "uv_size": [1, 2]},
								"east": {"uv": [40, 67], "uv_size": [1, 2]},
								"south": {"uv": [67, 41], "uv_size": [1, 2]},
								"west": {"uv": [67, 43], "uv_size": [1, 2]},
								"up": {"uv": [68, 44], "uv_size": [1, 1]},
								"down": {"uv": [45, 69], "uv_size": [1, -1]}
							}
						},
						{
							"origin": [1.04657, 0.2389, -0.10538],
							"size": [0.24415, 0.0222, 0.0222],
							"uv": {
								"north": {"uv": [67, 39], "uv_size": [1, 2]},
								"east": {"uv": [40, 67], "uv_size": [1, 2]},
								"south": {"uv": [67, 41], "uv_size": [1, 2]},
								"west": {"uv": [67, 43], "uv_size": [1, 2]},
								"up": {"uv": [68, 44], "uv_size": [1, 1]},
								"down": {"uv": [45, 69], "uv_size": [1, -1]}
							}
						},
						{
							"origin": [1.04657, 0.28329, -0.10538],
							"size": [0.24415, 0.0222, 0.0222],
							"uv": {
								"north": {"uv": [67, 39], "uv_size": [1, 2]},
								"east": {"uv": [40, 67], "uv_size": [1, 2]},
								"south": {"uv": [67, 41], "uv_size": [1, 2]},
								"west": {"uv": [67, 43], "uv_size": [1, 2]},
								"up": {"uv": [68, 44], "uv_size": [1, 1]},
								"down": {"uv": [45, 69], "uv_size": [1, -1]}
							}
						},
						{
							"origin": [1.04657, 0.32768, -0.10538],
							"size": [0.24415, 0.0222, 0.0222],
							"uv": {
								"north": {"uv": [67, 39], "uv_size": [1, 2]},
								"east": {"uv": [40, 67], "uv_size": [1, 2]},
								"south": {"uv": [67, 41], "uv_size": [1, 2]},
								"west": {"uv": [67, 43], "uv_size": [1, 2]},
								"up": {"uv": [68, 44], "uv_size": [1, 1]},
								"down": {"uv": [45, 69], "uv_size": [1, -1]}
							}
						},
						{
							"origin": [1.04657, 0.37207, -0.10538],
							"size": [0.24415, 0.0222, 0.0222],
							"uv": {
								"north": {"uv": [67, 39], "uv_size": [1, 2]},
								"east": {"uv": [40, 67], "uv_size": [1, 2]},
								"south": {"uv": [67, 41], "uv_size": [1, 2]},
								"west": {"uv": [67, 43], "uv_size": [1, 2]},
								"up": {"uv": [68, 44], "uv_size": [1, 1]},
								"down": {"uv": [45, 69], "uv_size": [1, -1]}
							}
						},
						{
							"origin": [1.04657, 0.41646, -0.10538],
							"size": [0.24415, 0.0222, 0.0222],
							"uv": {
								"north": {"uv": [67, 39], "uv_size": [1, 2]},
								"east": {"uv": [40, 67], "uv_size": [1, 2]},
								"south": {"uv": [67, 41], "uv_size": [1, 2]},
								"west": {"uv": [67, 43], "uv_size": [1, 2]},
								"up": {"uv": [68, 44], "uv_size": [1, 1]},
								"down": {"uv": [45, 69], "uv_size": [1, -1]}
							}
						},
						{
							"origin": [1.04657, 0.46085, -0.10538],
							"size": [0.24415, 0.0222, 0.0222],
							"uv": {
								"north": {"uv": [67, 39], "uv_size": [1, 2]},
								"east": {"uv": [40, 67], "uv_size": [1, 2]},
								"south": {"uv": [67, 41], "uv_size": [1, 2]},
								"west": {"uv": [67, 43], "uv_size": [1, 2]},
								"up": {"uv": [68, 44], "uv_size": [1, 1]},
								"down": {"uv": [45, 69], "uv_size": [1, -1]}
							}
						},
						{
							"origin": [1.04657, 0.50524, -0.10538],
							"size": [0.24415, 0.0222, 0.0222],
							"uv": {
								"north": {"uv": [67, 39], "uv_size": [1, 2]},
								"east": {"uv": [40, 67], "uv_size": [1, 2]},
								"south": {"uv": [67, 41], "uv_size": [1, 2]},
								"west": {"uv": [67, 43], "uv_size": [1, 2]},
								"up": {"uv": [68, 44], "uv_size": [1, 1]},
								"down": {"uv": [45, 69], "uv_size": [1, -1]}
							}
						},
						{
							"origin": [1.04657, 0.54963, -0.10538],
							"size": [0.24415, 0.0222, 0.0222],
							"uv": {
								"north": {"uv": [67, 39], "uv_size": [1, 2]},
								"east": {"uv": [40, 67], "uv_size": [1, 2]},
								"south": {"uv": [67, 41], "uv_size": [1, 2]},
								"west": {"uv": [67, 43], "uv_size": [1, 2]},
								"up": {"uv": [68, 44], "uv_size": [1, 1]},
								"down": {"uv": [45, 69], "uv_size": [1, -1]}
							}
						},
						{
							"origin": [1.04657, 0.59402, -0.10538],
							"size": [0.24415, 0.0222, 0.0222],
							"uv": {
								"north": {"uv": [67, 39], "uv_size": [1, 2]},
								"east": {"uv": [40, 67], "uv_size": [1, 2]},
								"south": {"uv": [67, 41], "uv_size": [1, 2]},
								"west": {"uv": [67, 43], "uv_size": [1, 2]},
								"up": {"uv": [68, 44], "uv_size": [1, 1]},
								"down": {"uv": [45, 69], "uv_size": [1, -1]}
							}
						},
						{
							"origin": [1.04657, 0.19451, -0.06099],
							"size": [0.24415, 0.0222, 0.0222],
							"uv": {
								"north": {"uv": [67, 39], "uv_size": [1, 2]},
								"east": {"uv": [40, 67], "uv_size": [1, 2]},
								"south": {"uv": [67, 41], "uv_size": [1, 2]},
								"west": {"uv": [67, 43], "uv_size": [1, 2]},
								"up": {"uv": [68, 44], "uv_size": [1, 1]},
								"down": {"uv": [45, 69], "uv_size": [1, -1]}
							}
						},
						{
							"origin": [1.04657, 0.2389, -0.06099],
							"size": [0.24415, 0.0222, 0.0222],
							"uv": {
								"north": {"uv": [67, 39], "uv_size": [1, 2]},
								"east": {"uv": [40, 67], "uv_size": [1, 2]},
								"south": {"uv": [67, 41], "uv_size": [1, 2]},
								"west": {"uv": [67, 43], "uv_size": [1, 2]},
								"up": {"uv": [68, 44], "uv_size": [1, 1]},
								"down": {"uv": [45, 69], "uv_size": [1, -1]}
							}
						},
						{
							"origin": [1.04657, 0.28329, -0.06099],
							"size": [0.24415, 0.0222, 0.0222],
							"uv": {
								"north": {"uv": [67, 39], "uv_size": [1, 2]},
								"east": {"uv": [40, 67], "uv_size": [1, 2]},
								"south": {"uv": [67, 41], "uv_size": [1, 2]},
								"west": {"uv": [67, 43], "uv_size": [1, 2]},
								"up": {"uv": [68, 44], "uv_size": [1, 1]},
								"down": {"uv": [45, 69], "uv_size": [1, -1]}
							}
						},
						{
							"origin": [1.04657, 0.32768, -0.06099],
							"size": [0.24415, 0.0222, 0.0222],
							"uv": {
								"north": {"uv": [67, 39], "uv_size": [1, 2]},
								"east": {"uv": [40, 67], "uv_size": [1, 2]},
								"south": {"uv": [67, 41], "uv_size": [1, 2]},
								"west": {"uv": [67, 43], "uv_size": [1, 2]},
								"up": {"uv": [68, 44], "uv_size": [1, 1]},
								"down": {"uv": [45, 69], "uv_size": [1, -1]}
							}
						},
						{
							"origin": [1.04657, 0.37207, -0.06099],
							"size": [0.24415, 0.0222, 0.0222],
							"uv": {
								"north": {"uv": [67, 39], "uv_size": [1, 2]},
								"east": {"uv": [40, 67], "uv_size": [1, 2]},
								"south": {"uv": [67, 41], "uv_size": [1, 2]},
								"west": {"uv": [67, 43], "uv_size": [1, 2]},
								"up": {"uv": [68, 44], "uv_size": [1, 1]},
								"down": {"uv": [45, 69], "uv_size": [1, -1]}
							}
						},
						{
							"origin": [1.04657, 0.41646, -0.06099],
							"size": [0.24415, 0.0222, 0.0222],
							"uv": {
								"north": {"uv": [67, 39], "uv_size": [1, 2]},
								"east": {"uv": [40, 67], "uv_size": [1, 2]},
								"south": {"uv": [67, 41], "uv_size": [1, 2]},
								"west": {"uv": [67, 43], "uv_size": [1, 2]},
								"up": {"uv": [68, 44], "uv_size": [1, 1]},
								"down": {"uv": [45, 69], "uv_size": [1, -1]}
							}
						},
						{
							"origin": [1.04657, 0.46085, -0.06099],
							"size": [0.24415, 0.0222, 0.0222],
							"uv": {
								"north": {"uv": [67, 39], "uv_size": [1, 2]},
								"east": {"uv": [40, 67], "uv_size": [1, 2]},
								"south": {"uv": [67, 41], "uv_size": [1, 2]},
								"west": {"uv": [67, 43], "uv_size": [1, 2]},
								"up": {"uv": [68, 44], "uv_size": [1, 1]},
								"down": {"uv": [45, 69], "uv_size": [1, -1]}
							}
						},
						{
							"origin": [1.04657, 0.50524, -0.06099],
							"size": [0.24415, 0.0222, 0.0222],
							"uv": {
								"north": {"uv": [67, 39], "uv_size": [1, 2]},
								"east": {"uv": [40, 67], "uv_size": [1, 2]},
								"south": {"uv": [67, 41], "uv_size": [1, 2]},
								"west": {"uv": [67, 43], "uv_size": [1, 2]},
								"up": {"uv": [68, 44], "uv_size": [1, 1]},
								"down": {"uv": [45, 69], "uv_size": [1, -1]}
							}
						},
						{
							"origin": [1.04657, 0.54963, -0.06099],
							"size": [0.24415, 0.0222, 0.0222],
							"uv": {
								"north": {"uv": [67, 39], "uv_size": [1, 2]},
								"east": {"uv": [40, 67], "uv_size": [1, 2]},
								"south": {"uv": [67, 41], "uv_size": [1, 2]},
								"west": {"uv": [67, 43], "uv_size": [1, 2]},
								"up": {"uv": [68, 44], "uv_size": [1, 1]},
								"down": {"uv": [45, 69], "uv_size": [1, -1]}
							}
						},
						{
							"origin": [1.04657, 0.59402, -0.06099],
							"size": [0.24415, 0.0222, 0.0222],
							"uv": {
								"north": {"uv": [67, 39], "uv_size": [1, 2]},
								"east": {"uv": [40, 67], "uv_size": [1, 2]},
								"south": {"uv": [67, 41], "uv_size": [1, 2]},
								"west": {"uv": [67, 43], "uv_size": [1, 2]},
								"up": {"uv": [68, 44], "uv_size": [1, 1]},
								"down": {"uv": [45, 69], "uv_size": [1, -1]}
							}
						},
						{
							"origin": [1.04657, 0.19451, -0.0166],
							"size": [0.24415, 0.0222, 0.0222],
							"uv": {
								"north": {"uv": [67, 39], "uv_size": [1, 2]},
								"east": {"uv": [40, 67], "uv_size": [1, 2]},
								"south": {"uv": [67, 41], "uv_size": [1, 2]},
								"west": {"uv": [67, 43], "uv_size": [1, 2]},
								"up": {"uv": [68, 44], "uv_size": [1, 1]},
								"down": {"uv": [45, 69], "uv_size": [1, -1]}
							}
						},
						{
							"origin": [1.04657, 0.2389, -0.0166],
							"size": [0.24415, 0.0222, 0.0222],
							"uv": {
								"north": {"uv": [67, 39], "uv_size": [1, 2]},
								"east": {"uv": [40, 67], "uv_size": [1, 2]},
								"south": {"uv": [67, 41], "uv_size": [1, 2]},
								"west": {"uv": [67, 43], "uv_size": [1, 2]},
								"up": {"uv": [68, 44], "uv_size": [1, 1]},
								"down": {"uv": [45, 69], "uv_size": [1, -1]}
							}
						},
						{
							"origin": [1.04657, 0.28329, -0.0166],
							"size": [0.24415, 0.0222, 0.0222],
							"uv": {
								"north": {"uv": [67, 39], "uv_size": [1, 2]},
								"east": {"uv": [40, 67], "uv_size": [1, 2]},
								"south": {"uv": [67, 41], "uv_size": [1, 2]},
								"west": {"uv": [67, 43], "uv_size": [1, 2]},
								"up": {"uv": [68, 44], "uv_size": [1, 1]},
								"down": {"uv": [45, 69], "uv_size": [1, -1]}
							}
						},
						{
							"origin": [1.04657, 0.32768, -0.0166],
							"size": [0.24415, 0.0222, 0.0222],
							"uv": {
								"north": {"uv": [67, 39], "uv_size": [1, 2]},
								"east": {"uv": [40, 67], "uv_size": [1, 2]},
								"south": {"uv": [67, 41], "uv_size": [1, 2]},
								"west": {"uv": [67, 43], "uv_size": [1, 2]},
								"up": {"uv": [68, 44], "uv_size": [1, 1]},
								"down": {"uv": [45, 69], "uv_size": [1, -1]}
							}
						},
						{
							"origin": [1.04657, 0.37207, -0.0166],
							"size": [0.24415, 0.0222, 0.0222],
							"uv": {
								"north": {"uv": [67, 39], "uv_size": [1, 2]},
								"east": {"uv": [40, 67], "uv_size": [1, 2]},
								"south": {"uv": [67, 41], "uv_size": [1, 2]},
								"west": {"uv": [67, 43], "uv_size": [1, 2]},
								"up": {"uv": [68, 44], "uv_size": [1, 1]},
								"down": {"uv": [45, 69], "uv_size": [1, -1]}
							}
						},
						{
							"origin": [1.04657, 0.41646, -0.0166],
							"size": [0.24415, 0.0222, 0.0222],
							"uv": {
								"north": {"uv": [67, 39], "uv_size": [1, 2]},
								"east": {"uv": [40, 67], "uv_size": [1, 2]},
								"south": {"uv": [67, 41], "uv_size": [1, 2]},
								"west": {"uv": [67, 43], "uv_size": [1, 2]},
								"up": {"uv": [68, 44], "uv_size": [1, 1]},
								"down": {"uv": [45, 69], "uv_size": [1, -1]}
							}
						},
						{
							"origin": [1.04657, 0.46085, -0.0166],
							"size": [0.24415, 0.0222, 0.0222],
							"uv": {
								"north": {"uv": [67, 39], "uv_size": [1, 2]},
								"east": {"uv": [40, 67], "uv_size": [1, 2]},
								"south": {"uv": [67, 41], "uv_size": [1, 2]},
								"west": {"uv": [67, 43], "uv_size": [1, 2]},
								"up": {"uv": [68, 44], "uv_size": [1, 1]},
								"down": {"uv": [45, 69], "uv_size": [1, -1]}
							}
						},
						{
							"origin": [1.04657, 0.50524, -0.0166],
							"size": [0.24415, 0.0222, 0.0222],
							"uv": {
								"north": {"uv": [67, 39], "uv_size": [1, 2]},
								"east": {"uv": [40, 67], "uv_size": [1, 2]},
								"south": {"uv": [67, 41], "uv_size": [1, 2]},
								"west": {"uv": [67, 43], "uv_size": [1, 2]},
								"up": {"uv": [68, 44], "uv_size": [1, 1]},
								"down": {"uv": [45, 69], "uv_size": [1, -1]}
							}
						},
						{
							"origin": [1.04657, 0.54963, -0.0166],
							"size": [0.24415, 0.0222, 0.0222],
							"uv": {
								"north": {"uv": [67, 39], "uv_size": [1, 2]},
								"east": {"uv": [40, 67], "uv_size": [1, 2]},
								"south": {"uv": [67, 41], "uv_size": [1, 2]},
								"west": {"uv": [67, 43], "uv_size": [1, 2]},
								"up": {"uv": [68, 44], "uv_size": [1, 1]},
								"down": {"uv": [45, 69], "uv_size": [1, -1]}
							}
						},
						{
							"origin": [1.04657, 0.59402, -0.0166],
							"size": [0.24415, 0.0222, 0.0222],
							"uv": {
								"north": {"uv": [67, 39], "uv_size": [1, 2]},
								"east": {"uv": [40, 67], "uv_size": [1, 2]},
								"south": {"uv": [67, 41], "uv_size": [1, 2]},
								"west": {"uv": [67, 43], "uv_size": [1, 2]},
								"up": {"uv": [68, 44], "uv_size": [1, 1]},
								"down": {"uv": [45, 69], "uv_size": [1, -1]}
							}
						},
						{
							"origin": [1.04657, 0.19451, 0.0278],
							"size": [0.24415, 0.0222, 0.0222],
							"uv": {
								"north": {"uv": [67, 39], "uv_size": [1, 2]},
								"east": {"uv": [40, 67], "uv_size": [1, 2]},
								"south": {"uv": [67, 41], "uv_size": [1, 2]},
								"west": {"uv": [67, 43], "uv_size": [1, 2]},
								"up": {"uv": [68, 44], "uv_size": [1, 1]},
								"down": {"uv": [45, 69], "uv_size": [1, -1]}
							}
						},
						{
							"origin": [1.04657, 0.2389, 0.0278],
							"size": [0.24415, 0.0222, 0.0222],
							"uv": {
								"north": {"uv": [67, 39], "uv_size": [1, 2]},
								"east": {"uv": [40, 67], "uv_size": [1, 2]},
								"south": {"uv": [67, 41], "uv_size": [1, 2]},
								"west": {"uv": [67, 43], "uv_size": [1, 2]},
								"up": {"uv": [68, 44], "uv_size": [1, 1]},
								"down": {"uv": [45, 69], "uv_size": [1, -1]}
							}
						},
						{
							"origin": [1.04657, 0.28329, 0.0278],
							"size": [0.24415, 0.0222, 0.0222],
							"uv": {
								"north": {"uv": [67, 39], "uv_size": [1, 2]},
								"east": {"uv": [40, 67], "uv_size": [1, 2]},
								"south": {"uv": [67, 41], "uv_size": [1, 2]},
								"west": {"uv": [67, 43], "uv_size": [1, 2]},
								"up": {"uv": [68, 44], "uv_size": [1, 1]},
								"down": {"uv": [45, 69], "uv_size": [1, -1]}
							}
						},
						{
							"origin": [1.04657, 0.32768, 0.0278],
							"size": [0.24415, 0.0222, 0.0222],
							"uv": {
								"north": {"uv": [67, 39], "uv_size": [1, 2]},
								"east": {"uv": [40, 67], "uv_size": [1, 2]},
								"south": {"uv": [67, 41], "uv_size": [1, 2]},
								"west": {"uv": [67, 43], "uv_size": [1, 2]},
								"up": {"uv": [68, 44], "uv_size": [1, 1]},
								"down": {"uv": [45, 69], "uv_size": [1, -1]}
							}
						},
						{
							"origin": [1.04657, 0.37207, 0.0278],
							"size": [0.24415, 0.0222, 0.0222],
							"uv": {
								"north": {"uv": [67, 39], "uv_size": [1, 2]},
								"east": {"uv": [40, 67], "uv_size": [1, 2]},
								"south": {"uv": [67, 41], "uv_size": [1, 2]},
								"west": {"uv": [67, 43], "uv_size": [1, 2]},
								"up": {"uv": [68, 44], "uv_size": [1, 1]},
								"down": {"uv": [45, 69], "uv_size": [1, -1]}
							}
						},
						{
							"origin": [1.04657, 0.41646, 0.0278],
							"size": [0.24415, 0.0222, 0.0222],
							"uv": {
								"north": {"uv": [67, 39], "uv_size": [1, 2]},
								"east": {"uv": [40, 67], "uv_size": [1, 2]},
								"south": {"uv": [67, 41], "uv_size": [1, 2]},
								"west": {"uv": [67, 43], "uv_size": [1, 2]},
								"up": {"uv": [68, 44], "uv_size": [1, 1]},
								"down": {"uv": [45, 69], "uv_size": [1, -1]}
							}
						},
						{
							"origin": [1.04657, 0.46085, 0.0278],
							"size": [0.24415, 0.0222, 0.0222],
							"uv": {
								"north": {"uv": [67, 39], "uv_size": [1, 2]},
								"east": {"uv": [40, 67], "uv_size": [1, 2]},
								"south": {"uv": [67, 41], "uv_size": [1, 2]},
								"west": {"uv": [67, 43], "uv_size": [1, 2]},
								"up": {"uv": [68, 44], "uv_size": [1, 1]},
								"down": {"uv": [45, 69], "uv_size": [1, -1]}
							}
						},
						{
							"origin": [1.04657, 0.50524, 0.0278],
							"size": [0.24415, 0.0222, 0.0222],
							"uv": {
								"north": {"uv": [67, 39], "uv_size": [1, 2]},
								"east": {"uv": [40, 67], "uv_size": [1, 2]},
								"south": {"uv": [67, 41], "uv_size": [1, 2]},
								"west": {"uv": [67, 43], "uv_size": [1, 2]},
								"up": {"uv": [68, 44], "uv_size": [1, 1]},
								"down": {"uv": [45, 69], "uv_size": [1, -1]}
							}
						},
						{
							"origin": [1.04657, 0.54963, 0.0278],
							"size": [0.24415, 0.0222, 0.0222],
							"uv": {
								"north": {"uv": [67, 39], "uv_size": [1, 2]},
								"east": {"uv": [40, 67], "uv_size": [1, 2]},
								"south": {"uv": [67, 41], "uv_size": [1, 2]},
								"west": {"uv": [67, 43], "uv_size": [1, 2]},
								"up": {"uv": [68, 44], "uv_size": [1, 1]},
								"down": {"uv": [45, 69], "uv_size": [1, -1]}
							}
						},
						{
							"origin": [1.04657, 0.59402, 0.0278],
							"size": [0.24415, 0.0222, 0.0222],
							"uv": {
								"north": {"uv": [67, 39], "uv_size": [1, 2]},
								"east": {"uv": [40, 67], "uv_size": [1, 2]},
								"south": {"uv": [67, 41], "uv_size": [1, 2]},
								"west": {"uv": [67, 43], "uv_size": [1, 2]},
								"up": {"uv": [68, 44], "uv_size": [1, 1]},
								"down": {"uv": [45, 69], "uv_size": [1, -1]}
							}
						},
						{
							"origin": [1.04657, 0.19451, 0.07219],
							"size": [0.24415, 0.0222, 0.0222],
							"uv": {
								"north": {"uv": [67, 39], "uv_size": [1, 2]},
								"east": {"uv": [40, 67], "uv_size": [1, 2]},
								"south": {"uv": [67, 41], "uv_size": [1, 2]},
								"west": {"uv": [67, 43], "uv_size": [1, 2]},
								"up": {"uv": [68, 44], "uv_size": [1, 1]},
								"down": {"uv": [45, 69], "uv_size": [1, -1]}
							}
						},
						{
							"origin": [1.04657, 0.2389, 0.07219],
							"size": [0.24415, 0.0222, 0.0222],
							"uv": {
								"north": {"uv": [67, 39], "uv_size": [1, 2]},
								"east": {"uv": [40, 67], "uv_size": [1, 2]},
								"south": {"uv": [67, 41], "uv_size": [1, 2]},
								"west": {"uv": [67, 43], "uv_size": [1, 2]},
								"up": {"uv": [68, 44], "uv_size": [1, 1]},
								"down": {"uv": [45, 69], "uv_size": [1, -1]}
							}
						},
						{
							"origin": [1.04657, 0.28329, 0.07219],
							"size": [0.24415, 0.0222, 0.0222],
							"uv": {
								"north": {"uv": [67, 39], "uv_size": [1, 2]},
								"east": {"uv": [40, 67], "uv_size": [1, 2]},
								"south": {"uv": [67, 41], "uv_size": [1, 2]},
								"west": {"uv": [67, 43], "uv_size": [1, 2]},
								"up": {"uv": [68, 44], "uv_size": [1, 1]},
								"down": {"uv": [45, 69], "uv_size": [1, -1]}
							}
						},
						{
							"origin": [1.04657, 0.32768, 0.07219],
							"size": [0.24415, 0.0222, 0.0222],
							"uv": {
								"north": {"uv": [67, 39], "uv_size": [1, 2]},
								"east": {"uv": [40, 67], "uv_size": [1, 2]},
								"south": {"uv": [67, 41], "uv_size": [1, 2]},
								"west": {"uv": [67, 43], "uv_size": [1, 2]},
								"up": {"uv": [68, 44], "uv_size": [1, 1]},
								"down": {"uv": [45, 69], "uv_size": [1, -1]}
							}
						},
						{
							"origin": [1.04657, 0.37207, 0.07219],
							"size": [0.24415, 0.0222, 0.0222],
							"uv": {
								"north": {"uv": [67, 39], "uv_size": [1, 2]},
								"east": {"uv": [40, 67], "uv_size": [1, 2]},
								"south": {"uv": [67, 41], "uv_size": [1, 2]},
								"west": {"uv": [67, 43], "uv_size": [1, 2]},
								"up": {"uv": [68, 44], "uv_size": [1, 1]},
								"down": {"uv": [45, 69], "uv_size": [1, -1]}
							}
						},
						{
							"origin": [1.04657, 0.41646, 0.07219],
							"size": [0.24415, 0.0222, 0.0222],
							"uv": {
								"north": {"uv": [67, 39], "uv_size": [1, 2]},
								"east": {"uv": [40, 67], "uv_size": [1, 2]},
								"south": {"uv": [67, 41], "uv_size": [1, 2]},
								"west": {"uv": [67, 43], "uv_size": [1, 2]},
								"up": {"uv": [68, 44], "uv_size": [1, 1]},
								"down": {"uv": [45, 69], "uv_size": [1, -1]}
							}
						},
						{
							"origin": [1.04657, 0.46085, 0.07219],
							"size": [0.24415, 0.0222, 0.0222],
							"uv": {
								"north": {"uv": [67, 39], "uv_size": [1, 2]},
								"east": {"uv": [40, 67], "uv_size": [1, 2]},
								"south": {"uv": [67, 41], "uv_size": [1, 2]},
								"west": {"uv": [67, 43], "uv_size": [1, 2]},
								"up": {"uv": [68, 44], "uv_size": [1, 1]},
								"down": {"uv": [45, 69], "uv_size": [1, -1]}
							}
						},
						{
							"origin": [1.04657, 0.50524, 0.07219],
							"size": [0.24415, 0.0222, 0.0222],
							"uv": {
								"north": {"uv": [67, 39], "uv_size": [1, 2]},
								"east": {"uv": [40, 67], "uv_size": [1, 2]},
								"south": {"uv": [67, 41], "uv_size": [1, 2]},
								"west": {"uv": [67, 43], "uv_size": [1, 2]},
								"up": {"uv": [68, 44], "uv_size": [1, 1]},
								"down": {"uv": [45, 69], "uv_size": [1, -1]}
							}
						},
						{
							"origin": [1.04657, 0.54963, 0.07219],
							"size": [0.24415, 0.0222, 0.0222],
							"uv": {
								"north": {"uv": [67, 39], "uv_size": [1, 2]},
								"east": {"uv": [40, 67], "uv_size": [1, 2]},
								"south": {"uv": [67, 41], "uv_size": [1, 2]},
								"west": {"uv": [67, 43], "uv_size": [1, 2]},
								"up": {"uv": [68, 44], "uv_size": [1, 1]},
								"down": {"uv": [45, 69], "uv_size": [1, -1]}
							}
						},
						{
							"origin": [1.04657, 0.59402, 0.07219],
							"size": [0.24415, 0.0222, 0.0222],
							"uv": {
								"north": {"uv": [67, 39], "uv_size": [1, 2]},
								"east": {"uv": [40, 67], "uv_size": [1, 2]},
								"south": {"uv": [67, 41], "uv_size": [1, 2]},
								"west": {"uv": [67, 43], "uv_size": [1, 2]},
								"up": {"uv": [68, 44], "uv_size": [1, 1]},
								"down": {"uv": [45, 69], "uv_size": [1, -1]}
							}
						},
						{
							"origin": [1.04657, 0.19451, 0.11658],
							"size": [0.24415, 0.0222, 0.0222],
							"uv": {
								"north": {"uv": [67, 39], "uv_size": [1, 2]},
								"east": {"uv": [40, 67], "uv_size": [1, 2]},
								"south": {"uv": [67, 41], "uv_size": [1, 2]},
								"west": {"uv": [67, 43], "uv_size": [1, 2]},
								"up": {"uv": [68, 44], "uv_size": [1, 1]},
								"down": {"uv": [45, 69], "uv_size": [1, -1]}
							}
						},
						{
							"origin": [1.04657, 0.2389, 0.11658],
							"size": [0.24415, 0.0222, 0.0222],
							"uv": {
								"north": {"uv": [67, 39], "uv_size": [1, 2]},
								"east": {"uv": [40, 67], "uv_size": [1, 2]},
								"south": {"uv": [67, 41], "uv_size": [1, 2]},
								"west": {"uv": [67, 43], "uv_size": [1, 2]},
								"up": {"uv": [68, 44], "uv_size": [1, 1]},
								"down": {"uv": [45, 69], "uv_size": [1, -1]}
							}
						},
						{
							"origin": [1.04657, 0.28329, 0.11658],
							"size": [0.24415, 0.0222, 0.0222],
							"uv": {
								"north": {"uv": [67, 39], "uv_size": [1, 2]},
								"east": {"uv": [40, 67], "uv_size": [1, 2]},
								"south": {"uv": [67, 41], "uv_size": [1, 2]},
								"west": {"uv": [67, 43], "uv_size": [1, 2]},
								"up": {"uv": [68, 44], "uv_size": [1, 1]},
								"down": {"uv": [45, 69], "uv_size": [1, -1]}
							}
						},
						{
							"origin": [1.04657, 0.32768, 0.11658],
							"size": [0.24415, 0.0222, 0.0222],
							"uv": {
								"north": {"uv": [67, 39], "uv_size": [1, 2]},
								"east": {"uv": [40, 67], "uv_size": [1, 2]},
								"south": {"uv": [67, 41], "uv_size": [1, 2]},
								"west": {"uv": [67, 43], "uv_size": [1, 2]},
								"up": {"uv": [68, 44], "uv_size": [1, 1]},
								"down": {"uv": [45, 69], "uv_size": [1, -1]}
							}
						},
						{
							"origin": [1.04657, 0.37207, 0.11658],
							"size": [0.24415, 0.0222, 0.0222],
							"uv": {
								"north": {"uv": [67, 39], "uv_size": [1, 2]},
								"east": {"uv": [40, 67], "uv_size": [1, 2]},
								"south": {"uv": [67, 41], "uv_size": [1, 2]},
								"west": {"uv": [67, 43], "uv_size": [1, 2]},
								"up": {"uv": [68, 44], "uv_size": [1, 1]},
								"down": {"uv": [45, 69], "uv_size": [1, -1]}
							}
						},
						{
							"origin": [1.04657, 0.41646, 0.11658],
							"size": [0.24415, 0.0222, 0.0222],
							"uv": {
								"north": {"uv": [67, 39], "uv_size": [1, 2]},
								"east": {"uv": [40, 67], "uv_size": [1, 2]},
								"south": {"uv": [67, 41], "uv_size": [1, 2]},
								"west": {"uv": [67, 43], "uv_size": [1, 2]},
								"up": {"uv": [68, 44], "uv_size": [1, 1]},
								"down": {"uv": [45, 69], "uv_size": [1, -1]}
							}
						},
						{
							"origin": [1.04657, 0.46085, 0.11658],
							"size": [0.24415, 0.0222, 0.0222],
							"uv": {
								"north": {"uv": [67, 39], "uv_size": [1, 2]},
								"east": {"uv": [40, 67], "uv_size": [1, 2]},
								"south": {"uv": [67, 41], "uv_size": [1, 2]},
								"west": {"uv": [67, 43], "uv_size": [1, 2]},
								"up": {"uv": [68, 44], "uv_size": [1, 1]},
								"down": {"uv": [45, 69], "uv_size": [1, -1]}
							}
						},
						{
							"origin": [1.04657, 0.50524, 0.11658],
							"size": [0.24415, 0.0222, 0.0222],
							"uv": {
								"north": {"uv": [67, 39], "uv_size": [1, 2]},
								"east": {"uv": [40, 67], "uv_size": [1, 2]},
								"south": {"uv": [67, 41], "uv_size": [1, 2]},
								"west": {"uv": [67, 43], "uv_size": [1, 2]},
								"up": {"uv": [68, 44], "uv_size": [1, 1]},
								"down": {"uv": [45, 69], "uv_size": [1, -1]}
							}
						},
						{
							"origin": [1.04657, 0.54963, 0.11658],
							"size": [0.24415, 0.0222, 0.0222],
							"uv": {
								"north": {"uv": [67, 39], "uv_size": [1, 2]},
								"east": {"uv": [40, 67], "uv_size": [1, 2]},
								"south": {"uv": [67, 41], "uv_size": [1, 2]},
								"west": {"uv": [67, 43], "uv_size": [1, 2]},
								"up": {"uv": [68, 44], "uv_size": [1, 1]},
								"down": {"uv": [45, 69], "uv_size": [1, -1]}
							}
						},
						{
							"origin": [1.04657, 0.59402, 0.11658],
							"size": [0.24415, 0.0222, 0.0222],
							"uv": {
								"north": {"uv": [67, 39], "uv_size": [1, 2]},
								"east": {"uv": [40, 67], "uv_size": [1, 2]},
								"south": {"uv": [67, 41], "uv_size": [1, 2]},
								"west": {"uv": [67, 43], "uv_size": [1, 2]},
								"up": {"uv": [68, 44], "uv_size": [1, 1]},
								"down": {"uv": [45, 69], "uv_size": [1, -1]}
							}
						},
						{
							"origin": [1.04657, 0.12792, -0.06099],
							"size": [0.22195, 0.57708, 0.13317],
							"uv": {
								"north": {"uv": [17, 65], "uv_size": [1, 3]},
								"east": {"uv": [18, 65], "uv_size": [1, 3]},
								"south": {"uv": [19, 65], "uv_size": [1, 3]},
								"west": {"uv": [20, 65], "uv_size": [1, 3]},
								"up": {"uv": [68, 45], "uv_size": [1, 1]},
								"down": {"uv": [46, 69], "uv_size": [1, -1]}
							}
						},
						{
							"origin": [1.04657, 0.54963, 0.18316],
							"size": [0.22195, 0.22195, 0.08878],
							"pivot": [1.26852, 0.32768, 0.18316],
							"rotation": [45, 0, 0],
							"uv": {
								"north": {"uv": [68, 46], "uv_size": [1, 1]},
								"east": {"uv": [47, 68], "uv_size": [1, 1]},
								"south": {"uv": [68, 47], "uv_size": [1, 1]},
								"west": {"uv": [48, 68], "uv_size": [1, 1]},
								"up": {"uv": [68, 48], "uv_size": [1, 1]},
								"down": {"uv": [49, 69], "uv_size": [1, -1]}
							}
						},
						{
							"origin": [1.04657, 0.19451, 0.22755],
							"size": [0.22195, 0.22195, 0.08878],
							"pivot": [1.26852, -0.02745, 0.22755],
							"rotation": [45, 0, 0],
							"uv": {
								"north": {"uv": [68, 49], "uv_size": [1, 1]},
								"east": {"uv": [50, 68], "uv_size": [1, 1]},
								"south": {"uv": [68, 50], "uv_size": [1, 1]},
								"west": {"uv": [51, 68], "uv_size": [1, 1]},
								"up": {"uv": [68, 51], "uv_size": [1, 1]},
								"down": {"uv": [52, 69], "uv_size": [1, -1]}
							}
						},
						{
							"origin": [1.04657, 0.61621, -0.23855],
							"size": [0.22195, 0.22195, 0.08878],
							"pivot": [1.26852, 0.39426, -0.23855],
							"rotation": [-45, 0, 0],
							"uv": {
								"north": {"uv": [68, 52], "uv_size": [1, 1]},
								"east": {"uv": [53, 68], "uv_size": [1, 1]},
								"south": {"uv": [68, 53], "uv_size": [1, 1]},
								"west": {"uv": [54, 68], "uv_size": [1, 1]},
								"up": {"uv": [68, 54], "uv_size": [1, 1]},
								"down": {"uv": [55, 69], "uv_size": [1, -1]}
							}
						},
						{
							"origin": [1.04657, 0.26109, -0.28294],
							"size": [0.22195, 0.22195, 0.08878],
							"pivot": [1.26852, 0.03914, -0.28294],
							"rotation": [-45, 0, 0],
							"uv": {
								"north": {"uv": [68, 55], "uv_size": [1, 1]},
								"east": {"uv": [56, 68], "uv_size": [1, 1]},
								"south": {"uv": [68, 56], "uv_size": [1, 1]},
								"west": {"uv": [57, 68], "uv_size": [1, 1]},
								"up": {"uv": [68, 57], "uv_size": [1, 1]},
								"down": {"uv": [58, 69], "uv_size": [1, -1]}
							}
						},
						{
							"origin": [0.3485, 0.20357, -0.26307],
							"size": [0.24617, 0.24617, 2.20841],
							"pivot": [-0.15446, -0.29939, 0.84113],
							"rotation": [-90, -45, 90],
							"uv": {
								"north": {"uv": [0, 0], "uv_size": [2, 2]},
								"east": {"uv": [0, 0], "uv_size": [2, 2]},
								"south": {"uv": [0, 0], "uv_size": [2, 2]},
								"west": {"uv": [0, 0], "uv_size": [2, 2]},
								"up": {"uv": [2, 2], "uv_size": [-2, -2]},
								"down": {"uv": [2, 2], "uv_size": [-2, -2]}
							}
						},
						{
							"origin": [-0.9036, 0.20357, -0.26307],
							"size": [0.24617, 0.24617, 2.20841],
							"pivot": [-0.15446, -0.29939, 0.84113],
							"rotation": [90, -45, -90],
							"uv": {
								"north": {"uv": [2, 0], "uv_size": [-2, 2]},
								"east": {"uv": [2, 0], "uv_size": [-2, 2]},
								"south": {"uv": [2, 0], "uv_size": [-2, 2]},
								"west": {"uv": [2, 0], "uv_size": [-2, 2]},
								"up": {"uv": [0, 2], "uv_size": [2, -2]},
								"down": {"uv": [0, 2], "uv_size": [2, -2]}
							}
						}
					]
				},
				{
					"name": "bone2",
					"parent": "scope_body",
					"pivot": [0.91339, 2.25866, 1.4039],
					"rotation": [-90, 0, 0],
					"cubes": [
						{
							"origin": [-0.70686, 2.50281, 1.51487],
							"size": [1.62025, 0.26634, 0.17756],
							"pivot": [0.91339, 2.50281, 1.51487],
							"rotation": [-65, 0, 0],
							"uv": {
								"north": {"uv": [61, 30], "uv_size": [7, 1]},
								"east": {"uv": [68, 34], "uv_size": [1, 1]},
								"south": {"uv": [49, 61], "uv_size": [7, 1]},
								"west": {"uv": [35, 68], "uv_size": [1, 1]},
								"up": {"uv": [61, 53], "uv_size": [7, 1]},
								"down": {"uv": [56, 62], "uv_size": [7, -1]}
							}
						},
						{
							"origin": [-0.70686, 2.25866, 1.4039],
							"size": [1.62025, 0.26634, 0.17756],
							"pivot": [0.91339, 2.25866, 1.4039],
							"rotation": [-25, 0, 0],
							"uv": {
								"north": {"uv": [0, 62], "uv_size": [7, 1]},
								"east": {"uv": [68, 35], "uv_size": [1, 1]},
								"south": {"uv": [17, 62], "uv_size": [7, 1]},
								"west": {"uv": [36, 68], "uv_size": [1, 1]},
								"up": {"uv": [24, 62], "uv_size": [7, 1]},
								"down": {"uv": [49, 63], "uv_size": [7, -1]}
							}
						}
					]
				},
				{
					"name": "ocular",
					"pivot": [0.53606, 0.17459, 2.459],
					"cubes": [
						{
							"origin": [-0.7957, 0.82422, -0.10706],
							"size": [1.46168, 1.2668, 0],
							"uv": {
								"south": {"uv": [0, 0], "uv_size": [1.125, 0.975]}
							}
						},
						{
							"origin": [-0.99061, 1.14904, -0.10706],
							"size": [1.91642, 0.81203, 0],
							"uv": {
								"south": {"uv": [0, 0], "uv_size": [1.475, 0.625]}
							}
						},
						{
							"origin": [-0.7957, 2.05854, -0.10706],
							"size": [1.52667, 0.16241, 0],
							"uv": {
								"south": {"uv": [0, 0], "uv_size": [1.175, 0.125]}
							}
						},
						{
							"origin": [-1.02307, 1.0191, -0.10706],
							"size": [1.91642, 0.16241, 0],
							"uv": {
								"south": {"uv": [0, 0], "uv_size": [1.475, 0.125]}
							}
						},
						{
							"origin": [-0.92562, 0.88919, -0.10706],
							"size": [1.68907, 0.16241, 0],
							"uv": {
								"south": {"uv": [0, 0], "uv_size": [1.3, 0.125]}
							}
						},
						{
							"origin": [-0.92562, 1.92861, -0.10706],
							"size": [1.72154, 0.16241, 0],
							"uv": {
								"south": {"uv": [0, 0.125], "uv_size": [1.325, 0.125]}
							}
						}
					]
				},
				{
					"name": "division",
					"pivot": [1.61965, 0.49918, 31.05532],
					"rotation": [0, 0, -90]
				},
				{
					"name": "division_illuminated",
					"parent": "division",
					"pivot": [2.34062, 0.86458, -72.54027],
					"cubes": [
						{
							"origin": [1.95717, 1.63605, -39.53679],
							"size": [0.99067, 0.7415, 0.39888],
							"inflate": -0.26562,
							"pivot": [2.45251, 2.00679, -39.33735],
							"rotation": [0, 0, -50],
							"uv": {
								"south": {"uv": [72.5, 0], "uv_size": [0.5, 2.5], "uv_rotation": 180}
							}
						},
						{
							"origin": [1.95717, 1.86012, -39.53679],
							"size": [0.99067, 0.7415, 0.39888],
							"inflate": -0.26562,
							"pivot": [2.45251, 2.23087, -39.33735],
							"rotation": [0, 0, 50],
							"uv": {
								"south": {"uv": [72.5, 2.5], "uv_size": [0.5, -2.5], "uv_rotation": 180}
							}
						}
					]
				},
				{
					"name": "scope_view",
					"pivot": [0, 1.50305, 6.36141]
				}
			]
		}
	]
}