{
	"format_version": "1.12.0",
	"minecraft:geometry": [
		{
			"description": {
				"identifier": "geometry.unknown",
				"texture_width": 64,
				"texture_height": 64,
				"visible_bounds_width": 2,
				"visible_bounds_height": 1.5,
				"visible_bounds_offset": [0, 0.25, 0]
			},
			"bones": [
				{
					"name": "bone",
					"pivot": [-0.01935, 0.0391, -1.609],
					"rotation": [90, 0, -180],
					"cubes": [
						{
							"origin": [0.26787, -1.08821, -1.66608],
							"size": [0.19746, 1.77713, 0.19746],
							"uv": {
								"north": {"uv": [23, 22], "uv_size": [-1, 9]},
								"east": {"uv": [24, 18], "uv_size": [-1, 9]},
								"south": {"uv": [24, 9], "uv_size": [-1, 9]},
								"west": {"uv": [24, 0], "uv_size": [-1, 9]},
								"up": {"uv": [20, 40], "uv_size": [-1, 1]},
								"down": {"uv": [41, 20], "uv_size": [-1, -1]}
							}
						},
						{
							"origin": [-0.52196, -1.08821, -1.66608],
							"size": [0.19746, 1.77713, 0.19746],
							"pivot": [-0.02832, -1.08821, -1.56735],
							"rotation": [0, -22.5, 0],
							"uv": {
								"north": {"uv": [19, 22], "uv_size": [-1, 9]},
								"east": {"uv": [22, 22], "uv_size": [-1, 9]},
								"south": {"uv": [21, 22], "uv_size": [-1, 9]},
								"west": {"uv": [20, 22], "uv_size": [-1, 9]},
								"up": {"uv": [19, 40], "uv_size": [-1, 1]},
								"down": {"uv": [41, 19], "uv_size": [-1, -1]}
							}
						},
						{
							"origin": [-0.52196, -1.08821, -1.66608],
							"size": [0.19746, 1.77713, 0.19746],
							"pivot": [-0.02832, -1.08821, -1.56735],
							"rotation": [0, -45, 0],
							"uv": {
								"north": {"uv": [25, 0], "uv_size": [-1, 9]},
								"east": {"uv": [26, 0], "uv_size": [-1, 9]},
								"south": {"uv": [25, 18], "uv_size": [-1, 9]},
								"west": {"uv": [25, 9], "uv_size": [-1, 9]},
								"up": {"uv": [21, 40], "uv_size": [-1, 1]},
								"down": {"uv": [41, 21], "uv_size": [-1, -1]}
							}
						},
						{
							"origin": [-0.52196, -1.08821, -1.66608],
							"size": [0.19746, 1.77713, 0.19746],
							"pivot": [-0.02832, -1.08821, -1.56735],
							"rotation": [0, -67.5, 0],
							"uv": {
								"north": {"uv": [26, 9], "uv_size": [-1, 9]},
								"east": {"uv": [27, 9], "uv_size": [-1, 9]},
								"south": {"uv": [27, 0], "uv_size": [-1, 9]},
								"west": {"uv": [26, 18], "uv_size": [-1, 9]},
								"up": {"uv": [22, 40], "uv_size": [-1, 1]},
								"down": {"uv": [41, 22], "uv_size": [-1, -1]}
							}
						},
						{
							"origin": [-0.52196, -1.08821, -1.66608],
							"size": [0.19746, 1.77713, 0.19746],
							"pivot": [-0.02832, -1.08821, -1.56735],
							"rotation": [0, -90, 0],
							"uv": {
								"north": {"uv": [27, 18], "uv_size": [-1, 9]},
								"east": {"uv": [28, 18], "uv_size": [-1, 9]},
								"south": {"uv": [28, 9], "uv_size": [-1, 9]},
								"west": {"uv": [28, 0], "uv_size": [-1, 9]},
								"up": {"uv": [23, 40], "uv_size": [-1, 1]},
								"down": {"uv": [41, 23], "uv_size": [-1, -1]}
							}
						},
						{
							"origin": [-0.52196, -1.08821, -1.66608],
							"size": [0.19746, 1.77713, 0.19746],
							"pivot": [-0.02832, -1.08821, -1.56735],
							"rotation": [0, -112.5, 0],
							"uv": {
								"north": {"uv": [24, 27], "uv_size": [-1, 9]},
								"east": {"uv": [27, 27], "uv_size": [-1, 9]},
								"south": {"uv": [26, 27], "uv_size": [-1, 9]},
								"west": {"uv": [25, 27], "uv_size": [-1, 9]},
								"up": {"uv": [24, 40], "uv_size": [-1, 1]},
								"down": {"uv": [41, 24], "uv_size": [-1, -1]}
							}
						},
						{
							"origin": [-0.52196, -1.08821, -1.66608],
							"size": [0.19746, 1.77713, 0.19746],
							"pivot": [-0.02832, -1.08821, -1.56735],
							"rotation": [0, -135, 0],
							"uv": {
								"north": {"uv": [28, 27], "uv_size": [-1, 9]},
								"east": {"uv": [29, 18], "uv_size": [-1, 9]},
								"south": {"uv": [29, 9], "uv_size": [-1, 9]},
								"west": {"uv": [29, 0], "uv_size": [-1, 9]},
								"up": {"uv": [25, 40], "uv_size": [-1, 1]},
								"down": {"uv": [41, 25], "uv_size": [-1, -1]}
							}
						},
						{
							"origin": [-0.52196, -1.08821, -1.66608],
							"size": [0.19746, 1.77713, 0.19746],
							"pivot": [-0.02832, -1.08821, -1.56735],
							"rotation": [0, -157.5, 0],
							"uv": {
								"north": {"uv": [29, 27], "uv_size": [-1, 9]},
								"east": {"uv": [30, 18], "uv_size": [-1, 9]},
								"south": {"uv": [30, 9], "uv_size": [-1, 9]},
								"west": {"uv": [30, 0], "uv_size": [-1, 9]},
								"up": {"uv": [26, 40], "uv_size": [-1, 1]},
								"down": {"uv": [41, 26], "uv_size": [-1, -1]}
							}
						},
						{
							"origin": [0.26787, 0.74816, -1.66608],
							"size": [0.19746, 0.39492, 0.19746],
							"uv": {
								"north": {"uv": [34, 32], "uv_size": [-1, 2]},
								"east": {"uv": [35, 4], "uv_size": [-1, 2]},
								"south": {"uv": [35, 2], "uv_size": [-1, 2]},
								"west": {"uv": [35, 0], "uv_size": [-1, 2]},
								"up": {"uv": [27, 40], "uv_size": [-1, 1]},
								"down": {"uv": [41, 27], "uv_size": [-1, -1]}
							}
						},
						{
							"origin": [-0.52196, 0.74816, -1.66608],
							"size": [0.19746, 0.39492, 0.19746],
							"pivot": [-0.02832, 0.74816, -1.56735],
							"rotation": [0, -22.5, 0],
							"uv": {
								"north": {"uv": [35, 6], "uv_size": [-1, 2]},
								"east": {"uv": [35, 12], "uv_size": [-1, 2]},
								"south": {"uv": [35, 10], "uv_size": [-1, 2]},
								"west": {"uv": [35, 8], "uv_size": [-1, 2]},
								"up": {"uv": [28, 40], "uv_size": [-1, 1]},
								"down": {"uv": [41, 28], "uv_size": [-1, -1]}
							}
						},
						{
							"origin": [-0.52196, 0.74816, -1.66608],
							"size": [0.19746, 0.39492, 0.19746],
							"pivot": [-0.02832, 0.74816, -1.56735],
							"rotation": [0, -45, 0],
							"uv": {
								"north": {"uv": [35, 14], "uv_size": [-1, 2]},
								"east": {"uv": [34, 34], "uv_size": [-1, 2]},
								"south": {"uv": [35, 32], "uv_size": [-1, 2]},
								"west": {"uv": [35, 16], "uv_size": [-1, 2]},
								"up": {"uv": [29, 40], "uv_size": [-1, 1]},
								"down": {"uv": [41, 29], "uv_size": [-1, -1]}
							}
						},
						{
							"origin": [-0.52196, 0.74816, -1.66608],
							"size": [0.19746, 0.39492, 0.19746],
							"pivot": [-0.02832, 0.74816, -1.56735],
							"rotation": [0, -67.5, 0],
							"uv": {
								"north": {"uv": [35, 34], "uv_size": [-1, 2]},
								"east": {"uv": [36, 4], "uv_size": [-1, 2]},
								"south": {"uv": [36, 2], "uv_size": [-1, 2]},
								"west": {"uv": [36, 0], "uv_size": [-1, 2]},
								"up": {"uv": [30, 40], "uv_size": [-1, 1]},
								"down": {"uv": [41, 30], "uv_size": [-1, -1]}
							}
						},
						{
							"origin": [-0.52196, 0.74816, -1.66608],
							"size": [0.19746, 0.39492, 0.19746],
							"pivot": [-0.02832, 0.74816, -1.56735],
							"rotation": [0, -90, 0],
							"uv": {
								"north": {"uv": [36, 6], "uv_size": [-1, 2]},
								"east": {"uv": [13, 35], "uv_size": [-1, 2]},
								"south": {"uv": [36, 10], "uv_size": [-1, 2]},
								"west": {"uv": [36, 8], "uv_size": [-1, 2]},
								"up": {"uv": [31, 40], "uv_size": [-1, 1]},
								"down": {"uv": [41, 31], "uv_size": [-1, -1]}
							}
						},
						{
							"origin": [-0.52196, 0.74816, -1.66608],
							"size": [0.19746, 0.39492, 0.19746],
							"pivot": [-0.02832, 0.74816, -1.56735],
							"rotation": [0, -112.5, 0],
							"uv": {
								"north": {"uv": [36, 12], "uv_size": [-1, 2]},
								"east": {"uv": [36, 14], "uv_size": [-1, 2]},
								"south": {"uv": [15, 35], "uv_size": [-1, 2]},
								"west": {"uv": [14, 35], "uv_size": [-1, 2]},
								"up": {"uv": [32, 40], "uv_size": [-1, 1]},
								"down": {"uv": [41, 32], "uv_size": [-1, -1]}
							}
						},
						{
							"origin": [-0.52196, 0.74816, -1.66608],
							"size": [0.19746, 0.39492, 0.19746],
							"pivot": [-0.42323, -1.08821, -1.56735],
							"rotation": [-180, 0, -180],
							"uv": {
								"north": {"uv": [16, 35], "uv_size": [-1, 2]},
								"east": {"uv": [18, 35], "uv_size": [-1, 2]},
								"south": {"uv": [36, 16], "uv_size": [-1, 2]},
								"west": {"uv": [17, 35], "uv_size": [-1, 2]},
								"up": {"uv": [33, 40], "uv_size": [-1, 1]},
								"down": {"uv": [41, 33], "uv_size": [-1, -1]}
							}
						},
						{
							"origin": [-0.52196, 0.74816, -1.66608],
							"size": [0.19746, 0.39492, 0.19746],
							"pivot": [-0.02832, -1.08821, -1.56735],
							"rotation": [0, 22.5, 0],
							"uv": {
								"north": {"uv": [36, 18], "uv_size": [-1, 2]},
								"east": {"uv": [36, 24], "uv_size": [-1, 2]},
								"south": {"uv": [36, 22], "uv_size": [-1, 2]},
								"west": {"uv": [36, 20], "uv_size": [-1, 2]},
								"up": {"uv": [34, 40], "uv_size": [-1, 1]},
								"down": {"uv": [41, 34], "uv_size": [-1, -1]}
							}
						},
						{
							"origin": [-0.52196, 0.74816, -1.66608],
							"size": [0.19746, 0.39492, 0.19746],
							"pivot": [-0.02832, -1.08821, -1.56735],
							"rotation": [0, 45, 0],
							"uv": {
								"north": {"uv": [36, 26], "uv_size": [-1, 2]},
								"east": {"uv": [36, 32], "uv_size": [-1, 2]},
								"south": {"uv": [36, 30], "uv_size": [-1, 2]},
								"west": {"uv": [36, 28], "uv_size": [-1, 2]},
								"up": {"uv": [35, 40], "uv_size": [-1, 1]},
								"down": {"uv": [41, 35], "uv_size": [-1, -1]}
							}
						},
						{
							"origin": [-0.52196, 0.74816, -1.66608],
							"size": [0.19746, 0.39492, 0.19746],
							"pivot": [-0.02832, -1.08821, -1.56735],
							"rotation": [-180, 45, -180],
							"uv": {
								"north": {"uv": [36, 34], "uv_size": [-1, 2]},
								"east": {"uv": [37, 4], "uv_size": [-1, 2]},
								"south": {"uv": [37, 2], "uv_size": [-1, 2]},
								"west": {"uv": [37, 0], "uv_size": [-1, 2]},
								"up": {"uv": [36, 40], "uv_size": [-1, 1]},
								"down": {"uv": [41, 36], "uv_size": [-1, -1]}
							}
						},
						{
							"origin": [-0.52196, 0.74816, -1.66608],
							"size": [0.19746, 0.39492, 0.19746],
							"pivot": [-0.02832, -1.08821, -1.56735],
							"rotation": [0, 90, 0],
							"uv": {
								"north": {"uv": [37, 6], "uv_size": [-1, 2]},
								"east": {"uv": [37, 12], "uv_size": [-1, 2]},
								"south": {"uv": [37, 10], "uv_size": [-1, 2]},
								"west": {"uv": [37, 8], "uv_size": [-1, 2]},
								"up": {"uv": [37, 40], "uv_size": [-1, 1]},
								"down": {"uv": [41, 37], "uv_size": [-1, -1]}
							}
						},
						{
							"origin": [-0.52196, 0.74816, -1.66608],
							"size": [0.19746, 0.39492, 0.19746],
							"pivot": [-0.02832, -1.08821, -1.56735],
							"rotation": [-180, 22.5, -180],
							"uv": {
								"north": {"uv": [37, 14], "uv_size": [-1, 2]},
								"east": {"uv": [37, 20], "uv_size": [-1, 2]},
								"south": {"uv": [37, 18], "uv_size": [-1, 2]},
								"west": {"uv": [37, 16], "uv_size": [-1, 2]},
								"up": {"uv": [38, 40], "uv_size": [-1, 1]},
								"down": {"uv": [41, 38], "uv_size": [-1, -1]}
							}
						},
						{
							"origin": [-0.52196, 0.74816, -1.66608],
							"size": [0.19746, 0.39492, 0.19746],
							"pivot": [-0.02832, -1.08821, -1.56735],
							"rotation": [-180, 67.5, -180],
							"uv": {
								"north": {"uv": [37, 22], "uv_size": [-1, 2]},
								"east": {"uv": [37, 24], "uv_size": [-1, 2]},
								"south": {"uv": [25, 36], "uv_size": [-1, 2]},
								"west": {"uv": [24, 36], "uv_size": [-1, 2]},
								"up": {"uv": [39, 40], "uv_size": [-1, 1]},
								"down": {"uv": [41, 39], "uv_size": [-1, -1]}
							}
						},
						{
							"origin": [-0.48247, 1.12333, -1.66608],
							"size": [0.05924, 0.39492, 0.19746],
							"pivot": [-0.02832, -0.71303, -1.56735],
							"rotation": [-180, 67.5, -180],
							"uv": {
								"north": {"uv": [26, 36], "uv_size": [-1, 2]},
								"east": {"uv": [28, 36], "uv_size": [-1, 2]},
								"south": {"uv": [37, 26], "uv_size": [-1, 2]},
								"west": {"uv": [27, 36], "uv_size": [-1, 2]},
								"up": {"uv": [40, 40], "uv_size": [-1, 1]},
								"down": {"uv": [41, 40], "uv_size": [-1, -1]}
							}
						},
						{
							"origin": [0.36344, 0.95391, -1.70261],
							"size": [0.07168, 0.31791, 0.29816],
							"pivot": [-0.09052, 1.1338, -1.54662],
							"rotation": [45.20854, 21.98826, -1.33117],
							"uv": {
								"north": {"uv": [29, 36], "uv_size": [-1, 2]},
								"east": {"uv": [16, 33], "uv_size": [-2, 2]},
								"south": {"uv": [37, 28], "uv_size": [-1, 2]},
								"west": {"uv": [14, 33], "uv_size": [-2, 2]},
								"up": {"uv": [30, 36], "uv_size": [-1, 2]},
								"down": {"uv": [31, 38], "uv_size": [-1, -2]}
							}
						},
						{
							"origin": [0.28446, 0.91442, -1.66312],
							"size": [0.07168, 0.31791, 0.29816],
							"pivot": [-0.09052, 1.1338, -1.54662],
							"rotation": [-131.24006, 67.97347, -176.70722],
							"uv": {
								"north": {"uv": [37, 30], "uv_size": [-1, 2]},
								"east": {"uv": [35, 18], "uv_size": [-2, 2]},
								"south": {"uv": [32, 36], "uv_size": [-1, 2]},
								"west": {"uv": [18, 33], "uv_size": [-2, 2]},
								"up": {"uv": [33, 36], "uv_size": [-1, 2]},
								"down": {"uv": [37, 34], "uv_size": [-1, -2]}
							}
						},
						{
							"origin": [-0.54487, 0.95391, -1.64337],
							"size": [0.07168, 0.31791, 0.29816],
							"pivot": [-0.09052, 1.1338, -1.54662],
							"rotation": [-135, 67.5, -180],
							"uv": {
								"north": {"uv": [34, 36], "uv_size": [-1, 2]},
								"east": {"uv": [35, 22], "uv_size": [-2, 2]},
								"south": {"uv": [35, 36], "uv_size": [-1, 2]},
								"west": {"uv": [35, 20], "uv_size": [-2, 2]},
								"up": {"uv": [37, 34], "uv_size": [-1, 2]},
								"down": {"uv": [36, 38], "uv_size": [-1, -2]}
							}
						},
						{
							"origin": [0.3666, 1.12333, -1.66608],
							"size": [0.05924, 0.39492, 0.19746],
							"pivot": [-0.02832, -0.71303, -1.56735],
							"rotation": [-180, 67.5, -180],
							"uv": {
								"north": {"uv": [37, 36], "uv_size": [-1, 2]},
								"east": {"uv": [38, 4], "uv_size": [-1, 2]},
								"south": {"uv": [38, 2], "uv_size": [-1, 2]},
								"west": {"uv": [38, 0], "uv_size": [-1, 2]},
								"up": {"uv": [41, 40], "uv_size": [-1, 1]},
								"down": {"uv": [42, 1], "uv_size": [-1, -1]}
							}
						},
						{
							"origin": [-0.52196, 0.74816, -1.66608],
							"size": [0.19746, 0.39492, 0.19746],
							"pivot": [-0.02832, -1.08821, -1.56735],
							"rotation": [0, 67.5, 0],
							"uv": {
								"north": {"uv": [38, 6], "uv_size": [-1, 2]},
								"east": {"uv": [13, 37], "uv_size": [-1, 2]},
								"south": {"uv": [38, 10], "uv_size": [-1, 2]},
								"west": {"uv": [38, 8], "uv_size": [-1, 2]},
								"up": {"uv": [42, 1], "uv_size": [-1, 1]},
								"down": {"uv": [42, 3], "uv_size": [-1, -1]}
							}
						},
						{
							"origin": [-0.52196, 0.74816, -1.66608],
							"size": [0.19746, 0.39492, 0.19746],
							"pivot": [-0.02832, 0.74816, -1.56735],
							"rotation": [0, -135, 0],
							"uv": {
								"north": {"uv": [38, 12], "uv_size": [-1, 2]},
								"east": {"uv": [38, 14], "uv_size": [-1, 2]},
								"south": {"uv": [15, 37], "uv_size": [-1, 2]},
								"west": {"uv": [14, 37], "uv_size": [-1, 2]},
								"up": {"uv": [42, 3], "uv_size": [-1, 1]},
								"down": {"uv": [42, 5], "uv_size": [-1, -1]}
							}
						},
						{
							"origin": [-0.52196, 0.74816, -1.66608],
							"size": [0.19746, 0.39492, 0.19746],
							"pivot": [-0.02832, 0.74816, -1.56735],
							"rotation": [0, -157.5, 0],
							"uv": {
								"north": {"uv": [16, 37], "uv_size": [-1, 2]},
								"east": {"uv": [18, 37], "uv_size": [-1, 2]},
								"south": {"uv": [38, 16], "uv_size": [-1, 2]},
								"west": {"uv": [17, 37], "uv_size": [-1, 2]},
								"up": {"uv": [42, 5], "uv_size": [-1, 1]},
								"down": {"uv": [42, 7], "uv_size": [-1, -1]}
							}
						},
						{
							"origin": [-0.48247, 1.14308, -1.66608],
							"size": [0.05924, 0.39492, 0.19746],
							"pivot": [-0.02832, 0.74816, -1.56735],
							"rotation": [0, -157.5, 0],
							"uv": {
								"north": {"uv": [38, 18], "uv_size": [-1, 2]},
								"east": {"uv": [38, 24], "uv_size": [-1, 2]},
								"south": {"uv": [38, 22], "uv_size": [-1, 2]},
								"west": {"uv": [38, 20], "uv_size": [-1, 2]},
								"up": {"uv": [42, 7], "uv_size": [-1, 1]},
								"down": {"uv": [42, 9], "uv_size": [-1, -1]}
							}
						},
						{
							"origin": [0.34686, 1.14308, -1.66608],
							"size": [0.05924, 0.39492, 0.19746],
							"pivot": [-0.02832, 0.74816, -1.56735],
							"rotation": [0, -157.5, 0],
							"uv": {
								"north": {"uv": [38, 26], "uv_size": [-1, 2]},
								"east": {"uv": [38, 32], "uv_size": [-1, 2]},
								"south": {"uv": [38, 30], "uv_size": [-1, 2]},
								"west": {"uv": [38, 28], "uv_size": [-1, 2]},
								"up": {"uv": [42, 9], "uv_size": [-1, 1]},
								"down": {"uv": [42, 11], "uv_size": [-1, -1]}
							}
						},
						{
							"origin": [0.20548, 0.95391, -1.70261],
							"size": [0.07168, 0.3574, 0.31791],
							"pivot": [-0.09052, 1.1338, -1.54662],
							"rotation": [-135, -22.5, -180],
							"uv": {
								"north": {"uv": [39, 4], "uv_size": [-1, 2]},
								"east": {"uv": [35, 30], "uv_size": [-2, 2]},
								"south": {"uv": [39, 6], "uv_size": [-1, 2]},
								"west": {"uv": [35, 28], "uv_size": [-2, 2]},
								"up": {"uv": [39, 8], "uv_size": [-1, 2]},
								"down": {"uv": [39, 12], "uv_size": [-1, -2]}
							}
						},
						{
							"origin": [-0.52196, -1.54236, -1.66608],
							"size": [0.19746, 0.39492, 0.19746],
							"pivot": [-0.42323, -3.37873, -1.56735],
							"rotation": [-180, 0, -180],
							"uv": {
								"north": {"uv": [39, 12], "uv_size": [-1, 2]},
								"east": {"uv": [39, 18], "uv_size": [-1, 2]},
								"south": {"uv": [39, 16], "uv_size": [-1, 2]},
								"west": {"uv": [39, 14], "uv_size": [-1, 2]},
								"up": {"uv": [42, 11], "uv_size": [-1, 1]},
								"down": {"uv": [13, 42], "uv_size": [-1, -1]}
							}
						},
						{
							"origin": [-0.52196, -1.54236, -1.66608],
							"size": [0.19746, 0.39492, 0.19746],
							"pivot": [-0.02832, -3.37873, -1.56735],
							"rotation": [-180, 22.5, -180],
							"uv": {
								"north": {"uv": [39, 20], "uv_size": [-1, 2]},
								"east": {"uv": [25, 38], "uv_size": [-1, 2]},
								"south": {"uv": [24, 38], "uv_size": [-1, 2]},
								"west": {"uv": [39, 22], "uv_size": [-1, 2]},
								"up": {"uv": [42, 12], "uv_size": [-1, 1]},
								"down": {"uv": [14, 42], "uv_size": [-1, -1]}
							}
						},
						{
							"origin": [-0.52196, -1.54236, -1.66608],
							"size": [0.19746, 0.39492, 0.19746],
							"pivot": [-0.02832, -3.37873, -1.56735],
							"rotation": [-180, 45, -180],
							"uv": {
								"north": {"uv": [39, 24], "uv_size": [-1, 2]},
								"east": {"uv": [39, 26], "uv_size": [-1, 2]},
								"south": {"uv": [27, 38], "uv_size": [-1, 2]},
								"west": {"uv": [26, 38], "uv_size": [-1, 2]},
								"up": {"uv": [42, 13], "uv_size": [-1, 1]},
								"down": {"uv": [15, 42], "uv_size": [-1, -1]}
							}
						},
						{
							"origin": [-0.52196, -1.54236, -1.66608],
							"size": [0.19746, 0.39492, 0.19746],
							"pivot": [-0.02832, -3.37873, -1.56735],
							"rotation": [-180, 67.5, -180],
							"uv": {
								"north": {"uv": [28, 38], "uv_size": [-1, 2]},
								"east": {"uv": [30, 38], "uv_size": [-1, 2]},
								"south": {"uv": [39, 28], "uv_size": [-1, 2]},
								"west": {"uv": [29, 38], "uv_size": [-1, 2]},
								"up": {"uv": [42, 14], "uv_size": [-1, 1]},
								"down": {"uv": [16, 42], "uv_size": [-1, -1]}
							}
						},
						{
							"origin": [-0.52196, -1.54236, -1.66608],
							"size": [0.19746, 0.39492, 0.19746],
							"pivot": [-0.02832, -3.37873, -1.56735],
							"rotation": [0, 90, 0],
							"uv": {
								"north": {"uv": [31, 38], "uv_size": [-1, 2]},
								"east": {"uv": [33, 38], "uv_size": [-1, 2]},
								"south": {"uv": [32, 38], "uv_size": [-1, 2]},
								"west": {"uv": [39, 30], "uv_size": [-1, 2]},
								"up": {"uv": [42, 15], "uv_size": [-1, 1]},
								"down": {"uv": [17, 42], "uv_size": [-1, -1]}
							}
						},
						{
							"origin": [-0.52196, -1.54236, -1.66608],
							"size": [0.19746, 0.39492, 0.19746],
							"pivot": [-0.02832, -3.37873, -1.56735],
							"rotation": [0, 67.5, 0],
							"uv": {
								"north": {"uv": [39, 32], "uv_size": [-1, 2]},
								"east": {"uv": [39, 34], "uv_size": [-1, 2]},
								"south": {"uv": [35, 38], "uv_size": [-1, 2]},
								"west": {"uv": [34, 38], "uv_size": [-1, 2]},
								"up": {"uv": [42, 16], "uv_size": [-1, 1]},
								"down": {"uv": [18, 42], "uv_size": [-1, -1]}
							}
						},
						{
							"origin": [-0.52196, -1.54236, -1.66608],
							"size": [0.19746, 0.39492, 0.19746],
							"pivot": [-0.02832, -3.37873, -1.56735],
							"rotation": [0, 45, 0],
							"uv": {
								"north": {"uv": [36, 38], "uv_size": [-1, 2]},
								"east": {"uv": [38, 38], "uv_size": [-1, 2]},
								"south": {"uv": [39, 36], "uv_size": [-1, 2]},
								"west": {"uv": [37, 38], "uv_size": [-1, 2]},
								"up": {"uv": [42, 17], "uv_size": [-1, 1]},
								"down": {"uv": [19, 42], "uv_size": [-1, -1]}
							}
						},
						{
							"origin": [-0.52196, -1.54236, -1.66608],
							"size": [0.19746, 0.39492, 0.19746],
							"pivot": [-0.02832, -3.37873, -1.56735],
							"rotation": [0, 22.5, 0],
							"uv": {
								"north": {"uv": [39, 38], "uv_size": [-1, 2]},
								"east": {"uv": [40, 4], "uv_size": [-1, 2]},
								"south": {"uv": [40, 2], "uv_size": [-1, 2]},
								"west": {"uv": [40, 0], "uv_size": [-1, 2]},
								"up": {"uv": [42, 18], "uv_size": [-1, 1]},
								"down": {"uv": [20, 42], "uv_size": [-1, -1]}
							}
						},
						{
							"origin": [-0.52196, -1.54236, -1.66608],
							"size": [0.19746, 0.39492, 0.19746],
							"pivot": [-0.02832, -1.54236, -1.56735],
							"rotation": [0, -157.5, 0],
							"uv": {
								"north": {"uv": [40, 6], "uv_size": [-1, 2]},
								"east": {"uv": [13, 39], "uv_size": [-1, 2]},
								"south": {"uv": [40, 10], "uv_size": [-1, 2]},
								"west": {"uv": [40, 8], "uv_size": [-1, 2]},
								"up": {"uv": [42, 19], "uv_size": [-1, 1]},
								"down": {"uv": [21, 42], "uv_size": [-1, -1]}
							}
						},
						{
							"origin": [-0.52196, -1.54236, -1.66608],
							"size": [0.19746, 0.39492, 0.19746],
							"pivot": [-0.02832, -1.54236, -1.56735],
							"rotation": [0, -135, 0],
							"uv": {
								"north": {"uv": [40, 12], "uv_size": [-1, 2]},
								"east": {"uv": [40, 14], "uv_size": [-1, 2]},
								"south": {"uv": [15, 39], "uv_size": [-1, 2]},
								"west": {"uv": [14, 39], "uv_size": [-1, 2]},
								"up": {"uv": [42, 20], "uv_size": [-1, 1]},
								"down": {"uv": [22, 42], "uv_size": [-1, -1]}
							}
						},
						{
							"origin": [-0.52196, -1.54236, -1.66608],
							"size": [0.19746, 0.39492, 0.19746],
							"pivot": [-0.02832, -1.54236, -1.56735],
							"rotation": [0, -112.5, 0],
							"uv": {
								"north": {"uv": [16, 39], "uv_size": [-1, 2]},
								"east": {"uv": [18, 39], "uv_size": [-1, 2]},
								"south": {"uv": [40, 16], "uv_size": [-1, 2]},
								"west": {"uv": [17, 39], "uv_size": [-1, 2]},
								"up": {"uv": [42, 21], "uv_size": [-1, 1]},
								"down": {"uv": [23, 42], "uv_size": [-1, -1]}
							}
						},
						{
							"origin": [-0.52196, -1.54236, -1.66608],
							"size": [0.19746, 0.39492, 0.19746],
							"pivot": [-0.02832, -1.54236, -1.56735],
							"rotation": [0, -90, 0],
							"uv": {
								"north": {"uv": [40, 18], "uv_size": [-1, 2]},
								"east": {"uv": [40, 24], "uv_size": [-1, 2]},
								"south": {"uv": [40, 22], "uv_size": [-1, 2]},
								"west": {"uv": [40, 20], "uv_size": [-1, 2]},
								"up": {"uv": [42, 22], "uv_size": [-1, 1]},
								"down": {"uv": [24, 42], "uv_size": [-1, -1]}
							}
						},
						{
							"origin": [-0.52196, -1.54236, -1.66608],
							"size": [0.19746, 0.39492, 0.19746],
							"pivot": [-0.02832, -1.54236, -1.56735],
							"rotation": [0, -67.5, 0],
							"uv": {
								"north": {"uv": [40, 26], "uv_size": [-1, 2]},
								"east": {"uv": [40, 32], "uv_size": [-1, 2]},
								"south": {"uv": [40, 30], "uv_size": [-1, 2]},
								"west": {"uv": [40, 28], "uv_size": [-1, 2]},
								"up": {"uv": [42, 23], "uv_size": [-1, 1]},
								"down": {"uv": [25, 42], "uv_size": [-1, -1]}
							}
						},
						{
							"origin": [-0.52196, -1.54236, -1.66608],
							"size": [0.19746, 0.39492, 0.19746],
							"pivot": [-0.02832, -1.54236, -1.56735],
							"rotation": [0, -45, 0],
							"uv": {
								"north": {"uv": [40, 34], "uv_size": [-1, 2]},
								"east": {"uv": [41, 0], "uv_size": [-1, 2]},
								"south": {"uv": [40, 38], "uv_size": [-1, 2]},
								"west": {"uv": [40, 36], "uv_size": [-1, 2]},
								"up": {"uv": [42, 24], "uv_size": [-1, 1]},
								"down": {"uv": [26, 42], "uv_size": [-1, -1]}
							}
						},
						{
							"origin": [-0.52196, -1.54236, -1.66608],
							"size": [0.19746, 0.39492, 0.19746],
							"pivot": [-0.02832, -1.54236, -1.56735],
							"rotation": [0, -22.5, 0],
							"uv": {
								"north": {"uv": [41, 2], "uv_size": [-1, 2]},
								"east": {"uv": [41, 8], "uv_size": [-1, 2]},
								"south": {"uv": [41, 6], "uv_size": [-1, 2]},
								"west": {"uv": [41, 4], "uv_size": [-1, 2]},
								"up": {"uv": [42, 25], "uv_size": [-1, 1]},
								"down": {"uv": [27, 42], "uv_size": [-1, -1]}
							}
						},
						{
							"origin": [0.26787, -1.54236, -1.66608],
							"size": [0.19746, 0.39492, 0.19746],
							"uv": {
								"north": {"uv": [41, 10], "uv_size": [-1, 2]},
								"east": {"uv": [41, 16], "uv_size": [-1, 2]},
								"south": {"uv": [41, 14], "uv_size": [-1, 2]},
								"west": {"uv": [41, 12], "uv_size": [-1, 2]},
								"up": {"uv": [42, 26], "uv_size": [-1, 1]},
								"down": {"uv": [28, 42], "uv_size": [-1, -1]}
							}
						}
					]
				},
				{
					"name": "bone3",
					"parent": "bone",
					"pivot": [0.24813, 0.64943, -1.56735],
					"cubes": [
						{
							"origin": [-0.37653, -1.32516, -1.63676],
							"size": [0.13881, 2.25222, 0.13881],
							"pivot": [-0.30713, -0.64153, -1.56735],
							"rotation": [-180, 0, -180],
							"uv": {
								"north": {"uv": [1, 0], "uv_size": [-1, 11]},
								"east": {"uv": [4, 0], "uv_size": [-1, 11]},
								"south": {"uv": [3, 0], "uv_size": [-1, 11]},
								"west": {"uv": [2, 0], "uv_size": [-1, 11]},
								"up": {"uv": [42, 27], "uv_size": [-1, 1]},
								"down": {"uv": [29, 42], "uv_size": [-1, -1]}
							}
						},
						{
							"origin": [-0.37653, -1.32516, -1.63676],
							"size": [0.13881, 2.25222, 0.13881],
							"pivot": [-0.0295, -0.64153, -1.56735],
							"rotation": [-180, 22.5, -180],
							"uv": {
								"north": {"uv": [5, 0], "uv_size": [-1, 11]},
								"east": {"uv": [8, 0], "uv_size": [-1, 11]},
								"south": {"uv": [7, 0], "uv_size": [-1, 11]},
								"west": {"uv": [6, 0], "uv_size": [-1, 11]},
								"up": {"uv": [42, 28], "uv_size": [-1, 1]},
								"down": {"uv": [30, 42], "uv_size": [-1, -1]}
							}
						},
						{
							"origin": [-0.37653, -1.32516, -1.63676],
							"size": [0.13881, 2.25222, 0.13881],
							"pivot": [-0.0295, -0.64153, -1.56735],
							"rotation": [-180, 45, -180],
							"uv": {
								"north": {"uv": [9, 0], "uv_size": [-1, 11]},
								"east": {"uv": [1, 11], "uv_size": [-1, 11]},
								"south": {"uv": [11, 0], "uv_size": [-1, 11]},
								"west": {"uv": [10, 0], "uv_size": [-1, 11]},
								"up": {"uv": [42, 29], "uv_size": [-1, 1]},
								"down": {"uv": [31, 42], "uv_size": [-1, -1]}
							}
						},
						{
							"origin": [-0.37653, -1.32516, -1.63676],
							"size": [0.13881, 2.25222, 0.13881],
							"pivot": [-0.0295, -0.64153, -1.56735],
							"rotation": [-180, 67.5, -180],
							"uv": {
								"north": {"uv": [12, 0], "uv_size": [-1, 11]},
								"east": {"uv": [4, 11], "uv_size": [-1, 11]},
								"south": {"uv": [3, 11], "uv_size": [-1, 11]},
								"west": {"uv": [2, 11], "uv_size": [-1, 11]},
								"up": {"uv": [42, 30], "uv_size": [-1, 1]},
								"down": {"uv": [32, 42], "uv_size": [-1, -1]}
							}
						},
						{
							"origin": [-0.37653, -1.32516, -1.63676],
							"size": [0.13881, 2.25222, 0.13881],
							"pivot": [-0.0295, -0.64153, -1.56735],
							"rotation": [0, 90, 0],
							"uv": {
								"north": {"uv": [5, 11], "uv_size": [-1, 11]},
								"east": {"uv": [8, 11], "uv_size": [-1, 11]},
								"south": {"uv": [7, 11], "uv_size": [-1, 11]},
								"west": {"uv": [6, 11], "uv_size": [-1, 11]},
								"up": {"uv": [42, 31], "uv_size": [-1, 1]},
								"down": {"uv": [33, 42], "uv_size": [-1, -1]}
							}
						},
						{
							"origin": [-0.37653, -1.32516, -1.63676],
							"size": [0.13881, 2.25222, 0.13881],
							"pivot": [-0.0295, -0.64153, -1.56735],
							"rotation": [0, 67.5, 0],
							"uv": {
								"north": {"uv": [9, 11], "uv_size": [-1, 11]},
								"east": {"uv": [12, 11], "uv_size": [-1, 11]},
								"south": {"uv": [11, 11], "uv_size": [-1, 11]},
								"west": {"uv": [10, 11], "uv_size": [-1, 11]},
								"up": {"uv": [42, 32], "uv_size": [-1, 1]},
								"down": {"uv": [34, 42], "uv_size": [-1, -1]}
							}
						},
						{
							"origin": [-0.37653, -1.32516, -1.63676],
							"size": [0.13881, 2.25222, 0.13881],
							"pivot": [-0.0295, -0.64153, -1.56735],
							"rotation": [0, 45, 0],
							"uv": {
								"north": {"uv": [13, 0], "uv_size": [-1, 11]},
								"east": {"uv": [14, 11], "uv_size": [-1, 11]},
								"south": {"uv": [14, 0], "uv_size": [-1, 11]},
								"west": {"uv": [13, 11], "uv_size": [-1, 11]},
								"up": {"uv": [42, 33], "uv_size": [-1, 1]},
								"down": {"uv": [35, 42], "uv_size": [-1, -1]}
							}
						},
						{
							"origin": [-0.37653, -1.32516, -1.63676],
							"size": [0.13881, 2.25222, 0.13881],
							"pivot": [-0.0295, -0.64153, -1.56735],
							"rotation": [0, 22.5, 0],
							"uv": {
								"north": {"uv": [15, 0], "uv_size": [-1, 11]},
								"east": {"uv": [16, 11], "uv_size": [-1, 11]},
								"south": {"uv": [16, 0], "uv_size": [-1, 11]},
								"west": {"uv": [15, 11], "uv_size": [-1, 11]},
								"up": {"uv": [42, 34], "uv_size": [-1, 1]},
								"down": {"uv": [36, 42], "uv_size": [-1, -1]}
							}
						},
						{
							"origin": [-0.37653, -1.32516, -1.63676],
							"size": [0.13881, 2.25222, 0.13881],
							"pivot": [-0.0295, 0.64943, -1.56735],
							"rotation": [0, -157.5, 0],
							"uv": {
								"north": {"uv": [17, 0], "uv_size": [-1, 11]},
								"east": {"uv": [18, 11], "uv_size": [-1, 11]},
								"south": {"uv": [18, 0], "uv_size": [-1, 11]},
								"west": {"uv": [17, 11], "uv_size": [-1, 11]},
								"up": {"uv": [42, 35], "uv_size": [-1, 1]},
								"down": {"uv": [37, 42], "uv_size": [-1, -1]}
							}
						},
						{
							"origin": [-0.37653, -1.32516, -1.63676],
							"size": [0.13881, 2.25222, 0.13881],
							"pivot": [-0.0295, 0.64943, -1.56735],
							"rotation": [0, -135, 0],
							"uv": {
								"north": {"uv": [19, 0], "uv_size": [-1, 11]},
								"east": {"uv": [20, 11], "uv_size": [-1, 11]},
								"south": {"uv": [20, 0], "uv_size": [-1, 11]},
								"west": {"uv": [19, 11], "uv_size": [-1, 11]},
								"up": {"uv": [42, 36], "uv_size": [-1, 1]},
								"down": {"uv": [38, 42], "uv_size": [-1, -1]}
							}
						},
						{
							"origin": [-0.37653, -1.32516, -1.63676],
							"size": [0.13881, 2.25222, 0.13881],
							"pivot": [-0.0295, 0.64943, -1.56735],
							"rotation": [0, -112.5, 0],
							"uv": {
								"north": {"uv": [21, 0], "uv_size": [-1, 11]},
								"east": {"uv": [22, 11], "uv_size": [-1, 11]},
								"south": {"uv": [22, 0], "uv_size": [-1, 11]},
								"west": {"uv": [21, 11], "uv_size": [-1, 11]},
								"up": {"uv": [42, 37], "uv_size": [-1, 1]},
								"down": {"uv": [39, 42], "uv_size": [-1, -1]}
							}
						},
						{
							"origin": [-0.37653, -1.32516, -1.63676],
							"size": [0.13881, 2.25222, 0.13881],
							"pivot": [-0.0295, 0.64943, -1.56735],
							"rotation": [0, -90, 0],
							"uv": {
								"north": {"uv": [1, 22], "uv_size": [-1, 11]},
								"east": {"uv": [3, 22], "uv_size": [-1, 11]},
								"south": {"uv": [2, 22], "uv_size": [-1, 11]},
								"west": {"uv": [23, 0], "uv_size": [-1, 11]},
								"up": {"uv": [42, 38], "uv_size": [-1, 1]},
								"down": {"uv": [40, 42], "uv_size": [-1, -1]}
							}
						},
						{
							"origin": [-0.37653, -1.32516, -1.63676],
							"size": [0.13881, 2.25222, 0.13881],
							"pivot": [-0.0295, 0.64943, -1.56735],
							"rotation": [0, -67.5, 0],
							"uv": {
								"north": {"uv": [4, 22], "uv_size": [-1, 11]},
								"east": {"uv": [7, 22], "uv_size": [-1, 11]},
								"south": {"uv": [6, 22], "uv_size": [-1, 11]},
								"west": {"uv": [5, 22], "uv_size": [-1, 11]},
								"up": {"uv": [42, 39], "uv_size": [-1, 1]},
								"down": {"uv": [41, 42], "uv_size": [-1, -1]}
							}
						},
						{
							"origin": [-0.37653, -1.32516, -1.63676],
							"size": [0.13881, 2.25222, 0.13881],
							"pivot": [-0.0295, 0.64943, -1.56735],
							"rotation": [0, -45, 0],
							"uv": {
								"north": {"uv": [8, 22], "uv_size": [-1, 11]},
								"east": {"uv": [11, 22], "uv_size": [-1, 11]},
								"south": {"uv": [10, 22], "uv_size": [-1, 11]},
								"west": {"uv": [9, 22], "uv_size": [-1, 11]},
								"up": {"uv": [42, 40], "uv_size": [-1, 1]},
								"down": {"uv": [42, 42], "uv_size": [-1, -1]}
							}
						},
						{
							"origin": [-0.37653, -1.32516, -1.63676],
							"size": [0.13881, 2.25222, 0.13881],
							"pivot": [-0.0295, 0.64943, -1.56735],
							"rotation": [0, -22.5, 0],
							"uv": {
								"north": {"uv": [12, 22], "uv_size": [-1, 11]},
								"east": {"uv": [14, 22], "uv_size": [-1, 11]},
								"south": {"uv": [13, 22], "uv_size": [-1, 11]},
								"west": {"uv": [23, 11], "uv_size": [-1, 11]},
								"up": {"uv": [1, 42], "uv_size": [-1, 1]},
								"down": {"uv": [43, 1], "uv_size": [-1, -1]}
							}
						},
						{
							"origin": [0.17872, -1.32516, -1.63676],
							"size": [0.13881, 2.25222, 0.13881],
							"uv": {
								"north": {"uv": [15, 22], "uv_size": [-1, 11]},
								"east": {"uv": [18, 22], "uv_size": [-1, 11]},
								"south": {"uv": [17, 22], "uv_size": [-1, 11]},
								"west": {"uv": [16, 22], "uv_size": [-1, 11]},
								"up": {"uv": [2, 42], "uv_size": [-1, 1]},
								"down": {"uv": [43, 2], "uv_size": [-1, -1]}
							}
						}
					]
				},
				{
					"name": "bone2",
					"parent": "bone",
					"pivot": [-0.02832, -1.08821, -1.56735],
					"rotation": [0, -180, 0],
					"cubes": [
						{
							"origin": [0.26787, -1.08821, -1.66608],
							"size": [0.19746, 1.77713, 0.19746],
							"uv": {
								"north": {"uv": [30, 27], "uv_size": [-1, 9]},
								"east": {"uv": [31, 18], "uv_size": [-1, 9]},
								"south": {"uv": [31, 9], "uv_size": [-1, 9]},
								"west": {"uv": [31, 0], "uv_size": [-1, 9]},
								"up": {"uv": [3, 42], "uv_size": [-1, 1]},
								"down": {"uv": [43, 3], "uv_size": [-1, -1]}
							}
						},
						{
							"origin": [-0.52196, -1.08821, -1.66608],
							"size": [0.19746, 1.77713, 0.19746],
							"pivot": [-0.02832, -1.08821, -1.56735],
							"rotation": [0, -22.5, 0],
							"uv": {
								"north": {"uv": [31, 27], "uv_size": [-1, 9]},
								"east": {"uv": [19, 31], "uv_size": [-1, 9]},
								"south": {"uv": [32, 9], "uv_size": [-1, 9]},
								"west": {"uv": [32, 0], "uv_size": [-1, 9]},
								"up": {"uv": [4, 42], "uv_size": [-1, 1]},
								"down": {"uv": [43, 4], "uv_size": [-1, -1]}
							}
						},
						{
							"origin": [-0.52196, -1.08821, -1.66608],
							"size": [0.19746, 1.77713, 0.19746],
							"pivot": [-0.02832, -1.08821, -1.56735],
							"rotation": [0, -45, 0],
							"uv": {
								"north": {"uv": [32, 18], "uv_size": [-1, 9]},
								"east": {"uv": [22, 31], "uv_size": [-1, 9]},
								"south": {"uv": [21, 31], "uv_size": [-1, 9]},
								"west": {"uv": [20, 31], "uv_size": [-1, 9]},
								"up": {"uv": [5, 42], "uv_size": [-1, 1]},
								"down": {"uv": [43, 5], "uv_size": [-1, -1]}
							}
						},
						{
							"origin": [-0.52196, -1.08821, -1.66608],
							"size": [0.19746, 1.77713, 0.19746],
							"pivot": [-0.02832, -1.08821, -1.56735],
							"rotation": [0, -67.5, 0],
							"uv": {
								"north": {"uv": [23, 31], "uv_size": [-1, 9]},
								"east": {"uv": [33, 9], "uv_size": [-1, 9]},
								"south": {"uv": [33, 0], "uv_size": [-1, 9]},
								"west": {"uv": [32, 27], "uv_size": [-1, 9]},
								"up": {"uv": [6, 42], "uv_size": [-1, 1]},
								"down": {"uv": [43, 6], "uv_size": [-1, -1]}
							}
						},
						{
							"origin": [-0.52196, -1.08821, -1.66608],
							"size": [0.19746, 1.77713, 0.19746],
							"pivot": [-0.02832, -1.08821, -1.56735],
							"rotation": [0, -90, 0],
							"uv": {
								"north": {"uv": [33, 18], "uv_size": [-1, 9]},
								"east": {"uv": [34, 0], "uv_size": [-1, 9]},
								"south": {"uv": [1, 33], "uv_size": [-1, 9]},
								"west": {"uv": [33, 27], "uv_size": [-1, 9]},
								"up": {"uv": [7, 42], "uv_size": [-1, 1]},
								"down": {"uv": [43, 7], "uv_size": [-1, -1]}
							}
						},
						{
							"origin": [-0.52196, -1.08821, -1.66608],
							"size": [0.19746, 1.77713, 0.19746],
							"pivot": [-0.02832, -1.08821, -1.56735],
							"rotation": [0, -112.5, 0],
							"uv": {
								"north": {"uv": [2, 33], "uv_size": [-1, 9]},
								"east": {"uv": [5, 33], "uv_size": [-1, 9]},
								"south": {"uv": [4, 33], "uv_size": [-1, 9]},
								"west": {"uv": [3, 33], "uv_size": [-1, 9]},
								"up": {"uv": [8, 42], "uv_size": [-1, 1]},
								"down": {"uv": [43, 8], "uv_size": [-1, -1]}
							}
						},
						{
							"origin": [-0.52196, -1.08821, -1.66608],
							"size": [0.19746, 1.77713, 0.19746],
							"pivot": [-0.02832, -1.08821, -1.56735],
							"rotation": [0, -135, 0],
							"uv": {
								"north": {"uv": [6, 33], "uv_size": [-1, 9]},
								"east": {"uv": [9, 33], "uv_size": [-1, 9]},
								"south": {"uv": [8, 33], "uv_size": [-1, 9]},
								"west": {"uv": [7, 33], "uv_size": [-1, 9]},
								"up": {"uv": [9, 42], "uv_size": [-1, 1]},
								"down": {"uv": [43, 9], "uv_size": [-1, -1]}
							}
						},
						{
							"origin": [-0.52196, -1.08821, -1.66608],
							"size": [0.19746, 1.77713, 0.19746],
							"pivot": [-0.02832, -1.08821, -1.56735],
							"rotation": [0, -157.5, 0],
							"uv": {
								"north": {"uv": [10, 33], "uv_size": [-1, 9]},
								"east": {"uv": [12, 33], "uv_size": [-1, 9]},
								"south": {"uv": [11, 33], "uv_size": [-1, 9]},
								"west": {"uv": [34, 9], "uv_size": [-1, 9]},
								"up": {"uv": [10, 42], "uv_size": [-1, 1]},
								"down": {"uv": [43, 10], "uv_size": [-1, -1]}
							}
						}
					]
				}
			]
		}
	]
}