{
	"format_version": "1.12.0",
	"minecraft:geometry": [
		{
			"description": {
				"identifier": "geometry.unknown",
				"texture_width": 128,
				"texture_height": 128,
				"visible_bounds_width": 9,
				"visible_bounds_height": 1.5,
				"visible_bounds_offset": [0, 0.25, 0]
			},
			"bones": [
				{
					"name": "scope_body",
					"pivot": [0.725, 0.125, 0],
					"rotation": [0, -90, 0],
					"cubes": [
						{
							"origin": [-1.115, -0.135, -0.192],
							"size": [1.92, 0.26, 1.744],
							"uv": {
								"north": {"uv": [81, 67], "uv_size": [24, 2]},
								"east": {"uv": [87, 73], "uv_size": [22, 2]},
								"south": {"uv": [82, 20], "uv_size": [24, 2]},
								"west": {"uv": [88, 54], "uv_size": [22, 2]},
								"up": {"uv": [24, 0], "uv_size": [24, 22]},
								"down": {"uv": [24, 44], "uv_size": [24, -22]}
							}
						},
						{
							"origin": [-1.067, 0.005, -0.192],
							"size": [1.92, 0.16, 1.744],
							"uv": {
								"north": {"uv": [0, 81], "uv_size": [24, 2]},
								"east": {"uv": [87, 69], "uv_size": [22, 2]},
								"south": {"uv": [81, 65], "uv_size": [24, 2]},
								"west": {"uv": [87, 71], "uv_size": [22, 2]},
								"up": {"uv": [0, 0], "uv_size": [24, 22]},
								"down": {"uv": [0, 44], "uv_size": [24, -22]}
							}
						},
						{
							"origin": [0.517, 0.125, -0.192],
							"size": [0.344, 0.032, 1.744],
							"pivot": [0.781, 0.125, 0],
							"rotation": [0, 0, -30],
							"uv": {
								"north": {"uv": [0, 81], "uv_size": [24, 2]},
								"east": {"uv": [87, 69], "uv_size": [22, 2]},
								"south": {"uv": [81, 65], "uv_size": [24, 2]},
								"west": {"uv": [87, 71], "uv_size": [22, 2]},
								"up": {"uv": [0, 0], "uv_size": [24, 22]},
								"down": {"uv": [0, 44], "uv_size": [24, -22]}
							}
						},
						{
							"origin": [0.485, 0.157, -0.192],
							"size": [0.344, 0.032, 1.744],
							"uv": {
								"north": {"uv": [0, 81], "uv_size": [24, 2]},
								"east": {"uv": [87, 69], "uv_size": [22, 2]},
								"south": {"uv": [81, 65], "uv_size": [24, 2]},
								"west": {"uv": [87, 71], "uv_size": [22, 2]},
								"up": {"uv": [0, 0], "uv_size": [24, 22]},
								"down": {"uv": [0, 44], "uv_size": [24, -22]}
							}
						},
						{
							"origin": [0.677, 0.029, -0.192],
							"size": [0.16, 0.056, 1.744],
							"pivot": [0.757, 0.029, 0],
							"rotation": [0, 0, 53],
							"uv": {
								"north": {"uv": [87, 41], "uv_size": [2, 1]},
								"east": {"uv": [69, 15], "uv_size": [22, 1]},
								"south": {"uv": [83, 87], "uv_size": [2, 1]},
								"west": {"uv": [92, 39], "uv_size": [22, 1]},
								"up": {"uv": [22, 83], "uv_size": [2, 22]},
								"down": {"uv": [81, 109], "uv_size": [2, -22]}
							}
						},
						{
							"origin": [0.645, 0.269, 0.008],
							"size": [0.16, 0.28, 1.28],
							"uv": {
								"north": {"uv": [62, 91], "uv_size": [2, 3]},
								"east": {"uv": [82, 22], "uv_size": [16, 3]},
								"south": {"uv": [64, 91], "uv_size": [2, 3]},
								"west": {"uv": [82, 25], "uv_size": [16, 3]},
								"up": {"uv": [50, 88], "uv_size": [2, 16]},
								"down": {"uv": [24, 105], "uv_size": [2, -16]}
							}
						},
						{
							"origin": [0.741, 0.477, 0.088],
							"size": [0.16, 0.096, 1.28],
							"pivot": [0.821, 0.349, 0.168],
							"rotation": [0, 0, -40],
							"uv": {
								"north": {"uv": [101, 101], "uv_size": [2, 1]},
								"east": {"uv": [71, 41], "uv_size": [16, 1]},
								"south": {"uv": [0, 102], "uv_size": [2, 1]},
								"west": {"uv": [92, 40], "uv_size": [16, 1]},
								"up": {"uv": [26, 89], "uv_size": [2, 16]},
								"down": {"uv": [28, 105], "uv_size": [2, -16]}
							}
						},
						{
							"origin": [-0.523, 0.557, 0.464],
							"size": [0.752, 0.112, 0.616],
							"uv": {
								"north": {"uv": [53, 86], "uv_size": [9, 1]},
								"east": {"uv": [98, 30], "uv_size": [8, 1]},
								"south": {"uv": [30, 98], "uv_size": [9, 1]},
								"west": {"uv": [62, 98], "uv_size": [8, 1]},
								"up": {"uv": [34, 75], "uv_size": [9, 8]},
								"down": {"uv": [43, 83], "uv_size": [9, -8]}
							}
						},
						{
							"origin": [0.005, -0.059, 0.464],
							"size": [0.512, 0.112, 0.616],
							"pivot": [1.093, -0.003, 0.168],
							"rotation": [0, 0, 35],
							"uv": {
								"north": {"uv": [99, 0], "uv_size": [6, 1]},
								"east": {"uv": [83, 98], "uv_size": [8, 1]},
								"south": {"uv": [99, 1], "uv_size": [6, 1]},
								"west": {"uv": [91, 98], "uv_size": [8, 1]},
								"up": {"uv": [24, 81], "uv_size": [6, 8]},
								"down": {"uv": [0, 91], "uv_size": [6, -8]}
							}
						},
						{
							"origin": [-0.939, 0.357, 0.088],
							"size": [1.68, 0.216, 1.28],
							"uv": {
								"north": {"uv": [71, 38], "uv_size": [21, 3]},
								"east": {"uv": [82, 28], "uv_size": [16, 3]},
								"south": {"uv": [52, 75], "uv_size": [21, 3]},
								"west": {"uv": [83, 0], "uv_size": [16, 3]},
								"up": {"uv": [44, 44], "uv_size": [21, 16]},
								"down": {"uv": [48, 16], "uv_size": [21, -16]}
							}
						},
						{
							"origin": [-1.283, -0.411, 0.088],
							"size": [0.592, 0.216, 1.28],
							"pivot": [0.221, -0.355, 0.168],
							"rotation": [0, 0, 32.5],
							"uv": {
								"north": {"uv": [93, 75], "uv_size": [7, 3]},
								"east": {"uv": [83, 3], "uv_size": [16, 3]},
								"south": {"uv": [88, 93], "uv_size": [7, 3]},
								"west": {"uv": [6, 83], "uv_size": [16, 3]},
								"up": {"uv": [20, 65], "uv_size": [7, 16]},
								"down": {"uv": [27, 81], "uv_size": [7, -16]}
							}
						},
						{
							"origin": [-1.075, 0.157, 0.088],
							"size": [1.72, 0.248, 1.28],
							"uv": {
								"north": {"uv": [66, 62], "uv_size": [22, 3]},
								"east": {"uv": [83, 6], "uv_size": [16, 3]},
								"south": {"uv": [69, 12], "uv_size": [22, 3]},
								"west": {"uv": [83, 9], "uv_size": [16, 3]},
								"up": {"uv": [0, 44], "uv_size": [22, 16]},
								"down": {"uv": [22, 60], "uv_size": [22, -16]}
							}
						},
						{
							"origin": [-0.939, 0.157, 0.088],
							"size": [1.584, 0.216, 1.28],
							"uv": {
								"north": {"uv": [73, 75], "uv_size": [20, 3]},
								"east": {"uv": [30, 83], "uv_size": [16, 3]},
								"south": {"uv": [0, 76], "uv_size": [20, 3]},
								"west": {"uv": [46, 83], "uv_size": [16, 3]},
								"up": {"uv": [48, 16], "uv_size": [20, 16]},
								"down": {"uv": [0, 76], "uv_size": [20, -16]}
							}
						},
						{
							"origin": [-0.939, 0.573, 1.296],
							"size": [0.416, 0.712, 0.072],
							"uv": {
								"north": {"uv": [6, 86], "uv_size": [5, 9]},
								"east": {"uv": [21, 86], "uv_size": [1, 9]},
								"south": {"uv": [11, 86], "uv_size": [5, 9]},
								"west": {"uv": [4, 96], "uv_size": [1, 9]},
								"up": {"uv": [99, 8], "uv_size": [5, 1]},
								"down": {"uv": [99, 10], "uv_size": [5, -1]}
							}
						},
						{
							"origin": [-0.939, 0.573, 0.096],
							"size": [0.416, 0.712, 0.072],
							"uv": {
								"north": {"uv": [16, 86], "uv_size": [5, 9]},
								"east": {"uv": [60, 96], "uv_size": [1, 9]},
								"south": {"uv": [76, 87], "uv_size": [5, 9]},
								"west": {"uv": [61, 96], "uv_size": [1, 9]},
								"up": {"uv": [99, 10], "uv_size": [5, 1]},
								"down": {"uv": [11, 100], "uv_size": [5, -1]}
							}
						},
						{
							"origin": [-0.939, 1.277, 0.184],
							"size": [0.416, 0.072, 0.072],
							"pivot": [0.405, 1.973, 0.176],
							"rotation": [-7.5, 0, 0],
							"uv": {
								"north": {"uv": [99, 11], "uv_size": [5, 1]},
								"east": {"uv": [52, 88], "uv_size": [1, 1]},
								"south": {"uv": [30, 99], "uv_size": [5, 1]},
								"west": {"uv": [91, 102], "uv_size": [1, 1]},
								"up": {"uv": [44, 99], "uv_size": [5, 1]},
								"down": {"uv": [62, 100], "uv_size": [5, -1]}
							}
						},
						{
							"origin": [-0.939, 1.133, 0.624],
							"size": [0.416, 0.2, 0.072],
							"pivot": [0.405, 1.829, 0.616],
							"rotation": [-47.5, 0, 0],
							"uv": {
								"north": {"uv": [76, 96], "uv_size": [5, 2]},
								"east": {"uv": [65, 58], "uv_size": [1, 2]},
								"south": {"uv": [44, 97], "uv_size": [5, 2]},
								"west": {"uv": [33, 81], "uv_size": [1, 2]},
								"up": {"uv": [83, 99], "uv_size": [5, 1]},
								"down": {"uv": [88, 100], "uv_size": [5, -1]}
							}
						},
						{
							"origin": [-0.939, 0.949, 0.944],
							"size": [0.416, 0.336, 0.072],
							"pivot": [0.405, 1.645, 0.936],
							"rotation": [-77.5, 0, 0],
							"uv": {
								"north": {"uv": [62, 94], "uv_size": [5, 4]},
								"east": {"uv": [5, 91], "uv_size": [1, 4]},
								"south": {"uv": [67, 94], "uv_size": [5, 4]},
								"west": {"uv": [2, 101], "uv_size": [1, 4]},
								"up": {"uv": [93, 99], "uv_size": [5, 1]},
								"down": {"uv": [98, 100], "uv_size": [5, -1]}
							}
						},
						{
							"origin": [-0.939, 1.485, 0.584],
							"size": [0.416, 0.072, 0.296],
							"uv": {
								"north": {"uv": [99, 98], "uv_size": [5, 1]},
								"east": {"uv": [10, 101], "uv_size": [4, 1]},
								"south": {"uv": [100, 2], "uv_size": [5, 1]},
								"west": {"uv": [30, 101], "uv_size": [4, 1]},
								"up": {"uv": [5, 95], "uv_size": [5, 4]},
								"down": {"uv": [10, 99], "uv_size": [5, -4]}
							}
						},
						{
							"origin": [-0.939, 0.845, 0.52],
							"size": [0.416, 0.336, 0.072],
							"pivot": [0.405, 1.541, 0.512],
							"rotation": [80, 0, 0],
							"uv": {
								"north": {"uv": [15, 95], "uv_size": [5, 4]},
								"east": {"uv": [3, 101], "uv_size": [1, 4]},
								"south": {"uv": [95, 88], "uv_size": [5, 4]},
								"west": {"uv": [14, 101], "uv_size": [1, 4]},
								"up": {"uv": [100, 3], "uv_size": [5, 1]},
								"down": {"uv": [100, 5], "uv_size": [5, -1]}
							}
						},
						{
							"origin": [-0.939, 1.069, 0.8],
							"size": [0.416, 0.2, 0.072],
							"pivot": [0.405, 1.765, 0.792],
							"rotation": [47.5, 0, 0],
							"uv": {
								"north": {"uv": [98, 26], "uv_size": [5, 2]},
								"east": {"uv": [5, 102], "uv_size": [1, 2]},
								"south": {"uv": [98, 28], "uv_size": [5, 2]},
								"west": {"uv": [6, 102], "uv_size": [1, 2]},
								"up": {"uv": [100, 5], "uv_size": [5, 1]},
								"down": {"uv": [100, 7], "uv_size": [5, -1]}
							}
						},
						{
							"origin": [-0.939, 1.269, 1.208],
							"size": [0.416, 0.072, 0.072],
							"pivot": [0.405, 1.965, 1.2],
							"rotation": [7.5, 0, 0],
							"uv": {
								"north": {"uv": [100, 7], "uv_size": [5, 1]},
								"east": {"uv": [92, 102], "uv_size": [1, 1]},
								"south": {"uv": [11, 100], "uv_size": [5, 1]},
								"west": {"uv": [102, 96], "uv_size": [1, 1]},
								"up": {"uv": [30, 100], "uv_size": [5, 1]},
								"down": {"uv": [44, 101], "uv_size": [5, -1]}
							}
						},
						{
							"origin": [-0.843, 1.261, 0.096],
							"size": [0.416, 0.416, 0.072],
							"pivot": [0.661, 1.021, -1.032],
							"rotation": [0, 0, -37.5],
							"uv": {
								"north": {"uv": [66, 89], "uv_size": [5, 5]},
								"east": {"uv": [16, 99], "uv_size": [1, 5]},
								"south": {"uv": [71, 89], "uv_size": [5, 5]},
								"west": {"uv": [17, 99], "uv_size": [1, 5]},
								"up": {"uv": [62, 100], "uv_size": [5, 1]},
								"down": {"uv": [100, 76], "uv_size": [5, -1]}
							}
						},
						{
							"origin": [-0.291, 1.277, -0.088],
							"size": [0.416, 0.416, 0.104],
							"pivot": [1.213, 1.037, -1.216],
							"rotation": [0, 0, -37.5],
							"uv": {
								"north": {"uv": [90, 88], "uv_size": [5, 5]},
								"east": {"uv": [18, 99], "uv_size": [1, 5]},
								"south": {"uv": [0, 91], "uv_size": [5, 5]},
								"west": {"uv": [19, 99], "uv_size": [1, 5]},
								"up": {"uv": [100, 76], "uv_size": [5, 1]},
								"down": {"uv": [100, 78], "uv_size": [5, -1]}
							}
						},
						{
							"origin": [-1.195, 0.133, -0.2],
							"size": [1.8, 0.296, 0.168],
							"uv": {
								"north": {"uv": [65, 54], "uv_size": [23, 4]},
								"east": {"uv": [42, 98], "uv_size": [2, 4]},
								"south": {"uv": [58, 65], "uv_size": [23, 4]},
								"west": {"uv": [52, 98], "uv_size": [2, 4]},
								"up": {"uv": [62, 83], "uv_size": [23, 2]},
								"down": {"uv": [85, 33], "uv_size": [23, -2]}
							}
						},
						{
							"origin": [-0.883, -0.491, -0.224],
							"size": [0.08, 0.08, 0.08],
							"pivot": [0.285, -0.731, -1.288],
							"rotation": [0, 0, 45],
							"uv": {
								"north": {"uv": [102, 97], "uv_size": [1, 1]},
								"east": {"uv": [98, 102], "uv_size": [1, 1]},
								"south": {"uv": [99, 102], "uv_size": [1, 1]},
								"west": {"uv": [100, 102], "uv_size": [1, 1]},
								"up": {"uv": [101, 102], "uv_size": [1, 1]},
								"down": {"uv": [102, 103], "uv_size": [1, -1]}
							}
						},
						{
							"origin": [-0.403, -0.491, -0.224],
							"size": [0.08, 0.08, 0.08],
							"pivot": [0.765, -0.731, -1.288],
							"rotation": [0, 0, 45],
							"uv": {
								"north": {"uv": [0, 103], "uv_size": [1, 1]},
								"east": {"uv": [1, 103], "uv_size": [1, 1]},
								"south": {"uv": [20, 103], "uv_size": [1, 1]},
								"west": {"uv": [21, 103], "uv_size": [1, 1]},
								"up": {"uv": [103, 26], "uv_size": [1, 1]},
								"down": {"uv": [103, 28], "uv_size": [1, -1]}
							}
						},
						{
							"origin": [-1.195, 1.333, -0.008],
							"size": [1.8, 0.168, 0.168],
							"pivot": [1.693, 1.093, -1.072],
							"rotation": [-50, 0, 0],
							"uv": {
								"north": {"uv": [85, 33], "uv_size": [23, 2]},
								"east": {"uv": [20, 101], "uv_size": [2, 2]},
								"south": {"uv": [85, 35], "uv_size": [23, 2]},
								"west": {"uv": [44, 101], "uv_size": [2, 2]},
								"up": {"uv": [62, 85], "uv_size": [23, 2]},
								"down": {"uv": [85, 80], "uv_size": [23, -2]}
							}
						},
						{
							"origin": [-1.195, 1.349, 1.608],
							"size": [1.8, 0.168, 0.168],
							"pivot": [1.693, 1.109, 0.544],
							"rotation": [-50, 0, 0],
							"uv": {
								"north": {"uv": [85, 80], "uv_size": [23, 2]},
								"east": {"uv": [46, 101], "uv_size": [2, 2]},
								"south": {"uv": [85, 82], "uv_size": [23, 2]},
								"west": {"uv": [58, 101], "uv_size": [2, 2]},
								"up": {"uv": [85, 84], "uv_size": [23, 2]},
								"down": {"uv": [30, 88], "uv_size": [23, -2]}
							}
						},
						{
							"origin": [-1.195, 0.133, 1.48],
							"size": [1.8, 0.296, 0.168],
							"uv": {
								"north": {"uv": [66, 58], "uv_size": [23, 4]},
								"east": {"uv": [54, 98], "uv_size": [2, 4]},
								"south": {"uv": [68, 16], "uv_size": [23, 4]},
								"west": {"uv": [56, 98], "uv_size": [2, 4]},
								"up": {"uv": [85, 86], "uv_size": [23, 2]},
								"down": {"uv": [53, 89], "uv_size": [23, -2]}
							}
						},
						{
							"origin": [-1.195, 0.133, -0.088],
							"size": [1.8, 0.416, 0.104],
							"uv": {
								"north": {"uv": [48, 32], "uv_size": [23, 5]},
								"east": {"uv": [35, 99], "uv_size": [1, 5]},
								"south": {"uv": [48, 37], "uv_size": [23, 5]},
								"west": {"uv": [36, 99], "uv_size": [1, 5]},
								"up": {"uv": [91, 17], "uv_size": [23, 1]},
								"down": {"uv": [91, 19], "uv_size": [23, -1]}
							}
						},
						{
							"origin": [0.549, 1.213, -0.088],
							"size": [0.232, 0.136, 0.104],
							"pivot": [1.869, 0.693, -1.216],
							"rotation": [0, 0, -37.5],
							"uv": {
								"north": {"uv": [62, 42], "uv_size": [3, 2]},
								"east": {"uv": [7, 102], "uv_size": [1, 2]},
								"south": {"uv": [30, 81], "uv_size": [3, 2]},
								"west": {"uv": [8, 102], "uv_size": [1, 2]},
								"up": {"uv": [82, 31], "uv_size": [3, 1]},
								"down": {"uv": [87, 102], "uv_size": [3, -1]}
							}
						},
						{
							"origin": [-1.195, 0.133, -0.088],
							"size": [1.88, 0.312, 0.104],
							"uv": {
								"north": {"uv": [34, 65], "uv_size": [24, 4]},
								"east": {"uv": [15, 101], "uv_size": [1, 4]},
								"south": {"uv": [65, 42], "uv_size": [24, 4]},
								"west": {"uv": [34, 101], "uv_size": [1, 4]},
								"up": {"uv": [85, 37], "uv_size": [24, 1]},
								"down": {"uv": [88, 65], "uv_size": [24, -1]}
							}
						},
						{
							"origin": [-1.195, 0.549, -0.088],
							"size": [0.888, 0.416, 0.104],
							"uv": {
								"north": {"uv": [76, 69], "uv_size": [11, 5]},
								"east": {"uv": [37, 99], "uv_size": [1, 5]},
								"south": {"uv": [52, 78], "uv_size": [11, 5]},
								"west": {"uv": [38, 99], "uv_size": [1, 5]},
								"up": {"uv": [76, 74], "uv_size": [11, 1]},
								"down": {"uv": [98, 24], "uv_size": [11, -1]}
							}
						},
						{
							"origin": [-1.195, 0.861, -0.088],
							"size": [1.096, 0.456, 0.104],
							"uv": {
								"north": {"uv": [68, 20], "uv_size": [14, 6]},
								"east": {"uv": [70, 98], "uv_size": [1, 6]},
								"south": {"uv": [68, 26], "uv_size": [14, 6]},
								"west": {"uv": [71, 98], "uv_size": [1, 6]},
								"up": {"uv": [95, 92], "uv_size": [14, 1]},
								"down": {"uv": [95, 94], "uv_size": [14, -1]}
							}
						},
						{
							"origin": [-1.195, 1.773, -0.088],
							"size": [1.096, 0.2, 0.104],
							"pivot": [1.693, 1.533, -1.216],
							"rotation": [-22.5, 0, 0],
							"uv": {
								"north": {"uv": [48, 42], "uv_size": [14, 2]},
								"east": {"uv": [9, 102], "uv_size": [1, 2]},
								"south": {"uv": [0, 79], "uv_size": [14, 2]},
								"west": {"uv": [10, 102], "uv_size": [1, 2]},
								"up": {"uv": [95, 94], "uv_size": [14, 1]},
								"down": {"uv": [95, 96], "uv_size": [14, -1]}
							}
						},
						{
							"origin": [-1.195, 2.421, 0.184],
							"size": [1.096, 0.2, 0.104],
							"pivot": [1.693, 2.181, -0.944],
							"rotation": [-47.5, 0, 0],
							"uv": {
								"north": {"uv": [88, 56], "uv_size": [14, 2]},
								"east": {"uv": [11, 102], "uv_size": [1, 2]},
								"south": {"uv": [88, 62], "uv_size": [14, 2]},
								"west": {"uv": [12, 102], "uv_size": [1, 2]},
								"up": {"uv": [96, 12], "uv_size": [14, 1]},
								"down": {"uv": [96, 14], "uv_size": [14, -1]}
							}
						},
						{
							"origin": [-1.195, 2.973, 0.888],
							"size": [1.096, 0.52, 0.104],
							"pivot": [1.693, 2.733, -0.24],
							"rotation": [-82.5, 0, 0],
							"uv": {
								"north": {"uv": [69, 0], "uv_size": [14, 6]},
								"east": {"uv": [76, 98], "uv_size": [1, 6]},
								"south": {"uv": [69, 6], "uv_size": [14, 6]},
								"west": {"uv": [77, 98], "uv_size": [1, 6]},
								"up": {"uv": [96, 14], "uv_size": [14, 1]},
								"down": {"uv": [96, 16], "uv_size": [14, -1]}
							}
						},
						{
							"origin": [-1.195, 1.613, 0.656],
							"size": [1.096, 0.104, 0.136],
							"uv": {
								"north": {"uv": [96, 16], "uv_size": [14, 1]},
								"east": {"uv": [30, 102], "uv_size": [2, 1]},
								"south": {"uv": [96, 41], "uv_size": [14, 1]},
								"west": {"uv": [32, 102], "uv_size": [2, 1]},
								"up": {"uv": [89, 46], "uv_size": [14, 2]},
								"down": {"uv": [89, 50], "uv_size": [14, -2]}
							}
						},
						{
							"origin": [-1.195, 0.637, 2.512],
							"size": [1.096, 0.52, 0.104],
							"pivot": [1.693, 0.397, 1.384],
							"rotation": [82.5, 0, 0],
							"uv": {
								"north": {"uv": [34, 69], "uv_size": [14, 6]},
								"east": {"uv": [78, 98], "uv_size": [1, 6]},
								"south": {"uv": [48, 69], "uv_size": [14, 6]},
								"west": {"uv": [79, 98], "uv_size": [1, 6]},
								"up": {"uv": [96, 42], "uv_size": [14, 1]},
								"down": {"uv": [96, 44], "uv_size": [14, -1]}
							}
						},
						{
							"origin": [-1.195, 0.677, 1.928],
							"size": [1.096, 0.2, 0.104],
							"pivot": [1.693, 0.437, 0.8],
							"rotation": [47.5, 0, 0],
							"uv": {
								"north": {"uv": [89, 50], "uv_size": [14, 2]},
								"east": {"uv": [13, 102], "uv_size": [1, 2]},
								"south": {"uv": [52, 89], "uv_size": [14, 2]},
								"west": {"uv": [42, 102], "uv_size": [1, 2]},
								"up": {"uv": [96, 44], "uv_size": [14, 1]},
								"down": {"uv": [96, 46], "uv_size": [14, -1]}
							}
						},
						{
							"origin": [-1.195, 0.869, 1.616],
							"size": [1.096, 0.2, 0.104],
							"pivot": [1.693, 0.629, 0.488],
							"rotation": [22.5, 0, 0],
							"uv": {
								"north": {"uv": [89, 52], "uv_size": [14, 2]},
								"east": {"uv": [43, 102], "uv_size": [1, 2]},
								"south": {"uv": [89, 58], "uv_size": [14, 2]},
								"west": {"uv": [52, 102], "uv_size": [1, 2]},
								"up": {"uv": [88, 96], "uv_size": [14, 1]},
								"down": {"uv": [30, 98], "uv_size": [14, -1]}
							}
						},
						{
							"origin": [-0.395, 0.813, -0.088],
							"size": [0.416, 0.712, 0.104],
							"pivot": [1.109, 0.869, -1.216],
							"rotation": [0, 0, -12.5],
							"uv": {
								"north": {"uv": [30, 88], "uv_size": [5, 9]},
								"east": {"uv": [49, 97], "uv_size": [1, 9]},
								"south": {"uv": [35, 88], "uv_size": [5, 9]},
								"west": {"uv": [39, 98], "uv_size": [1, 9]},
								"up": {"uv": [83, 100], "uv_size": [5, 1]},
								"down": {"uv": [88, 101], "uv_size": [5, -1]}
							}
						},
						{
							"origin": [-1.195, 0.861, 1.432],
							"size": [1.096, 0.456, 0.104],
							"uv": {
								"north": {"uv": [62, 69], "uv_size": [14, 6]},
								"east": {"uv": [80, 98], "uv_size": [1, 6]},
								"south": {"uv": [71, 32], "uv_size": [14, 6]},
								"west": {"uv": [99, 2], "uv_size": [1, 6]},
								"up": {"uv": [88, 97], "uv_size": [14, 1]},
								"down": {"uv": [98, 23], "uv_size": [14, -1]}
							}
						},
						{
							"origin": [-1.195, 0.549, 1.432],
							"size": [0.888, 0.416, 0.104],
							"uv": {
								"north": {"uv": [63, 78], "uv_size": [11, 5]},
								"east": {"uv": [67, 99], "uv_size": [1, 5]},
								"south": {"uv": [74, 78], "uv_size": [11, 5]},
								"west": {"uv": [68, 99], "uv_size": [1, 5]},
								"up": {"uv": [98, 24], "uv_size": [11, 1]},
								"down": {"uv": [98, 26], "uv_size": [11, -1]}
							}
						},
						{
							"origin": [-0.395, 0.813, 1.432],
							"size": [0.416, 0.712, 0.104],
							"pivot": [1.109, 0.869, 0.304],
							"rotation": [0, 0, -12.5],
							"uv": {
								"north": {"uv": [40, 88], "uv_size": [5, 9]},
								"east": {"uv": [40, 98], "uv_size": [1, 9]},
								"south": {"uv": [45, 88], "uv_size": [5, 9]},
								"west": {"uv": [41, 98], "uv_size": [1, 9]},
								"up": {"uv": [100, 88], "uv_size": [5, 1]},
								"down": {"uv": [100, 90], "uv_size": [5, -1]}
							}
						},
						{
							"origin": [-0.291, 1.277, 1.432],
							"size": [0.416, 0.416, 0.104],
							"pivot": [1.213, 1.037, 0.304],
							"rotation": [0, 0, -37.5],
							"uv": {
								"north": {"uv": [91, 12], "uv_size": [5, 5]},
								"east": {"uv": [69, 99], "uv_size": [1, 5]},
								"south": {"uv": [52, 91], "uv_size": [5, 5]},
								"west": {"uv": [93, 100], "uv_size": [1, 5]},
								"up": {"uv": [100, 90], "uv_size": [5, 1]},
								"down": {"uv": [100, 92], "uv_size": [5, -1]}
							}
						},
						{
							"origin": [-1.195, 0.133, 1.432],
							"size": [1.8, 0.416, 0.104],
							"uv": {
								"north": {"uv": [20, 60], "uv_size": [23, 5]},
								"east": {"uv": [94, 100], "uv_size": [1, 5]},
								"south": {"uv": [43, 60], "uv_size": [23, 5]},
								"west": {"uv": [95, 100], "uv_size": [1, 5]},
								"up": {"uv": [91, 19], "uv_size": [23, 1]},
								"down": {"uv": [92, 39], "uv_size": [23, -1]}
							}
						},
						{
							"origin": [-1.195, 0.133, 1.432],
							"size": [1.88, 0.312, 0.104],
							"uv": {
								"north": {"uv": [65, 46], "uv_size": [24, 4]},
								"east": {"uv": [48, 101], "uv_size": [1, 4]},
								"south": {"uv": [65, 50], "uv_size": [24, 4]},
								"west": {"uv": [62, 101], "uv_size": [1, 4]},
								"up": {"uv": [89, 60], "uv_size": [24, 1]},
								"down": {"uv": [89, 62], "uv_size": [24, -1]}
							}
						},
						{
							"origin": [0.549, 1.213, 1.432],
							"size": [0.232, 0.136, 0.104],
							"pivot": [1.869, 0.693, 0.304],
							"rotation": [0, 0, -37.5],
							"uv": {
								"north": {"uv": [5, 99], "uv_size": [3, 2]},
								"east": {"uv": [53, 102], "uv_size": [1, 2]},
								"south": {"uv": [8, 99], "uv_size": [3, 2]},
								"west": {"uv": [54, 102], "uv_size": [1, 2]},
								"up": {"uv": [90, 101], "uv_size": [3, 1]},
								"down": {"uv": [98, 102], "uv_size": [3, -1]}
							}
						},
						{
							"origin": [-0.843, 1.261, 1.296],
							"size": [0.416, 0.416, 0.072],
							"pivot": [0.661, 1.021, 0.168],
							"rotation": [0, 0, -37.5],
							"uv": {
								"north": {"uv": [57, 91], "uv_size": [5, 5]},
								"east": {"uv": [96, 100], "uv_size": [1, 5]},
								"south": {"uv": [83, 93], "uv_size": [5, 5]},
								"west": {"uv": [97, 100], "uv_size": [1, 5]},
								"up": {"uv": [98, 100], "uv_size": [5, 1]},
								"down": {"uv": [5, 102], "uv_size": [5, -1]}
							}
						},
						{
							"origin": [0.645, 0.165, 0.008],
							"size": [0.16, 0.16, 0.48],
							"uv": {
								"north": {"uv": [63, 101], "uv_size": [2, 2]},
								"east": {"uv": [14, 79], "uv_size": [6, 2]},
								"south": {"uv": [65, 101], "uv_size": [2, 2]},
								"west": {"uv": [52, 96], "uv_size": [6, 2]},
								"up": {"uv": [20, 95], "uv_size": [2, 6]},
								"down": {"uv": [0, 102], "uv_size": [2, -6]}
							}
						},
						{
							"origin": [0.645, 0.421, 0.512],
							"size": [0.16, 0.16, 0.072],
							"pivot": [0.725, 0.421, 0.184],
							"rotation": [-40, 0, 0],
							"uv": {
								"north": {"uv": [72, 101], "uv_size": [2, 2]},
								"east": {"uv": [55, 102], "uv_size": [1, 2]},
								"south": {"uv": [74, 101], "uv_size": [2, 2]},
								"west": {"uv": [56, 102], "uv_size": [1, 2]},
								"up": {"uv": [102, 56], "uv_size": [2, 1]},
								"down": {"uv": [102, 58], "uv_size": [2, -1]}
							}
						},
						{
							"origin": [0.645, -0.051, 0.968],
							"size": [0.16, 0.16, 0.072],
							"pivot": [0.725, -0.051, 0.64],
							"rotation": [40, 0, 0],
							"uv": {
								"north": {"uv": [83, 101], "uv_size": [2, 2]},
								"east": {"uv": [57, 102], "uv_size": [1, 2]},
								"south": {"uv": [85, 101], "uv_size": [2, 2]},
								"west": {"uv": [102, 62], "uv_size": [1, 2]},
								"up": {"uv": [87, 102], "uv_size": [2, 1]},
								"down": {"uv": [89, 103], "uv_size": [2, -1]}
							}
						},
						{
							"origin": [0.645, 0.165, 0.888],
							"size": [0.16, 0.4, 0.52],
							"uv": {
								"north": {"uv": [2, 96], "uv_size": [2, 5]},
								"east": {"uv": [83, 88], "uv_size": [7, 5]},
								"south": {"uv": [58, 96], "uv_size": [2, 5]},
								"west": {"uv": [89, 41], "uv_size": [7, 5]},
								"up": {"uv": [72, 94], "uv_size": [2, 7]},
								"down": {"uv": [74, 101], "uv_size": [2, -7]}
							}
						}
					]
				},
				{
					"name": "scope_view",
					"pivot": [0, 1.025, 5.7]
				},
				{
					"name": "ocular",
					"pivot": [0, 0.1, 0],
					"cubes": [
						{
							"origin": [-0.73, 0.25, -1.156],
							"size": [1.435, 1.185, 0],
							"uv": {
								"south": {"uv": [0, 0], "uv_size": [2, 2]}
							}
						},
						{
							"origin": [-0.605, 1.425, -1.156],
							"size": [1.21, 0.21, 0],
							"uv": {
								"south": {"uv": [0, 0], "uv_size": [2, 2]}
							}
						},
						{
							"origin": [0.57, 1.425, -1.156],
							"size": [0.085, 0.085, 0],
							"uv": {
								"south": {"uv": [0, 0], "uv_size": [2, 2]}
							}
						},
						{
							"origin": [-0.655, 1.425, -1.156],
							"size": [0.085, 0.085, 0],
							"uv": {
								"south": {"uv": [2, 0], "uv_size": [-2, 2]}
							}
						}
					]
				},
				{
					"name": "division",
					"pivot": [0.05, 1.075, -13.25]
				},
				{
					"name": "division_illuminated",
					"parent": "division",
					"pivot": [-0.12132, 0.11829, -92.55],
					"cubes": [
						{
							"origin": [-0.9, 0.24813, -79.4125],
							"size": [1.825, 1.55, 0.425],
							"inflate": -0.26562,
							"uv": {
								"south": {"uv": [11, 105.75], "uv_size": [28.5, 22.25]}
							}
						}
					]
				}
			]
		}
	]
}