{
    "model": "starfish:gun/scar20_geo",
    "texture": "starfish:gun/uv/scar20",
    "hud": "starfish:gun/hud/scar20",
    "slot": "starfish:gun/slot/scar20",
    "animation": "tacz:scar_h",
    "use_default_animation": "rifle",
    "third_person_animation": "default",
    "transform": {
      "scale": {
        "thirdperson": [0.6, 0.6, 0.6],
        "ground": [0.6, 0.6, 0.6],
        "fixed": [1.2, 1.2, 1.2]
      }
    },
    "muzzle_flash": {
      "texture": "tacz:flash/common_muzzle_flash",
      "scale": 1.125
    },
    "iron_zoom": 1.2,
    "shell": {
      "initial_velocity": [5, 2, 1],
      "random_velocity": [1, 1, 0.25],
      "acceleration": [0.0, -10, 0.0],
      "angular_velocity": [360, -1200, 90],
      "living_time": 1.0
    },
    "sounds": {
      "shoot": "starfish:scar20/scar20_shoot",
      "shoot_3p": "starfish:scar20/scar20_shoot_3p",
      "dry_fire": "tacz:dry_fire",
      "fire_select": "tacz:fire_select",
      "head_hit": "tacz:head_hit",
      "flesh_hit": "tacz:flesh_hit",
      "kill": "tacz:kill",
      "melee_push": "tacz:melee_stock/melee_stock_01",
      "melee_stock": "tacz:melee_stock/melee_stock_03"
    },
    "offhand_show": {
      "pos": [0, 19, 4],
      "rotate": [0, 0, 60],
      "scale": [0.5, 0.5, 0.5]
    },
    "hotbar_show": {
      "0": {
        "pos": [0, 19, 3],
        "rotate": [-180, 0, 120],
        "scale": [0.5, 0.5, 0.5]
      }
    },
    "builtin_attachments": {
        "scope": "tacz:scope_standard_8x"
    }
  }