{
  "materials": [
    {
      "item": {
        "tag": "minecraft:logs"
      },
      "count": 8
    },
    {
      "item": {
        "tag": "forge:ingots/gold"
      },
      "count": 8
    },
    {
      "item": {
        "tag": "forge:gems/lapis"
      },
      "count": 4
    },
    {
      "item": {
        "tag": "forge:ingots/iron"
      },
      "count": 32
    }
  ],
  "result": {
    "type": "gun",
    "id": "bf1:vp1915",
    "attachments": {
      "extended_mag": "tacz:light_extended_mag_1"
    }
  },
  "type": "tacz:gun_smith_table_crafting"
}